category,epoch_tt2000,epoch_utc,source_file,record_index
manual_triggered_dust,817431251217357696,2025-11-26T12:13:02.033357696,imap_idex_l1b_sci-10days_20251126_v003.cdf,1
manual_triggered_dust,817553283839205760,2025-11-27T22:06:54.655205760,imap_idex_l1b_sci-10days_20251126_v003.cdf,11
manual_triggered_dust,817575460006996608,2025-11-28T04:16:30.822996608,imap_idex_l1b_sci-10days_20251126_v003.cdf,12
manual_triggered_dust,817690194331356416,2025-11-29T12:08:45.147356416,imap_idex_l1b_sci-10days_20251126_v003.cdf,20
manual_triggered_dust,818506645914970240,2025-12-08T22:56:16.730970240,imap_idex_l1b_sci-10days_20251206_v003.cdf,121
manual_triggered_dust,819058155895681664,2025-12-15T08:08:06.711681664,imap_idex_l1b_sci-10days_20251206_v003.cdf,312
manual_triggered_dust,819869659927698432,2025-12-24T17:33:10.743698432,imap_idex_l1b_sci-10days_20251216_v003.cdf,145
manual_triggered_dust,819924480804711296,2025-12-25T08:46:51.620711296,imap_idex_l1b_sci-10days_20251216_v003.cdf,168
manual_triggered_dust,820235909647906688,2025-12-28T23:17:20.463906688,imap_idex_l1b_sci-10days_20251226_v003.cdf,38
manual_triggered_dust,822079089745355520,2026-01-19T07:17:00.561355520,imap_idex_l1b_sci-10days_20260110_v003.cdf,151
manual_triggered_dust,822141881540311296,2026-01-20T00:43:32.356311296,imap_idex_l1b_sci-10days_20260120_v003.cdf,25
manual_triggered_dust,822152987352706432,2026-01-20T03:48:38.168706432,imap_idex_l1b_sci-10days_20260120_v003.cdf,104
manual_triggered_dust,822428630975561344,2026-01-23T08:22:41.791561344,imap_idex_l1b_sci-10days_20260120_v003.cdf,641
manual_triggered_dust,822603520456560640,2026-01-25T08:57:31.272560640,imap_idex_l1b_sci-10days_20260120_v003.cdf,711
manual_triggered_dust,822614177795217024,2026-01-25T11:55:08.611217024,imap_idex_l1b_sci-10days_20260120_v003.cdf,712
manual_triggered_dust,822698392024309120,2026-01-26T11:18:42.840309120,imap_idex_l1b_sci-10days_20260120_v003.cdf,713
manual_triggered_dust,822950535033471104,2026-01-29T09:21:05.849471104,imap_idex_l1b_sci-10days_20260120_v003.cdf,716
manual_triggered_dust,823732336817513088,2026-02-07T10:31:07.633513088,imap_idex_l1b_sci-10days_20260130_v003.cdf,28
manual_triggered_dust,824488430879450112,2026-02-16T04:32:41.695450112,imap_idex_l1b_sci-10days_20260209_v003.cdf,15
manual_triggered_dust,824529708091246080,2026-02-16T16:00:38.907246080,imap_idex_l1b_sci-10days_20260209_v003.cdf,16
manual_triggered_dust,824771147367161472,2026-02-19T11:04:38.183161472,imap_idex_l1b_sci-10days_20260219_v003.cdf,0
manual_triggered_dust,824873635555227648,2026-02-20T15:32:46.371227648,imap_idex_l1b_sci-10days_20260219_v003.cdf,1
manual_triggered_dust,824984759361143680,2026-02-21T22:24:50.177143680,imap_idex_l1b_sci-10days_20260219_v003.cdf,2
manual_triggered_dust,825401508495354368,2026-02-26T18:10:39.311354368,imap_idex_l1b_sci-10days_20260219_v003.cdf,18
manual_triggered_dust,825598846538275456,2026-03-01T00:59:37.354275456,imap_idex_l1b_sci-10days_20260301_v003.cdf,0
manual_triggered_dust,825639235055751040,2026-03-01T12:12:45.871751040,imap_idex_l1b_sci-10days_20260301_v003.cdf,1
manual_triggered_dust,825703297644759040,2026-03-02T06:00:28.460759040,imap_idex_l1b_sci-10days_20260301_v003.cdf,2
manual_triggered_dust,825792000802898432,2026-03-03T06:38:51.618898432,imap_idex_l1b_sci-10days_20260301_v003.cdf,13
manual_triggered_dust,825988290421736960,2026-03-05T13:10:21.237736960,imap_idex_l1b_sci-10days_20260301_v003.cdf,16
manual_triggered_dust,826538486497041664,2026-03-11T22:00:17.313041664,imap_idex_l1b_sci-10days_20260311_v003.cdf,11
manual_triggered_dust,826678188890464768,2026-03-13T12:48:39.706464768,imap_idex_l1b_sci-10days_20260311_v003.cdf,12
manual_triggered_dust,827139324294691456,2026-03-18T20:54:15.110691456,imap_idex_l1b_sci-10days_20260311_v003.cdf,15
manual_triggered_dust,827192768517492352,2026-03-19T11:44:59.333492352,imap_idex_l1b_sci-10days_20260311_v003.cdf,26
manual_triggered_dust,827336007387021184,2026-03-21T03:32:18.203021184,imap_idex_l1b_sci-10days_20260321_v016.cdf,0
manual_triggered_dust,828303574796105088,2026-04-01T08:18:25.612105088,imap_idex_l1b_sci-10days_20260331_v016.cdf,3
manual_triggered_dust,828324073891770240,2026-04-01T14:00:04.707770240,imap_idex_l1b_sci-10days_20260331_v016.cdf,7
manual_triggered_dust,828463288159953536,2026-04-03T04:40:18.975953536,imap_idex_l1b_sci-10days_20260331_v016.cdf,198
manual_triggered_dust,828663103326867200,2026-04-05T12:10:34.142867200,imap_idex_l1b_sci-10days_20260331_v016.cdf,291
manual_triggered_dust,828852034290299008,2026-04-07T16:39:25.106299008,imap_idex_l1b_sci-10days_20260331_v016.cdf,300
manual_triggered_dust,828890665500094080,2026-04-08T03:23:16.316094080,imap_idex_l1b_sci-10days_20260331_v016.cdf,302
manual_triggered_dust,829331334852275712,2026-04-13T05:47:45.668275712,imap_idex_l1b_sci-10days_20260410_v016.cdf,12
manual_triggered_dust,829469533022534528,2026-04-14T20:11:03.838534528,imap_idex_l1b_sci-10days_20260410_v016.cdf,15
manual_triggered_dust,829803077837208960,2026-04-18T16:50:08.653208960,imap_idex_l1b_sci-10days_20260410_v016.cdf,18
manual_triggered_dust,829883093106083456,2026-04-19T15:03:43.922083456,imap_idex_l1b_sci-10days_20260410_v016.cdf,24
manual_triggered_dust,830381406722152448,2026-04-25T09:28:57.538152448,imap_idex_l1b_sci-10days_20260420_v016.cdf,12
manual_triggered_dust,830682467769253760,2026-04-28T21:06:38.585253760,imap_idex_l1b_sci-10days_20260420_v016.cdf,32
manual_triggered_dust,831074386797275136,2026-05-03T09:58:37.613275136,imap_idex_l1b_sci-10days_20260430_v016.cdf,7
manual_triggered_dust,831088029806524928,2026-05-03T13:46:00.622524928,imap_idex_l1b_sci-10days_20260430_v016.cdf,8
manual_triggered_dust,831163478611231744,2026-05-04T10:43:29.427231744,imap_idex_l1b_sci-10days_20260430_v016.cdf,10
manual_triggered_dust,831650304660984320,2026-05-10T01:57:15.476984320,imap_idex_l1b_sci-10days_20260510_v016.cdf,0
manual_triggered_dust,831671429854921600,2026-05-10T07:49:20.670921600,imap_idex_l1b_sci-10days_20260510_v016.cdf,2
manual_triggered_dust,831712374444924928,2026-05-10T19:11:45.260924928,imap_idex_l1b_sci-10days_20260510_v016.cdf,3
manual_triggered_dust,832384538122042880,2026-05-18T13:54:28.938042880,imap_idex_l1b_sci-10days_20260510_v016.cdf,25
manual_triggered_dust,832407449712950784,2026-05-18T20:16:20.528950784,imap_idex_l1b_sci-10days_20260510_v016.cdf,26
manual_triggered_dust,832454296321968768,2026-05-19T09:17:07.137968768,imap_idex_l1b_sci-10days_20260510_v016.cdf,27
manual_triggered_dust,832547316356169216,2026-05-20T11:07:27.172169216,imap_idex_l1b_sci-10days_20260520_v016.cdf,0
manual_triggered_dust,832561559689043584,2026-05-20T15:04:50.505043584,imap_idex_l1b_sci-10days_20260520_v016.cdf,1
manual_triggered_dust,832639594136577152,2026-05-21T12:45:24.952577152,imap_idex_l1b_sci-10days_20260520_v016.cdf,3
manual_triggered_dust,833508230439167232,2026-05-31T14:02:41.255167232,imap_idex_l1b_sci-10days_20260530_v022.cdf,12
manual_triggered_dust,834053775150649088,2026-06-06T21:35:05.966649088,imap_idex_l1b_sci-10days_20260530_v022.cdf,34
manual_triggered_dust,834313254959081472,2026-06-09T21:39:45.775081472,imap_idex_l1b_sci-10days_20260609_v011.cdf,5
manual_triggered_dust,834626247000502272,2026-06-13T12:36:17.816502272,imap_idex_l1b_sci-10days_20260609_v011.cdf,12
manual_triggered_dust,834950025076223872,2026-06-17T06:32:35.892223872,imap_idex_l1b_sci-10days_20260609_v011.cdf,29
manual_triggered_dust,835321712352210048,2026-06-21T13:47:23.168210048,imap_idex_l1b_sci-10days_20260619_v015.cdf,5
nonmanual_wide_peaks_gt_0p1us,832961926169298048,2026-05-25T06:17:36.985298048,imap_idex_l1b_sci-10days_20260520_v016.cdf,16
nonmanual_wide_peaks_gt_0p1us,832996576372891008,2026-05-25T15:55:07.188891008,imap_idex_l1b_sci-10days_20260520_v016.cdf,17
nonmanual_wide_peaks_gt_0p1us,833153470844671232,2026-05-27T11:30:01.660671232,imap_idex_l1b_sci-10days_20260520_v016.cdf,22
nonmanual_wide_peaks_gt_0p1us,833213030316542208,2026-05-28T04:02:41.132542208,imap_idex_l1b_sci-10days_20260520_v016.cdf,23
nonmanual_peaks_gt_0p01us,817218914971916032,2025-11-24T01:14:05.787916032,imap_idex_l1b_sci-10days_20251116_v003.cdf,0
nonmanual_peaks_gt_0p01us,817251229643192960,2025-11-24T10:12:40.459192960,imap_idex_l1b_sci-10days_20251116_v003.cdf,1
nonmanual_peaks_gt_0p01us,817270077160587904,2025-11-24T15:26:47.976587904,imap_idex_l1b_sci-10days_20251116_v003.cdf,2
nonmanual_peaks_gt_0p01us,817280974741950336,2025-11-24T18:28:25.557950336,imap_idex_l1b_sci-10days_20251116_v003.cdf,3
nonmanual_peaks_gt_0p01us,817344846730891520,2025-11-25T12:12:57.546891520,imap_idex_l1b_sci-10days_20251116_v003.cdf,4
nonmanual_peaks_gt_0p01us,817355613010257024,2025-11-25T15:12:23.826257024,imap_idex_l1b_sci-10days_20251116_v003.cdf,5
nonmanual_peaks_gt_0p01us,817356760579685760,2025-11-25T15:31:31.395685760,imap_idex_l1b_sci-10days_20251116_v003.cdf,6
nonmanual_peaks_gt_0p01us,817395101476901248,2025-11-26T02:10:32.292901248,imap_idex_l1b_sci-10days_20251126_v003.cdf,0
nonmanual_peaks_gt_0p01us,817434385306743168,2025-11-26T13:05:16.122743168,imap_idex_l1b_sci-10days_20251126_v003.cdf,2
nonmanual_peaks_gt_0p01us,817460756731680768,2025-11-26T20:24:47.547680768,imap_idex_l1b_sci-10days_20251126_v003.cdf,3
nonmanual_peaks_gt_0p01us,817464872977704320,2025-11-26T21:33:23.793704320,imap_idex_l1b_sci-10days_20251126_v003.cdf,4
nonmanual_peaks_gt_0p01us,817489243033159680,2025-11-27T04:19:33.849159680,imap_idex_l1b_sci-10days_20251126_v003.cdf,5
nonmanual_peaks_gt_0p01us,817510832044237696,2025-11-27T10:19:22.860237696,imap_idex_l1b_sci-10days_20251126_v003.cdf,6
nonmanual_peaks_gt_0p01us,817529086963608960,2025-11-27T15:23:37.779608960,imap_idex_l1b_sci-10days_20251126_v003.cdf,7
nonmanual_peaks_gt_0p01us,817529473618461824,2025-11-27T15:30:04.434461824,imap_idex_l1b_sci-10days_20251126_v003.cdf,8
nonmanual_peaks_gt_0p01us,817531908508915840,2025-11-27T16:10:39.324915840,imap_idex_l1b_sci-10days_20251126_v003.cdf,9
nonmanual_peaks_gt_0p01us,817535886028465024,2025-11-27T17:16:56.844465024,imap_idex_l1b_sci-10days_20251126_v003.cdf,10
nonmanual_peaks_gt_0p01us,817586578344555008,2025-11-28T07:21:49.160555008,imap_idex_l1b_sci-10days_20251126_v003.cdf,13
nonmanual_peaks_gt_0p01us,817628790479818112,2025-11-28T19:05:21.295818112,imap_idex_l1b_sci-10days_20251126_v003.cdf,14
nonmanual_peaks_gt_0p01us,817631954800777216,2025-11-28T19:58:05.616777216,imap_idex_l1b_sci-10days_20251126_v003.cdf,15
nonmanual_peaks_gt_0p01us,817632879535947136,2025-11-28T20:13:30.351947136,imap_idex_l1b_sci-10days_20251126_v003.cdf,16
nonmanual_peaks_gt_0p01us,817635063727566208,2025-11-28T20:49:54.543566208,imap_idex_l1b_sci-10days_20251126_v003.cdf,17
nonmanual_peaks_gt_0p01us,817649668745220480,2025-11-29T00:53:19.561220480,imap_idex_l1b_sci-10days_20251126_v003.cdf,18
nonmanual_peaks_gt_0p01us,817659266008868736,2025-11-29T03:33:16.824868736,imap_idex_l1b_sci-10days_20251126_v003.cdf,19
nonmanual_peaks_gt_0p01us,817690224499349376,2025-11-29T12:09:15.315349376,imap_idex_l1b_sci-10days_20251126_v003.cdf,21
nonmanual_peaks_gt_0p01us,817729101391004544,2025-11-29T22:57:12.207004544,imap_idex_l1b_sci-10days_20251126_v003.cdf,22
nonmanual_peaks_gt_0p01us,817733038007812352,2025-11-30T00:02:48.823812352,imap_idex_l1b_sci-10days_20251126_v003.cdf,29
nonmanual_peaks_gt_0p01us,817733050007721600,2025-11-30T00:03:00.823721600,imap_idex_l1b_sci-10days_20251126_v003.cdf,30
nonmanual_peaks_gt_0p01us,817840500686391296,2025-12-01T05:53:51.502391296,imap_idex_l1b_sci-10days_20251126_v003.cdf,33
nonmanual_peaks_gt_0p01us,817848934771846656,2025-12-01T08:14:25.587846656,imap_idex_l1b_sci-10days_20251126_v003.cdf,34
nonmanual_peaks_gt_0p01us,817878418704382208,2025-12-01T16:25:49.520382208,imap_idex_l1b_sci-10days_20251126_v003.cdf,35
nonmanual_peaks_gt_0p01us,817912089245362048,2025-12-02T01:47:00.061362048,imap_idex_l1b_sci-10days_20251126_v003.cdf,36
nonmanual_peaks_gt_0p01us,817996005664907520,2025-12-03T01:05:36.480907520,imap_idex_l1b_sci-10days_20251126_v003.cdf,37
nonmanual_peaks_gt_0p01us,818009303675266816,2025-12-03T04:47:14.491266816,imap_idex_l1b_sci-10days_20251126_v003.cdf,38
nonmanual_peaks_gt_0p01us,818025453193470080,2025-12-03T09:16:24.009470080,imap_idex_l1b_sci-10days_20251126_v003.cdf,39
nonmanual_peaks_gt_0p01us,818035271563608704,2025-12-03T12:00:02.379608704,imap_idex_l1b_sci-10days_20251126_v003.cdf,40
nonmanual_peaks_gt_0p01us,818038304079510272,2025-12-03T12:50:34.895510272,imap_idex_l1b_sci-10days_20251126_v003.cdf,41
nonmanual_peaks_gt_0p01us,818041264742556288,2025-12-03T13:39:55.558556288,imap_idex_l1b_sci-10days_20251126_v003.cdf,42
nonmanual_peaks_gt_0p01us,818053729762522496,2025-12-03T17:07:40.578522496,imap_idex_l1b_sci-10days_20251126_v003.cdf,43
nonmanual_peaks_gt_0p01us,818065637541248000,2025-12-03T20:26:08.357248000,imap_idex_l1b_sci-10days_20251126_v003.cdf,44
nonmanual_peaks_gt_0p01us,818076500996469760,2025-12-03T23:27:11.812469760,imap_idex_l1b_sci-10days_20251126_v003.cdf,45
nonmanual_peaks_gt_0p01us,818081505662043520,2025-12-04T00:50:36.478043520,imap_idex_l1b_sci-10days_20251126_v003.cdf,46
nonmanual_peaks_gt_0p01us,818104521851972224,2025-12-04T07:14:12.667972224,imap_idex_l1b_sci-10days_20251126_v003.cdf,47
nonmanual_peaks_gt_0p01us,818128323142898176,2025-12-04T13:50:53.958898176,imap_idex_l1b_sci-10days_20251126_v003.cdf,48
nonmanual_peaks_gt_0p01us,818129980806752384,2025-12-04T14:18:31.622752384,imap_idex_l1b_sci-10days_20251126_v003.cdf,49
nonmanual_peaks_gt_0p01us,818132709464426624,2025-12-04T15:04:00.280426624,imap_idex_l1b_sci-10days_20251126_v003.cdf,50
nonmanual_peaks_gt_0p01us,818137568178291584,2025-12-04T16:24:58.994291584,imap_idex_l1b_sci-10days_20251126_v003.cdf,51
nonmanual_peaks_gt_0p01us,818137917112238720,2025-12-04T16:30:47.928238720,imap_idex_l1b_sci-10days_20251126_v003.cdf,52
nonmanual_peaks_gt_0p01us,818146592755762304,2025-12-04T18:55:23.571762304,imap_idex_l1b_sci-10days_20251126_v003.cdf,53
nonmanual_peaks_gt_0p01us,818147711968699264,2025-12-04T19:14:02.784699264,imap_idex_l1b_sci-10days_20251126_v003.cdf,54
nonmanual_peaks_gt_0p01us,818150253089741440,2025-12-04T19:56:23.905741440,imap_idex_l1b_sci-10days_20251126_v003.cdf,55
nonmanual_peaks_gt_0p01us,818161791271099392,2025-12-04T23:08:42.087099392,imap_idex_l1b_sci-10days_20251126_v003.cdf,56
nonmanual_peaks_gt_0p01us,818162863353478400,2025-12-04T23:26:34.169478400,imap_idex_l1b_sci-10days_20251126_v003.cdf,57
nonmanual_peaks_gt_0p01us,818167955013894528,2025-12-05T00:51:25.829894528,imap_idex_l1b_sci-10days_20251126_v003.cdf,58
nonmanual_peaks_gt_0p01us,818168292217212288,2025-12-05T00:57:03.033212288,imap_idex_l1b_sci-10days_20251126_v003.cdf,59
nonmanual_peaks_gt_0p01us,818172006616263040,2025-12-05T01:58:57.432263040,imap_idex_l1b_sci-10days_20251126_v003.cdf,60
nonmanual_peaks_gt_0p01us,818172188350620032,2025-12-05T02:01:59.166620032,imap_idex_l1b_sci-10days_20251126_v003.cdf,61
nonmanual_peaks_gt_0p01us,818174084964040064,2025-12-05T02:33:35.780040064,imap_idex_l1b_sci-10days_20251126_v003.cdf,62
nonmanual_peaks_gt_0p01us,818174470975274112,2025-12-05T02:40:01.791274112,imap_idex_l1b_sci-10days_20251126_v003.cdf,63
nonmanual_peaks_gt_0p01us,818179273182809600,2025-12-05T04:00:03.998809600,imap_idex_l1b_sci-10days_20251126_v003.cdf,64
nonmanual_peaks_gt_0p01us,818180736569897984,2025-12-05T04:24:27.385897984,imap_idex_l1b_sci-10days_20251126_v003.cdf,65
nonmanual_peaks_gt_0p01us,818183892865488768,2025-12-05T05:17:03.681488768,imap_idex_l1b_sci-10days_20251126_v003.cdf,66
nonmanual_peaks_gt_0p01us,818184535680512640,2025-12-05T05:27:46.496512640,imap_idex_l1b_sci-10days_20251126_v003.cdf,67
nonmanual_peaks_gt_0p01us,818185031038668672,2025-12-05T05:36:01.854668672,imap_idex_l1b_sci-10days_20251126_v003.cdf,68
nonmanual_peaks_gt_0p01us,818200260441437952,2025-12-05T09:49:51.257437952,imap_idex_l1b_sci-10days_20251126_v003.cdf,69
nonmanual_peaks_gt_0p01us,818200675921865472,2025-12-05T09:56:46.737865472,imap_idex_l1b_sci-10days_20251126_v003.cdf,70
nonmanual_peaks_gt_0p01us,818202040415542400,2025-12-05T10:19:31.231542400,imap_idex_l1b_sci-10days_20251126_v003.cdf,71
nonmanual_peaks_gt_0p01us,818202181407156096,2025-12-05T10:21:52.223156096,imap_idex_l1b_sci-10days_20251126_v003.cdf,72
nonmanual_peaks_gt_0p01us,818207333497778048,2025-12-05T11:47:44.313778048,imap_idex_l1b_sci-10days_20251126_v003.cdf,73
nonmanual_peaks_gt_0p01us,818236203664620544,2025-12-05T19:48:54.480620544,imap_idex_l1b_sci-10days_20251126_v003.cdf,74
nonmanual_peaks_gt_0p01us,818243148108555904,2025-12-05T21:44:38.924555904,imap_idex_l1b_sci-10days_20251126_v003.cdf,75
nonmanual_peaks_gt_0p01us,818253346127318272,2025-12-06T00:34:36.943318272,imap_idex_l1b_sci-10days_20251206_v003.cdf,0
nonmanual_peaks_gt_0p01us,818258688569591680,2025-12-06T02:03:39.385591680,imap_idex_l1b_sci-10days_20251206_v003.cdf,1
nonmanual_peaks_gt_0p01us,818263501440119552,2025-12-06T03:23:52.256119552,imap_idex_l1b_sci-10days_20251206_v003.cdf,2
nonmanual_peaks_gt_0p01us,818266913720382336,2025-12-06T04:20:44.536382336,imap_idex_l1b_sci-10days_20251206_v003.cdf,3
nonmanual_peaks_gt_0p01us,818281980865642880,2025-12-06T08:31:51.681642880,imap_idex_l1b_sci-10days_20251206_v003.cdf,4
nonmanual_peaks_gt_0p01us,818283002510687616,2025-12-06T08:48:53.326687616,imap_idex_l1b_sci-10days_20251206_v003.cdf,5
nonmanual_peaks_gt_0p01us,818291337752399616,2025-12-06T11:07:48.568399616,imap_idex_l1b_sci-10days_20251206_v003.cdf,6
nonmanual_peaks_gt_0p01us,818295133950198400,2025-12-06T12:11:04.766198400,imap_idex_l1b_sci-10days_20251206_v003.cdf,7
nonmanual_peaks_gt_0p01us,818299736668374528,2025-12-06T13:27:47.484374528,imap_idex_l1b_sci-10days_20251206_v003.cdf,8
nonmanual_peaks_gt_0p01us,818301785223579136,2025-12-06T14:01:56.039579136,imap_idex_l1b_sci-10days_20251206_v003.cdf,9
nonmanual_peaks_gt_0p01us,818312319979440512,2025-12-06T16:57:30.795440512,imap_idex_l1b_sci-10days_20251206_v003.cdf,10
nonmanual_peaks_gt_0p01us,818338404081213440,2025-12-07T00:12:14.897213440,imap_idex_l1b_sci-10days_20251206_v003.cdf,11
nonmanual_peaks_gt_0p01us,818338732361439360,2025-12-07T00:17:43.177439360,imap_idex_l1b_sci-10days_20251206_v003.cdf,12
nonmanual_peaks_gt_0p01us,818339268837698944,2025-12-07T00:26:39.653698944,imap_idex_l1b_sci-10days_20251206_v003.cdf,13
nonmanual_peaks_gt_0p01us,818343380067057024,2025-12-07T01:35:10.883057024,imap_idex_l1b_sci-10days_20251206_v003.cdf,14
nonmanual_peaks_gt_0p01us,818346992794261504,2025-12-07T02:35:23.610261504,imap_idex_l1b_sci-10days_20251206_v003.cdf,15
nonmanual_peaks_gt_0p01us,818348341259913856,2025-12-07T02:57:52.075913856,imap_idex_l1b_sci-10days_20251206_v003.cdf,16
nonmanual_peaks_gt_0p01us,818349696909359744,2025-12-07T03:20:27.725359744,imap_idex_l1b_sci-10days_20251206_v003.cdf,17
nonmanual_peaks_gt_0p01us,818350115218364928,2025-12-07T03:27:26.034364928,imap_idex_l1b_sci-10days_20251206_v003.cdf,18
nonmanual_peaks_gt_0p01us,818355429533825536,2025-12-07T04:56:00.349825536,imap_idex_l1b_sci-10days_20251206_v003.cdf,19
nonmanual_peaks_gt_0p01us,818355806898467584,2025-12-07T05:02:17.714467584,imap_idex_l1b_sci-10days_20251206_v003.cdf,20
nonmanual_peaks_gt_0p01us,818356279444864512,2025-12-07T05:10:10.260864512,imap_idex_l1b_sci-10days_20251206_v003.cdf,21
nonmanual_peaks_gt_0p01us,818357250183294976,2025-12-07T05:26:20.999294976,imap_idex_l1b_sci-10days_20251206_v003.cdf,22
nonmanual_peaks_gt_0p01us,818359908526514176,2025-12-07T06:10:39.342514176,imap_idex_l1b_sci-10days_20251206_v003.cdf,23
nonmanual_peaks_gt_0p01us,818361458195826304,2025-12-07T06:36:29.011826304,imap_idex_l1b_sci-10days_20251206_v003.cdf,24
nonmanual_peaks_gt_0p01us,818361897259753216,2025-12-07T06:43:48.075753216,imap_idex_l1b_sci-10days_20251206_v003.cdf,25
nonmanual_peaks_gt_0p01us,818362856188274432,2025-12-07T06:59:47.004274432,imap_idex_l1b_sci-10days_20251206_v003.cdf,26
nonmanual_peaks_gt_0p01us,818365290293434368,2025-12-07T07:40:21.109434368,imap_idex_l1b_sci-10days_20251206_v003.cdf,27
nonmanual_peaks_gt_0p01us,818365873737331840,2025-12-07T07:50:04.553331840,imap_idex_l1b_sci-10days_20251206_v003.cdf,28
nonmanual_peaks_gt_0p01us,818366468364219264,2025-12-07T07:59:59.180219264,imap_idex_l1b_sci-10days_20251206_v003.cdf,29
nonmanual_peaks_gt_0p01us,818366836651469440,2025-12-07T08:06:07.467469440,imap_idex_l1b_sci-10days_20251206_v003.cdf,30
nonmanual_peaks_gt_0p01us,818367490214884224,2025-12-07T08:17:01.030884224,imap_idex_l1b_sci-10days_20251206_v003.cdf,31
nonmanual_peaks_gt_0p01us,818371787054955904,2025-12-07T09:28:37.870955904,imap_idex_l1b_sci-10days_20251206_v003.cdf,32
nonmanual_peaks_gt_0p01us,818376015435129088,2025-12-07T10:39:06.251129088,imap_idex_l1b_sci-10days_20251206_v003.cdf,33
nonmanual_peaks_gt_0p01us,818376912737185408,2025-12-07T10:54:03.553185408,imap_idex_l1b_sci-10days_20251206_v003.cdf,34
nonmanual_peaks_gt_0p01us,818377523970918016,2025-12-07T11:04:14.786918016,imap_idex_l1b_sci-10days_20251206_v003.cdf,35
nonmanual_peaks_gt_0p01us,818379515696574336,2025-12-07T11:37:26.512574336,imap_idex_l1b_sci-10days_20251206_v003.cdf,36
nonmanual_peaks_gt_0p01us,818380402048940416,2025-12-07T11:52:12.864940416,imap_idex_l1b_sci-10days_20251206_v003.cdf,37
nonmanual_peaks_gt_0p01us,818381994918113792,2025-12-07T12:18:45.734113792,imap_idex_l1b_sci-10days_20251206_v003.cdf,38
nonmanual_peaks_gt_0p01us,818384140882231936,2025-12-07T12:54:31.698231936,imap_idex_l1b_sci-10days_20251206_v003.cdf,39
nonmanual_peaks_gt_0p01us,818387782525270528,2025-12-07T13:55:13.341270528,imap_idex_l1b_sci-10days_20251206_v003.cdf,40
nonmanual_peaks_gt_0p01us,818388553236320384,2025-12-07T14:08:04.052320384,imap_idex_l1b_sci-10days_20251206_v003.cdf,41
nonmanual_peaks_gt_0p01us,818391075391301504,2025-12-07T14:50:06.207301504,imap_idex_l1b_sci-10days_20251206_v003.cdf,42
nonmanual_peaks_gt_0p01us,818391752454295040,2025-12-07T15:01:23.270295040,imap_idex_l1b_sci-10days_20251206_v003.cdf,43
nonmanual_peaks_gt_0p01us,818391947886500096,2025-12-07T15:04:38.702500096,imap_idex_l1b_sci-10days_20251206_v003.cdf,44
nonmanual_peaks_gt_0p01us,818394012835070720,2025-12-07T15:39:03.651070720,imap_idex_l1b_sci-10days_20251206_v003.cdf,45
nonmanual_peaks_gt_0p01us,818395125865973888,2025-12-07T15:57:36.681973888,imap_idex_l1b_sci-10days_20251206_v003.cdf,46
nonmanual_peaks_gt_0p01us,818395749308695680,2025-12-07T16:08:00.124695680,imap_idex_l1b_sci-10days_20251206_v003.cdf,47
nonmanual_peaks_gt_0p01us,818396309106194176,2025-12-07T16:17:19.922194176,imap_idex_l1b_sci-10days_20251206_v003.cdf,48
nonmanual_peaks_gt_0p01us,818399879261316864,2025-12-07T17:16:50.077316864,imap_idex_l1b_sci-10days_20251206_v003.cdf,49
nonmanual_peaks_gt_0p01us,818400166948719104,2025-12-07T17:21:37.764719104,imap_idex_l1b_sci-10days_20251206_v003.cdf,50
nonmanual_peaks_gt_0p01us,818400184568203392,2025-12-07T17:21:55.384203392,imap_idex_l1b_sci-10days_20251206_v003.cdf,51
nonmanual_peaks_gt_0p01us,818401581339852416,2025-12-07T17:45:12.155852416,imap_idex_l1b_sci-10days_20251206_v003.cdf,52
nonmanual_peaks_gt_0p01us,818403848721281792,2025-12-07T18:22:59.537281792,imap_idex_l1b_sci-10days_20251206_v003.cdf,53
nonmanual_peaks_gt_0p01us,818405439819276928,2025-12-07T18:49:30.635276928,imap_idex_l1b_sci-10days_20251206_v003.cdf,54
nonmanual_peaks_gt_0p01us,818405758383451520,2025-12-07T18:54:49.199451520,imap_idex_l1b_sci-10days_20251206_v003.cdf,55
nonmanual_peaks_gt_0p01us,818405842060476544,2025-12-07T18:56:12.876476544,imap_idex_l1b_sci-10days_20251206_v003.cdf,56
nonmanual_peaks_gt_0p01us,818406459637483520,2025-12-07T19:06:30.453483520,imap_idex_l1b_sci-10days_20251206_v003.cdf,57
nonmanual_peaks_gt_0p01us,818409578091490688,2025-12-07T19:58:28.907490688,imap_idex_l1b_sci-10days_20251206_v003.cdf,58
nonmanual_peaks_gt_0p01us,818410249314509568,2025-12-07T20:09:40.130509568,imap_idex_l1b_sci-10days_20251206_v003.cdf,59
nonmanual_peaks_gt_0p01us,818411557109978368,2025-12-07T20:31:27.925978368,imap_idex_l1b_sci-10days_20251206_v003.cdf,60
nonmanual_peaks_gt_0p01us,818411630742052352,2025-12-07T20:32:41.558052352,imap_idex_l1b_sci-10days_20251206_v003.cdf,61
nonmanual_peaks_gt_0p01us,818411783669695360,2025-12-07T20:35:14.485695360,imap_idex_l1b_sci-10days_20251206_v003.cdf,62
nonmanual_peaks_gt_0p01us,818413273658740992,2025-12-07T21:00:04.474740992,imap_idex_l1b_sci-10days_20251206_v003.cdf,63
nonmanual_peaks_gt_0p01us,818414086666092928,2025-12-07T21:13:37.482092928,imap_idex_l1b_sci-10days_20251206_v003.cdf,64
nonmanual_peaks_gt_0p01us,818417470345442432,2025-12-07T22:10:01.161442432,imap_idex_l1b_sci-10days_20251206_v003.cdf,65
nonmanual_peaks_gt_0p01us,818418012924616448,2025-12-07T22:19:03.740616448,imap_idex_l1b_sci-10days_20251206_v003.cdf,66
nonmanual_peaks_gt_0p01us,818418678788980096,2025-12-07T22:30:09.604980096,imap_idex_l1b_sci-10days_20251206_v003.cdf,67
nonmanual_peaks_gt_0p01us,818419515011471232,2025-12-07T22:44:05.827471232,imap_idex_l1b_sci-10days_20251206_v003.cdf,68
nonmanual_peaks_gt_0p01us,818421301136911488,2025-12-07T23:13:51.952911488,imap_idex_l1b_sci-10days_20251206_v003.cdf,69
nonmanual_peaks_gt_0p01us,818424501688485248,2025-12-08T00:07:12.504485248,imap_idex_l1b_sci-10days_20251206_v003.cdf,70
nonmanual_peaks_gt_0p01us,818425326083366912,2025-12-08T00:20:56.899366912,imap_idex_l1b_sci-10days_20251206_v003.cdf,71
nonmanual_peaks_gt_0p01us,818426656845375104,2025-12-08T00:43:07.661375104,imap_idex_l1b_sci-10days_20251206_v003.cdf,72
nonmanual_peaks_gt_0p01us,818427290927927296,2025-12-08T00:53:41.743927296,imap_idex_l1b_sci-10days_20251206_v003.cdf,73
nonmanual_peaks_gt_0p01us,818428481228401152,2025-12-08T01:13:32.044401152,imap_idex_l1b_sci-10days_20251206_v003.cdf,74
nonmanual_peaks_gt_0p01us,818430904488510848,2025-12-08T01:53:55.304510848,imap_idex_l1b_sci-10days_20251206_v003.cdf,75
nonmanual_peaks_gt_0p01us,818431226918302208,2025-12-08T01:59:17.734302208,imap_idex_l1b_sci-10days_20251206_v003.cdf,76
nonmanual_peaks_gt_0p01us,818431407923299968,2025-12-08T02:02:18.739299968,imap_idex_l1b_sci-10days_20251206_v003.cdf,77
nonmanual_peaks_gt_0p01us,818433976877539456,2025-12-08T02:45:07.693539456,imap_idex_l1b_sci-10days_20251206_v003.cdf,78
nonmanual_peaks_gt_0p01us,818434312056539392,2025-12-08T02:50:42.872539392,imap_idex_l1b_sci-10days_20251206_v003.cdf,79
nonmanual_peaks_gt_0p01us,818439509855185280,2025-12-08T04:17:20.671185280,imap_idex_l1b_sci-10days_20251206_v003.cdf,80
nonmanual_peaks_gt_0p01us,818439837066072192,2025-12-08T04:22:47.882072192,imap_idex_l1b_sci-10days_20251206_v003.cdf,81
nonmanual_peaks_gt_0p01us,818439849036841600,2025-12-08T04:22:59.852841600,imap_idex_l1b_sci-10days_20251206_v003.cdf,82
nonmanual_peaks_gt_0p01us,818441559320530048,2025-12-08T04:51:30.136530048,imap_idex_l1b_sci-10days_20251206_v003.cdf,83
nonmanual_peaks_gt_0p01us,818441685553537024,2025-12-08T04:53:36.369537024,imap_idex_l1b_sci-10days_20251206_v003.cdf,84
nonmanual_peaks_gt_0p01us,818442369562744576,2025-12-08T05:05:00.378744576,imap_idex_l1b_sci-10days_20251206_v003.cdf,85
nonmanual_peaks_gt_0p01us,818442488479578112,2025-12-08T05:06:59.295578112,imap_idex_l1b_sci-10days_20251206_v003.cdf,86
nonmanual_peaks_gt_0p01us,818445045001908992,2025-12-08T05:49:35.817908992,imap_idex_l1b_sci-10days_20251206_v003.cdf,87
nonmanual_peaks_gt_0p01us,818448675720717952,2025-12-08T06:50:06.536717952,imap_idex_l1b_sci-10days_20251206_v003.cdf,88
nonmanual_peaks_gt_0p01us,818448798548668032,2025-12-08T06:52:09.364668032,imap_idex_l1b_sci-10days_20251206_v003.cdf,89
nonmanual_peaks_gt_0p01us,818451441603441408,2025-12-08T07:36:12.419441408,imap_idex_l1b_sci-10days_20251206_v003.cdf,90
nonmanual_peaks_gt_0p01us,818455712419997056,2025-12-08T08:47:23.235997056,imap_idex_l1b_sci-10days_20251206_v003.cdf,91
nonmanual_peaks_gt_0p01us,818461634061434752,2025-12-08T10:26:04.877434752,imap_idex_l1b_sci-10days_20251206_v003.cdf,92
nonmanual_peaks_gt_0p01us,818462409300000640,2025-12-08T10:39:00.116000640,imap_idex_l1b_sci-10days_20251206_v003.cdf,93
nonmanual_peaks_gt_0p01us,818463082373417856,2025-12-08T10:50:13.189417856,imap_idex_l1b_sci-10days_20251206_v003.cdf,94
nonmanual_peaks_gt_0p01us,818468559752453504,2025-12-08T12:21:30.568453504,imap_idex_l1b_sci-10days_20251206_v003.cdf,95
nonmanual_peaks_gt_0p01us,818469163848532480,2025-12-08T12:31:34.664532480,imap_idex_l1b_sci-10days_20251206_v003.cdf,96
nonmanual_peaks_gt_0p01us,818471066455008768,2025-12-08T13:03:17.271008768,imap_idex_l1b_sci-10days_20251206_v003.cdf,97
nonmanual_peaks_gt_0p01us,818473272522613376,2025-12-08T13:40:03.338613376,imap_idex_l1b_sci-10days_20251206_v003.cdf,98
nonmanual_peaks_gt_0p01us,818474007609355392,2025-12-08T13:52:18.425355392,imap_idex_l1b_sci-10days_20251206_v003.cdf,99
nonmanual_peaks_gt_0p01us,818474519213477120,2025-12-08T14:00:50.029477120,imap_idex_l1b_sci-10days_20251206_v003.cdf,100
nonmanual_peaks_gt_0p01us,818477736057936640,2025-12-08T14:54:26.873936640,imap_idex_l1b_sci-10days_20251206_v003.cdf,101
nonmanual_peaks_gt_0p01us,818477986975592064,2025-12-08T14:58:37.791592064,imap_idex_l1b_sci-10days_20251206_v003.cdf,102
nonmanual_peaks_gt_0p01us,818480658344120064,2025-12-08T15:43:09.160120064,imap_idex_l1b_sci-10days_20251206_v003.cdf,103
nonmanual_peaks_gt_0p01us,818481475524728448,2025-12-08T15:56:46.340728448,imap_idex_l1b_sci-10days_20251206_v003.cdf,104
nonmanual_peaks_gt_0p01us,818484953388434176,2025-12-08T16:54:44.204434176,imap_idex_l1b_sci-10days_20251206_v003.cdf,105
nonmanual_peaks_gt_0p01us,818486212785846528,2025-12-08T17:15:43.601846528,imap_idex_l1b_sci-10days_20251206_v003.cdf,106
nonmanual_peaks_gt_0p01us,818487219473205120,2025-12-08T17:32:30.289205120,imap_idex_l1b_sci-10days_20251206_v003.cdf,107
nonmanual_peaks_gt_0p01us,818488489452567936,2025-12-08T17:53:40.268567936,imap_idex_l1b_sci-10days_20251206_v003.cdf,108
nonmanual_peaks_gt_0p01us,818494973863161600,2025-12-08T19:41:44.679161600,imap_idex_l1b_sci-10days_20251206_v003.cdf,109
nonmanual_peaks_gt_0p01us,818495120815390080,2025-12-08T19:44:11.631390080,imap_idex_l1b_sci-10days_20251206_v003.cdf,110
nonmanual_peaks_gt_0p01us,818497196937950976,2025-12-08T20:18:47.753950976,imap_idex_l1b_sci-10days_20251206_v003.cdf,111
nonmanual_peaks_gt_0p01us,818499401670376960,2025-12-08T20:55:32.486376960,imap_idex_l1b_sci-10days_20251206_v003.cdf,112
nonmanual_peaks_gt_0p01us,818500076076273024,2025-12-08T21:06:46.892273024,imap_idex_l1b_sci-10days_20251206_v003.cdf,113
nonmanual_peaks_gt_0p01us,818501623048447744,2025-12-08T21:32:33.864447744,imap_idex_l1b_sci-10days_20251206_v003.cdf,114
nonmanual_peaks_gt_0p01us,818502792225140992,2025-12-08T21:52:03.041140992,imap_idex_l1b_sci-10days_20251206_v003.cdf,115
nonmanual_peaks_gt_0p01us,818502855280524416,2025-12-08T21:53:06.096524416,imap_idex_l1b_sci-10days_20251206_v003.cdf,116
nonmanual_peaks_gt_0p01us,818503747636145536,2025-12-08T22:07:58.452145536,imap_idex_l1b_sci-10days_20251206_v003.cdf,117
nonmanual_peaks_gt_0p01us,818504638542687744,2025-12-08T22:22:49.358687744,imap_idex_l1b_sci-10days_20251206_v003.cdf,118
nonmanual_peaks_gt_0p01us,818505410228696704,2025-12-08T22:35:41.044696704,imap_idex_l1b_sci-10days_20251206_v003.cdf,119
nonmanual_peaks_gt_0p01us,818505442221768064,2025-12-08T22:36:13.037768064,imap_idex_l1b_sci-10days_20251206_v003.cdf,120
nonmanual_peaks_gt_0p01us,818507874566430080,2025-12-08T23:16:45.382430080,imap_idex_l1b_sci-10days_20251206_v003.cdf,122
nonmanual_peaks_gt_0p01us,818508048607894272,2025-12-08T23:19:39.423894272,imap_idex_l1b_sci-10days_20251206_v003.cdf,123
nonmanual_peaks_gt_0p01us,818509079908330752,2025-12-08T23:36:50.724330752,imap_idex_l1b_sci-10days_20251206_v003.cdf,124
nonmanual_peaks_gt_0p01us,818509752656208384,2025-12-08T23:48:03.472208384,imap_idex_l1b_sci-10days_20251206_v003.cdf,125
nonmanual_peaks_gt_0p01us,818550228314973568,2025-12-09T11:02:39.130973568,imap_idex_l1b_sci-10days_20251206_v003.cdf,136
nonmanual_peaks_gt_0p01us,818552136409225600,2025-12-09T11:34:27.225225600,imap_idex_l1b_sci-10days_20251206_v003.cdf,137
nonmanual_peaks_gt_0p01us,818553430756766848,2025-12-09T11:56:01.572766848,imap_idex_l1b_sci-10days_20251206_v003.cdf,138
nonmanual_peaks_gt_0p01us,818556663814952704,2025-12-09T12:49:54.630952704,imap_idex_l1b_sci-10days_20251206_v003.cdf,139
nonmanual_peaks_gt_0p01us,818558453456970752,2025-12-09T13:19:44.272970752,imap_idex_l1b_sci-10days_20251206_v003.cdf,140
nonmanual_peaks_gt_0p01us,818559551641287680,2025-12-09T13:38:02.457287680,imap_idex_l1b_sci-10days_20251206_v003.cdf,141
nonmanual_peaks_gt_0p01us,818566194423601408,2025-12-09T15:28:45.239601408,imap_idex_l1b_sci-10days_20251206_v003.cdf,142
nonmanual_peaks_gt_0p01us,818567434980530816,2025-12-09T15:49:25.796530816,imap_idex_l1b_sci-10days_20251206_v003.cdf,143
nonmanual_peaks_gt_0p01us,818567747297091200,2025-12-09T15:54:38.113091200,imap_idex_l1b_sci-10days_20251206_v003.cdf,144
nonmanual_peaks_gt_0p01us,818567864123446656,2025-12-09T15:56:34.939446656,imap_idex_l1b_sci-10days_20251206_v003.cdf,145
nonmanual_peaks_gt_0p01us,818568127907470592,2025-12-09T16:00:58.723470592,imap_idex_l1b_sci-10days_20251206_v003.cdf,146
nonmanual_peaks_gt_0p01us,818570159126472320,2025-12-09T16:34:49.942472320,imap_idex_l1b_sci-10days_20251206_v003.cdf,147
nonmanual_peaks_gt_0p01us,818570942421691008,2025-12-09T16:47:53.237691008,imap_idex_l1b_sci-10days_20251206_v003.cdf,148
nonmanual_peaks_gt_0p01us,818572292064042880,2025-12-09T17:10:22.880042880,imap_idex_l1b_sci-10days_20251206_v003.cdf,149
nonmanual_peaks_gt_0p01us,818572890808427008,2025-12-09T17:20:21.624427008,imap_idex_l1b_sci-10days_20251206_v003.cdf,150
nonmanual_peaks_gt_0p01us,818573967142823424,2025-12-09T17:38:17.958823424,imap_idex_l1b_sci-10days_20251206_v003.cdf,151
nonmanual_peaks_gt_0p01us,818580029845596416,2025-12-09T19:19:20.661596416,imap_idex_l1b_sci-10days_20251206_v003.cdf,152
nonmanual_peaks_gt_0p01us,818581467817629184,2025-12-09T19:43:18.633629184,imap_idex_l1b_sci-10days_20251206_v003.cdf,153
nonmanual_peaks_gt_0p01us,818583205056754176,2025-12-09T20:12:15.872754176,imap_idex_l1b_sci-10days_20251206_v003.cdf,154
nonmanual_peaks_gt_0p01us,818583460243185664,2025-12-09T20:16:31.059185664,imap_idex_l1b_sci-10days_20251206_v003.cdf,155
nonmanual_peaks_gt_0p01us,818584258855810944,2025-12-09T20:29:49.671810944,imap_idex_l1b_sci-10days_20251206_v003.cdf,156
nonmanual_peaks_gt_0p01us,818584863350689664,2025-12-09T20:39:54.166689664,imap_idex_l1b_sci-10days_20251206_v003.cdf,157
nonmanual_peaks_gt_0p01us,818585865089592960,2025-12-09T20:56:35.905592960,imap_idex_l1b_sci-10days_20251206_v003.cdf,158
nonmanual_peaks_gt_0p01us,818587607404093312,2025-12-09T21:25:38.220093312,imap_idex_l1b_sci-10days_20251206_v003.cdf,159
nonmanual_peaks_gt_0p01us,818588267856022016,2025-12-09T21:36:38.672022016,imap_idex_l1b_sci-10days_20251206_v003.cdf,160
nonmanual_peaks_gt_0p01us,818589846329848960,2025-12-09T22:02:57.145848960,imap_idex_l1b_sci-10days_20251206_v003.cdf,161
nonmanual_peaks_gt_0p01us,818592035757429248,2025-12-09T22:39:26.573429248,imap_idex_l1b_sci-10days_20251206_v003.cdf,162
nonmanual_peaks_gt_0p01us,818593113351984512,2025-12-09T22:57:24.167984512,imap_idex_l1b_sci-10days_20251206_v003.cdf,163
nonmanual_peaks_gt_0p01us,818593127430131968,2025-12-09T22:57:38.246131968,imap_idex_l1b_sci-10days_20251206_v003.cdf,164
nonmanual_peaks_gt_0p01us,818593791653157504,2025-12-09T23:08:42.469157504,imap_idex_l1b_sci-10days_20251206_v003.cdf,165
nonmanual_peaks_gt_0p01us,818594013251139072,2025-12-09T23:12:24.067139072,imap_idex_l1b_sci-10days_20251206_v003.cdf,166
nonmanual_peaks_gt_0p01us,818595643684959488,2025-12-09T23:39:34.500959488,imap_idex_l1b_sci-10days_20251206_v003.cdf,167
nonmanual_peaks_gt_0p01us,818596648399660288,2025-12-09T23:56:19.215660288,imap_idex_l1b_sci-10days_20251206_v003.cdf,168
nonmanual_peaks_gt_0p01us,818596804176120704,2025-12-09T23:58:54.992120704,imap_idex_l1b_sci-10days_20251206_v003.cdf,169
nonmanual_peaks_gt_0p01us,818601020505946368,2025-12-10T01:09:11.321946368,imap_idex_l1b_sci-10days_20251206_v003.cdf,170
nonmanual_peaks_gt_0p01us,818601413675894400,2025-12-10T01:15:44.491894400,imap_idex_l1b_sci-10days_20251206_v003.cdf,171
nonmanual_peaks_gt_0p01us,818601729947871488,2025-12-10T01:21:00.763871488,imap_idex_l1b_sci-10days_20251206_v003.cdf,172
nonmanual_peaks_gt_0p01us,818602471326807680,2025-12-10T01:33:22.142807680,imap_idex_l1b_sci-10days_20251206_v003.cdf,173
nonmanual_peaks_gt_0p01us,818602923024703232,2025-12-10T01:40:53.840703232,imap_idex_l1b_sci-10days_20251206_v003.cdf,174
nonmanual_peaks_gt_0p01us,818603952202141952,2025-12-10T01:58:03.018141952,imap_idex_l1b_sci-10days_20251206_v003.cdf,175
nonmanual_peaks_gt_0p01us,818607623755635456,2025-12-10T02:59:14.571635456,imap_idex_l1b_sci-10days_20251206_v003.cdf,176
nonmanual_peaks_gt_0p01us,818609945305517312,2025-12-10T03:37:56.121517312,imap_idex_l1b_sci-10days_20251206_v003.cdf,177
nonmanual_peaks_gt_0p01us,818611459400502016,2025-12-10T04:03:10.216502016,imap_idex_l1b_sci-10days_20251206_v003.cdf,178
nonmanual_peaks_gt_0p01us,818614240050712832,2025-12-10T04:49:30.866712832,imap_idex_l1b_sci-10days_20251206_v003.cdf,179
nonmanual_peaks_gt_0p01us,818619514609071104,2025-12-10T06:17:25.425071104,imap_idex_l1b_sci-10days_20251206_v003.cdf,180
nonmanual_peaks_gt_0p01us,818620946408469504,2025-12-10T06:41:17.224469504,imap_idex_l1b_sci-10days_20251206_v003.cdf,181
nonmanual_peaks_gt_0p01us,818621202876940032,2025-12-10T06:45:33.692940032,imap_idex_l1b_sci-10days_20251206_v003.cdf,182
nonmanual_peaks_gt_0p01us,818621526167050496,2025-12-10T06:50:56.983050496,imap_idex_l1b_sci-10days_20251206_v003.cdf,183
nonmanual_peaks_gt_0p01us,818623355240133248,2025-12-10T07:21:26.056133248,imap_idex_l1b_sci-10days_20251206_v003.cdf,184
nonmanual_peaks_gt_0p01us,818624618203282688,2025-12-10T07:42:29.019282688,imap_idex_l1b_sci-10days_20251206_v003.cdf,185
nonmanual_peaks_gt_0p01us,818627241773074176,2025-12-10T08:26:12.589074176,imap_idex_l1b_sci-10days_20251206_v003.cdf,186
nonmanual_peaks_gt_0p01us,818627425541229696,2025-12-10T08:29:16.357229696,imap_idex_l1b_sci-10days_20251206_v003.cdf,187
nonmanual_peaks_gt_0p01us,818627713603111808,2025-12-10T08:34:04.419111808,imap_idex_l1b_sci-10days_20251206_v003.cdf,188
nonmanual_peaks_gt_0p01us,818628090390514432,2025-12-10T08:40:21.206514432,imap_idex_l1b_sci-10days_20251206_v003.cdf,189
nonmanual_peaks_gt_0p01us,818630820432490752,2025-12-10T09:25:51.248490752,imap_idex_l1b_sci-10days_20251206_v003.cdf,190
nonmanual_peaks_gt_0p01us,818630853990020608,2025-12-10T09:26:24.806020608,imap_idex_l1b_sci-10days_20251206_v003.cdf,191
nonmanual_peaks_gt_0p01us,818631168795918976,2025-12-10T09:31:39.611918976,imap_idex_l1b_sci-10days_20251206_v003.cdf,192
nonmanual_peaks_gt_0p01us,818632018107298560,2025-12-10T09:45:48.923298560,imap_idex_l1b_sci-10days_20251206_v003.cdf,193
nonmanual_peaks_gt_0p01us,818634450433201280,2025-12-10T10:26:21.249201280,imap_idex_l1b_sci-10days_20251206_v003.cdf,194
nonmanual_peaks_gt_0p01us,818636896352831744,2025-12-10T11:07:07.168831744,imap_idex_l1b_sci-10days_20251206_v003.cdf,195
nonmanual_peaks_gt_0p01us,818638552604209152,2025-12-10T11:34:43.420209152,imap_idex_l1b_sci-10days_20251206_v003.cdf,196
nonmanual_peaks_gt_0p01us,818641274044013056,2025-12-10T12:20:04.860013056,imap_idex_l1b_sci-10days_20251206_v003.cdf,197
nonmanual_peaks_gt_0p01us,818647112995466240,2025-12-10T13:57:23.811466240,imap_idex_l1b_sci-10days_20251206_v003.cdf,198
nonmanual_peaks_gt_0p01us,818648947401004160,2025-12-10T14:27:58.217004160,imap_idex_l1b_sci-10days_20251206_v003.cdf,199
nonmanual_peaks_gt_0p01us,818652527294779520,2025-12-10T15:27:38.110779520,imap_idex_l1b_sci-10days_20251206_v003.cdf,200
nonmanual_peaks_gt_0p01us,818655736880986496,2025-12-10T16:21:07.696986496,imap_idex_l1b_sci-10days_20251206_v003.cdf,201
nonmanual_peaks_gt_0p01us,818659207863199488,2025-12-10T17:18:58.679199488,imap_idex_l1b_sci-10days_20251206_v003.cdf,202
nonmanual_peaks_gt_0p01us,818659974315833216,2025-12-10T17:31:45.131833216,imap_idex_l1b_sci-10days_20251206_v003.cdf,203
nonmanual_peaks_gt_0p01us,818660417881836160,2025-12-10T17:39:08.697836160,imap_idex_l1b_sci-10days_20251206_v003.cdf,204
nonmanual_peaks_gt_0p01us,818662847990540800,2025-12-10T18:19:38.806540800,imap_idex_l1b_sci-10days_20251206_v003.cdf,205
nonmanual_peaks_gt_0p01us,818664243632731520,2025-12-10T18:42:54.448731520,imap_idex_l1b_sci-10days_20251206_v003.cdf,206
nonmanual_peaks_gt_0p01us,818667862999111680,2025-12-10T19:43:13.815111680,imap_idex_l1b_sci-10days_20251206_v003.cdf,207
nonmanual_peaks_gt_0p01us,818669317799249408,2025-12-10T20:07:28.615249408,imap_idex_l1b_sci-10days_20251206_v003.cdf,208
nonmanual_peaks_gt_0p01us,818671011485973248,2025-12-10T20:35:42.301973248,imap_idex_l1b_sci-10days_20251206_v003.cdf,209
nonmanual_peaks_gt_0p01us,818674157315997184,2025-12-10T21:28:08.131997184,imap_idex_l1b_sci-10days_20251206_v003.cdf,210
nonmanual_peaks_gt_0p01us,818675213624891648,2025-12-10T21:45:44.440891648,imap_idex_l1b_sci-10days_20251206_v003.cdf,211
nonmanual_peaks_gt_0p01us,818677073206347008,2025-12-10T22:16:44.022347008,imap_idex_l1b_sci-10days_20251206_v003.cdf,212
nonmanual_peaks_gt_0p01us,818677888628577024,2025-12-10T22:30:19.444577024,imap_idex_l1b_sci-10days_20251206_v003.cdf,213
nonmanual_peaks_gt_0p01us,818678744981370624,2025-12-10T22:44:35.797370624,imap_idex_l1b_sci-10days_20251206_v003.cdf,214
nonmanual_peaks_gt_0p01us,818678823344700288,2025-12-10T22:45:54.160700288,imap_idex_l1b_sci-10days_20251206_v003.cdf,215
nonmanual_peaks_gt_0p01us,818681221238813824,2025-12-10T23:25:52.054813824,imap_idex_l1b_sci-10days_20251206_v003.cdf,216
nonmanual_peaks_gt_0p01us,818681250191827968,2025-12-10T23:26:21.007827968,imap_idex_l1b_sci-10days_20251206_v003.cdf,217
nonmanual_peaks_gt_0p01us,818682209588349184,2025-12-10T23:42:20.404349184,imap_idex_l1b_sci-10days_20251206_v003.cdf,218
nonmanual_peaks_gt_0p01us,818685977721176832,2025-12-11T00:45:08.537176832,imap_idex_l1b_sci-10days_20251206_v003.cdf,219
nonmanual_peaks_gt_0p01us,818686127531142656,2025-12-11T00:47:38.347142656,imap_idex_l1b_sci-10days_20251206_v003.cdf,220
nonmanual_peaks_gt_0p01us,818686725665067648,2025-12-11T00:57:36.481067648,imap_idex_l1b_sci-10days_20251206_v003.cdf,221
nonmanual_peaks_gt_0p01us,818697132811735424,2025-12-11T03:51:03.627735424,imap_idex_l1b_sci-10days_20251206_v003.cdf,222
nonmanual_peaks_gt_0p01us,818699681055475200,2025-12-11T04:33:31.871475200,imap_idex_l1b_sci-10days_20251206_v003.cdf,223
nonmanual_peaks_gt_0p01us,818700273903784704,2025-12-11T04:43:24.719784704,imap_idex_l1b_sci-10days_20251206_v003.cdf,224
nonmanual_peaks_gt_0p01us,818700315743307264,2025-12-11T04:44:06.559307264,imap_idex_l1b_sci-10days_20251206_v003.cdf,225
nonmanual_peaks_gt_0p01us,818704503339500160,2025-12-11T05:53:54.155500160,imap_idex_l1b_sci-10days_20251206_v003.cdf,226
nonmanual_peaks_gt_0p01us,818704886844577152,2025-12-11T06:00:17.660577152,imap_idex_l1b_sci-10days_20251206_v003.cdf,227
nonmanual_peaks_gt_0p01us,818706369392770560,2025-12-11T06:25:00.208770560,imap_idex_l1b_sci-10days_20251206_v003.cdf,228
nonmanual_peaks_gt_0p01us,818709231506889600,2025-12-11T07:12:42.322889600,imap_idex_l1b_sci-10days_20251206_v003.cdf,229
nonmanual_peaks_gt_0p01us,818711729144034688,2025-12-11T07:54:19.960034688,imap_idex_l1b_sci-10days_20251206_v003.cdf,230
nonmanual_peaks_gt_0p01us,818715229429822720,2025-12-11T08:52:40.245822720,imap_idex_l1b_sci-10days_20251206_v003.cdf,231
nonmanual_peaks_gt_0p01us,818715827123967872,2025-12-11T09:02:37.939967872,imap_idex_l1b_sci-10days_20251206_v003.cdf,232
nonmanual_peaks_gt_0p01us,818721297448093056,2025-12-11T10:33:48.264093056,imap_idex_l1b_sci-10days_20251206_v003.cdf,233
nonmanual_peaks_gt_0p01us,818724704755244288,2025-12-11T11:30:35.571244288,imap_idex_l1b_sci-10days_20251206_v003.cdf,234
nonmanual_peaks_gt_0p01us,818728739550173952,2025-12-11T12:37:50.366173952,imap_idex_l1b_sci-10days_20251206_v003.cdf,235
nonmanual_peaks_gt_0p01us,818729233030972416,2025-12-11T12:46:03.846972416,imap_idex_l1b_sci-10days_20251206_v003.cdf,236
nonmanual_peaks_gt_0p01us,818730347471015168,2025-12-11T13:04:38.287015168,imap_idex_l1b_sci-10days_20251206_v003.cdf,237
nonmanual_peaks_gt_0p01us,818730868630328832,2025-12-11T13:13:19.446328832,imap_idex_l1b_sci-10days_20251206_v003.cdf,238
nonmanual_peaks_gt_0p01us,818732719368352768,2025-12-11T13:44:10.184352768,imap_idex_l1b_sci-10days_20251206_v003.cdf,239
nonmanual_peaks_gt_0p01us,818732838359206272,2025-12-11T13:46:09.175206272,imap_idex_l1b_sci-10days_20251206_v003.cdf,240
nonmanual_peaks_gt_0p01us,818733533708584192,2025-12-11T13:57:44.524584192,imap_idex_l1b_sci-10days_20251206_v003.cdf,241
nonmanual_peaks_gt_0p01us,818743286901898752,2025-12-11T16:40:17.717898752,imap_idex_l1b_sci-10days_20251206_v003.cdf,242
nonmanual_peaks_gt_0p01us,818749711391874304,2025-12-11T18:27:22.207874304,imap_idex_l1b_sci-10days_20251206_v003.cdf,243
nonmanual_peaks_gt_0p01us,818750526726125184,2025-12-11T18:40:57.542125184,imap_idex_l1b_sci-10days_20251206_v003.cdf,244
nonmanual_peaks_gt_0p01us,818754111169020288,2025-12-11T19:40:41.985020288,imap_idex_l1b_sci-10days_20251206_v003.cdf,245
nonmanual_peaks_gt_0p01us,818755674382662656,2025-12-11T20:06:45.198662656,imap_idex_l1b_sci-10days_20251206_v003.cdf,246
nonmanual_peaks_gt_0p01us,818757461601484672,2025-12-11T20:36:32.417484672,imap_idex_l1b_sci-10days_20251206_v003.cdf,247
nonmanual_peaks_gt_0p01us,818758979157247616,2025-12-11T21:01:49.973247616,imap_idex_l1b_sci-10days_20251206_v003.cdf,248
nonmanual_peaks_gt_0p01us,818759295229124992,2025-12-11T21:07:06.045124992,imap_idex_l1b_sci-10days_20251206_v003.cdf,249
nonmanual_peaks_gt_0p01us,818760318232850304,2025-12-11T21:24:09.048850304,imap_idex_l1b_sci-10days_20251206_v003.cdf,250
nonmanual_peaks_gt_0p01us,818767822537400448,2025-12-11T23:29:13.353400448,imap_idex_l1b_sci-10days_20251206_v003.cdf,251
nonmanual_peaks_gt_0p01us,818771331044043392,2025-12-12T00:27:41.860043392,imap_idex_l1b_sci-10days_20251206_v003.cdf,252
nonmanual_peaks_gt_0p01us,818773831351327744,2025-12-12T01:09:22.167327744,imap_idex_l1b_sci-10days_20251206_v003.cdf,253
nonmanual_peaks_gt_0p01us,818775018902205824,2025-12-12T01:29:09.718205824,imap_idex_l1b_sci-10days_20251206_v003.cdf,254
nonmanual_peaks_gt_0p01us,818778256155671296,2025-12-12T02:23:06.971671296,imap_idex_l1b_sci-10days_20251206_v003.cdf,255
nonmanual_peaks_gt_0p01us,818778835966572928,2025-12-12T02:32:46.782572928,imap_idex_l1b_sci-10days_20251206_v003.cdf,256
nonmanual_peaks_gt_0p01us,818780868308595712,2025-12-12T03:06:39.124595712,imap_idex_l1b_sci-10days_20251206_v003.cdf,257
nonmanual_peaks_gt_0p01us,818781005054933376,2025-12-12T03:08:55.870933376,imap_idex_l1b_sci-10days_20251206_v003.cdf,258
nonmanual_peaks_gt_0p01us,818783008917681664,2025-12-12T03:42:19.733681664,imap_idex_l1b_sci-10days_20251206_v003.cdf,259
nonmanual_peaks_gt_0p01us,818800902573802240,2025-12-12T08:40:33.389802240,imap_idex_l1b_sci-10days_20251206_v003.cdf,260
nonmanual_peaks_gt_0p01us,818802056633150336,2025-12-12T08:59:47.449150336,imap_idex_l1b_sci-10days_20251206_v003.cdf,261
nonmanual_peaks_gt_0p01us,818802955342026752,2025-12-12T09:14:46.158026752,imap_idex_l1b_sci-10days_20251206_v003.cdf,262
nonmanual_peaks_gt_0p01us,818805512619400320,2025-12-12T09:57:23.435400320,imap_idex_l1b_sci-10days_20251206_v003.cdf,263
nonmanual_peaks_gt_0p01us,818809436732791424,2025-12-12T11:02:47.548791424,imap_idex_l1b_sci-10days_20251206_v003.cdf,264
nonmanual_peaks_gt_0p01us,818816576912127104,2025-12-12T13:01:47.728127104,imap_idex_l1b_sci-10days_20251206_v003.cdf,265
nonmanual_peaks_gt_0p01us,818819261077847168,2025-12-12T13:46:31.893847168,imap_idex_l1b_sci-10days_20251206_v003.cdf,266
nonmanual_peaks_gt_0p01us,818822753628904320,2025-12-12T14:44:44.444904320,imap_idex_l1b_sci-10days_20251206_v003.cdf,267
nonmanual_peaks_gt_0p01us,818823503778973568,2025-12-12T14:57:14.594973568,imap_idex_l1b_sci-10days_20251206_v003.cdf,268
nonmanual_peaks_gt_0p01us,818823961384804480,2025-12-12T15:04:52.200804480,imap_idex_l1b_sci-10days_20251206_v003.cdf,269
nonmanual_peaks_gt_0p01us,818826434031733504,2025-12-12T15:46:04.847733504,imap_idex_l1b_sci-10days_20251206_v003.cdf,270
nonmanual_peaks_gt_0p01us,818829588419832960,2025-12-12T16:38:39.235832960,imap_idex_l1b_sci-10days_20251206_v003.cdf,271
nonmanual_peaks_gt_0p01us,818832456886888192,2025-12-12T17:26:27.702888192,imap_idex_l1b_sci-10days_20251206_v003.cdf,272
nonmanual_peaks_gt_0p01us,818837842841292416,2025-12-12T18:56:13.657292416,imap_idex_l1b_sci-10days_20251206_v003.cdf,273
nonmanual_peaks_gt_0p01us,818839213134767232,2025-12-12T19:19:03.950767232,imap_idex_l1b_sci-10days_20251206_v003.cdf,274
nonmanual_peaks_gt_0p01us,818843720991896448,2025-12-12T20:34:11.807896448,imap_idex_l1b_sci-10days_20251206_v003.cdf,275
nonmanual_peaks_gt_0p01us,818853497998214528,2025-12-12T23:17:08.814214528,imap_idex_l1b_sci-10days_20251206_v003.cdf,276
nonmanual_peaks_gt_0p01us,818857661855971328,2025-12-13T00:26:32.671971328,imap_idex_l1b_sci-10days_20251206_v003.cdf,277
nonmanual_peaks_gt_0p01us,818868505052056064,2025-12-13T03:27:15.868056064,imap_idex_l1b_sci-10days_20251206_v003.cdf,278
nonmanual_peaks_gt_0p01us,818869578349696384,2025-12-13T03:45:09.165696384,imap_idex_l1b_sci-10days_20251206_v003.cdf,279
nonmanual_peaks_gt_0p01us,818891512531984128,2025-12-13T09:50:43.347984128,imap_idex_l1b_sci-10days_20251206_v003.cdf,280
nonmanual_peaks_gt_0p01us,818892346936098048,2025-12-13T10:04:37.752098048,imap_idex_l1b_sci-10days_20251206_v003.cdf,281
nonmanual_peaks_gt_0p01us,818892415906336384,2025-12-13T10:05:46.722336384,imap_idex_l1b_sci-10days_20251206_v003.cdf,282
nonmanual_peaks_gt_0p01us,818898725627834496,2025-12-13T11:50:56.443834496,imap_idex_l1b_sci-10days_20251206_v003.cdf,283
nonmanual_peaks_gt_0p01us,818899102753417344,2025-12-13T11:57:13.569417344,imap_idex_l1b_sci-10days_20251206_v003.cdf,284
nonmanual_peaks_gt_0p01us,818900675782550912,2025-12-13T12:23:26.598550912,imap_idex_l1b_sci-10days_20251206_v003.cdf,285
nonmanual_peaks_gt_0p01us,818905877331059968,2025-12-13T13:50:08.147059968,imap_idex_l1b_sci-10days_20251206_v003.cdf,286
nonmanual_peaks_gt_0p01us,818910036438381184,2025-12-13T14:59:27.254381184,imap_idex_l1b_sci-10days_20251206_v003.cdf,287
nonmanual_peaks_gt_0p01us,818911783721498880,2025-12-13T15:28:34.537498880,imap_idex_l1b_sci-10days_20251206_v003.cdf,288
nonmanual_peaks_gt_0p01us,818918538728718848,2025-12-13T17:21:09.544718848,imap_idex_l1b_sci-10days_20251206_v003.cdf,289
nonmanual_peaks_gt_0p01us,818919523641718272,2025-12-13T17:37:34.457718272,imap_idex_l1b_sci-10days_20251206_v003.cdf,290
nonmanual_peaks_gt_0p01us,818920451835668352,2025-12-13T17:53:02.651668352,imap_idex_l1b_sci-10days_20251206_v003.cdf,291
nonmanual_peaks_gt_0p01us,818930554230155520,2025-12-13T20:41:25.046155520,imap_idex_l1b_sci-10days_20251206_v003.cdf,292
nonmanual_peaks_gt_0p01us,818932227084319616,2025-12-13T21:09:17.900319616,imap_idex_l1b_sci-10days_20251206_v003.cdf,293
nonmanual_peaks_gt_0p01us,818937145502701824,2025-12-13T22:31:16.318701824,imap_idex_l1b_sci-10days_20251206_v003.cdf,294
nonmanual_peaks_gt_0p01us,818939077398974592,2025-12-13T23:03:28.214974592,imap_idex_l1b_sci-10days_20251206_v003.cdf,295
nonmanual_peaks_gt_0p01us,818944690929235200,2025-12-14T00:37:01.745235200,imap_idex_l1b_sci-10days_20251206_v003.cdf,296
nonmanual_peaks_gt_0p01us,818945488652241920,2025-12-14T00:50:19.468241920,imap_idex_l1b_sci-10days_20251206_v003.cdf,297
nonmanual_peaks_gt_0p01us,818945618392225920,2025-12-14T00:52:29.208225920,imap_idex_l1b_sci-10days_20251206_v003.cdf,298
nonmanual_peaks_gt_0p01us,818975298450707712,2025-12-14T09:07:09.266707712,imap_idex_l1b_sci-10days_20251206_v003.cdf,299
nonmanual_peaks_gt_0p01us,818976170271768192,2025-12-14T09:21:41.087768192,imap_idex_l1b_sci-10days_20251206_v003.cdf,300
nonmanual_peaks_gt_0p01us,818983707912728448,2025-12-14T11:27:18.728728448,imap_idex_l1b_sci-10days_20251206_v003.cdf,302
nonmanual_peaks_gt_0p01us,818993478162452480,2025-12-14T14:10:08.978452480,imap_idex_l1b_sci-10days_20251206_v003.cdf,303
nonmanual_peaks_gt_0p01us,818995438427679744,2025-12-14T14:42:49.243679744,imap_idex_l1b_sci-10days_20251206_v003.cdf,304
nonmanual_peaks_gt_0p01us,818998740847427072,2025-12-14T15:37:51.663427072,imap_idex_l1b_sci-10days_20251206_v003.cdf,305
nonmanual_peaks_gt_0p01us,818998923653703552,2025-12-14T15:40:54.469703552,imap_idex_l1b_sci-10days_20251206_v003.cdf,306
nonmanual_peaks_gt_0p01us,819012673816688896,2025-12-14T19:30:04.632688896,imap_idex_l1b_sci-10days_20251206_v003.cdf,307
nonmanual_peaks_gt_0p01us,819020798658444160,2025-12-14T21:45:29.474444160,imap_idex_l1b_sci-10days_20251206_v003.cdf,308
nonmanual_peaks_gt_0p01us,819041074597274624,2025-12-15T03:23:25.413274624,imap_idex_l1b_sci-10days_20251206_v003.cdf,309
nonmanual_peaks_gt_0p01us,819041377744463616,2025-12-15T03:28:28.560463616,imap_idex_l1b_sci-10days_20251206_v003.cdf,310
nonmanual_peaks_gt_0p01us,819053282450519040,2025-12-15T06:46:53.266519040,imap_idex_l1b_sci-10days_20251206_v003.cdf,311
nonmanual_peaks_gt_0p01us,819058292496599424,2025-12-15T08:10:23.312599424,imap_idex_l1b_sci-10days_20251206_v003.cdf,313
nonmanual_peaks_gt_0p01us,819071180465055872,2025-12-15T11:45:11.281055872,imap_idex_l1b_sci-10days_20251206_v003.cdf,314
nonmanual_peaks_gt_0p01us,819071871349817984,2025-12-15T11:56:42.165817984,imap_idex_l1b_sci-10days_20251206_v003.cdf,315
nonmanual_peaks_gt_0p01us,819075708009607552,2025-12-15T13:00:38.825607552,imap_idex_l1b_sci-10days_20251206_v003.cdf,316
nonmanual_peaks_gt_0p01us,819077052050465664,2025-12-15T13:23:02.866465664,imap_idex_l1b_sci-10days_20251206_v003.cdf,317
nonmanual_peaks_gt_0p01us,819096565944597632,2025-12-15T18:48:16.760597632,imap_idex_l1b_sci-10days_20251206_v003.cdf,318
nonmanual_peaks_gt_0p01us,819099125038449280,2025-12-15T19:30:55.854449280,imap_idex_l1b_sci-10days_20251206_v003.cdf,319
nonmanual_peaks_gt_0p01us,819100682019597184,2025-12-15T19:56:52.835597184,imap_idex_l1b_sci-10days_20251206_v003.cdf,320
nonmanual_peaks_gt_0p01us,819109142858492032,2025-12-15T22:17:53.674492032,imap_idex_l1b_sci-10days_20251206_v003.cdf,321
nonmanual_peaks_gt_0p01us,819112615163887232,2025-12-15T23:15:45.979887232,imap_idex_l1b_sci-10days_20251206_v003.cdf,322
nonmanual_peaks_gt_0p01us,819119141458551808,2025-12-16T01:04:32.274551808,imap_idex_l1b_sci-10days_20251216_v003.cdf,0
nonmanual_peaks_gt_0p01us,819119283521184768,2025-12-16T01:06:54.337184768,imap_idex_l1b_sci-10days_20251216_v003.cdf,1
nonmanual_peaks_gt_0p01us,819134688874870272,2025-12-16T05:23:39.690870272,imap_idex_l1b_sci-10days_20251216_v003.cdf,2
nonmanual_peaks_gt_0p01us,819140674550501760,2025-12-16T07:03:25.366501760,imap_idex_l1b_sci-10days_20251216_v003.cdf,3
nonmanual_peaks_gt_0p01us,819145906036607232,2025-12-16T08:30:36.852607232,imap_idex_l1b_sci-10days_20251216_v003.cdf,4
nonmanual_peaks_gt_0p01us,819149641577749376,2025-12-16T09:32:52.393749376,imap_idex_l1b_sci-10days_20251216_v003.cdf,5
nonmanual_peaks_gt_0p01us,819152380772401792,2025-12-16T10:18:31.588401792,imap_idex_l1b_sci-10days_20251216_v003.cdf,6
nonmanual_peaks_gt_0p01us,819159377771309696,2025-12-16T12:15:08.587309696,imap_idex_l1b_sci-10days_20251216_v003.cdf,7
nonmanual_peaks_gt_0p01us,819164449404118016,2025-12-16T13:39:40.220118016,imap_idex_l1b_sci-10days_20251216_v003.cdf,8
nonmanual_peaks_gt_0p01us,819168045363184768,2025-12-16T14:39:36.179184768,imap_idex_l1b_sci-10days_20251216_v003.cdf,9
nonmanual_peaks_gt_0p01us,819171314969983360,2025-12-16T15:34:05.785983360,imap_idex_l1b_sci-10days_20251216_v003.cdf,10
nonmanual_peaks_gt_0p01us,819171668399787520,2025-12-16T15:39:59.215787520,imap_idex_l1b_sci-10days_20251216_v003.cdf,11
nonmanual_peaks_gt_0p01us,819171875401242624,2025-12-16T15:43:26.217242624,imap_idex_l1b_sci-10days_20251216_v003.cdf,12
nonmanual_peaks_gt_0p01us,819190379455149696,2025-12-16T20:51:50.271149696,imap_idex_l1b_sci-10days_20251216_v003.cdf,13
nonmanual_peaks_gt_0p01us,819195682902491392,2025-12-16T22:20:13.718491392,imap_idex_l1b_sci-10days_20251216_v003.cdf,14
nonmanual_peaks_gt_0p01us,819207949873951232,2025-12-17T01:44:40.689951232,imap_idex_l1b_sci-10days_20251216_v003.cdf,25
nonmanual_peaks_gt_0p01us,819208762849844864,2025-12-17T01:58:13.665844864,imap_idex_l1b_sci-10days_20251216_v003.cdf,26
nonmanual_peaks_gt_0p01us,819209490781394432,2025-12-17T02:10:21.597394432,imap_idex_l1b_sci-10days_20251216_v003.cdf,27
nonmanual_peaks_gt_0p01us,819209883899923200,2025-12-17T02:16:54.715923200,imap_idex_l1b_sci-10days_20251216_v003.cdf,28
nonmanual_peaks_gt_0p01us,819226803742926080,2025-12-17T06:58:54.558926080,imap_idex_l1b_sci-10days_20251216_v003.cdf,29
nonmanual_peaks_gt_0p01us,819227247239329792,2025-12-17T07:06:18.055329792,imap_idex_l1b_sci-10days_20251216_v003.cdf,30
nonmanual_peaks_gt_0p01us,819232114833680768,2025-12-17T08:27:25.649680768,imap_idex_l1b_sci-10days_20251216_v003.cdf,31
nonmanual_peaks_gt_0p01us,819236110443050880,2025-12-17T09:34:01.259050880,imap_idex_l1b_sci-10days_20251216_v003.cdf,32
nonmanual_peaks_gt_0p01us,819254745924500864,2025-12-17T14:44:36.740500864,imap_idex_l1b_sci-10days_20251216_v003.cdf,33
nonmanual_peaks_gt_0p01us,819267978405398144,2025-12-17T18:25:09.221398144,imap_idex_l1b_sci-10days_20251216_v003.cdf,34
nonmanual_peaks_gt_0p01us,819270118646665856,2025-12-17T19:00:49.462665856,imap_idex_l1b_sci-10days_20251216_v003.cdf,35
nonmanual_peaks_gt_0p01us,819274856184353024,2025-12-17T20:19:47.000353024,imap_idex_l1b_sci-10days_20251216_v003.cdf,36
nonmanual_peaks_gt_0p01us,819288465376953856,2025-12-18T00:06:36.192953856,imap_idex_l1b_sci-10days_20251216_v003.cdf,37
nonmanual_peaks_gt_0p01us,819299805980862336,2025-12-18T03:15:36.796862336,imap_idex_l1b_sci-10days_20251216_v003.cdf,38
nonmanual_peaks_gt_0p01us,819305778459226624,2025-12-18T04:55:09.275226624,imap_idex_l1b_sci-10days_20251216_v003.cdf,39
nonmanual_peaks_gt_0p01us,819308341344677120,2025-12-18T05:37:52.160677120,imap_idex_l1b_sci-10days_20251216_v003.cdf,40
nonmanual_peaks_gt_0p01us,819312501903220096,2025-12-18T06:47:12.719220096,imap_idex_l1b_sci-10days_20251216_v003.cdf,41
nonmanual_peaks_gt_0p01us,819313206471170816,2025-12-18T06:58:57.287170816,imap_idex_l1b_sci-10days_20251216_v003.cdf,42
nonmanual_peaks_gt_0p01us,819320392009931264,2025-12-18T08:58:42.825931264,imap_idex_l1b_sci-10days_20251216_v003.cdf,43
nonmanual_peaks_gt_0p01us,819320415065550848,2025-12-18T08:59:05.881550848,imap_idex_l1b_sci-10days_20251216_v003.cdf,44
nonmanual_peaks_gt_0p01us,819325980732418560,2025-12-18T10:31:51.548418560,imap_idex_l1b_sci-10days_20251216_v003.cdf,45
nonmanual_peaks_gt_0p01us,819331492513214464,2025-12-18T12:03:43.329214464,imap_idex_l1b_sci-10days_20251216_v003.cdf,46
nonmanual_peaks_gt_0p01us,819375489434174336,2025-12-19T00:17:00.250174336,imap_idex_l1b_sci-10days_20251216_v003.cdf,47
nonmanual_peaks_gt_0p01us,819378500358406272,2025-12-19T01:07:11.174406272,imap_idex_l1b_sci-10days_20251216_v003.cdf,48
nonmanual_peaks_gt_0p01us,819393909350030080,2025-12-19T05:24:00.166030080,imap_idex_l1b_sci-10days_20251216_v003.cdf,49
nonmanual_peaks_gt_0p01us,819397207931925248,2025-12-19T06:18:58.747925248,imap_idex_l1b_sci-10days_20251216_v003.cdf,50
nonmanual_peaks_gt_0p01us,819401059647526784,2025-12-19T07:23:10.463526784,imap_idex_l1b_sci-10days_20251216_v003.cdf,51
nonmanual_peaks_gt_0p01us,819404502613553024,2025-12-19T08:20:33.429553024,imap_idex_l1b_sci-10days_20251216_v003.cdf,52
nonmanual_peaks_gt_0p01us,819409673900796416,2025-12-19T09:46:44.716796416,imap_idex_l1b_sci-10days_20251216_v003.cdf,53
nonmanual_peaks_gt_0p01us,819411735388596096,2025-12-19T10:21:06.204596096,imap_idex_l1b_sci-10days_20251216_v003.cdf,54
nonmanual_peaks_gt_0p01us,819413798352894464,2025-12-19T10:55:29.168894464,imap_idex_l1b_sci-10days_20251216_v003.cdf,55
nonmanual_peaks_gt_0p01us,819433472353130624,2025-12-19T16:23:23.169130624,imap_idex_l1b_sci-10days_20251216_v003.cdf,56
nonmanual_peaks_gt_0p01us,819454152276006400,2025-12-19T22:08:03.092006400,imap_idex_l1b_sci-10days_20251216_v003.cdf,57
nonmanual_peaks_gt_0p01us,819472640954594944,2025-12-20T03:16:11.770594944,imap_idex_l1b_sci-10days_20251216_v003.cdf,58
nonmanual_peaks_gt_0p01us,819473927647345920,2025-12-20T03:37:38.463345920,imap_idex_l1b_sci-10days_20251216_v003.cdf,59
nonmanual_peaks_gt_0p01us,819479916086337920,2025-12-20T05:17:26.902337920,imap_idex_l1b_sci-10days_20251216_v003.cdf,60
nonmanual_peaks_gt_0p01us,819481669507612032,2025-12-20T05:46:40.323612032,imap_idex_l1b_sci-10days_20251216_v003.cdf,61
nonmanual_peaks_gt_0p01us,819481705075960320,2025-12-20T05:47:15.891960320,imap_idex_l1b_sci-10days_20251216_v003.cdf,62
nonmanual_peaks_gt_0p01us,819483709642510080,2025-12-20T06:20:40.458510080,imap_idex_l1b_sci-10days_20251216_v003.cdf,63
nonmanual_peaks_gt_0p01us,819484768163824768,2025-12-20T06:38:18.979824768,imap_idex_l1b_sci-10days_20251216_v003.cdf,64
nonmanual_peaks_gt_0p01us,819492371089934976,2025-12-20T08:45:01.905934976,imap_idex_l1b_sci-10days_20251216_v003.cdf,65
nonmanual_peaks_gt_0p01us,819499072090530688,2025-12-20T10:36:42.906530688,imap_idex_l1b_sci-10days_20251216_v003.cdf,66
nonmanual_peaks_gt_0p01us,819500081372589312,2025-12-20T10:53:32.188589312,imap_idex_l1b_sci-10days_20251216_v003.cdf,67
nonmanual_peaks_gt_0p01us,819500208245576064,2025-12-20T10:55:39.061576064,imap_idex_l1b_sci-10days_20251216_v003.cdf,68
nonmanual_peaks_gt_0p01us,819503380010843392,2025-12-20T11:48:30.826843392,imap_idex_l1b_sci-10days_20251216_v003.cdf,69
nonmanual_peaks_gt_0p01us,819527871778212608,2025-12-20T18:36:42.594212608,imap_idex_l1b_sci-10days_20251216_v003.cdf,70
nonmanual_peaks_gt_0p01us,819533247278435328,2025-12-20T20:06:18.094435328,imap_idex_l1b_sci-10days_20251216_v003.cdf,71
nonmanual_peaks_gt_0p01us,819539262046487680,2025-12-20T21:46:32.862487680,imap_idex_l1b_sci-10days_20251216_v003.cdf,72
nonmanual_peaks_gt_0p01us,819543010741402368,2025-12-20T22:49:01.557402368,imap_idex_l1b_sci-10days_20251216_v003.cdf,73
nonmanual_peaks_gt_0p01us,819543653535068800,2025-12-20T22:59:44.351068800,imap_idex_l1b_sci-10days_20251216_v003.cdf,74
nonmanual_peaks_gt_0p01us,819554456785807872,2025-12-21T01:59:47.601807872,imap_idex_l1b_sci-10days_20251216_v003.cdf,75
nonmanual_peaks_gt_0p01us,819566309002510848,2025-12-21T05:17:19.818510848,imap_idex_l1b_sci-10days_20251216_v003.cdf,76
nonmanual_peaks_gt_0p01us,819568455016795648,2025-12-21T05:53:05.832795648,imap_idex_l1b_sci-10days_20251216_v003.cdf,77
nonmanual_peaks_gt_0p01us,819575018062798720,2025-12-21T07:42:28.878798720,imap_idex_l1b_sci-10days_20251216_v003.cdf,78
nonmanual_peaks_gt_0p01us,819579306109952000,2025-12-21T08:53:56.925952000,imap_idex_l1b_sci-10days_20251216_v003.cdf,79
nonmanual_peaks_gt_0p01us,819588063522456832,2025-12-21T11:19:54.338456832,imap_idex_l1b_sci-10days_20251216_v003.cdf,80
nonmanual_peaks_gt_0p01us,819588734089598336,2025-12-21T11:31:04.905598336,imap_idex_l1b_sci-10days_20251216_v003.cdf,81
nonmanual_peaks_gt_0p01us,819589197172045056,2025-12-21T11:38:47.988045056,imap_idex_l1b_sci-10days_20251216_v003.cdf,82
nonmanual_peaks_gt_0p01us,819592610674598912,2025-12-21T12:35:41.490598912,imap_idex_l1b_sci-10days_20251216_v003.cdf,83
nonmanual_peaks_gt_0p01us,819600683745794432,2025-12-21T14:50:14.561794432,imap_idex_l1b_sci-10days_20251216_v003.cdf,84
nonmanual_peaks_gt_0p01us,819604134145655168,2025-12-21T15:47:44.961655168,imap_idex_l1b_sci-10days_20251216_v003.cdf,85
nonmanual_peaks_gt_0p01us,819607882825649920,2025-12-21T16:50:13.641649920,imap_idex_l1b_sci-10days_20251216_v003.cdf,86
nonmanual_peaks_gt_0p01us,819611690257072128,2025-12-21T17:53:41.073072128,imap_idex_l1b_sci-10days_20251216_v003.cdf,87
nonmanual_peaks_gt_0p01us,819614571439040768,2025-12-21T18:41:42.255040768,imap_idex_l1b_sci-10days_20251216_v003.cdf,88
nonmanual_peaks_gt_0p01us,819625507606961280,2025-12-21T21:43:58.422961280,imap_idex_l1b_sci-10days_20251216_v003.cdf,89
nonmanual_peaks_gt_0p01us,819627813091163904,2025-12-21T22:22:23.907163904,imap_idex_l1b_sci-10days_20251216_v003.cdf,90
nonmanual_peaks_gt_0p01us,819629225976882944,2025-12-21T22:45:56.792882944,imap_idex_l1b_sci-10days_20251216_v003.cdf,91
nonmanual_peaks_gt_0p01us,819631104233626752,2025-12-21T23:17:15.049626752,imap_idex_l1b_sci-10days_20251216_v003.cdf,92
nonmanual_peaks_gt_0p01us,819632976118496256,2025-12-21T23:48:26.934496256,imap_idex_l1b_sci-10days_20251216_v003.cdf,93
nonmanual_peaks_gt_0p01us,819635031578281984,2025-12-22T00:22:42.394281984,imap_idex_l1b_sci-10days_20251216_v003.cdf,94
nonmanual_peaks_gt_0p01us,819637386309840512,2025-12-22T01:01:57.125840512,imap_idex_l1b_sci-10days_20251216_v003.cdf,95
nonmanual_peaks_gt_0p01us,819638961122195200,2025-12-22T01:28:11.938195200,imap_idex_l1b_sci-10days_20251216_v003.cdf,96
nonmanual_peaks_gt_0p01us,819641202344855168,2025-12-22T02:05:33.160855168,imap_idex_l1b_sci-10days_20251216_v003.cdf,97
nonmanual_peaks_gt_0p01us,819649977794963840,2025-12-22T04:31:48.610963840,imap_idex_l1b_sci-10days_20251216_v003.cdf,98
nonmanual_peaks_gt_0p01us,819651658141044352,2025-12-22T04:59:48.957044352,imap_idex_l1b_sci-10days_20251216_v003.cdf,99
nonmanual_peaks_gt_0p01us,819654087898316032,2025-12-22T05:40:18.714316032,imap_idex_l1b_sci-10days_20251216_v003.cdf,100
nonmanual_peaks_gt_0p01us,819661611146442112,2025-12-22T07:45:41.962442112,imap_idex_l1b_sci-10days_20251216_v003.cdf,101
nonmanual_peaks_gt_0p01us,819668469210921856,2025-12-22T09:40:00.026921856,imap_idex_l1b_sci-10days_20251216_v003.cdf,102
nonmanual_peaks_gt_0p01us,819672660817601152,2025-12-22T10:49:51.633601152,imap_idex_l1b_sci-10days_20251216_v003.cdf,103
nonmanual_peaks_gt_0p01us,819677595787977344,2025-12-22T12:12:06.603977344,imap_idex_l1b_sci-10days_20251216_v003.cdf,104
nonmanual_peaks_gt_0p01us,819686868055282560,2025-12-22T14:46:38.871282560,imap_idex_l1b_sci-10days_20251216_v003.cdf,105
nonmanual_peaks_gt_0p01us,819695926271058944,2025-12-22T17:17:37.087058944,imap_idex_l1b_sci-10days_20251216_v003.cdf,106
nonmanual_peaks_gt_0p01us,819696126510400128,2025-12-22T17:20:57.326400128,imap_idex_l1b_sci-10days_20251216_v003.cdf,107
nonmanual_peaks_gt_0p01us,819698778026354048,2025-12-22T18:05:08.842354048,imap_idex_l1b_sci-10days_20251216_v003.cdf,108
nonmanual_peaks_gt_0p01us,819699099411667072,2025-12-22T18:10:30.227667072,imap_idex_l1b_sci-10days_20251216_v003.cdf,109
nonmanual_peaks_gt_0p01us,819699171591982720,2025-12-22T18:11:42.407982720,imap_idex_l1b_sci-10days_20251216_v003.cdf,110
nonmanual_peaks_gt_0p01us,819711207307241856,2025-12-22T21:32:18.123241856,imap_idex_l1b_sci-10days_20251216_v003.cdf,111
nonmanual_peaks_gt_0p01us,819716927898357376,2025-12-22T23:07:38.714357376,imap_idex_l1b_sci-10days_20251216_v003.cdf,112
nonmanual_peaks_gt_0p01us,819741706221870464,2025-12-23T06:00:37.037870464,imap_idex_l1b_sci-10days_20251216_v003.cdf,113
nonmanual_peaks_gt_0p01us,819744510519208576,2025-12-23T06:47:21.335208576,imap_idex_l1b_sci-10days_20251216_v003.cdf,114
nonmanual_peaks_gt_0p01us,819746893917542144,2025-12-23T07:27:04.733542144,imap_idex_l1b_sci-10days_20251216_v003.cdf,115
nonmanual_peaks_gt_0p01us,819756604822038016,2025-12-23T10:08:55.638038016,imap_idex_l1b_sci-10days_20251216_v003.cdf,116
nonmanual_peaks_gt_0p01us,819757046249884288,2025-12-23T10:16:17.065884288,imap_idex_l1b_sci-10days_20251216_v003.cdf,117
nonmanual_peaks_gt_0p01us,819766219761579648,2025-12-23T12:49:10.577579648,imap_idex_l1b_sci-10days_20251216_v003.cdf,118
nonmanual_peaks_gt_0p01us,819766470950715520,2025-12-23T12:53:21.766715520,imap_idex_l1b_sci-10days_20251216_v003.cdf,119
nonmanual_peaks_gt_0p01us,819766790706910208,2025-12-23T12:58:41.522910208,imap_idex_l1b_sci-10days_20251216_v003.cdf,120
nonmanual_peaks_gt_0p01us,819773401381512448,2025-12-23T14:48:52.197512448,imap_idex_l1b_sci-10days_20251216_v003.cdf,121
nonmanual_peaks_gt_0p01us,819785416229392896,2025-12-23T18:09:07.045392896,imap_idex_l1b_sci-10days_20251216_v003.cdf,122
nonmanual_peaks_gt_0p01us,819786487954956544,2025-12-23T18:26:58.770956544,imap_idex_l1b_sci-10days_20251216_v003.cdf,123
nonmanual_peaks_gt_0p01us,819787454237834624,2025-12-23T18:43:05.053834624,imap_idex_l1b_sci-10days_20251216_v003.cdf,124
nonmanual_peaks_gt_0p01us,819791019367453696,2025-12-23T19:42:30.183453696,imap_idex_l1b_sci-10days_20251216_v003.cdf,125
nonmanual_peaks_gt_0p01us,819795283260649600,2025-12-23T20:53:34.076649600,imap_idex_l1b_sci-10days_20251216_v003.cdf,126
nonmanual_peaks_gt_0p01us,819796695643869440,2025-12-23T21:17:06.459869440,imap_idex_l1b_sci-10days_20251216_v003.cdf,127
nonmanual_peaks_gt_0p01us,819800038262007168,2025-12-23T22:12:49.078007168,imap_idex_l1b_sci-10days_20251216_v003.cdf,128
nonmanual_peaks_gt_0p01us,819800722760136448,2025-12-23T22:24:13.576136448,imap_idex_l1b_sci-10days_20251216_v003.cdf,129
nonmanual_peaks_gt_0p01us,819808523048217856,2025-12-24T00:34:13.864217856,imap_idex_l1b_sci-10days_20251216_v003.cdf,130
nonmanual_peaks_gt_0p01us,819810359508700160,2025-12-24T01:04:50.324700160,imap_idex_l1b_sci-10days_20251216_v003.cdf,131
nonmanual_peaks_gt_0p01us,819814702949426816,2025-12-24T02:17:13.765426816,imap_idex_l1b_sci-10days_20251216_v003.cdf,132
nonmanual_peaks_gt_0p01us,819817894628820608,2025-12-24T03:10:25.444820608,imap_idex_l1b_sci-10days_20251216_v003.cdf,133
nonmanual_peaks_gt_0p01us,819818338928104448,2025-12-24T03:17:49.744104448,imap_idex_l1b_sci-10days_20251216_v003.cdf,134
nonmanual_peaks_gt_0p01us,819818405861244800,2025-12-24T03:18:56.677244800,imap_idex_l1b_sci-10days_20251216_v003.cdf,135
nonmanual_peaks_gt_0p01us,819822450576737920,2025-12-24T04:26:21.392737920,imap_idex_l1b_sci-10days_20251216_v003.cdf,136
nonmanual_peaks_gt_0p01us,819827737022583424,2025-12-24T05:54:27.838583424,imap_idex_l1b_sci-10days_20251216_v003.cdf,137
nonmanual_peaks_gt_0p01us,819828320732543104,2025-12-24T06:04:11.548543104,imap_idex_l1b_sci-10days_20251216_v003.cdf,138
nonmanual_peaks_gt_0p01us,819831303107583360,2025-12-24T06:53:53.923583360,imap_idex_l1b_sci-10days_20251216_v003.cdf,139
nonmanual_peaks_gt_0p01us,819837992065118592,2025-12-24T08:45:22.881118592,imap_idex_l1b_sci-10days_20251216_v003.cdf,140
nonmanual_peaks_gt_0p01us,819839775178988288,2025-12-24T09:15:05.994988288,imap_idex_l1b_sci-10days_20251216_v003.cdf,141
nonmanual_peaks_gt_0p01us,819842888888011776,2025-12-24T10:06:59.704011776,imap_idex_l1b_sci-10days_20251216_v003.cdf,142
nonmanual_peaks_gt_0p01us,819856180535438720,2025-12-24T13:48:31.351438720,imap_idex_l1b_sci-10days_20251216_v003.cdf,143
nonmanual_peaks_gt_0p01us,819863824223242368,2025-12-24T15:55:55.039242368,imap_idex_l1b_sci-10days_20251216_v003.cdf,144
nonmanual_peaks_gt_0p01us,819874059472814976,2025-12-24T18:46:30.288814976,imap_idex_l1b_sci-10days_20251216_v003.cdf,146
nonmanual_peaks_gt_0p01us,819877720237930368,2025-12-24T19:47:31.053930368,imap_idex_l1b_sci-10days_20251216_v003.cdf,147
nonmanual_peaks_gt_0p01us,819878288198524032,2025-12-24T19:56:59.014524032,imap_idex_l1b_sci-10days_20251216_v003.cdf,148
nonmanual_peaks_gt_0p01us,819887067434795008,2025-12-24T22:23:18.250795008,imap_idex_l1b_sci-10days_20251216_v003.cdf,149
nonmanual_peaks_gt_0p01us,819903304859915136,2025-12-25T02:53:55.675915136,imap_idex_l1b_sci-10days_20251216_v003.cdf,160
nonmanual_peaks_gt_0p01us,819906013363759872,2025-12-25T03:39:04.179759872,imap_idex_l1b_sci-10days_20251216_v003.cdf,161
nonmanual_peaks_gt_0p01us,819907962503681536,2025-12-25T04:11:33.319681536,imap_idex_l1b_sci-10days_20251216_v003.cdf,162
nonmanual_peaks_gt_0p01us,819908734472473088,2025-12-25T04:24:25.288473088,imap_idex_l1b_sci-10days_20251216_v003.cdf,163
nonmanual_peaks_gt_0p01us,819908819167637632,2025-12-25T04:25:49.983637632,imap_idex_l1b_sci-10days_20251216_v003.cdf,164
nonmanual_peaks_gt_0p01us,819909359606595712,2025-12-25T04:34:50.422595712,imap_idex_l1b_sci-10days_20251216_v003.cdf,165
nonmanual_peaks_gt_0p01us,819909569717688320,2025-12-25T04:38:20.533688320,imap_idex_l1b_sci-10days_20251216_v003.cdf,166
nonmanual_peaks_gt_0p01us,819910300108177024,2025-12-25T04:50:30.924177024,imap_idex_l1b_sci-10days_20251216_v003.cdf,167
nonmanual_peaks_gt_0p01us,819930582993969536,2025-12-25T10:28:33.809969536,imap_idex_l1b_sci-10days_20251216_v003.cdf,169
nonmanual_peaks_gt_0p01us,819933097744626944,2025-12-25T11:10:28.560626944,imap_idex_l1b_sci-10days_20251216_v003.cdf,170
nonmanual_peaks_gt_0p01us,819943579284119936,2025-12-25T14:05:10.100119936,imap_idex_l1b_sci-10days_20251216_v003.cdf,171
nonmanual_peaks_gt_0p01us,819946157172541184,2025-12-25T14:48:07.988541184,imap_idex_l1b_sci-10days_20251216_v003.cdf,172
nonmanual_peaks_gt_0p01us,819948333490100224,2025-12-25T15:24:24.306100224,imap_idex_l1b_sci-10days_20251216_v003.cdf,173
nonmanual_peaks_gt_0p01us,819967499701408640,2025-12-25T20:43:50.517408640,imap_idex_l1b_sci-10days_20251216_v003.cdf,174
nonmanual_peaks_gt_0p01us,819974860807144448,2025-12-25T22:46:31.623144448,imap_idex_l1b_sci-10days_20251216_v003.cdf,175
nonmanual_peaks_gt_0p01us,819981933020617600,2025-12-26T00:44:23.836617600,imap_idex_l1b_sci-10days_20251226_v003.cdf,0
nonmanual_peaks_gt_0p01us,819983823185091968,2025-12-26T01:15:54.001091968,imap_idex_l1b_sci-10days_20251226_v003.cdf,1
nonmanual_peaks_gt_0p01us,819989188644087296,2025-12-26T02:45:19.460087296,imap_idex_l1b_sci-10days_20251226_v003.cdf,2
nonmanual_peaks_gt_0p01us,819997945384258560,2025-12-26T05:11:16.200258560,imap_idex_l1b_sci-10days_20251226_v003.cdf,3
nonmanual_peaks_gt_0p01us,820008281661540864,2025-12-26T08:03:32.477540864,imap_idex_l1b_sci-10days_20251226_v003.cdf,4
nonmanual_peaks_gt_0p01us,820015376440434048,2025-12-26T10:01:47.256434048,imap_idex_l1b_sci-10days_20251226_v003.cdf,5
nonmanual_peaks_gt_0p01us,820017263338071424,2025-12-26T10:33:14.154071424,imap_idex_l1b_sci-10days_20251226_v003.cdf,6
nonmanual_peaks_gt_0p01us,820017867506672768,2025-12-26T10:43:18.322672768,imap_idex_l1b_sci-10days_20251226_v003.cdf,7
nonmanual_peaks_gt_0p01us,820020003556147840,2025-12-26T11:18:54.372147840,imap_idex_l1b_sci-10days_20251226_v003.cdf,8
nonmanual_peaks_gt_0p01us,820021941346599680,2025-12-26T11:51:12.162599680,imap_idex_l1b_sci-10days_20251226_v003.cdf,9
nonmanual_peaks_gt_0p01us,820028949593250048,2025-12-26T13:48:00.409250048,imap_idex_l1b_sci-10days_20251226_v003.cdf,10
nonmanual_peaks_gt_0p01us,820030280494623232,2025-12-26T14:10:11.310623232,imap_idex_l1b_sci-10days_20251226_v003.cdf,11
nonmanual_peaks_gt_0p01us,820032824505294592,2025-12-26T14:52:35.321294592,imap_idex_l1b_sci-10days_20251226_v003.cdf,12
nonmanual_peaks_gt_0p01us,820043840809970688,2025-12-26T17:56:11.625970688,imap_idex_l1b_sci-10days_20251226_v003.cdf,13
nonmanual_peaks_gt_0p01us,820051544486900864,2025-12-26T20:04:35.302900864,imap_idex_l1b_sci-10days_20251226_v003.cdf,14
nonmanual_peaks_gt_0p01us,820053196570027648,2025-12-26T20:32:07.386027648,imap_idex_l1b_sci-10days_20251226_v003.cdf,15
nonmanual_peaks_gt_0p01us,820061592036160768,2025-12-26T22:52:02.852160768,imap_idex_l1b_sci-10days_20251226_v003.cdf,16
nonmanual_peaks_gt_0p01us,820068726661240832,2025-12-27T00:50:57.477240832,imap_idex_l1b_sci-10days_20251226_v003.cdf,17
nonmanual_peaks_gt_0p01us,820069574783044992,2025-12-27T01:05:05.599044992,imap_idex_l1b_sci-10days_20251226_v003.cdf,18
nonmanual_peaks_gt_0p01us,820078190122067968,2025-12-27T03:28:40.938067968,imap_idex_l1b_sci-10days_20251226_v003.cdf,19
nonmanual_peaks_gt_0p01us,820096483478466944,2025-12-27T08:33:34.294466944,imap_idex_l1b_sci-10days_20251226_v003.cdf,20
nonmanual_peaks_gt_0p01us,820098752537524992,2025-12-27T09:11:23.353524992,imap_idex_l1b_sci-10days_20251226_v003.cdf,21
nonmanual_peaks_gt_0p01us,820131475126126208,2025-12-27T18:16:45.942126208,imap_idex_l1b_sci-10days_20251226_v003.cdf,22
nonmanual_peaks_gt_0p01us,820133165981379456,2025-12-27T18:44:56.797379456,imap_idex_l1b_sci-10days_20251226_v003.cdf,23
nonmanual_peaks_gt_0p01us,820136072773509248,2025-12-27T19:33:23.589509248,imap_idex_l1b_sci-10days_20251226_v003.cdf,24
nonmanual_peaks_gt_0p01us,820145594666484352,2025-12-27T22:12:05.482484352,imap_idex_l1b_sci-10days_20251226_v003.cdf,25
nonmanual_peaks_gt_0p01us,820164990623500032,2025-12-28T03:35:21.439500032,imap_idex_l1b_sci-10days_20251226_v003.cdf,26
nonmanual_peaks_gt_0p01us,820177007299908224,2025-12-28T06:55:38.115908224,imap_idex_l1b_sci-10days_20251226_v003.cdf,27
nonmanual_peaks_gt_0p01us,820177782995296896,2025-12-28T07:08:33.811296896,imap_idex_l1b_sci-10days_20251226_v003.cdf,28
nonmanual_peaks_gt_0p01us,820189834242394496,2025-12-28T10:29:25.058394496,imap_idex_l1b_sci-10days_20251226_v003.cdf,29
nonmanual_peaks_gt_0p01us,820191325105765504,2025-12-28T10:54:15.921765504,imap_idex_l1b_sci-10days_20251226_v003.cdf,30
nonmanual_peaks_gt_0p01us,820192903775178368,2025-12-28T11:20:34.591178368,imap_idex_l1b_sci-10days_20251226_v003.cdf,31
nonmanual_peaks_gt_0p01us,820195893275073280,2025-12-28T12:10:24.091073280,imap_idex_l1b_sci-10days_20251226_v003.cdf,32
nonmanual_peaks_gt_0p01us,820197632967422592,2025-12-28T12:39:23.783422592,imap_idex_l1b_sci-10days_20251226_v003.cdf,33
nonmanual_peaks_gt_0p01us,820208630514959360,2025-12-28T15:42:41.330959360,imap_idex_l1b_sci-10days_20251226_v003.cdf,34
nonmanual_peaks_gt_0p01us,820220373839311360,2025-12-28T18:58:24.655311360,imap_idex_l1b_sci-10days_20251226_v003.cdf,35
nonmanual_peaks_gt_0p01us,820221155133035008,2025-12-28T19:11:25.949035008,imap_idex_l1b_sci-10days_20251226_v003.cdf,36
nonmanual_peaks_gt_0p01us,820227707948173440,2025-12-28T21:00:38.764173440,imap_idex_l1b_sci-10days_20251226_v003.cdf,37
nonmanual_peaks_gt_0p01us,820245360534446976,2025-12-29T01:54:51.350446976,imap_idex_l1b_sci-10days_20251226_v003.cdf,39
nonmanual_peaks_gt_0p01us,820258663433355648,2025-12-29T05:36:34.249355648,imap_idex_l1b_sci-10days_20251226_v003.cdf,40
nonmanual_peaks_gt_0p01us,820259510282121344,2025-12-29T05:50:41.098121344,imap_idex_l1b_sci-10days_20251226_v003.cdf,41
nonmanual_peaks_gt_0p01us,820261992469310080,2025-12-29T06:32:03.285310080,imap_idex_l1b_sci-10days_20251226_v003.cdf,42
nonmanual_peaks_gt_0p01us,820273238684930944,2025-12-29T09:39:29.500930944,imap_idex_l1b_sci-10days_20251226_v003.cdf,43
nonmanual_peaks_gt_0p01us,820292347272007424,2025-12-29T14:57:58.088007424,imap_idex_l1b_sci-10days_20251226_v003.cdf,44
nonmanual_peaks_gt_0p01us,820299008761072896,2025-12-29T16:48:59.577072896,imap_idex_l1b_sci-10days_20251226_v003.cdf,45
nonmanual_peaks_gt_0p01us,820299476318256256,2025-12-29T16:56:47.134256256,imap_idex_l1b_sci-10days_20251226_v003.cdf,46
nonmanual_peaks_gt_0p01us,820305227518952576,2025-12-29T18:32:38.334952576,imap_idex_l1b_sci-10days_20251226_v003.cdf,47
nonmanual_peaks_gt_0p01us,820310144799571968,2025-12-29T19:54:35.615571968,imap_idex_l1b_sci-10days_20251226_v003.cdf,48
nonmanual_peaks_gt_0p01us,820310288103504256,2025-12-29T19:56:58.919504256,imap_idex_l1b_sci-10days_20251226_v003.cdf,49
nonmanual_peaks_gt_0p01us,820311097451843200,2025-12-29T20:10:28.267843200,imap_idex_l1b_sci-10days_20251226_v003.cdf,50
nonmanual_peaks_gt_0p01us,820311109793632256,2025-12-29T20:10:40.609632256,imap_idex_l1b_sci-10days_20251226_v003.cdf,51
nonmanual_peaks_gt_0p01us,820311778661516416,2025-12-29T20:21:49.477516416,imap_idex_l1b_sci-10days_20251226_v003.cdf,52
nonmanual_peaks_gt_0p01us,820316026875931776,2025-12-29T21:32:37.691931776,imap_idex_l1b_sci-10days_20251226_v003.cdf,53
nonmanual_peaks_gt_0p01us,820318072815709056,2025-12-29T22:06:43.631709056,imap_idex_l1b_sci-10days_20251226_v003.cdf,54
nonmanual_peaks_gt_0p01us,820321879952737920,2025-12-29T23:10:10.768737920,imap_idex_l1b_sci-10days_20251226_v003.cdf,55
nonmanual_peaks_gt_0p01us,820329579077139968,2025-12-30T01:18:29.893139968,imap_idex_l1b_sci-10days_20251226_v003.cdf,56
nonmanual_peaks_gt_0p01us,820333417946360704,2025-12-30T02:22:28.762360704,imap_idex_l1b_sci-10days_20251226_v003.cdf,57
nonmanual_peaks_gt_0p01us,820341052592420224,2025-12-30T04:29:43.408420224,imap_idex_l1b_sci-10days_20251226_v003.cdf,58
nonmanual_peaks_gt_0p01us,820347770725796224,2025-12-30T06:21:41.541796224,imap_idex_l1b_sci-10days_20251226_v003.cdf,59
nonmanual_peaks_gt_0p01us,820350566655145728,2025-12-30T07:08:17.471145728,imap_idex_l1b_sci-10days_20251226_v003.cdf,60
nonmanual_peaks_gt_0p01us,820355117225292288,2025-12-30T08:24:08.041292288,imap_idex_l1b_sci-10days_20251226_v003.cdf,61
nonmanual_peaks_gt_0p01us,820359437520304256,2025-12-30T09:36:08.336304256,imap_idex_l1b_sci-10days_20251226_v003.cdf,62
nonmanual_peaks_gt_0p01us,820374659954565120,2025-12-30T13:49:50.770565120,imap_idex_l1b_sci-10days_20251226_v003.cdf,63
nonmanual_peaks_gt_0p01us,820376456944844544,2025-12-30T14:19:47.760844544,imap_idex_l1b_sci-10days_20251226_v003.cdf,64
nonmanual_peaks_gt_0p01us,820392171994126592,2025-12-30T18:41:42.810126592,imap_idex_l1b_sci-10days_20251226_v003.cdf,65
nonmanual_peaks_gt_0p01us,820407850002343936,2025-12-30T23:03:00.818343936,imap_idex_l1b_sci-10days_20251226_v003.cdf,66
nonmanual_peaks_gt_0p01us,820409559549961472,2025-12-30T23:31:30.365961472,imap_idex_l1b_sci-10days_20251226_v003.cdf,67
nonmanual_peaks_gt_0p01us,820421546042387072,2025-12-31T02:51:16.858387072,imap_idex_l1b_sci-10days_20251226_v003.cdf,68
nonmanual_peaks_gt_0p01us,820439204372061440,2025-12-31T07:45:35.188061440,imap_idex_l1b_sci-10days_20251226_v003.cdf,69
nonmanual_peaks_gt_0p01us,820444758349335424,2025-12-31T09:18:09.165335424,imap_idex_l1b_sci-10days_20251226_v003.cdf,70
nonmanual_peaks_gt_0p01us,820444823749977344,2025-12-31T09:19:14.565977344,imap_idex_l1b_sci-10days_20251226_v003.cdf,71
nonmanual_peaks_gt_0p01us,820460388923375872,2025-12-31T13:38:39.739375872,imap_idex_l1b_sci-10days_20251226_v003.cdf,72
nonmanual_peaks_gt_0p01us,820462354799125120,2025-12-31T14:11:25.615125120,imap_idex_l1b_sci-10days_20251226_v003.cdf,73
nonmanual_peaks_gt_0p01us,820463854039770112,2025-12-31T14:36:24.855770112,imap_idex_l1b_sci-10days_20251226_v003.cdf,74
nonmanual_peaks_gt_0p01us,820465752336159488,2025-12-31T15:08:03.152159488,imap_idex_l1b_sci-10days_20251226_v003.cdf,75
nonmanual_peaks_gt_0p01us,820470394550285440,2025-12-31T16:25:25.366285440,imap_idex_l1b_sci-10days_20251226_v003.cdf,76
nonmanual_peaks_gt_0p01us,820473887236435072,2025-12-31T17:23:38.052435072,imap_idex_l1b_sci-10days_20251226_v003.cdf,77
nonmanual_peaks_gt_0p01us,820483183146856704,2025-12-31T19:58:33.962856704,imap_idex_l1b_sci-10days_20251226_v003.cdf,78
nonmanual_peaks_gt_0p01us,820486130192312064,2025-12-31T20:47:41.008312064,imap_idex_l1b_sci-10days_20251226_v003.cdf,79
nonmanual_peaks_gt_0p01us,820500305160672128,2026-01-01T00:43:55.976672128,imap_idex_l1b_sci-10days_20260101_v003.cdf,0
nonmanual_peaks_gt_0p01us,820503339455751040,2026-01-01T01:34:30.271751040,imap_idex_l1b_sci-10days_20260101_v003.cdf,1
nonmanual_peaks_gt_0p01us,820512911535470336,2026-01-01T04:14:02.351470336,imap_idex_l1b_sci-10days_20260101_v003.cdf,2
nonmanual_peaks_gt_0p01us,820518154179863424,2026-01-01T05:41:24.995863424,imap_idex_l1b_sci-10days_20260101_v003.cdf,3
nonmanual_peaks_gt_0p01us,820540134213577344,2026-01-01T11:47:45.029577344,imap_idex_l1b_sci-10days_20260101_v003.cdf,4
nonmanual_peaks_gt_0p01us,820567017210907008,2026-01-01T19:15:48.026907008,imap_idex_l1b_sci-10days_20260101_v003.cdf,5
nonmanual_peaks_gt_0p01us,820601604499518336,2026-01-02T04:52:15.315518336,imap_idex_l1b_sci-10days_20260101_v003.cdf,16
nonmanual_peaks_gt_0p01us,820614345977176320,2026-01-02T08:24:36.793176320,imap_idex_l1b_sci-10days_20260101_v003.cdf,17
nonmanual_peaks_gt_0p01us,820618096157257984,2026-01-02T09:27:06.973257984,imap_idex_l1b_sci-10days_20260101_v003.cdf,18
nonmanual_peaks_gt_0p01us,820618672199765248,2026-01-02T09:36:43.015765248,imap_idex_l1b_sci-10days_20260101_v003.cdf,19
nonmanual_peaks_gt_0p01us,820619566407609216,2026-01-02T09:51:37.223609216,imap_idex_l1b_sci-10days_20260101_v003.cdf,20
nonmanual_peaks_gt_0p01us,820621220945816576,2026-01-02T10:19:11.761816576,imap_idex_l1b_sci-10days_20260101_v003.cdf,21
nonmanual_peaks_gt_0p01us,820623193223980800,2026-01-02T10:52:04.039980800,imap_idex_l1b_sci-10days_20260101_v003.cdf,22
nonmanual_peaks_gt_0p01us,820623402712394368,2026-01-02T10:55:33.528394368,imap_idex_l1b_sci-10days_20260101_v003.cdf,23
nonmanual_peaks_gt_0p01us,820623633148669184,2026-01-02T10:59:23.964669184,imap_idex_l1b_sci-10days_20260101_v003.cdf,24
nonmanual_peaks_gt_0p01us,820623773534304256,2026-01-02T11:01:44.350304256,imap_idex_l1b_sci-10days_20260101_v003.cdf,25
nonmanual_peaks_gt_0p01us,820624100313893376,2026-01-02T11:07:11.129893376,imap_idex_l1b_sci-10days_20260101_v003.cdf,26
nonmanual_peaks_gt_0p01us,820624972108917248,2026-01-02T11:21:42.924917248,imap_idex_l1b_sci-10days_20260101_v003.cdf,27
nonmanual_peaks_gt_0p01us,820625094759548032,2026-01-02T11:23:45.575548032,imap_idex_l1b_sci-10days_20260101_v003.cdf,28
nonmanual_peaks_gt_0p01us,820625838245506304,2026-01-02T11:36:09.061506304,imap_idex_l1b_sci-10days_20260101_v003.cdf,29
nonmanual_peaks_gt_0p01us,820626020315384192,2026-01-02T11:39:11.131384192,imap_idex_l1b_sci-10days_20260101_v003.cdf,30
nonmanual_peaks_gt_0p01us,820627203608370944,2026-01-02T11:58:54.424370944,imap_idex_l1b_sci-10days_20260101_v003.cdf,31
nonmanual_peaks_gt_0p01us,820627395165140224,2026-01-02T12:02:05.981140224,imap_idex_l1b_sci-10days_20260101_v003.cdf,32
nonmanual_peaks_gt_0p01us,820628756039028864,2026-01-02T12:24:46.855028864,imap_idex_l1b_sci-10days_20260101_v003.cdf,33
nonmanual_peaks_gt_0p01us,820629209645065216,2026-01-02T12:32:20.461065216,imap_idex_l1b_sci-10days_20260101_v003.cdf,34
nonmanual_peaks_gt_0p01us,820630175490665344,2026-01-02T12:48:26.306665344,imap_idex_l1b_sci-10days_20260101_v003.cdf,35
nonmanual_peaks_gt_0p01us,820630214185250944,2026-01-02T12:49:05.001250944,imap_idex_l1b_sci-10days_20260101_v003.cdf,36
nonmanual_peaks_gt_0p01us,820630701174677504,2026-01-02T12:57:11.990677504,imap_idex_l1b_sci-10days_20260101_v003.cdf,37
nonmanual_peaks_gt_0p01us,820631560838952192,2026-01-02T13:11:31.654952192,imap_idex_l1b_sci-10days_20260101_v003.cdf,38
nonmanual_peaks_gt_0p01us,820631998136442880,2026-01-02T13:18:48.952442880,imap_idex_l1b_sci-10days_20260101_v003.cdf,39
nonmanual_peaks_gt_0p01us,820632511236126080,2026-01-02T13:27:22.052126080,imap_idex_l1b_sci-10days_20260101_v003.cdf,40
nonmanual_peaks_gt_0p01us,820632967182160256,2026-01-02T13:34:57.998160256,imap_idex_l1b_sci-10days_20260101_v003.cdf,41
nonmanual_peaks_gt_0p01us,820635359974910208,2026-01-02T14:14:50.790910208,imap_idex_l1b_sci-10days_20260101_v003.cdf,42
nonmanual_peaks_gt_0p01us,820636025743437568,2026-01-02T14:25:56.559437568,imap_idex_l1b_sci-10days_20260101_v003.cdf,43
nonmanual_peaks_gt_0p01us,820636879834797312,2026-01-02T14:40:10.650797312,imap_idex_l1b_sci-10days_20260101_v003.cdf,44
nonmanual_peaks_gt_0p01us,820637411521944064,2026-01-02T14:49:02.337944064,imap_idex_l1b_sci-10days_20260101_v003.cdf,45
nonmanual_peaks_gt_0p01us,820638116542476544,2026-01-02T15:00:47.358476544,imap_idex_l1b_sci-10days_20260101_v003.cdf,46
nonmanual_peaks_gt_0p01us,820638252669635328,2026-01-02T15:03:03.485635328,imap_idex_l1b_sci-10days_20260101_v003.cdf,47
nonmanual_peaks_gt_0p01us,820639284119117184,2026-01-02T15:20:14.935117184,imap_idex_l1b_sci-10days_20260101_v003.cdf,48
nonmanual_peaks_gt_0p01us,820639467626653696,2026-01-02T15:23:18.442653696,imap_idex_l1b_sci-10days_20260101_v003.cdf,49
nonmanual_peaks_gt_0p01us,820639576212837120,2026-01-02T15:25:07.028837120,imap_idex_l1b_sci-10days_20260101_v003.cdf,50
nonmanual_peaks_gt_0p01us,820642901539797120,2026-01-02T16:20:32.355797120,imap_idex_l1b_sci-10days_20260101_v003.cdf,52
nonmanual_peaks_gt_0p01us,820643401667451904,2026-01-02T16:28:52.483451904,imap_idex_l1b_sci-10days_20260101_v003.cdf,53
nonmanual_peaks_gt_0p01us,820645940699131648,2026-01-02T17:11:11.515131648,imap_idex_l1b_sci-10days_20260101_v003.cdf,54
nonmanual_peaks_gt_0p01us,820646742371337984,2026-01-02T17:24:33.187337984,imap_idex_l1b_sci-10days_20260101_v003.cdf,55
nonmanual_peaks_gt_0p01us,820661681584701184,2026-01-02T21:33:32.400701184,imap_idex_l1b_sci-10days_20260101_v003.cdf,56
nonmanual_peaks_gt_0p01us,820662858182254080,2026-01-02T21:53:08.998254080,imap_idex_l1b_sci-10days_20260101_v003.cdf,57
nonmanual_peaks_gt_0p01us,820663427541487616,2026-01-02T22:02:38.357487616,imap_idex_l1b_sci-10days_20260101_v003.cdf,58
nonmanual_peaks_gt_0p01us,820666794628531456,2026-01-02T22:58:45.444531456,imap_idex_l1b_sci-10days_20260101_v003.cdf,59
nonmanual_peaks_gt_0p01us,820667508844656000,2026-01-02T23:10:39.660656000,imap_idex_l1b_sci-10days_20260101_v003.cdf,60
nonmanual_peaks_gt_0p01us,820668112741418624,2026-01-02T23:20:43.557418624,imap_idex_l1b_sci-10days_20260101_v003.cdf,61
nonmanual_peaks_gt_0p01us,820668256267310848,2026-01-02T23:23:07.083310848,imap_idex_l1b_sci-10days_20260101_v003.cdf,62
nonmanual_peaks_gt_0p01us,820675094996945664,2026-01-03T01:17:05.812945664,imap_idex_l1b_sci-10days_20260101_v003.cdf,63
nonmanual_peaks_gt_0p01us,820681404923971072,2026-01-03T03:02:15.739971072,imap_idex_l1b_sci-10days_20260101_v003.cdf,64
nonmanual_peaks_gt_0p01us,820682561691981696,2026-01-03T03:21:32.507981696,imap_idex_l1b_sci-10days_20260101_v003.cdf,65
nonmanual_peaks_gt_0p01us,820683816726064896,2026-01-03T03:42:27.542064896,imap_idex_l1b_sci-10days_20260101_v003.cdf,66
nonmanual_peaks_gt_0p01us,820693555022379776,2026-01-03T06:24:45.838379776,imap_idex_l1b_sci-10days_20260101_v003.cdf,67
nonmanual_peaks_gt_0p01us,820698537543186176,2026-01-03T07:47:48.359186176,imap_idex_l1b_sci-10days_20260101_v003.cdf,68
nonmanual_peaks_gt_0p01us,820698683516476416,2026-01-03T07:50:14.332476416,imap_idex_l1b_sci-10days_20260101_v003.cdf,69
nonmanual_peaks_gt_0p01us,820699042447496960,2026-01-03T07:56:13.263496960,imap_idex_l1b_sci-10days_20260101_v003.cdf,70
nonmanual_peaks_gt_0p01us,820705922015035392,2026-01-03T09:50:52.831035392,imap_idex_l1b_sci-10days_20260101_v003.cdf,71
nonmanual_peaks_gt_0p01us,820706415853216000,2026-01-03T09:59:06.669216000,imap_idex_l1b_sci-10days_20260101_v003.cdf,72
nonmanual_peaks_gt_0p01us,820708486408353664,2026-01-03T10:33:37.224353664,imap_idex_l1b_sci-10days_20260101_v003.cdf,73
nonmanual_peaks_gt_0p01us,820710583018228096,2026-01-03T11:08:33.834228096,imap_idex_l1b_sci-10days_20260101_v003.cdf,74
nonmanual_peaks_gt_0p01us,820723008165851904,2026-01-03T14:35:38.981851904,imap_idex_l1b_sci-10days_20260101_v003.cdf,75
nonmanual_peaks_gt_0p01us,820724542096847104,2026-01-03T15:01:12.912847104,imap_idex_l1b_sci-10days_20260101_v003.cdf,76
nonmanual_peaks_gt_0p01us,820726154121472896,2026-01-03T15:28:04.937472896,imap_idex_l1b_sci-10days_20260101_v003.cdf,77
nonmanual_peaks_gt_0p01us,820728012617378944,2026-01-03T15:59:03.433378944,imap_idex_l1b_sci-10days_20260101_v003.cdf,78
nonmanual_peaks_gt_0p01us,820729945858778752,2026-01-03T16:31:16.674778752,imap_idex_l1b_sci-10days_20260101_v003.cdf,79
nonmanual_peaks_gt_0p01us,820730319817466112,2026-01-03T16:37:30.633466112,imap_idex_l1b_sci-10days_20260101_v003.cdf,80
nonmanual_peaks_gt_0p01us,820734971779406848,2026-01-03T17:55:02.595406848,imap_idex_l1b_sci-10days_20260101_v003.cdf,81
nonmanual_peaks_gt_0p01us,820736656693307392,2026-01-03T18:23:07.509307392,imap_idex_l1b_sci-10days_20260101_v003.cdf,82
nonmanual_peaks_gt_0p01us,820741078856652672,2026-01-03T19:36:49.672652672,imap_idex_l1b_sci-10days_20260101_v003.cdf,83
nonmanual_peaks_gt_0p01us,820742441222820224,2026-01-03T19:59:32.038820224,imap_idex_l1b_sci-10days_20260101_v003.cdf,84
nonmanual_peaks_gt_0p01us,820743462011851904,2026-01-03T20:16:32.827851904,imap_idex_l1b_sci-10days_20260101_v003.cdf,85
nonmanual_peaks_gt_0p01us,820752128490880512,2026-01-03T22:40:59.306880512,imap_idex_l1b_sci-10days_20260101_v003.cdf,86
nonmanual_peaks_gt_0p01us,820762183838793216,2026-01-04T01:28:34.654793216,imap_idex_l1b_sci-10days_20260101_v003.cdf,87
nonmanual_peaks_gt_0p01us,820763448470547840,2026-01-04T01:49:39.286547840,imap_idex_l1b_sci-10days_20260101_v003.cdf,88
nonmanual_peaks_gt_0p01us,820766414685568512,2026-01-04T02:39:05.501568512,imap_idex_l1b_sci-10days_20260101_v003.cdf,89
nonmanual_peaks_gt_0p01us,820766661177029120,2026-01-04T02:43:11.993029120,imap_idex_l1b_sci-10days_20260101_v003.cdf,90
nonmanual_peaks_gt_0p01us,820768611252233984,2026-01-04T03:15:42.068233984,imap_idex_l1b_sci-10days_20260101_v003.cdf,91
nonmanual_peaks_gt_0p01us,820773969436226304,2026-01-04T04:45:00.252226304,imap_idex_l1b_sci-10days_20260101_v003.cdf,92
nonmanual_peaks_gt_0p01us,820777239829637120,2026-01-04T05:39:30.645637120,imap_idex_l1b_sci-10days_20260101_v003.cdf,93
nonmanual_peaks_gt_0p01us,820790053949817984,2026-01-04T09:13:04.765817984,imap_idex_l1b_sci-10days_20260101_v003.cdf,94
nonmanual_peaks_gt_0p01us,820791642239825280,2026-01-04T09:39:33.055825280,imap_idex_l1b_sci-10days_20260101_v003.cdf,95
nonmanual_peaks_gt_0p01us,820792921387227264,2026-01-04T10:00:52.203227264,imap_idex_l1b_sci-10days_20260101_v003.cdf,96
nonmanual_peaks_gt_0p01us,820793931269868928,2026-01-04T10:17:42.085868928,imap_idex_l1b_sci-10days_20260101_v003.cdf,97
nonmanual_peaks_gt_0p01us,820803001200600448,2026-01-04T12:48:52.016600448,imap_idex_l1b_sci-10days_20260101_v003.cdf,98
nonmanual_peaks_gt_0p01us,820805445612046080,2026-01-04T13:29:36.428046080,imap_idex_l1b_sci-10days_20260101_v003.cdf,99
nonmanual_peaks_gt_0p01us,820806492651334784,2026-01-04T13:47:03.467334784,imap_idex_l1b_sci-10days_20260101_v003.cdf,100
nonmanual_peaks_gt_0p01us,820810093275531648,2026-01-04T14:47:04.091531648,imap_idex_l1b_sci-10days_20260101_v003.cdf,101
nonmanual_peaks_gt_0p01us,820812459924886400,2026-01-04T15:26:30.740886400,imap_idex_l1b_sci-10days_20260101_v003.cdf,102
nonmanual_peaks_gt_0p01us,820817502691260416,2026-01-04T16:50:33.507260416,imap_idex_l1b_sci-10days_20260101_v003.cdf,103
nonmanual_peaks_gt_0p01us,820828242799466496,2026-01-04T19:49:33.615466496,imap_idex_l1b_sci-10days_20260101_v003.cdf,104
nonmanual_peaks_gt_0p01us,820835739282337664,2026-01-04T21:54:30.098337664,imap_idex_l1b_sci-10days_20260101_v003.cdf,105
nonmanual_peaks_gt_0p01us,820840619473296512,2026-01-04T23:15:50.289296512,imap_idex_l1b_sci-10days_20260101_v003.cdf,106
nonmanual_peaks_gt_0p01us,820842134134749056,2026-01-04T23:41:04.950749056,imap_idex_l1b_sci-10days_20260101_v003.cdf,107
nonmanual_peaks_gt_0p01us,820844193242337408,2026-01-05T00:15:24.058337408,imap_idex_l1b_sci-10days_20260101_v003.cdf,108
nonmanual_peaks_gt_0p01us,820848366794844672,2026-01-05T01:24:57.610844672,imap_idex_l1b_sci-10days_20260101_v003.cdf,109
nonmanual_peaks_gt_0p01us,821529163439270912,2026-01-12T22:31:34.255270912,imap_idex_l1b_sci-10days_20260110_v003.cdf,0
nonmanual_peaks_gt_0p01us,821531181540576640,2026-01-12T23:05:12.356576640,imap_idex_l1b_sci-10days_20260110_v003.cdf,1
nonmanual_peaks_gt_0p01us,821532265224645376,2026-01-12T23:23:16.040645376,imap_idex_l1b_sci-10days_20260110_v003.cdf,2
nonmanual_peaks_gt_0p01us,821553971127027200,2026-01-13T05:25:01.943027200,imap_idex_l1b_sci-10days_20260110_v003.cdf,3
nonmanual_peaks_gt_0p01us,821563106362159872,2026-01-13T07:57:17.178159872,imap_idex_l1b_sci-10days_20260110_v003.cdf,4
nonmanual_peaks_gt_0p01us,821579626334839040,2026-01-13T12:32:37.150839040,imap_idex_l1b_sci-10days_20260110_v003.cdf,5
nonmanual_peaks_gt_0p01us,821580237316076800,2026-01-13T12:42:48.132076800,imap_idex_l1b_sci-10days_20260110_v003.cdf,6
nonmanual_peaks_gt_0p01us,821589871203006848,2026-01-13T15:23:22.019006848,imap_idex_l1b_sci-10days_20260110_v003.cdf,7
nonmanual_peaks_gt_0p01us,821591802263593216,2026-01-13T15:55:33.079593216,imap_idex_l1b_sci-10days_20260110_v003.cdf,8
nonmanual_peaks_gt_0p01us,821598554202381056,2026-01-13T17:48:05.018381056,imap_idex_l1b_sci-10days_20260110_v003.cdf,9
nonmanual_peaks_gt_0p01us,821609302453442176,2026-01-13T20:47:13.269442176,imap_idex_l1b_sci-10days_20260110_v003.cdf,10
nonmanual_peaks_gt_0p01us,821613742913861376,2026-01-13T22:01:13.729861376,imap_idex_l1b_sci-10days_20260110_v003.cdf,11
nonmanual_peaks_gt_0p01us,821665444479964416,2026-01-14T12:22:55.295964416,imap_idex_l1b_sci-10days_20260110_v003.cdf,22
nonmanual_peaks_gt_0p01us,821666672591094144,2026-01-14T12:43:23.407094144,imap_idex_l1b_sci-10days_20260110_v003.cdf,23
nonmanual_peaks_gt_0p01us,821666819050284032,2026-01-14T12:45:49.866284032,imap_idex_l1b_sci-10days_20260110_v003.cdf,24
nonmanual_peaks_gt_0p01us,821710687392778240,2026-01-15T00:56:58.208778240,imap_idex_l1b_sci-10days_20260110_v003.cdf,25
nonmanual_peaks_gt_0p01us,821712799096423424,2026-01-15T01:32:09.912423424,imap_idex_l1b_sci-10days_20260110_v003.cdf,26
nonmanual_peaks_gt_0p01us,821716622344689152,2026-01-15T02:35:53.160689152,imap_idex_l1b_sci-10days_20260110_v003.cdf,27
nonmanual_peaks_gt_0p01us,821743822464543488,2026-01-15T10:09:13.280543488,imap_idex_l1b_sci-10days_20260110_v003.cdf,28
nonmanual_peaks_gt_0p01us,821744082632692480,2026-01-15T10:13:33.448692480,imap_idex_l1b_sci-10days_20260110_v003.cdf,29
nonmanual_peaks_gt_0p01us,821748444838100224,2026-01-15T11:26:15.654100224,imap_idex_l1b_sci-10days_20260110_v003.cdf,30
nonmanual_peaks_gt_0p01us,821762636891401856,2026-01-15T15:22:47.707401856,imap_idex_l1b_sci-10days_20260110_v003.cdf,31
nonmanual_peaks_gt_0p01us,821767790970706560,2026-01-15T16:48:41.786706560,imap_idex_l1b_sci-10days_20260110_v003.cdf,32
nonmanual_peaks_gt_0p01us,821778056869493632,2026-01-15T19:39:47.685493632,imap_idex_l1b_sci-10days_20260110_v003.cdf,33
nonmanual_peaks_gt_0p01us,821781552761310336,2026-01-15T20:38:03.577310336,imap_idex_l1b_sci-10days_20260110_v003.cdf,34
nonmanual_peaks_gt_0p01us,821799210429841920,2026-01-16T01:32:21.245841920,imap_idex_l1b_sci-10days_20260110_v003.cdf,35
nonmanual_peaks_gt_0p01us,821800090324261248,2026-01-16T01:47:01.140261248,imap_idex_l1b_sci-10days_20260110_v003.cdf,36
nonmanual_peaks_gt_0p01us,821810232211623040,2026-01-16T04:36:03.027623040,imap_idex_l1b_sci-10days_20260110_v003.cdf,37
nonmanual_peaks_gt_0p01us,821818687323381632,2026-01-16T06:56:58.139381632,imap_idex_l1b_sci-10days_20260110_v003.cdf,38
nonmanual_peaks_gt_0p01us,821818728967184640,2026-01-16T06:57:39.783184640,imap_idex_l1b_sci-10days_20260110_v003.cdf,39
nonmanual_peaks_gt_0p01us,821818775190343680,2026-01-16T06:58:26.006343680,imap_idex_l1b_sci-10days_20260110_v003.cdf,40
nonmanual_peaks_gt_0p01us,821818811183631616,2026-01-16T06:59:01.999631616,imap_idex_l1b_sci-10days_20260110_v003.cdf,41
nonmanual_peaks_gt_0p01us,821818858421409664,2026-01-16T06:59:49.237409664,imap_idex_l1b_sci-10days_20260110_v003.cdf,42
nonmanual_peaks_gt_0p01us,821819481826936704,2026-01-16T07:10:12.642936704,imap_idex_l1b_sci-10days_20260110_v003.cdf,43
nonmanual_peaks_gt_0p01us,821819502283858560,2026-01-16T07:10:33.099858560,imap_idex_l1b_sci-10days_20260110_v003.cdf,44
nonmanual_peaks_gt_0p01us,821819682990478336,2026-01-16T07:13:33.806478336,imap_idex_l1b_sci-10days_20260110_v003.cdf,45
nonmanual_peaks_gt_0p01us,821820652434278144,2026-01-16T07:29:43.250278144,imap_idex_l1b_sci-10days_20260110_v003.cdf,46
nonmanual_peaks_gt_0p01us,821824018005732096,2026-01-16T08:25:48.821732096,imap_idex_l1b_sci-10days_20260110_v003.cdf,47
nonmanual_peaks_gt_0p01us,821846658303345024,2026-01-16T14:43:09.119345024,imap_idex_l1b_sci-10days_20260110_v003.cdf,48
nonmanual_peaks_gt_0p01us,821854762557634816,2026-01-16T16:58:13.373634816,imap_idex_l1b_sci-10days_20260110_v003.cdf,49
nonmanual_peaks_gt_0p01us,821859051111129984,2026-01-16T18:09:41.927129984,imap_idex_l1b_sci-10days_20260110_v003.cdf,50
nonmanual_peaks_gt_0p01us,821867710938746752,2026-01-16T20:34:01.754746752,imap_idex_l1b_sci-10days_20260110_v003.cdf,51
nonmanual_peaks_gt_0p01us,821876980935542656,2026-01-16T23:08:31.751542656,imap_idex_l1b_sci-10days_20260110_v003.cdf,52
nonmanual_peaks_gt_0p01us,821879179061092864,2026-01-16T23:45:09.877092864,imap_idex_l1b_sci-10days_20260110_v003.cdf,53
nonmanual_peaks_gt_0p01us,821883657206820480,2026-01-17T00:59:48.022820480,imap_idex_l1b_sci-10days_20260110_v003.cdf,54
nonmanual_peaks_gt_0p01us,821884423348641024,2026-01-17T01:12:34.164641024,imap_idex_l1b_sci-10days_20260110_v003.cdf,55
nonmanual_peaks_gt_0p01us,821898970212097152,2026-01-17T05:15:01.028097152,imap_idex_l1b_sci-10days_20260110_v003.cdf,56
nonmanual_peaks_gt_0p01us,821904791020453760,2026-01-17T06:52:01.836453760,imap_idex_l1b_sci-10days_20260110_v003.cdf,57
nonmanual_peaks_gt_0p01us,821908259054977536,2026-01-17T07:49:49.870977536,imap_idex_l1b_sci-10days_20260110_v003.cdf,58
nonmanual_peaks_gt_0p01us,821911621189515136,2026-01-17T08:45:52.005515136,imap_idex_l1b_sci-10days_20260110_v003.cdf,59
nonmanual_peaks_gt_0p01us,821914765911145600,2026-01-17T09:38:16.727145600,imap_idex_l1b_sci-10days_20260110_v003.cdf,60
nonmanual_peaks_gt_0p01us,821917399116249856,2026-01-17T10:22:09.932249856,imap_idex_l1b_sci-10days_20260110_v003.cdf,61
nonmanual_peaks_gt_0p01us,821920880831861248,2026-01-17T11:20:11.647861248,imap_idex_l1b_sci-10days_20260110_v003.cdf,62
nonmanual_peaks_gt_0p01us,821926020901941760,2026-01-17T12:45:51.717941760,imap_idex_l1b_sci-10days_20260110_v003.cdf,63
nonmanual_peaks_gt_0p01us,821926971152158848,2026-01-17T13:01:41.968158848,imap_idex_l1b_sci-10days_20260110_v003.cdf,64
nonmanual_peaks_gt_0p01us,821930314120893440,2026-01-17T13:57:24.936893440,imap_idex_l1b_sci-10days_20260110_v003.cdf,65
nonmanual_peaks_gt_0p01us,821932011786547712,2026-01-17T14:25:42.602547712,imap_idex_l1b_sci-10days_20260110_v003.cdf,66
nonmanual_peaks_gt_0p01us,821932858914656128,2026-01-17T14:39:49.730656128,imap_idex_l1b_sci-10days_20260110_v003.cdf,67
nonmanual_peaks_gt_0p01us,821951992362343936,2026-01-17T19:58:43.178343936,imap_idex_l1b_sci-10days_20260110_v003.cdf,68
nonmanual_peaks_gt_0p01us,821955130216320384,2026-01-17T20:51:01.032320384,imap_idex_l1b_sci-10days_20260110_v003.cdf,69
nonmanual_peaks_gt_0p01us,821958648121099776,2026-01-17T21:49:38.937099776,imap_idex_l1b_sci-10days_20260110_v003.cdf,70
nonmanual_peaks_gt_0p01us,821960488380727424,2026-01-17T22:20:19.196727424,imap_idex_l1b_sci-10days_20260110_v003.cdf,71
nonmanual_peaks_gt_0p01us,821962257441758208,2026-01-17T22:49:48.257758208,imap_idex_l1b_sci-10days_20260110_v003.cdf,72
nonmanual_peaks_gt_0p01us,821973248424448640,2026-01-18T01:52:59.240448640,imap_idex_l1b_sci-10days_20260110_v003.cdf,73
nonmanual_peaks_gt_0p01us,821981722114892032,2026-01-18T04:14:12.930892032,imap_idex_l1b_sci-10days_20260110_v003.cdf,74
nonmanual_peaks_gt_0p01us,821985649118688640,2026-01-18T05:19:39.934688640,imap_idex_l1b_sci-10days_20260110_v003.cdf,75
nonmanual_peaks_gt_0p01us,821987702140107520,2026-01-18T05:53:52.956107520,imap_idex_l1b_sci-10days_20260110_v003.cdf,76
nonmanual_peaks_gt_0p01us,821989942728499840,2026-01-18T06:31:13.544499840,imap_idex_l1b_sci-10days_20260110_v003.cdf,77
nonmanual_peaks_gt_0p01us,821998266464256384,2026-01-18T08:49:57.280256384,imap_idex_l1b_sci-10days_20260110_v003.cdf,78
nonmanual_peaks_gt_0p01us,822002338052004608,2026-01-18T09:57:48.868004608,imap_idex_l1b_sci-10days_20260110_v003.cdf,79
nonmanual_peaks_gt_0p01us,822005405320983936,2026-01-18T10:48:56.136983936,imap_idex_l1b_sci-10days_20260110_v003.cdf,80
nonmanual_peaks_gt_0p01us,822013070385344512,2026-01-18T12:56:41.201344512,imap_idex_l1b_sci-10days_20260110_v003.cdf,81
nonmanual_peaks_gt_0p01us,822018519472270976,2026-01-18T14:27:30.288270976,imap_idex_l1b_sci-10days_20260110_v003.cdf,82
nonmanual_peaks_gt_0p01us,822026097438048896,2026-01-18T16:33:48.254048896,imap_idex_l1b_sci-10days_20260110_v003.cdf,83
nonmanual_peaks_gt_0p01us,822028802805569024,2026-01-18T17:18:53.621569024,imap_idex_l1b_sci-10days_20260110_v003.cdf,84
nonmanual_peaks_gt_0p01us,822032221921596032,2026-01-18T18:15:52.737596032,imap_idex_l1b_sci-10days_20260110_v003.cdf,85
nonmanual_peaks_gt_0p01us,822033351298134272,2026-01-18T18:34:42.114134272,imap_idex_l1b_sci-10days_20260110_v003.cdf,86
nonmanual_peaks_gt_0p01us,822037989281500160,2026-01-18T19:52:00.097500160,imap_idex_l1b_sci-10days_20260110_v003.cdf,87
nonmanual_peaks_gt_0p01us,822040278214629760,2026-01-18T20:30:09.030629760,imap_idex_l1b_sci-10days_20260110_v003.cdf,88
nonmanual_peaks_gt_0p01us,822041576463358208,2026-01-18T20:51:47.279358208,imap_idex_l1b_sci-10days_20260110_v003.cdf,89
nonmanual_peaks_gt_0p01us,822045645581048576,2026-01-18T21:59:36.397048576,imap_idex_l1b_sci-10days_20260110_v003.cdf,90
nonmanual_peaks_gt_0p01us,822052840578066304,2026-01-18T23:59:31.394066304,imap_idex_l1b_sci-10days_20260110_v003.cdf,91
nonmanual_peaks_gt_0p01us,822054825323025664,2026-01-19T00:32:36.139025664,imap_idex_l1b_sci-10days_20260110_v003.cdf,92
nonmanual_peaks_gt_0p01us,822057338954217344,2026-01-19T01:14:29.770217344,imap_idex_l1b_sci-10days_20260110_v003.cdf,93
nonmanual_peaks_gt_0p01us,822059613261721088,2026-01-19T01:52:24.077721088,imap_idex_l1b_sci-10days_20260110_v003.cdf,94
nonmanual_peaks_gt_0p01us,822060368707711616,2026-01-19T02:04:59.523711616,imap_idex_l1b_sci-10days_20260110_v003.cdf,95
nonmanual_peaks_gt_0p01us,822065304780995712,2026-01-19T03:27:15.596995712,imap_idex_l1b_sci-10days_20260110_v003.cdf,96
nonmanual_peaks_gt_0p01us,822067138937989760,2026-01-19T03:57:49.753989760,imap_idex_l1b_sci-10days_20260110_v003.cdf,97
nonmanual_peaks_gt_0p01us,822068058407834752,2026-01-19T04:13:09.223834752,imap_idex_l1b_sci-10days_20260110_v003.cdf,98
nonmanual_peaks_gt_0p01us,822068830883369984,2026-01-19T04:26:01.699369984,imap_idex_l1b_sci-10days_20260110_v003.cdf,99
nonmanual_peaks_gt_0p01us,822069247832980224,2026-01-19T04:32:58.648980224,imap_idex_l1b_sci-10days_20260110_v003.cdf,100
nonmanual_peaks_gt_0p01us,822069428517220096,2026-01-19T04:35:59.333220096,imap_idex_l1b_sci-10days_20260110_v003.cdf,101
nonmanual_peaks_gt_0p01us,822070659629008640,2026-01-19T04:56:30.445008640,imap_idex_l1b_sci-10days_20260110_v003.cdf,102
nonmanual_peaks_gt_0p01us,822070667228141952,2026-01-19T04:56:38.044141952,imap_idex_l1b_sci-10days_20260110_v003.cdf,103
nonmanual_peaks_gt_0p01us,822070972139631744,2026-01-19T05:01:42.955631744,imap_idex_l1b_sci-10days_20260110_v003.cdf,104
nonmanual_peaks_gt_0p01us,822071345912680448,2026-01-19T05:07:56.728680448,imap_idex_l1b_sci-10days_20260110_v003.cdf,105
nonmanual_peaks_gt_0p01us,822073042474196352,2026-01-19T05:36:13.290196352,imap_idex_l1b_sci-10days_20260110_v003.cdf,106
nonmanual_peaks_gt_0p01us,822073341323271552,2026-01-19T05:41:12.139271552,imap_idex_l1b_sci-10days_20260110_v003.cdf,107
nonmanual_peaks_gt_0p01us,822073682967708416,2026-01-19T05:46:53.783708416,imap_idex_l1b_sci-10days_20260110_v003.cdf,108
nonmanual_peaks_gt_0p01us,822073935982664192,2026-01-19T05:51:06.798664192,imap_idex_l1b_sci-10days_20260110_v003.cdf,109
nonmanual_peaks_gt_0p01us,822073990779755648,2026-01-19T05:52:01.595755648,imap_idex_l1b_sci-10days_20260110_v003.cdf,110
nonmanual_peaks_gt_0p01us,822074027983702784,2026-01-19T05:52:38.799702784,imap_idex_l1b_sci-10days_20260110_v003.cdf,111
nonmanual_peaks_gt_0p01us,822074136912246144,2026-01-19T05:54:27.728246144,imap_idex_l1b_sci-10days_20260110_v003.cdf,112
nonmanual_peaks_gt_0p01us,822074163165102976,2026-01-19T05:54:53.981102976,imap_idex_l1b_sci-10days_20260110_v003.cdf,113
nonmanual_peaks_gt_0p01us,822074385985965312,2026-01-19T05:58:36.801965312,imap_idex_l1b_sci-10days_20260110_v003.cdf,114
nonmanual_peaks_gt_0p01us,822074446640651520,2026-01-19T05:59:37.456651520,imap_idex_l1b_sci-10days_20260110_v003.cdf,115
nonmanual_peaks_gt_0p01us,822074460452659200,2026-01-19T05:59:51.268659200,imap_idex_l1b_sci-10days_20260110_v003.cdf,116
nonmanual_peaks_gt_0p01us,822074488457014400,2026-01-19T06:00:19.273014400,imap_idex_l1b_sci-10days_20260110_v003.cdf,117
nonmanual_peaks_gt_0p01us,822074582362251264,2026-01-19T06:01:53.178251264,imap_idex_l1b_sci-10days_20260110_v003.cdf,118
nonmanual_peaks_gt_0p01us,822074828195573376,2026-01-19T06:05:59.011573376,imap_idex_l1b_sci-10days_20260110_v003.cdf,119
nonmanual_peaks_gt_0p01us,822074841276321664,2026-01-19T06:06:12.092321664,imap_idex_l1b_sci-10days_20260110_v003.cdf,120
nonmanual_peaks_gt_0p01us,822074914002877184,2026-01-19T06:07:24.818877184,imap_idex_l1b_sci-10days_20260110_v003.cdf,121
nonmanual_peaks_gt_0p01us,822075015281307520,2026-01-19T06:09:06.097307520,imap_idex_l1b_sci-10days_20260110_v003.cdf,122
nonmanual_peaks_gt_0p01us,822075087612623360,2026-01-19T06:10:18.428623360,imap_idex_l1b_sci-10days_20260110_v003.cdf,123
nonmanual_peaks_gt_0p01us,822075152818765696,2026-01-19T06:11:23.634765696,imap_idex_l1b_sci-10days_20260110_v003.cdf,124
nonmanual_peaks_gt_0p01us,822075166352833536,2026-01-19T06:11:37.168833536,imap_idex_l1b_sci-10days_20260110_v003.cdf,125
nonmanual_peaks_gt_0p01us,822075400263086208,2026-01-19T06:15:31.079086208,imap_idex_l1b_sci-10days_20260110_v003.cdf,126
nonmanual_peaks_gt_0p01us,822075681915396480,2026-01-19T06:20:12.731396480,imap_idex_l1b_sci-10days_20260110_v003.cdf,127
nonmanual_peaks_gt_0p01us,822075749418536704,2026-01-19T06:21:20.234536704,imap_idex_l1b_sci-10days_20260110_v003.cdf,128
nonmanual_peaks_gt_0p01us,822075785458224768,2026-01-19T06:21:56.274224768,imap_idex_l1b_sci-10days_20260110_v003.cdf,129
nonmanual_peaks_gt_0p01us,822075844184912640,2026-01-19T06:22:55.000912640,imap_idex_l1b_sci-10days_20260110_v003.cdf,130
nonmanual_peaks_gt_0p01us,822075920264145280,2026-01-19T06:24:11.080145280,imap_idex_l1b_sci-10days_20260110_v003.cdf,131
nonmanual_peaks_gt_0p01us,822076142325908352,2026-01-19T06:27:53.141908352,imap_idex_l1b_sci-10days_20260110_v003.cdf,132
nonmanual_peaks_gt_0p01us,822076240558181248,2026-01-19T06:29:31.374181248,imap_idex_l1b_sci-10days_20260110_v003.cdf,133
nonmanual_peaks_gt_0p01us,822076373387283456,2026-01-19T06:31:44.203283456,imap_idex_l1b_sci-10days_20260110_v003.cdf,134
nonmanual_peaks_gt_0p01us,822076761053979904,2026-01-19T06:38:11.869979904,imap_idex_l1b_sci-10days_20260110_v003.cdf,135
nonmanual_peaks_gt_0p01us,822076806307519744,2026-01-19T06:38:57.123519744,imap_idex_l1b_sci-10days_20260110_v003.cdf,136
nonmanual_peaks_gt_0p01us,822076828680920064,2026-01-19T06:39:19.496920064,imap_idex_l1b_sci-10days_20260110_v003.cdf,137
nonmanual_peaks_gt_0p01us,822076854400077056,2026-01-19T06:39:45.216077056,imap_idex_l1b_sci-10days_20260110_v003.cdf,138
nonmanual_peaks_gt_0p01us,822077060146754560,2026-01-19T06:43:10.962754560,imap_idex_l1b_sci-10days_20260110_v003.cdf,139
nonmanual_peaks_gt_0p01us,822077236848438144,2026-01-19T06:46:07.664438144,imap_idex_l1b_sci-10days_20260110_v003.cdf,140
nonmanual_peaks_gt_0p01us,822077427328009088,2026-01-19T06:49:18.144009088,imap_idex_l1b_sci-10days_20260110_v003.cdf,141
nonmanual_peaks_gt_0p01us,822077550035380352,2026-01-19T06:51:20.851380352,imap_idex_l1b_sci-10days_20260110_v003.cdf,142
nonmanual_peaks_gt_0p01us,822077588407246464,2026-01-19T06:51:59.223246464,imap_idex_l1b_sci-10days_20260110_v003.cdf,143
nonmanual_peaks_gt_0p01us,822077676723588096,2026-01-19T06:53:27.539588096,imap_idex_l1b_sci-10days_20260110_v003.cdf,144
nonmanual_peaks_gt_0p01us,822078123296632192,2026-01-19T07:00:54.112632192,imap_idex_l1b_sci-10days_20260110_v003.cdf,145
nonmanual_peaks_gt_0p01us,822078198438945664,2026-01-19T07:02:09.254945664,imap_idex_l1b_sci-10days_20260110_v003.cdf,146
nonmanual_peaks_gt_0p01us,822078286483807616,2026-01-19T07:03:37.299807616,imap_idex_l1b_sci-10days_20260110_v003.cdf,147
nonmanual_peaks_gt_0p01us,822078364860858112,2026-01-19T07:04:55.676858112,imap_idex_l1b_sci-10days_20260110_v003.cdf,148
nonmanual_peaks_gt_0p01us,822078371912271872,2026-01-19T07:05:02.728271872,imap_idex_l1b_sci-10days_20260110_v003.cdf,149
nonmanual_peaks_gt_0p01us,822078379043965568,2026-01-19T07:05:09.859965568,imap_idex_l1b_sci-10days_20260110_v003.cdf,150
nonmanual_peaks_gt_0p01us,822079237868284160,2026-01-19T07:19:28.684284160,imap_idex_l1b_sci-10days_20260110_v003.cdf,152
nonmanual_peaks_gt_0p01us,822079348940585728,2026-01-19T07:21:19.756585728,imap_idex_l1b_sci-10days_20260110_v003.cdf,153
nonmanual_peaks_gt_0p01us,822079434511789824,2026-01-19T07:22:45.327789824,imap_idex_l1b_sci-10days_20260110_v003.cdf,154
nonmanual_peaks_gt_0p01us,822079588396973312,2026-01-19T07:25:19.212973312,imap_idex_l1b_sci-10days_20260110_v003.cdf,155
nonmanual_peaks_gt_0p01us,822079687238065792,2026-01-19T07:26:58.054065792,imap_idex_l1b_sci-10days_20260110_v003.cdf,156
nonmanual_peaks_gt_0p01us,822080220048133504,2026-01-19T07:35:50.864133504,imap_idex_l1b_sci-10days_20260110_v003.cdf,157
nonmanual_peaks_gt_0p01us,822080465270396160,2026-01-19T07:39:56.086396160,imap_idex_l1b_sci-10days_20260110_v003.cdf,158
nonmanual_peaks_gt_0p01us,822080559809892352,2026-01-19T07:41:30.625892352,imap_idex_l1b_sci-10days_20260110_v003.cdf,159
nonmanual_peaks_gt_0p01us,822080741751590912,2026-01-19T07:44:32.567590912,imap_idex_l1b_sci-10days_20260110_v003.cdf,160
nonmanual_peaks_gt_0p01us,822080813404167552,2026-01-19T07:45:44.220167552,imap_idex_l1b_sci-10days_20260110_v003.cdf,161
nonmanual_peaks_gt_0p01us,822080928898005120,2026-01-19T07:47:39.714005120,imap_idex_l1b_sci-10days_20260110_v003.cdf,162
nonmanual_peaks_gt_0p01us,822080965421332736,2026-01-19T07:48:16.237332736,imap_idex_l1b_sci-10days_20260110_v003.cdf,163
nonmanual_peaks_gt_0p01us,822081119072816512,2026-01-19T07:50:49.888816512,imap_idex_l1b_sci-10days_20260110_v003.cdf,164
nonmanual_peaks_gt_0p01us,822081197379547136,2026-01-19T07:52:08.195547136,imap_idex_l1b_sci-10days_20260110_v003.cdf,165
nonmanual_peaks_gt_0p01us,822081382210303232,2026-01-19T07:55:13.026303232,imap_idex_l1b_sci-10days_20260110_v003.cdf,166
nonmanual_peaks_gt_0p01us,822081632000881792,2026-01-19T07:59:22.816881792,imap_idex_l1b_sci-10days_20260110_v003.cdf,167
nonmanual_peaks_gt_0p01us,822081679266699904,2026-01-19T08:00:10.082699904,imap_idex_l1b_sci-10days_20260110_v003.cdf,168
nonmanual_peaks_gt_0p01us,822081805597888000,2026-01-19T08:02:16.413888000,imap_idex_l1b_sci-10days_20260110_v003.cdf,169
nonmanual_peaks_gt_0p01us,822081872809768320,2026-01-19T08:03:23.625768320,imap_idex_l1b_sci-10days_20260110_v003.cdf,170
nonmanual_peaks_gt_0p01us,822081888102374784,2026-01-19T08:03:38.918374784,imap_idex_l1b_sci-10days_20260110_v003.cdf,171
nonmanual_peaks_gt_0p01us,822081899480944640,2026-01-19T08:03:50.296944640,imap_idex_l1b_sci-10days_20260110_v003.cdf,172
nonmanual_peaks_gt_0p01us,822082107478160384,2026-01-19T08:07:18.294160384,imap_idex_l1b_sci-10days_20260110_v003.cdf,173
nonmanual_peaks_gt_0p01us,822082152873420032,2026-01-19T08:08:03.689420032,imap_idex_l1b_sci-10days_20260110_v003.cdf,174
nonmanual_peaks_gt_0p01us,822082161638832384,2026-01-19T08:08:12.454832384,imap_idex_l1b_sci-10days_20260110_v003.cdf,175
nonmanual_peaks_gt_0p01us,822082174452200960,2026-01-19T08:08:25.268200960,imap_idex_l1b_sci-10days_20260110_v003.cdf,176
nonmanual_peaks_gt_0p01us,822082225659695488,2026-01-19T08:09:16.475695488,imap_idex_l1b_sci-10days_20260110_v003.cdf,177
nonmanual_peaks_gt_0p01us,822082240134962688,2026-01-19T08:09:30.950962688,imap_idex_l1b_sci-10days_20260110_v003.cdf,178
nonmanual_peaks_gt_0p01us,822082315839315712,2026-01-19T08:10:46.655315712,imap_idex_l1b_sci-10days_20260110_v003.cdf,179
nonmanual_peaks_gt_0p01us,822082339958914176,2026-01-19T08:11:10.774914176,imap_idex_l1b_sci-10days_20260110_v003.cdf,180
nonmanual_peaks_gt_0p01us,822082386183493248,2026-01-19T08:11:56.999493248,imap_idex_l1b_sci-10days_20260110_v003.cdf,181
nonmanual_peaks_gt_0p01us,822082532442063616,2026-01-19T08:14:23.258063616,imap_idex_l1b_sci-10days_20260110_v003.cdf,182
nonmanual_peaks_gt_0p01us,822082581947699712,2026-01-19T08:15:12.763699712,imap_idex_l1b_sci-10days_20260110_v003.cdf,183
nonmanual_peaks_gt_0p01us,822082614828390656,2026-01-19T08:15:45.644390656,imap_idex_l1b_sci-10days_20260110_v003.cdf,184
nonmanual_peaks_gt_0p01us,822082652850516864,2026-01-19T08:16:23.666516864,imap_idex_l1b_sci-10days_20260110_v003.cdf,185
nonmanual_peaks_gt_0p01us,822082694144420224,2026-01-19T08:17:04.960420224,imap_idex_l1b_sci-10days_20260110_v003.cdf,186
nonmanual_peaks_gt_0p01us,822082732457586304,2026-01-19T08:17:43.273586304,imap_idex_l1b_sci-10days_20260110_v003.cdf,187
nonmanual_peaks_gt_0p01us,822082815938552320,2026-01-19T08:19:06.754552320,imap_idex_l1b_sci-10days_20260110_v003.cdf,188
nonmanual_peaks_gt_0p01us,822082843808507520,2026-01-19T08:19:34.624507520,imap_idex_l1b_sci-10days_20260110_v003.cdf,189
nonmanual_peaks_gt_0p01us,822082932727308672,2026-01-19T08:21:03.543308672,imap_idex_l1b_sci-10days_20260110_v003.cdf,190
nonmanual_peaks_gt_0p01us,822082959075445376,2026-01-19T08:21:29.891445376,imap_idex_l1b_sci-10days_20260110_v003.cdf,191
nonmanual_peaks_gt_0p01us,822082994353854208,2026-01-19T08:22:05.169854208,imap_idex_l1b_sci-10days_20260110_v003.cdf,192
nonmanual_peaks_gt_0p01us,822083059993975936,2026-01-19T08:23:10.809975936,imap_idex_l1b_sci-10days_20260110_v003.cdf,193
nonmanual_peaks_gt_0p01us,822083121380921472,2026-01-19T08:24:12.196921472,imap_idex_l1b_sci-10days_20260110_v003.cdf,194
nonmanual_peaks_gt_0p01us,822083243868312832,2026-01-19T08:26:14.684312832,imap_idex_l1b_sci-10days_20260110_v003.cdf,195
nonmanual_peaks_gt_0p01us,822083274879225344,2026-01-19T08:26:45.695225344,imap_idex_l1b_sci-10days_20260110_v003.cdf,196
nonmanual_peaks_gt_0p01us,822083351824777088,2026-01-19T08:28:02.640777088,imap_idex_l1b_sci-10days_20260110_v003.cdf,197
nonmanual_peaks_gt_0p01us,822083366729184000,2026-01-19T08:28:17.545184000,imap_idex_l1b_sci-10days_20260110_v003.cdf,198
nonmanual_peaks_gt_0p01us,822083454141726464,2026-01-19T08:29:44.957726464,imap_idex_l1b_sci-10days_20260110_v003.cdf,199
nonmanual_peaks_gt_0p01us,822083462384179200,2026-01-19T08:29:53.200179200,imap_idex_l1b_sci-10days_20260110_v003.cdf,200
nonmanual_peaks_gt_0p01us,822083553418438400,2026-01-19T08:31:24.234438400,imap_idex_l1b_sci-10days_20260110_v003.cdf,201
nonmanual_peaks_gt_0p01us,822083596856320000,2026-01-19T08:32:07.672320000,imap_idex_l1b_sci-10days_20260110_v003.cdf,202
nonmanual_peaks_gt_0p01us,822083719157551616,2026-01-19T08:34:09.973551616,imap_idex_l1b_sci-10days_20260110_v003.cdf,203
nonmanual_peaks_gt_0p01us,822083728154143616,2026-01-19T08:34:18.970143616,imap_idex_l1b_sci-10days_20260110_v003.cdf,204
nonmanual_peaks_gt_0p01us,822083735758636800,2026-01-19T08:34:26.574636800,imap_idex_l1b_sci-10days_20260110_v003.cdf,205
nonmanual_peaks_gt_0p01us,822083834260709504,2026-01-19T08:36:05.076709504,imap_idex_l1b_sci-10days_20260110_v003.cdf,206
nonmanual_peaks_gt_0p01us,822083868243199360,2026-01-19T08:36:39.059199360,imap_idex_l1b_sci-10days_20260110_v003.cdf,207
nonmanual_peaks_gt_0p01us,822083904473247232,2026-01-19T08:37:15.289247232,imap_idex_l1b_sci-10days_20260110_v003.cdf,208
nonmanual_peaks_gt_0p01us,822083951818585216,2026-01-19T08:38:02.634585216,imap_idex_l1b_sci-10days_20260110_v003.cdf,209
nonmanual_peaks_gt_0p01us,822084124008652672,2026-01-19T08:40:54.824652672,imap_idex_l1b_sci-10days_20260110_v003.cdf,210
nonmanual_peaks_gt_0p01us,822084140069418368,2026-01-19T08:41:10.885418368,imap_idex_l1b_sci-10days_20260110_v003.cdf,211
nonmanual_peaks_gt_0p01us,822084180998302208,2026-01-19T08:41:51.814302208,imap_idex_l1b_sci-10days_20260110_v003.cdf,212
nonmanual_peaks_gt_0p01us,822084272126901248,2026-01-19T08:43:22.942901248,imap_idex_l1b_sci-10days_20260110_v003.cdf,213
nonmanual_peaks_gt_0p01us,822084336299904512,2026-01-19T08:44:27.115904512,imap_idex_l1b_sci-10days_20260110_v003.cdf,214
nonmanual_peaks_gt_0p01us,822084344085577472,2026-01-19T08:44:34.901577472,imap_idex_l1b_sci-10days_20260110_v003.cdf,215
nonmanual_peaks_gt_0p01us,822084396087911424,2026-01-19T08:45:26.903911424,imap_idex_l1b_sci-10days_20260110_v003.cdf,216
nonmanual_peaks_gt_0p01us,822084413360276096,2026-01-19T08:45:44.176276096,imap_idex_l1b_sci-10days_20260110_v003.cdf,217
nonmanual_peaks_gt_0p01us,822084472249443840,2026-01-19T08:46:43.065443840,imap_idex_l1b_sci-10days_20260110_v003.cdf,218
nonmanual_peaks_gt_0p01us,822084486768711040,2026-01-19T08:46:57.584711040,imap_idex_l1b_sci-10days_20260110_v003.cdf,219
nonmanual_peaks_gt_0p01us,822084580440328064,2026-01-19T08:48:31.256328064,imap_idex_l1b_sci-10days_20260110_v003.cdf,220
nonmanual_peaks_gt_0p01us,822084624552569088,2026-01-19T08:49:15.368569088,imap_idex_l1b_sci-10days_20260110_v003.cdf,221
nonmanual_peaks_gt_0p01us,822084661698676096,2026-01-19T08:49:52.514676096,imap_idex_l1b_sci-10days_20260110_v003.cdf,222
nonmanual_peaks_gt_0p01us,822084693050328192,2026-01-19T08:50:23.866328192,imap_idex_l1b_sci-10days_20260110_v003.cdf,223
nonmanual_peaks_gt_0p01us,822084706745776000,2026-01-19T08:50:37.561776000,imap_idex_l1b_sci-10days_20260110_v003.cdf,224
nonmanual_peaks_gt_0p01us,822084717172586752,2026-01-19T08:50:47.988586752,imap_idex_l1b_sci-10days_20260110_v003.cdf,225
nonmanual_peaks_gt_0p01us,822084757574651008,2026-01-19T08:51:28.390651008,imap_idex_l1b_sci-10days_20260110_v003.cdf,226
nonmanual_peaks_gt_0p01us,822084877792464512,2026-01-19T08:53:28.608464512,imap_idex_l1b_sci-10days_20260110_v003.cdf,227
nonmanual_peaks_gt_0p01us,822084888499754880,2026-01-19T08:53:39.315754880,imap_idex_l1b_sci-10days_20260110_v003.cdf,228
nonmanual_peaks_gt_0p01us,822084903140781824,2026-01-19T08:53:53.956781824,imap_idex_l1b_sci-10days_20260110_v003.cdf,229
nonmanual_peaks_gt_0p01us,822084920910466176,2026-01-19T08:54:11.726466176,imap_idex_l1b_sci-10days_20260110_v003.cdf,230
nonmanual_peaks_gt_0p01us,822085053036189056,2026-01-19T08:56:23.852189056,imap_idex_l1b_sci-10days_20260110_v003.cdf,231
nonmanual_peaks_gt_0p01us,822085073224211200,2026-01-19T08:56:44.040211200,imap_idex_l1b_sci-10days_20260110_v003.cdf,232
nonmanual_peaks_gt_0p01us,822085160466713856,2026-01-19T08:58:11.282713856,imap_idex_l1b_sci-10days_20260110_v003.cdf,233
nonmanual_peaks_gt_0p01us,822085186495190784,2026-01-19T08:58:37.311190784,imap_idex_l1b_sci-10days_20260110_v003.cdf,234
nonmanual_peaks_gt_0p01us,822085263191782784,2026-01-19T08:59:54.007782784,imap_idex_l1b_sci-10days_20260110_v003.cdf,235
nonmanual_peaks_gt_0p01us,822085349834845952,2026-01-19T09:01:20.650845952,imap_idex_l1b_sci-10days_20260110_v003.cdf,236
nonmanual_peaks_gt_0p01us,822085387644192512,2026-01-19T09:01:58.460192512,imap_idex_l1b_sci-10days_20260110_v003.cdf,237
nonmanual_peaks_gt_0p01us,822085455904531968,2026-01-19T09:03:06.720531968,imap_idex_l1b_sci-10days_20260110_v003.cdf,238
nonmanual_peaks_gt_0p01us,822085480126370560,2026-01-19T09:03:30.942370560,imap_idex_l1b_sci-10days_20260110_v003.cdf,239
nonmanual_peaks_gt_0p01us,822085591156152192,2026-01-19T09:05:21.972152192,imap_idex_l1b_sci-10days_20260110_v003.cdf,240
nonmanual_peaks_gt_0p01us,822085640801548032,2026-01-19T09:06:11.617548032,imap_idex_l1b_sci-10days_20260110_v003.cdf,241
nonmanual_peaks_gt_0p01us,822085768294615040,2026-01-19T09:08:19.110615040,imap_idex_l1b_sci-10days_20260110_v003.cdf,242
nonmanual_peaks_gt_0p01us,822085946140257408,2026-01-19T09:11:16.956257408,imap_idex_l1b_sci-10days_20260110_v003.cdf,243
nonmanual_peaks_gt_0p01us,822085991944476800,2026-01-19T09:12:02.760476800,imap_idex_l1b_sci-10days_20260110_v003.cdf,244
nonmanual_peaks_gt_0p01us,822086000243029376,2026-01-19T09:12:11.059029376,imap_idex_l1b_sci-10days_20260110_v003.cdf,245
nonmanual_peaks_gt_0p01us,822086025237427200,2026-01-19T09:12:36.053427200,imap_idex_l1b_sci-10days_20260110_v003.cdf,246
nonmanual_peaks_gt_0p01us,822086411962364416,2026-01-19T09:19:02.778364416,imap_idex_l1b_sci-10days_20260110_v003.cdf,247
nonmanual_peaks_gt_0p01us,822086505661821312,2026-01-19T09:20:36.477821312,imap_idex_l1b_sci-10days_20260110_v003.cdf,248
nonmanual_peaks_gt_0p01us,822086588880467584,2026-01-19T09:21:59.696467584,imap_idex_l1b_sci-10days_20260110_v003.cdf,249
nonmanual_peaks_gt_0p01us,822086618260441600,2026-01-19T09:22:29.076441600,imap_idex_l1b_sci-10days_20260110_v003.cdf,250
nonmanual_peaks_gt_0p01us,822087036015991168,2026-01-19T09:29:26.831991168,imap_idex_l1b_sci-10days_20260110_v003.cdf,251
nonmanual_peaks_gt_0p01us,822087117832738816,2026-01-19T09:30:48.648738816,imap_idex_l1b_sci-10days_20260110_v003.cdf,252
nonmanual_peaks_gt_0p01us,822087189371275136,2026-01-19T09:32:00.187275136,imap_idex_l1b_sci-10days_20260110_v003.cdf,253
nonmanual_peaks_gt_0p01us,822087365275939328,2026-01-19T09:34:56.091939328,imap_idex_l1b_sci-10days_20260110_v003.cdf,254
nonmanual_peaks_gt_0p01us,822087398762409600,2026-01-19T09:35:29.578409600,imap_idex_l1b_sci-10days_20260110_v003.cdf,255
nonmanual_peaks_gt_0p01us,822087413371996672,2026-01-19T09:35:44.187996672,imap_idex_l1b_sci-10days_20260110_v003.cdf,256
nonmanual_peaks_gt_0p01us,822087517748964096,2026-01-19T09:37:28.564964096,imap_idex_l1b_sci-10days_20260110_v003.cdf,257
nonmanual_peaks_gt_0p01us,822087532000491520,2026-01-19T09:37:42.816491520,imap_idex_l1b_sci-10days_20260110_v003.cdf,258
nonmanual_peaks_gt_0p01us,822087545340179712,2026-01-19T09:37:56.156179712,imap_idex_l1b_sci-10days_20260110_v003.cdf,259
nonmanual_peaks_gt_0p01us,822087553170552704,2026-01-19T09:38:03.986552704,imap_idex_l1b_sci-10days_20260110_v003.cdf,260
nonmanual_peaks_gt_0p01us,822087576892311680,2026-01-19T09:38:27.708311680,imap_idex_l1b_sci-10days_20260110_v003.cdf,261
nonmanual_peaks_gt_0p01us,822087598175052928,2026-01-19T09:38:48.991052928,imap_idex_l1b_sci-10days_20260110_v003.cdf,262
nonmanual_peaks_gt_0p01us,822087613580259200,2026-01-19T09:39:04.396259200,imap_idex_l1b_sci-10days_20260110_v003.cdf,263
nonmanual_peaks_gt_0p01us,822087688822572544,2026-01-19T09:40:19.638572544,imap_idex_l1b_sci-10days_20260110_v003.cdf,264
nonmanual_peaks_gt_0p01us,822087716431648000,2026-01-19T09:40:47.247648000,imap_idex_l1b_sci-10days_20260110_v003.cdf,265
nonmanual_peaks_gt_0p01us,822087737876029056,2026-01-19T09:41:08.692029056,imap_idex_l1b_sci-10days_20260110_v003.cdf,266
nonmanual_peaks_gt_0p01us,822087776871794432,2026-01-19T09:41:47.687794432,imap_idex_l1b_sci-10days_20260110_v003.cdf,267
nonmanual_peaks_gt_0p01us,822087785226147072,2026-01-19T09:41:56.042147072,imap_idex_l1b_sci-10days_20260110_v003.cdf,268
nonmanual_peaks_gt_0p01us,822087815110900480,2026-01-19T09:42:25.926900480,imap_idex_l1b_sci-10days_20260110_v003.cdf,269
nonmanual_peaks_gt_0p01us,822087903349362304,2026-01-19T09:43:54.165362304,imap_idex_l1b_sci-10days_20260110_v003.cdf,270
nonmanual_peaks_gt_0p01us,822087968026884864,2026-01-19T09:44:58.842884864,imap_idex_l1b_sci-10days_20260110_v003.cdf,271
nonmanual_peaks_gt_0p01us,822088008797868800,2026-01-19T09:45:39.613868800,imap_idex_l1b_sci-10days_20260110_v003.cdf,272
nonmanual_peaks_gt_0p01us,822088041930699520,2026-01-19T09:46:12.746699520,imap_idex_l1b_sci-10days_20260110_v003.cdf,273
nonmanual_peaks_gt_0p01us,822088057217465856,2026-01-19T09:46:28.033465856,imap_idex_l1b_sci-10days_20260110_v003.cdf,274
nonmanual_peaks_gt_0p01us,822088096473611136,2026-01-19T09:47:07.289611136,imap_idex_l1b_sci-10days_20260110_v003.cdf,275
nonmanual_peaks_gt_0p01us,822088113138916352,2026-01-19T09:47:23.954916352,imap_idex_l1b_sci-10days_20260110_v003.cdf,276
nonmanual_peaks_gt_0p01us,822088293172236800,2026-01-19T09:50:23.988236800,imap_idex_l1b_sci-10days_20260110_v003.cdf,277
nonmanual_peaks_gt_0p01us,822088322471630848,2026-01-19T09:50:53.287630848,imap_idex_l1b_sci-10days_20260110_v003.cdf,278
nonmanual_peaks_gt_0p01us,822088365014152960,2026-01-19T09:51:35.830152960,imap_idex_l1b_sci-10days_20260110_v003.cdf,279
nonmanual_peaks_gt_0p01us,822088487019684864,2026-01-19T09:53:37.835684864,imap_idex_l1b_sci-10days_20260110_v003.cdf,280
nonmanual_peaks_gt_0p01us,822088593709010304,2026-01-19T09:55:24.525010304,imap_idex_l1b_sci-10days_20260110_v003.cdf,281
nonmanual_peaks_gt_0p01us,822088635680533120,2026-01-19T09:56:06.496533120,imap_idex_l1b_sci-10days_20260110_v003.cdf,282
nonmanual_peaks_gt_0p01us,822088672271300736,2026-01-19T09:56:43.087300736,imap_idex_l1b_sci-10days_20260110_v003.cdf,283
nonmanual_peaks_gt_0p01us,822088711745225728,2026-01-19T09:57:22.561225728,imap_idex_l1b_sci-10days_20260110_v003.cdf,284
nonmanual_peaks_gt_0p01us,822088777886427008,2026-01-19T09:58:28.702427008,imap_idex_l1b_sci-10days_20260110_v003.cdf,285
nonmanual_peaks_gt_0p01us,822088870740764800,2026-01-19T10:00:01.556764800,imap_idex_l1b_sci-10days_20260110_v003.cdf,286
nonmanual_peaks_gt_0p01us,822089005214085504,2026-01-19T10:02:16.030085504,imap_idex_l1b_sci-10days_20260110_v003.cdf,287
nonmanual_peaks_gt_0p01us,822089077579041408,2026-01-19T10:03:28.395041408,imap_idex_l1b_sci-10days_20260110_v003.cdf,288
nonmanual_peaks_gt_0p01us,822089413037184000,2026-01-19T10:09:03.853184000,imap_idex_l1b_sci-10days_20260110_v003.cdf,289
nonmanual_peaks_gt_0p01us,822089452231389312,2026-01-19T10:09:43.047389312,imap_idex_l1b_sci-10days_20260110_v003.cdf,290
nonmanual_peaks_gt_0p01us,822089586611070080,2026-01-19T10:11:57.427070080,imap_idex_l1b_sci-10days_20260110_v003.cdf,291
nonmanual_peaks_gt_0p01us,822089693482035456,2026-01-19T10:13:44.298035456,imap_idex_l1b_sci-10days_20260110_v003.cdf,292
nonmanual_peaks_gt_0p01us,822089709503721216,2026-01-19T10:14:00.319721216,imap_idex_l1b_sci-10days_20260110_v003.cdf,293
nonmanual_peaks_gt_0p01us,822089908847704448,2026-01-19T10:17:19.663704448,imap_idex_l1b_sci-10days_20260110_v003.cdf,294
nonmanual_peaks_gt_0p01us,822089980275861120,2026-01-19T10:18:31.091861120,imap_idex_l1b_sci-10days_20260110_v003.cdf,295
nonmanual_peaks_gt_0p01us,822089992687370240,2026-01-19T10:18:43.503370240,imap_idex_l1b_sci-10days_20260110_v003.cdf,296
nonmanual_peaks_gt_0p01us,822090026646379904,2026-01-19T10:19:17.462379904,imap_idex_l1b_sci-10days_20260110_v003.cdf,297
nonmanual_peaks_gt_0p01us,822090177315746432,2026-01-19T10:21:48.131746432,imap_idex_l1b_sci-10days_20260110_v003.cdf,298
nonmanual_peaks_gt_0p01us,822090206754160384,2026-01-19T10:22:17.570160384,imap_idex_l1b_sci-10days_20260110_v003.cdf,299
nonmanual_peaks_gt_0p01us,822090336537445248,2026-01-19T10:24:27.353445248,imap_idex_l1b_sci-10days_20260110_v003.cdf,300
nonmanual_peaks_gt_0p01us,822090354415489408,2026-01-19T10:24:45.231489408,imap_idex_l1b_sci-10days_20260110_v003.cdf,301
nonmanual_peaks_gt_0p01us,822090490684388736,2026-01-19T10:27:01.500388736,imap_idex_l1b_sci-10days_20260110_v003.cdf,302
nonmanual_peaks_gt_0p01us,822090548144197760,2026-01-19T10:27:58.960197760,imap_idex_l1b_sci-10days_20260110_v003.cdf,303
nonmanual_peaks_gt_0p01us,822090557862349184,2026-01-19T10:28:08.678349184,imap_idex_l1b_sci-10days_20260110_v003.cdf,304
nonmanual_peaks_gt_0p01us,822090675578344704,2026-01-19T10:30:06.394344704,imap_idex_l1b_sci-10days_20260110_v003.cdf,305
nonmanual_peaks_gt_0p01us,822090703677759744,2026-01-19T10:30:34.493759744,imap_idex_l1b_sci-10days_20260110_v003.cdf,306
nonmanual_peaks_gt_0p01us,822090752136956800,2026-01-19T10:31:22.952956800,imap_idex_l1b_sci-10days_20260110_v003.cdf,307
nonmanual_peaks_gt_0p01us,822090760330469760,2026-01-19T10:31:31.146469760,imap_idex_l1b_sci-10days_20260110_v003.cdf,308
nonmanual_peaks_gt_0p01us,822090816931739392,2026-01-19T10:32:27.747739392,imap_idex_l1b_sci-10days_20260110_v003.cdf,309
nonmanual_peaks_gt_0p01us,822090863415338112,2026-01-19T10:33:14.231338112,imap_idex_l1b_sci-10days_20260110_v003.cdf,310
nonmanual_peaks_gt_0p01us,822090895619229696,2026-01-19T10:33:46.435229696,imap_idex_l1b_sci-10days_20260110_v003.cdf,311
nonmanual_peaks_gt_0p01us,822090950928020608,2026-01-19T10:34:41.744020608,imap_idex_l1b_sci-10days_20260110_v003.cdf,312
nonmanual_peaks_gt_0p01us,822091071624453632,2026-01-19T10:36:42.440453632,imap_idex_l1b_sci-10days_20260110_v003.cdf,313
nonmanual_peaks_gt_0p01us,822091137356195328,2026-01-19T10:37:48.172195328,imap_idex_l1b_sci-10days_20260110_v003.cdf,314
nonmanual_peaks_gt_0p01us,822091165645470336,2026-01-19T10:38:16.461470336,imap_idex_l1b_sci-10days_20260110_v003.cdf,315
nonmanual_peaks_gt_0p01us,822091242302362496,2026-01-19T10:39:33.118362496,imap_idex_l1b_sci-10days_20260110_v003.cdf,316
nonmanual_peaks_gt_0p01us,822091298742112256,2026-01-19T10:40:29.558112256,imap_idex_l1b_sci-10days_20260110_v003.cdf,317
nonmanual_peaks_gt_0p01us,822091310185902208,2026-01-19T10:40:41.001902208,imap_idex_l1b_sci-10days_20260110_v003.cdf,318
nonmanual_peaks_gt_0p01us,822091316810976384,2026-01-19T10:40:47.626976384,imap_idex_l1b_sci-10days_20260110_v003.cdf,319
nonmanual_peaks_gt_0p01us,822091324647169408,2026-01-19T10:40:55.463169408,imap_idex_l1b_sci-10days_20260110_v003.cdf,320
nonmanual_peaks_gt_0p01us,822091344274531968,2026-01-19T10:41:15.090531968,imap_idex_l1b_sci-10days_20260110_v003.cdf,321
nonmanual_peaks_gt_0p01us,822091527858469120,2026-01-19T10:44:18.674469120,imap_idex_l1b_sci-10days_20260110_v003.cdf,322
nonmanual_peaks_gt_0p01us,822091553215826688,2026-01-19T10:44:44.031826688,imap_idex_l1b_sci-10days_20260110_v003.cdf,323
nonmanual_peaks_gt_0p01us,822091579688583296,2026-01-19T10:45:10.504583296,imap_idex_l1b_sci-10days_20260110_v003.cdf,324
nonmanual_peaks_gt_0p01us,822091732819627520,2026-01-19T10:47:43.635627520,imap_idex_l1b_sci-10days_20260110_v003.cdf,325
nonmanual_peaks_gt_0p01us,822091778987366656,2026-01-19T10:48:29.803366656,imap_idex_l1b_sci-10days_20260110_v003.cdf,326
nonmanual_peaks_gt_0p01us,822091793398493824,2026-01-19T10:48:44.214493824,imap_idex_l1b_sci-10days_20260110_v003.cdf,327
nonmanual_peaks_gt_0p01us,822091801508086528,2026-01-19T10:48:52.324086528,imap_idex_l1b_sci-10days_20260110_v003.cdf,328
nonmanual_peaks_gt_0p01us,822091827813003264,2026-01-19T10:49:18.629003264,imap_idex_l1b_sci-10days_20260110_v003.cdf,329
nonmanual_peaks_gt_0p01us,822091894502324096,2026-01-19T10:50:25.318324096,imap_idex_l1b_sci-10days_20260110_v003.cdf,330
nonmanual_peaks_gt_0p01us,822091905036514816,2026-01-19T10:50:35.852514816,imap_idex_l1b_sci-10days_20260110_v003.cdf,331
nonmanual_peaks_gt_0p01us,822091913163507712,2026-01-19T10:50:43.979507712,imap_idex_l1b_sci-10days_20260110_v003.cdf,332
nonmanual_peaks_gt_0p01us,822091945197779200,2026-01-19T10:51:16.013779200,imap_idex_l1b_sci-10days_20260110_v003.cdf,333
nonmanual_peaks_gt_0p01us,822092019149273728,2026-01-19T10:52:29.965273728,imap_idex_l1b_sci-10days_20260110_v003.cdf,334
nonmanual_peaks_gt_0p01us,822092225547270784,2026-01-19T10:55:56.363270784,imap_idex_l1b_sci-10days_20260110_v003.cdf,335
nonmanual_peaks_gt_0p01us,822092241239816832,2026-01-19T10:56:12.055816832,imap_idex_l1b_sci-10days_20260110_v003.cdf,336
nonmanual_peaks_gt_0p01us,822092268609772544,2026-01-19T10:56:39.425772544,imap_idex_l1b_sci-10days_20260110_v003.cdf,337
nonmanual_peaks_gt_0p01us,822092395384820224,2026-01-19T10:58:46.200820224,imap_idex_l1b_sci-10days_20260110_v003.cdf,338
nonmanual_peaks_gt_0p01us,822092419698318592,2026-01-19T10:59:10.514318592,imap_idex_l1b_sci-10days_20260110_v003.cdf,339
nonmanual_peaks_gt_0p01us,822092443037297920,2026-01-19T10:59:33.853297920,imap_idex_l1b_sci-10days_20260110_v003.cdf,340
nonmanual_peaks_gt_0p01us,822092454993227264,2026-01-19T10:59:45.809227264,imap_idex_l1b_sci-10days_20260110_v003.cdf,341
nonmanual_peaks_gt_0p01us,822092472288851968,2026-01-19T11:00:03.104851968,imap_idex_l1b_sci-10days_20260110_v003.cdf,342
nonmanual_peaks_gt_0p01us,822092488556817664,2026-01-19T11:00:19.372817664,imap_idex_l1b_sci-10days_20260110_v003.cdf,343
nonmanual_peaks_gt_0p01us,822092575667680256,2026-01-19T11:01:46.483680256,imap_idex_l1b_sci-10days_20260110_v003.cdf,344
nonmanual_peaks_gt_0p01us,822092618368302464,2026-01-19T11:02:29.184302464,imap_idex_l1b_sci-10days_20260110_v003.cdf,345
nonmanual_peaks_gt_0p01us,822092700421049856,2026-01-19T11:03:51.237049856,imap_idex_l1b_sci-10days_20260110_v003.cdf,346
nonmanual_peaks_gt_0p01us,822092840878385152,2026-01-19T11:06:11.694385152,imap_idex_l1b_sci-10days_20260110_v003.cdf,347
nonmanual_peaks_gt_0p01us,822093004318160256,2026-01-19T11:08:55.134160256,imap_idex_l1b_sci-10days_20260110_v003.cdf,348
nonmanual_peaks_gt_0p01us,822093123926494208,2026-01-19T11:10:54.742494208,imap_idex_l1b_sci-10days_20260110_v003.cdf,349
nonmanual_peaks_gt_0p01us,822093238874292352,2026-01-19T11:12:49.690292352,imap_idex_l1b_sci-10days_20260110_v003.cdf,350
nonmanual_peaks_gt_0p01us,822093339309443456,2026-01-19T11:14:30.125443456,imap_idex_l1b_sci-10days_20260110_v003.cdf,351
nonmanual_peaks_gt_0p01us,822093442980691456,2026-01-19T11:16:13.796691456,imap_idex_l1b_sci-10days_20260110_v003.cdf,352
nonmanual_peaks_gt_0p01us,822093555897291264,2026-01-19T11:18:06.713291264,imap_idex_l1b_sci-10days_20260110_v003.cdf,353
nonmanual_peaks_gt_0p01us,822093568287280384,2026-01-19T11:18:19.103280384,imap_idex_l1b_sci-10days_20260110_v003.cdf,354
nonmanual_peaks_gt_0p01us,822093594999676672,2026-01-19T11:18:45.815676672,imap_idex_l1b_sci-10days_20260110_v003.cdf,355
nonmanual_peaks_gt_0p01us,822093608336624896,2026-01-19T11:18:59.152624896,imap_idex_l1b_sci-10days_20260110_v003.cdf,356
nonmanual_peaks_gt_0p01us,822093744680924032,2026-01-19T11:21:15.496924032,imap_idex_l1b_sci-10days_20260110_v003.cdf,357
nonmanual_peaks_gt_0p01us,822093890861274496,2026-01-19T11:23:41.677274496,imap_idex_l1b_sci-10days_20260110_v003.cdf,358
nonmanual_peaks_gt_0p01us,822093996792020608,2026-01-19T11:25:27.608020608,imap_idex_l1b_sci-10days_20260110_v003.cdf,359
nonmanual_peaks_gt_0p01us,822094038887963264,2026-01-19T11:26:09.703963264,imap_idex_l1b_sci-10days_20260110_v003.cdf,360
nonmanual_peaks_gt_0p01us,822094088977538816,2026-01-19T11:26:59.793538816,imap_idex_l1b_sci-10days_20260110_v003.cdf,361
nonmanual_peaks_gt_0p01us,822094265447182464,2026-01-19T11:29:56.263182464,imap_idex_l1b_sci-10days_20260110_v003.cdf,362
nonmanual_peaks_gt_0p01us,822094374303285888,2026-01-19T11:31:45.119285888,imap_idex_l1b_sci-10days_20260110_v003.cdf,363
nonmanual_peaks_gt_0p01us,822094400499882624,2026-01-19T11:32:11.315882624,imap_idex_l1b_sci-10days_20260110_v003.cdf,364
nonmanual_peaks_gt_0p01us,822094428592217728,2026-01-19T11:32:39.408217728,imap_idex_l1b_sci-10days_20260110_v003.cdf,365
nonmanual_peaks_gt_0p01us,822094433818852992,2026-01-19T11:32:44.634852992,imap_idex_l1b_sci-10days_20260110_v003.cdf,366
nonmanual_peaks_gt_0p01us,822094462450287744,2026-01-19T11:33:13.266287744,imap_idex_l1b_sci-10days_20260110_v003.cdf,367
nonmanual_peaks_gt_0p01us,822094532970065280,2026-01-19T11:34:23.786065280,imap_idex_l1b_sci-10days_20260110_v003.cdf,368
nonmanual_peaks_gt_0p01us,822095091813109888,2026-01-19T11:43:42.629109888,imap_idex_l1b_sci-10days_20260110_v003.cdf,369
nonmanual_peaks_gt_0p01us,822095112643391232,2026-01-19T11:44:03.459391232,imap_idex_l1b_sci-10days_20260110_v003.cdf,370
nonmanual_peaks_gt_0p01us,822095156253792640,2026-01-19T11:44:47.069792640,imap_idex_l1b_sci-10days_20260110_v003.cdf,371
nonmanual_peaks_gt_0p01us,822095161926507648,2026-01-19T11:44:52.742507648,imap_idex_l1b_sci-10days_20260110_v003.cdf,372
nonmanual_peaks_gt_0p01us,822095203637170688,2026-01-19T11:45:34.453170688,imap_idex_l1b_sci-10days_20260110_v003.cdf,373
nonmanual_peaks_gt_0p01us,822095228033369088,2026-01-19T11:45:58.849369088,imap_idex_l1b_sci-10days_20260110_v003.cdf,374
nonmanual_peaks_gt_0p01us,822095244682414336,2026-01-19T11:46:15.498414336,imap_idex_l1b_sci-10days_20260110_v003.cdf,375
nonmanual_peaks_gt_0p01us,822095363119189376,2026-01-19T11:48:13.935189376,imap_idex_l1b_sci-10days_20260110_v003.cdf,376
nonmanual_peaks_gt_0p01us,822095386184428928,2026-01-19T11:48:37.000428928,imap_idex_l1b_sci-10days_20260110_v003.cdf,377
nonmanual_peaks_gt_0p01us,822095484574321664,2026-01-19T11:50:15.390321664,imap_idex_l1b_sci-10days_20260110_v003.cdf,378
nonmanual_peaks_gt_0p01us,822095510269798784,2026-01-19T11:50:41.085798784,imap_idex_l1b_sci-10days_20260110_v003.cdf,379
nonmanual_peaks_gt_0p01us,822095516286913536,2026-01-19T11:50:47.102913536,imap_idex_l1b_sci-10days_20260110_v003.cdf,380
nonmanual_peaks_gt_0p01us,822095586458131328,2026-01-19T11:51:57.274131328,imap_idex_l1b_sci-10days_20260110_v003.cdf,381
nonmanual_peaks_gt_0p01us,822095624688537344,2026-01-19T11:52:35.504537344,imap_idex_l1b_sci-10days_20260110_v003.cdf,382
nonmanual_peaks_gt_0p01us,822095722986570240,2026-01-19T11:54:13.802570240,imap_idex_l1b_sci-10days_20260110_v003.cdf,383
nonmanual_peaks_gt_0p01us,822095849070418432,2026-01-19T11:56:19.886418432,imap_idex_l1b_sci-10days_20260110_v003.cdf,384
nonmanual_peaks_gt_0p01us,822095859012949760,2026-01-19T11:56:29.828949760,imap_idex_l1b_sci-10days_20260110_v003.cdf,385
nonmanual_peaks_gt_0p01us,822095870444339456,2026-01-19T11:56:41.260339456,imap_idex_l1b_sci-10days_20260110_v003.cdf,386
nonmanual_peaks_gt_0p01us,822095949931569152,2026-01-19T11:58:00.747569152,imap_idex_l1b_sci-10days_20260110_v003.cdf,387
nonmanual_peaks_gt_0p01us,822096069537583104,2026-01-19T12:00:00.353583104,imap_idex_l1b_sci-10days_20260110_v003.cdf,388
nonmanual_peaks_gt_0p01us,822096145413675776,2026-01-19T12:01:16.229675776,imap_idex_l1b_sci-10days_20260110_v003.cdf,389
nonmanual_peaks_gt_0p01us,822096152481589504,2026-01-19T12:01:23.297589504,imap_idex_l1b_sci-10days_20260110_v003.cdf,390
nonmanual_peaks_gt_0p01us,822096159316963584,2026-01-19T12:01:30.132963584,imap_idex_l1b_sci-10days_20260110_v003.cdf,391
nonmanual_peaks_gt_0p01us,822096163459219840,2026-01-19T12:01:34.275219840,imap_idex_l1b_sci-10days_20260110_v003.cdf,392
nonmanual_peaks_gt_0p01us,822096174454010112,2026-01-19T12:01:45.270010112,imap_idex_l1b_sci-10days_20260110_v003.cdf,393
nonmanual_peaks_gt_0p01us,822096208145480320,2026-01-19T12:02:18.961480320,imap_idex_l1b_sci-10days_20260110_v003.cdf,394
nonmanual_peaks_gt_0p01us,822096233827277440,2026-01-19T12:02:44.643277440,imap_idex_l1b_sci-10days_20260110_v003.cdf,395
nonmanual_peaks_gt_0p01us,822096295217723008,2026-01-19T12:03:46.033723008,imap_idex_l1b_sci-10days_20260110_v003.cdf,396
nonmanual_peaks_gt_0p01us,822096369181157504,2026-01-19T12:04:59.997157504,imap_idex_l1b_sci-10days_20260110_v003.cdf,397
nonmanual_peaks_gt_0p01us,822096415125176704,2026-01-19T12:05:45.941176704,imap_idex_l1b_sci-10days_20260110_v003.cdf,398
nonmanual_peaks_gt_0p01us,822139419483453824,2026-01-20T00:02:30.299453824,imap_idex_l1b_sci-10days_20260120_v003.cdf,0
nonmanual_peaks_gt_0p01us,822139445557730816,2026-01-20T00:02:56.373730816,imap_idex_l1b_sci-10days_20260120_v003.cdf,1
nonmanual_peaks_gt_0p01us,822139500362042240,2026-01-20T00:03:51.178042240,imap_idex_l1b_sci-10days_20260120_v003.cdf,2
nonmanual_peaks_gt_0p01us,822139664700936448,2026-01-20T00:06:35.516936448,imap_idex_l1b_sci-10days_20260120_v003.cdf,3
nonmanual_peaks_gt_0p01us,822139683726559616,2026-01-20T00:06:54.542559616,imap_idex_l1b_sci-10days_20260120_v003.cdf,4
nonmanual_peaks_gt_0p01us,822139723030924800,2026-01-20T00:07:33.846924800,imap_idex_l1b_sci-10days_20260120_v003.cdf,5
nonmanual_peaks_gt_0p01us,822139763303149056,2026-01-20T00:08:14.119149056,imap_idex_l1b_sci-10days_20260120_v003.cdf,6
nonmanual_peaks_gt_0p01us,822139769005543936,2026-01-20T00:08:19.821543936,imap_idex_l1b_sci-10days_20260120_v003.cdf,7
nonmanual_peaks_gt_0p01us,822139811888206080,2026-01-20T00:09:02.704206080,imap_idex_l1b_sci-10days_20260120_v003.cdf,8
nonmanual_peaks_gt_0p01us,822139914995094528,2026-01-20T00:10:45.811094528,imap_idex_l1b_sci-10days_20260120_v003.cdf,9
nonmanual_peaks_gt_0p01us,822140018756722560,2026-01-20T00:12:29.572722560,imap_idex_l1b_sci-10days_20260120_v003.cdf,10
nonmanual_peaks_gt_0p01us,822140075915591936,2026-01-20T00:13:26.731591936,imap_idex_l1b_sci-10days_20260120_v003.cdf,11
nonmanual_peaks_gt_0p01us,822140094512675456,2026-01-20T00:13:45.328675456,imap_idex_l1b_sci-10days_20260120_v003.cdf,12
nonmanual_peaks_gt_0p01us,822140384963677952,2026-01-20T00:18:35.779677952,imap_idex_l1b_sci-10days_20260120_v003.cdf,13
nonmanual_peaks_gt_0p01us,822140391084872576,2026-01-20T00:18:41.900872576,imap_idex_l1b_sci-10days_20260120_v003.cdf,14
nonmanual_peaks_gt_0p01us,822140551035910784,2026-01-20T00:21:21.851910784,imap_idex_l1b_sci-10days_20260120_v003.cdf,15
nonmanual_peaks_gt_0p01us,822140575245309312,2026-01-20T00:21:46.061309312,imap_idex_l1b_sci-10days_20260120_v003.cdf,16
nonmanual_peaks_gt_0p01us,822140598825968512,2026-01-20T00:22:09.641968512,imap_idex_l1b_sci-10days_20260120_v003.cdf,17
nonmanual_peaks_gt_0p01us,822140738952764160,2026-01-20T00:24:29.768764160,imap_idex_l1b_sci-10days_20260120_v003.cdf,18
nonmanual_peaks_gt_0p01us,822140750540994048,2026-01-20T00:24:41.356994048,imap_idex_l1b_sci-10days_20260120_v003.cdf,19
nonmanual_peaks_gt_0p01us,822140915284428032,2026-01-20T00:27:26.100428032,imap_idex_l1b_sci-10days_20260120_v003.cdf,20
nonmanual_peaks_gt_0p01us,822140946140960512,2026-01-20T00:27:56.956960512,imap_idex_l1b_sci-10days_20260120_v003.cdf,21
nonmanual_peaks_gt_0p01us,822141146870102528,2026-01-20T00:31:17.686102528,imap_idex_l1b_sci-10days_20260120_v003.cdf,22
nonmanual_peaks_gt_0p01us,822141297576828928,2026-01-20T00:33:48.392828928,imap_idex_l1b_sci-10days_20260120_v003.cdf,23
nonmanual_peaks_gt_0p01us,822141471394254976,2026-01-20T00:36:42.210254976,imap_idex_l1b_sci-10days_20260120_v003.cdf,24
nonmanual_peaks_gt_0p01us,822141957550163968,2026-01-20T00:44:48.366163968,imap_idex_l1b_sci-10days_20260120_v003.cdf,26
nonmanual_peaks_gt_0p01us,822141986199238528,2026-01-20T00:45:17.015238528,imap_idex_l1b_sci-10days_20260120_v003.cdf,27
nonmanual_peaks_gt_0p01us,822142847386815232,2026-01-20T00:59:38.202815232,imap_idex_l1b_sci-10days_20260120_v003.cdf,28
nonmanual_peaks_gt_0p01us,822142926173565312,2026-01-20T01:00:56.989565312,imap_idex_l1b_sci-10days_20260120_v003.cdf,29
nonmanual_peaks_gt_0p01us,822143137271678208,2026-01-20T01:04:28.087678208,imap_idex_l1b_sci-10days_20260120_v003.cdf,30
nonmanual_peaks_gt_0p01us,822143169475989760,2026-01-20T01:05:00.291989760,imap_idex_l1b_sci-10days_20260120_v003.cdf,31
nonmanual_peaks_gt_0p01us,822143266148524032,2026-01-20T01:06:36.964524032,imap_idex_l1b_sci-10days_20260120_v003.cdf,32
nonmanual_peaks_gt_0p01us,822143313357342080,2026-01-20T01:07:24.173342080,imap_idex_l1b_sci-10days_20260120_v003.cdf,33
nonmanual_peaks_gt_0p01us,822143611015478272,2026-01-20T01:12:21.831478272,imap_idex_l1b_sci-10days_20260120_v003.cdf,34
nonmanual_peaks_gt_0p01us,822143856543320704,2026-01-20T01:16:27.359320704,imap_idex_l1b_sci-10days_20260120_v003.cdf,35
nonmanual_peaks_gt_0p01us,822143908667734400,2026-01-20T01:17:19.483734400,imap_idex_l1b_sci-10days_20260120_v003.cdf,36
nonmanual_peaks_gt_0p01us,822144016373358848,2026-01-20T01:19:07.189358848,imap_idex_l1b_sci-10days_20260120_v003.cdf,37
nonmanual_peaks_gt_0p01us,822144051803227392,2026-01-20T01:19:42.619227392,imap_idex_l1b_sci-10days_20260120_v003.cdf,38
nonmanual_peaks_gt_0p01us,822144353936299648,2026-01-20T01:24:44.752299648,imap_idex_l1b_sci-10days_20260120_v003.cdf,39
nonmanual_peaks_gt_0p01us,822144454909070208,2026-01-20T01:26:25.725070208,imap_idex_l1b_sci-10days_20260120_v003.cdf,40
nonmanual_peaks_gt_0p01us,822144557060959744,2026-01-20T01:28:07.876959744,imap_idex_l1b_sci-10days_20260120_v003.cdf,41
nonmanual_peaks_gt_0p01us,822144639973826048,2026-01-20T01:29:30.789826048,imap_idex_l1b_sci-10days_20260120_v003.cdf,42
nonmanual_peaks_gt_0p01us,822144708411565568,2026-01-20T01:30:39.227565568,imap_idex_l1b_sci-10days_20260120_v003.cdf,43
nonmanual_peaks_gt_0p01us,822144911144725632,2026-01-20T01:34:01.960725632,imap_idex_l1b_sci-10days_20260120_v003.cdf,44
nonmanual_peaks_gt_0p01us,822145119071081344,2026-01-20T01:37:29.887081344,imap_idex_l1b_sci-10days_20260120_v003.cdf,45
nonmanual_peaks_gt_0p01us,822145238034315904,2026-01-20T01:39:28.850315904,imap_idex_l1b_sci-10days_20260120_v003.cdf,46
nonmanual_peaks_gt_0p01us,822145441422115712,2026-01-20T01:42:52.238115712,imap_idex_l1b_sci-10days_20260120_v003.cdf,47
nonmanual_peaks_gt_0p01us,822145461923957504,2026-01-20T01:43:12.739957504,imap_idex_l1b_sci-10days_20260120_v003.cdf,48
nonmanual_peaks_gt_0p01us,822145529594877440,2026-01-20T01:44:20.410877440,imap_idex_l1b_sci-10days_20260120_v003.cdf,49
nonmanual_peaks_gt_0p01us,822145596625698048,2026-01-20T01:45:27.441698048,imap_idex_l1b_sci-10days_20260120_v003.cdf,50
nonmanual_peaks_gt_0p01us,822145704615382400,2026-01-20T01:47:15.431382400,imap_idex_l1b_sci-10days_20260120_v003.cdf,51
nonmanual_peaks_gt_0p01us,822145801959696000,2026-01-20T01:48:52.775696000,imap_idex_l1b_sci-10days_20260120_v003.cdf,52
nonmanual_peaks_gt_0p01us,822146016275826048,2026-01-20T01:52:27.091826048,imap_idex_l1b_sci-10days_20260120_v003.cdf,53
nonmanual_peaks_gt_0p01us,822146087368183040,2026-01-20T01:53:38.184183040,imap_idex_l1b_sci-10days_20260120_v003.cdf,54
nonmanual_peaks_gt_0p01us,822146430647178752,2026-01-20T01:59:21.463178752,imap_idex_l1b_sci-10days_20260120_v003.cdf,55
nonmanual_peaks_gt_0p01us,822146449954961664,2026-01-20T01:59:40.770961664,imap_idex_l1b_sci-10days_20260120_v003.cdf,56
nonmanual_peaks_gt_0p01us,822146507211010944,2026-01-20T02:00:38.027010944,imap_idex_l1b_sci-10days_20260120_v003.cdf,57
nonmanual_peaks_gt_0p01us,822146922326462976,2026-01-20T02:07:33.142462976,imap_idex_l1b_sci-10days_20260120_v003.cdf,58
nonmanual_peaks_gt_0p01us,822147083704379776,2026-01-20T02:10:14.520379776,imap_idex_l1b_sci-10days_20260120_v003.cdf,59
nonmanual_peaks_gt_0p01us,822147150668380544,2026-01-20T02:11:21.484380544,imap_idex_l1b_sci-10days_20260120_v003.cdf,60
nonmanual_peaks_gt_0p01us,822147202123674880,2026-01-20T02:12:12.939674880,imap_idex_l1b_sci-10days_20260120_v003.cdf,61
nonmanual_peaks_gt_0p01us,822147292434574720,2026-01-20T02:13:43.250574720,imap_idex_l1b_sci-10days_20260120_v003.cdf,62
nonmanual_peaks_gt_0p01us,822147635552410624,2026-01-20T02:19:26.368410624,imap_idex_l1b_sci-10days_20260120_v003.cdf,63
nonmanual_peaks_gt_0p01us,822147650187717632,2026-01-20T02:19:41.003717632,imap_idex_l1b_sci-10days_20260120_v003.cdf,64
nonmanual_peaks_gt_0p01us,822147699703053824,2026-01-20T02:20:30.519053824,imap_idex_l1b_sci-10days_20260120_v003.cdf,65
nonmanual_peaks_gt_0p01us,822147940678460160,2026-01-20T02:24:31.494460160,imap_idex_l1b_sci-10days_20260120_v003.cdf,66
nonmanual_peaks_gt_0p01us,822148076978319360,2026-01-20T02:26:47.794319360,imap_idex_l1b_sci-10days_20260120_v003.cdf,67
nonmanual_peaks_gt_0p01us,822148254470242048,2026-01-20T02:29:45.286242048,imap_idex_l1b_sci-10days_20260120_v003.cdf,68
nonmanual_peaks_gt_0p01us,822148461108838784,2026-01-20T02:33:11.924838784,imap_idex_l1b_sci-10days_20260120_v003.cdf,69
nonmanual_peaks_gt_0p01us,822149309743766528,2026-01-20T02:47:20.559766528,imap_idex_l1b_sci-10days_20260120_v003.cdf,70
nonmanual_peaks_gt_0p01us,822149319108418176,2026-01-20T02:47:29.924418176,imap_idex_l1b_sci-10days_20260120_v003.cdf,71
nonmanual_peaks_gt_0p01us,822149399328627200,2026-01-20T02:48:50.144627200,imap_idex_l1b_sci-10days_20260120_v003.cdf,72
nonmanual_peaks_gt_0p01us,822149427422322176,2026-01-20T02:49:18.238322176,imap_idex_l1b_sci-10days_20260120_v003.cdf,73
nonmanual_peaks_gt_0p01us,822149520317299840,2026-01-20T02:50:51.133299840,imap_idex_l1b_sci-10days_20260120_v003.cdf,74
nonmanual_peaks_gt_0p01us,822149863753815552,2026-01-20T02:56:34.569815552,imap_idex_l1b_sci-10days_20260120_v003.cdf,75
nonmanual_peaks_gt_0p01us,822149930979835904,2026-01-20T02:57:41.795835904,imap_idex_l1b_sci-10days_20260120_v003.cdf,76
nonmanual_peaks_gt_0p01us,822149990096343552,2026-01-20T02:58:40.912343552,imap_idex_l1b_sci-10days_20260120_v003.cdf,77
nonmanual_peaks_gt_0p01us,822150200784876544,2026-01-20T03:02:11.600876544,imap_idex_l1b_sci-10days_20260120_v003.cdf,78
nonmanual_peaks_gt_0p01us,822150335068157568,2026-01-20T03:04:25.884157568,imap_idex_l1b_sci-10days_20260120_v003.cdf,79
nonmanual_peaks_gt_0p01us,822150605094158336,2026-01-20T03:08:55.910158336,imap_idex_l1b_sci-10days_20260120_v003.cdf,80
nonmanual_peaks_gt_0p01us,822150633747952896,2026-01-20T03:09:24.563952896,imap_idex_l1b_sci-10days_20260120_v003.cdf,81
nonmanual_peaks_gt_0p01us,822150715950520064,2026-01-20T03:10:46.766520064,imap_idex_l1b_sci-10days_20260120_v003.cdf,82
nonmanual_peaks_gt_0p01us,822150862833629696,2026-01-20T03:13:13.649629696,imap_idex_l1b_sci-10days_20260120_v003.cdf,83
nonmanual_peaks_gt_0p01us,822150928521331584,2026-01-20T03:14:19.337331584,imap_idex_l1b_sci-10days_20260120_v003.cdf,84
nonmanual_peaks_gt_0p01us,822150944301857536,2026-01-20T03:14:35.117857536,imap_idex_l1b_sci-10days_20260120_v003.cdf,85
nonmanual_peaks_gt_0p01us,822151043331729920,2026-01-20T03:16:14.147729920,imap_idex_l1b_sci-10days_20260120_v003.cdf,86
nonmanual_peaks_gt_0p01us,822151347116600576,2026-01-20T03:21:17.932600576,imap_idex_l1b_sci-10days_20260120_v003.cdf,87
nonmanual_peaks_gt_0p01us,822151381581509888,2026-01-20T03:21:52.397509888,imap_idex_l1b_sci-10days_20260120_v003.cdf,88
nonmanual_peaks_gt_0p01us,822151463919676928,2026-01-20T03:23:14.735676928,imap_idex_l1b_sci-10days_20260120_v003.cdf,89
nonmanual_peaks_gt_0p01us,822151623264495744,2026-01-20T03:25:54.080495744,imap_idex_l1b_sci-10days_20260120_v003.cdf,90
nonmanual_peaks_gt_0p01us,822151719960529920,2026-01-20T03:27:30.776529920,imap_idex_l1b_sci-10days_20260120_v003.cdf,91
nonmanual_peaks_gt_0p01us,822151766980788352,2026-01-20T03:28:17.796788352,imap_idex_l1b_sci-10days_20260120_v003.cdf,92
nonmanual_peaks_gt_0p01us,822151904524606464,2026-01-20T03:30:35.340606464,imap_idex_l1b_sci-10days_20260120_v003.cdf,93
nonmanual_peaks_gt_0p01us,822151992407328512,2026-01-20T03:32:03.223328512,imap_idex_l1b_sci-10days_20260120_v003.cdf,94
nonmanual_peaks_gt_0p01us,822152184885957888,2026-01-20T03:35:15.701957888,imap_idex_l1b_sci-10days_20260120_v003.cdf,95
nonmanual_peaks_gt_0p01us,822152380767084160,2026-01-20T03:38:31.583084160,imap_idex_l1b_sci-10days_20260120_v003.cdf,96
nonmanual_peaks_gt_0p01us,822152409658298624,2026-01-20T03:39:00.474298624,imap_idex_l1b_sci-10days_20260120_v003.cdf,97
nonmanual_peaks_gt_0p01us,822152472836342656,2026-01-20T03:40:03.652342656,imap_idex_l1b_sci-10days_20260120_v003.cdf,98
nonmanual_peaks_gt_0p01us,822152566148779904,2026-01-20T03:41:36.964779904,imap_idex_l1b_sci-10days_20260120_v003.cdf,99
nonmanual_peaks_gt_0p01us,822152652561303296,2026-01-20T03:43:03.377303296,imap_idex_l1b_sci-10days_20260120_v003.cdf,100
nonmanual_peaks_gt_0p01us,822152696850104064,2026-01-20T03:43:47.666104064,imap_idex_l1b_sci-10days_20260120_v003.cdf,101
nonmanual_peaks_gt_0p01us,822152796061376128,2026-01-20T03:45:26.877376128,imap_idex_l1b_sci-10days_20260120_v003.cdf,102
nonmanual_peaks_gt_0p01us,822152981166051968,2026-01-20T03:48:31.982051968,imap_idex_l1b_sci-10days_20260120_v003.cdf,103
nonmanual_peaks_gt_0p01us,822153082747681920,2026-01-20T03:50:13.563681920,imap_idex_l1b_sci-10days_20260120_v003.cdf,105
nonmanual_peaks_gt_0p01us,822153122931946240,2026-01-20T03:50:53.747946240,imap_idex_l1b_sci-10days_20260120_v003.cdf,106
nonmanual_peaks_gt_0p01us,822153258083946496,2026-01-20T03:53:08.899946496,imap_idex_l1b_sci-10days_20260120_v003.cdf,107
nonmanual_peaks_gt_0p01us,822153281048806144,2026-01-20T03:53:31.864806144,imap_idex_l1b_sci-10days_20260120_v003.cdf,108
nonmanual_peaks_gt_0p01us,822153617561887872,2026-01-20T03:59:08.377887872,imap_idex_l1b_sci-10days_20260120_v003.cdf,109
nonmanual_peaks_gt_0p01us,822153728616849280,2026-01-20T04:00:59.432849280,imap_idex_l1b_sci-10days_20260120_v003.cdf,110
nonmanual_peaks_gt_0p01us,822153921833938176,2026-01-20T04:04:12.649938176,imap_idex_l1b_sci-10days_20260120_v003.cdf,111
nonmanual_peaks_gt_0p01us,822154179985629312,2026-01-20T04:08:30.801629312,imap_idex_l1b_sci-10days_20260120_v003.cdf,112
nonmanual_peaks_gt_0p01us,822154226568328064,2026-01-20T04:09:17.384328064,imap_idex_l1b_sci-10days_20260120_v003.cdf,113
nonmanual_peaks_gt_0p01us,822154279603240960,2026-01-20T04:10:10.419240960,imap_idex_l1b_sci-10days_20260120_v003.cdf,114
nonmanual_peaks_gt_0p01us,822154346706721408,2026-01-20T04:11:17.522721408,imap_idex_l1b_sci-10days_20260120_v003.cdf,115
nonmanual_peaks_gt_0p01us,822154397733936128,2026-01-20T04:12:08.549936128,imap_idex_l1b_sci-10days_20260120_v003.cdf,116
nonmanual_peaks_gt_0p01us,822154407090967936,2026-01-20T04:12:17.906967936,imap_idex_l1b_sci-10days_20260120_v003.cdf,117
nonmanual_peaks_gt_0p01us,822154412178463488,2026-01-20T04:12:22.994463488,imap_idex_l1b_sci-10days_20260120_v003.cdf,118
nonmanual_peaks_gt_0p01us,822154902645048576,2026-01-20T04:20:33.461048576,imap_idex_l1b_sci-10days_20260120_v003.cdf,119
nonmanual_peaks_gt_0p01us,822155410824358144,2026-01-20T04:29:01.640358144,imap_idex_l1b_sci-10days_20260120_v003.cdf,120
nonmanual_peaks_gt_0p01us,822156124094265856,2026-01-20T04:40:54.910265856,imap_idex_l1b_sci-10days_20260120_v003.cdf,121
nonmanual_peaks_gt_0p01us,822156200511538176,2026-01-20T04:42:11.327538176,imap_idex_l1b_sci-10days_20260120_v003.cdf,122
nonmanual_peaks_gt_0p01us,822156268161238144,2026-01-20T04:43:18.977238144,imap_idex_l1b_sci-10days_20260120_v003.cdf,123
nonmanual_peaks_gt_0p01us,822156389242070784,2026-01-20T04:45:20.058070784,imap_idex_l1b_sci-10days_20260120_v003.cdf,124
nonmanual_peaks_gt_0p01us,822156417651085696,2026-01-20T04:45:48.467085696,imap_idex_l1b_sci-10days_20260120_v003.cdf,125
nonmanual_peaks_gt_0p01us,822157377637654656,2026-01-20T05:01:48.453654656,imap_idex_l1b_sci-10days_20260120_v003.cdf,126
nonmanual_peaks_gt_0p01us,822157427993990016,2026-01-20T05:02:38.809990016,imap_idex_l1b_sci-10days_20260120_v003.cdf,127
nonmanual_peaks_gt_0p01us,822157565928707712,2026-01-20T05:04:56.744707712,imap_idex_l1b_sci-10days_20260120_v003.cdf,128
nonmanual_peaks_gt_0p01us,822157601707356032,2026-01-20T05:05:32.523356032,imap_idex_l1b_sci-10days_20260120_v003.cdf,129
nonmanual_peaks_gt_0p01us,822157666279418880,2026-01-20T05:06:37.095418880,imap_idex_l1b_sci-10days_20260120_v003.cdf,130
nonmanual_peaks_gt_0p01us,822157678253388288,2026-01-20T05:06:49.069388288,imap_idex_l1b_sci-10days_20260120_v003.cdf,131
nonmanual_peaks_gt_0p01us,822157819632642816,2026-01-20T05:09:10.448642816,imap_idex_l1b_sci-10days_20260120_v003.cdf,132
nonmanual_peaks_gt_0p01us,822157958694779520,2026-01-20T05:11:29.510779520,imap_idex_l1b_sci-10days_20260120_v003.cdf,133
nonmanual_peaks_gt_0p01us,822158066651123840,2026-01-20T05:13:17.467123840,imap_idex_l1b_sci-10days_20260120_v003.cdf,134
nonmanual_peaks_gt_0p01us,822158128439629056,2026-01-20T05:14:19.255629056,imap_idex_l1b_sci-10days_20260120_v003.cdf,135
nonmanual_peaks_gt_0p01us,822158216864090624,2026-01-20T05:15:47.680090624,imap_idex_l1b_sci-10days_20260120_v003.cdf,136
nonmanual_peaks_gt_0p01us,822158372026613120,2026-01-20T05:18:22.842613120,imap_idex_l1b_sci-10days_20260120_v003.cdf,137
nonmanual_peaks_gt_0p01us,822158511133109760,2026-01-20T05:20:41.949109760,imap_idex_l1b_sci-10days_20260120_v003.cdf,138
nonmanual_peaks_gt_0p01us,822158559760806784,2026-01-20T05:21:30.576806784,imap_idex_l1b_sci-10days_20260120_v003.cdf,139
nonmanual_peaks_gt_0p01us,822158707691555712,2026-01-20T05:23:58.507555712,imap_idex_l1b_sci-10days_20260120_v003.cdf,140
nonmanual_peaks_gt_0p01us,822158846721432320,2026-01-20T05:26:17.537432320,imap_idex_l1b_sci-10days_20260120_v003.cdf,141
nonmanual_peaks_gt_0p01us,822158955328996096,2026-01-20T05:28:06.144996096,imap_idex_l1b_sci-10days_20260120_v003.cdf,142
nonmanual_peaks_gt_0p01us,822158984892129920,2026-01-20T05:28:35.708129920,imap_idex_l1b_sci-10days_20260120_v003.cdf,143
nonmanual_peaks_gt_0p01us,822159036693544064,2026-01-20T05:29:27.509544064,imap_idex_l1b_sci-10days_20260120_v003.cdf,144
nonmanual_peaks_gt_0p01us,822159076899908352,2026-01-20T05:30:07.715908352,imap_idex_l1b_sci-10days_20260120_v003.cdf,145
nonmanual_peaks_gt_0p01us,822159339294095744,2026-01-20T05:34:30.110095744,imap_idex_l1b_sci-10days_20260120_v003.cdf,146
nonmanual_peaks_gt_0p01us,822159388672252032,2026-01-20T05:35:19.488252032,imap_idex_l1b_sci-10days_20260120_v003.cdf,147
nonmanual_peaks_gt_0p01us,822159429241036032,2026-01-20T05:36:00.057036032,imap_idex_l1b_sci-10days_20260120_v003.cdf,148
nonmanual_peaks_gt_0p01us,822159439937306496,2026-01-20T05:36:10.753306496,imap_idex_l1b_sci-10days_20260120_v003.cdf,149
nonmanual_peaks_gt_0p01us,822159468242181504,2026-01-20T05:36:39.058181504,imap_idex_l1b_sci-10days_20260120_v003.cdf,150
nonmanual_peaks_gt_0p01us,822159586793056384,2026-01-20T05:38:37.609056384,imap_idex_l1b_sci-10days_20260120_v003.cdf,151
nonmanual_peaks_gt_0p01us,822159631474776704,2026-01-20T05:39:22.290776704,imap_idex_l1b_sci-10days_20260120_v003.cdf,152
nonmanual_peaks_gt_0p01us,822159650180900096,2026-01-20T05:39:40.996900096,imap_idex_l1b_sci-10days_20260120_v003.cdf,153
nonmanual_peaks_gt_0p01us,822159673296359680,2026-01-20T05:40:04.112359680,imap_idex_l1b_sci-10days_20260120_v003.cdf,154
nonmanual_peaks_gt_0p01us,822159691526523648,2026-01-20T05:40:22.342523648,imap_idex_l1b_sci-10days_20260120_v003.cdf,155
nonmanual_peaks_gt_0p01us,822159722163756416,2026-01-20T05:40:52.979756416,imap_idex_l1b_sci-10days_20260120_v003.cdf,156
nonmanual_peaks_gt_0p01us,822159730202829184,2026-01-20T05:41:01.018829184,imap_idex_l1b_sci-10days_20260120_v003.cdf,157
nonmanual_peaks_gt_0p01us,822159827448082944,2026-01-20T05:42:38.264082944,imap_idex_l1b_sci-10days_20260120_v003.cdf,158
nonmanual_peaks_gt_0p01us,822159865462909312,2026-01-20T05:43:16.278909312,imap_idex_l1b_sci-10days_20260120_v003.cdf,159
nonmanual_peaks_gt_0p01us,822159886373250688,2026-01-20T05:43:37.189250688,imap_idex_l1b_sci-10days_20260120_v003.cdf,160
nonmanual_peaks_gt_0p01us,822159931531730816,2026-01-20T05:44:22.347730816,imap_idex_l1b_sci-10days_20260120_v003.cdf,161
nonmanual_peaks_gt_0p01us,822160007584143360,2026-01-20T05:45:38.400143360,imap_idex_l1b_sci-10days_20260120_v003.cdf,162
nonmanual_peaks_gt_0p01us,822160044141910912,2026-01-20T05:46:14.957910912,imap_idex_l1b_sci-10days_20260120_v003.cdf,163
nonmanual_peaks_gt_0p01us,822160087663592320,2026-01-20T05:46:58.479592320,imap_idex_l1b_sci-10days_20260120_v003.cdf,164
nonmanual_peaks_gt_0p01us,822160197894214656,2026-01-20T05:48:48.710214656,imap_idex_l1b_sci-10days_20260120_v003.cdf,165
nonmanual_peaks_gt_0p01us,822160333120794752,2026-01-20T05:51:03.936794752,imap_idex_l1b_sci-10days_20260120_v003.cdf,166
nonmanual_peaks_gt_0p01us,822160352134897792,2026-01-20T05:51:22.950897792,imap_idex_l1b_sci-10days_20260120_v003.cdf,167
nonmanual_peaks_gt_0p01us,822160365555705984,2026-01-20T05:51:36.371705984,imap_idex_l1b_sci-10days_20260120_v003.cdf,168
nonmanual_peaks_gt_0p01us,822160387710026368,2026-01-20T05:51:58.526026368,imap_idex_l1b_sci-10days_20260120_v003.cdf,169
nonmanual_peaks_gt_0p01us,822160443421336832,2026-01-20T05:52:54.237336832,imap_idex_l1b_sci-10days_20260120_v003.cdf,170
nonmanual_peaks_gt_0p01us,822160527266082688,2026-01-20T05:54:18.082082688,imap_idex_l1b_sci-10days_20260120_v003.cdf,171
nonmanual_peaks_gt_0p01us,822160605751713152,2026-01-20T05:55:36.567713152,imap_idex_l1b_sci-10days_20260120_v003.cdf,172
nonmanual_peaks_gt_0p01us,822160638468584192,2026-01-20T05:56:09.284584192,imap_idex_l1b_sci-10days_20260120_v003.cdf,173
nonmanual_peaks_gt_0p01us,822160667671258240,2026-01-20T05:56:38.487258240,imap_idex_l1b_sci-10days_20260120_v003.cdf,174
nonmanual_peaks_gt_0p01us,822160673009813504,2026-01-20T05:56:43.825813504,imap_idex_l1b_sci-10days_20260120_v003.cdf,175
nonmanual_peaks_gt_0p01us,822160687822880256,2026-01-20T05:56:58.638880256,imap_idex_l1b_sci-10days_20260120_v003.cdf,176
nonmanual_peaks_gt_0p01us,822160718541013120,2026-01-20T05:57:29.357013120,imap_idex_l1b_sci-10days_20260120_v003.cdf,177
nonmanual_peaks_gt_0p01us,822160819630763392,2026-01-20T05:59:10.446763392,imap_idex_l1b_sci-10days_20260120_v003.cdf,178
nonmanual_peaks_gt_0p01us,822160834371330560,2026-01-20T05:59:25.187330560,imap_idex_l1b_sci-10days_20260120_v003.cdf,179
nonmanual_peaks_gt_0p01us,822160847373878784,2026-01-20T05:59:38.189878784,imap_idex_l1b_sci-10days_20260120_v003.cdf,180
nonmanual_peaks_gt_0p01us,822160851556155264,2026-01-20T05:59:42.372155264,imap_idex_l1b_sci-10days_20260120_v003.cdf,181
nonmanual_peaks_gt_0p01us,822160860871406976,2026-01-20T05:59:51.687406976,imap_idex_l1b_sci-10days_20260120_v003.cdf,182
nonmanual_peaks_gt_0p01us,822160879651330176,2026-01-20T06:00:10.467330176,imap_idex_l1b_sci-10days_20260120_v003.cdf,183
nonmanual_peaks_gt_0p01us,822160892146759168,2026-01-20T06:00:22.962759168,imap_idex_l1b_sci-10days_20260120_v003.cdf,184
nonmanual_peaks_gt_0p01us,822160914206479616,2026-01-20T06:00:45.022479616,imap_idex_l1b_sci-10days_20260120_v003.cdf,185
nonmanual_peaks_gt_0p01us,822161029423637504,2026-01-20T06:02:40.239637504,imap_idex_l1b_sci-10days_20260120_v003.cdf,186
nonmanual_peaks_gt_0p01us,822161064430086528,2026-01-20T06:03:15.246086528,imap_idex_l1b_sci-10days_20260120_v003.cdf,187
nonmanual_peaks_gt_0p01us,822161105882829696,2026-01-20T06:03:56.698829696,imap_idex_l1b_sci-10days_20260120_v003.cdf,188
nonmanual_peaks_gt_0p01us,822161223005105920,2026-01-20T06:05:53.821105920,imap_idex_l1b_sci-10days_20260120_v003.cdf,189
nonmanual_peaks_gt_0p01us,822161312271166848,2026-01-20T06:07:23.087166848,imap_idex_l1b_sci-10days_20260120_v003.cdf,190
nonmanual_peaks_gt_0p01us,822161339561382528,2026-01-20T06:07:50.377382528,imap_idex_l1b_sci-10days_20260120_v003.cdf,191
nonmanual_peaks_gt_0p01us,822161363151681664,2026-01-20T06:08:13.967681664,imap_idex_l1b_sci-10days_20260120_v003.cdf,192
nonmanual_peaks_gt_0p01us,822161377284509184,2026-01-20T06:08:28.100509184,imap_idex_l1b_sci-10days_20260120_v003.cdf,193
nonmanual_peaks_gt_0p01us,822161395708672768,2026-01-20T06:08:46.524672768,imap_idex_l1b_sci-10days_20260120_v003.cdf,194
nonmanual_peaks_gt_0p01us,822161431992200704,2026-01-20T06:09:22.808200704,imap_idex_l1b_sci-10days_20260120_v003.cdf,195
nonmanual_peaks_gt_0p01us,822161437769815424,2026-01-20T06:09:28.585815424,imap_idex_l1b_sci-10days_20260120_v003.cdf,196
nonmanual_peaks_gt_0p01us,822161445125169024,2026-01-20T06:09:35.941169024,imap_idex_l1b_sci-10days_20260120_v003.cdf,197
nonmanual_peaks_gt_0p01us,822161454836260352,2026-01-20T06:09:45.652260352,imap_idex_l1b_sci-10days_20260120_v003.cdf,198
nonmanual_peaks_gt_0p01us,822161479415818752,2026-01-20T06:10:10.231818752,imap_idex_l1b_sci-10days_20260120_v003.cdf,199
nonmanual_peaks_gt_0p01us,822161492011187456,2026-01-20T06:10:22.827187456,imap_idex_l1b_sci-10days_20260120_v003.cdf,200
nonmanual_peaks_gt_0p01us,822161543196282112,2026-01-20T06:11:14.012282112,imap_idex_l1b_sci-10days_20260120_v003.cdf,201
nonmanual_peaks_gt_0p01us,822161587399022848,2026-01-20T06:11:58.215022848,imap_idex_l1b_sci-10days_20260120_v003.cdf,202
nonmanual_peaks_gt_0p01us,822161634128581376,2026-01-20T06:12:44.944581376,imap_idex_l1b_sci-10days_20260120_v003.cdf,203
nonmanual_peaks_gt_0p01us,822161673156446976,2026-01-20T06:13:23.972446976,imap_idex_l1b_sci-10days_20260120_v003.cdf,204
nonmanual_peaks_gt_0p01us,822161689647412224,2026-01-20T06:13:40.463412224,imap_idex_l1b_sci-10days_20260120_v003.cdf,205
nonmanual_peaks_gt_0p01us,822161720173085184,2026-01-20T06:14:10.989085184,imap_idex_l1b_sci-10days_20260120_v003.cdf,206
nonmanual_peaks_gt_0p01us,822161741193046528,2026-01-20T06:14:32.009046528,imap_idex_l1b_sci-10days_20260120_v003.cdf,207
nonmanual_peaks_gt_0p01us,822161762988447232,2026-01-20T06:14:53.804447232,imap_idex_l1b_sci-10days_20260120_v003.cdf,208
nonmanual_peaks_gt_0p01us,822161778219293824,2026-01-20T06:15:09.035293824,imap_idex_l1b_sci-10days_20260120_v003.cdf,209
nonmanual_peaks_gt_0p01us,822161831868266112,2026-01-20T06:16:02.684266112,imap_idex_l1b_sci-10days_20260120_v003.cdf,210
nonmanual_peaks_gt_0p01us,822161868571453568,2026-01-20T06:16:39.387453568,imap_idex_l1b_sci-10days_20260120_v003.cdf,211
nonmanual_peaks_gt_0p01us,822161892674872320,2026-01-20T06:17:03.490872320,imap_idex_l1b_sci-10days_20260120_v003.cdf,212
nonmanual_peaks_gt_0p01us,822161899405686272,2026-01-20T06:17:10.221686272,imap_idex_l1b_sci-10days_20260120_v003.cdf,213
nonmanual_peaks_gt_0p01us,822161993869602560,2026-01-20T06:18:44.685602560,imap_idex_l1b_sci-10days_20260120_v003.cdf,214
nonmanual_peaks_gt_0p01us,822162043011619072,2026-01-20T06:19:33.827619072,imap_idex_l1b_sci-10days_20260120_v003.cdf,215
nonmanual_peaks_gt_0p01us,822162053598269568,2026-01-20T06:19:44.414269568,imap_idex_l1b_sci-10days_20260120_v003.cdf,216
nonmanual_peaks_gt_0p01us,822162060235963648,2026-01-20T06:19:51.051963648,imap_idex_l1b_sci-10days_20260120_v003.cdf,217
nonmanual_peaks_gt_0p01us,822162093868733824,2026-01-20T06:20:24.684733824,imap_idex_l1b_sci-10days_20260120_v003.cdf,218
nonmanual_peaks_gt_0p01us,822162103357885440,2026-01-20T06:20:34.173885440,imap_idex_l1b_sci-10days_20260120_v003.cdf,219
nonmanual_peaks_gt_0p01us,822162109136080384,2026-01-20T06:20:39.952080384,imap_idex_l1b_sci-10days_20260120_v003.cdf,220
nonmanual_peaks_gt_0p01us,822162129863961984,2026-01-20T06:21:00.679961984,imap_idex_l1b_sci-10days_20260120_v003.cdf,221
nonmanual_peaks_gt_0p01us,822162238398785792,2026-01-20T06:22:49.214785792,imap_idex_l1b_sci-10days_20260120_v003.cdf,222
nonmanual_peaks_gt_0p01us,822162243004161664,2026-01-20T06:22:53.820161664,imap_idex_l1b_sci-10days_20260120_v003.cdf,223
nonmanual_peaks_gt_0p01us,822162247890717440,2026-01-20T06:22:58.706717440,imap_idex_l1b_sci-10days_20260120_v003.cdf,224
nonmanual_peaks_gt_0p01us,822162258276868096,2026-01-20T06:23:09.092868096,imap_idex_l1b_sci-10days_20260120_v003.cdf,225
nonmanual_peaks_gt_0p01us,822162271378076544,2026-01-20T06:23:22.194076544,imap_idex_l1b_sci-10days_20260120_v003.cdf,226
nonmanual_peaks_gt_0p01us,822162306185305728,2026-01-20T06:23:57.001305728,imap_idex_l1b_sci-10days_20260120_v003.cdf,227
nonmanual_peaks_gt_0p01us,822162339709536128,2026-01-20T06:24:30.525536128,imap_idex_l1b_sci-10days_20260120_v003.cdf,228
nonmanual_peaks_gt_0p01us,822162356057641472,2026-01-20T06:24:46.873641472,imap_idex_l1b_sci-10days_20260120_v003.cdf,229
nonmanual_peaks_gt_0p01us,822162390129431424,2026-01-20T06:25:20.945431424,imap_idex_l1b_sci-10days_20260120_v003.cdf,230
nonmanual_peaks_gt_0p01us,822162430226815744,2026-01-20T06:26:01.042815744,imap_idex_l1b_sci-10days_20260120_v003.cdf,231
nonmanual_peaks_gt_0p01us,822162438255888640,2026-01-20T06:26:09.071888640,imap_idex_l1b_sci-10days_20260120_v003.cdf,232
nonmanual_peaks_gt_0p01us,822162482878369152,2026-01-20T06:26:53.694369152,imap_idex_l1b_sci-10days_20260120_v003.cdf,233
nonmanual_peaks_gt_0p01us,822162524402352384,2026-01-20T06:27:35.218352384,imap_idex_l1b_sci-10days_20260120_v003.cdf,234
nonmanual_peaks_gt_0p01us,822162541130637440,2026-01-20T06:27:51.946637440,imap_idex_l1b_sci-10days_20260120_v003.cdf,235
nonmanual_peaks_gt_0p01us,822162547541471744,2026-01-20T06:27:58.357471744,imap_idex_l1b_sci-10days_20260120_v003.cdf,236
nonmanual_peaks_gt_0p01us,822162556267224064,2026-01-20T06:28:07.083224064,imap_idex_l1b_sci-10days_20260120_v003.cdf,237
nonmanual_peaks_gt_0p01us,822162576535606144,2026-01-20T06:28:27.351606144,imap_idex_l1b_sci-10days_20260120_v003.cdf,238
nonmanual_peaks_gt_0p01us,822162600554684800,2026-01-20T06:28:51.370684800,imap_idex_l1b_sci-10days_20260120_v003.cdf,239
nonmanual_peaks_gt_0p01us,822162618534648832,2026-01-20T06:29:09.350648832,imap_idex_l1b_sci-10days_20260120_v003.cdf,240
nonmanual_peaks_gt_0p01us,822162626795841408,2026-01-20T06:29:17.611841408,imap_idex_l1b_sci-10days_20260120_v003.cdf,241
nonmanual_peaks_gt_0p01us,822162642537947520,2026-01-20T06:29:33.353947520,imap_idex_l1b_sci-10days_20260120_v003.cdf,242
nonmanual_peaks_gt_0p01us,822162680715913600,2026-01-20T06:30:11.531913600,imap_idex_l1b_sci-10days_20260120_v003.cdf,243
nonmanual_peaks_gt_0p01us,822162703775633152,2026-01-20T06:30:34.591633152,imap_idex_l1b_sci-10days_20260120_v003.cdf,244
nonmanual_peaks_gt_0p01us,822162721718097408,2026-01-20T06:30:52.534097408,imap_idex_l1b_sci-10days_20260120_v003.cdf,245
nonmanual_peaks_gt_0p01us,822162777489607936,2026-01-20T06:31:48.305607936,imap_idex_l1b_sci-10days_20260120_v003.cdf,246
nonmanual_peaks_gt_0p01us,822162783294562688,2026-01-20T06:31:54.110562688,imap_idex_l1b_sci-10days_20260120_v003.cdf,247
nonmanual_peaks_gt_0p01us,822162911810088832,2026-01-20T06:34:02.626088832,imap_idex_l1b_sci-10days_20260120_v003.cdf,248
nonmanual_peaks_gt_0p01us,822162940534183424,2026-01-20T06:34:31.350183424,imap_idex_l1b_sci-10days_20260120_v003.cdf,249
nonmanual_peaks_gt_0p01us,822163056097540992,2026-01-20T06:36:26.913540992,imap_idex_l1b_sci-10days_20260120_v003.cdf,250
nonmanual_peaks_gt_0p01us,822163158004410624,2026-01-20T06:38:08.820410624,imap_idex_l1b_sci-10days_20260120_v003.cdf,251
nonmanual_peaks_gt_0p01us,822163183655127936,2026-01-20T06:38:34.471127936,imap_idex_l1b_sci-10days_20260120_v003.cdf,252
nonmanual_peaks_gt_0p01us,822163213296021632,2026-01-20T06:39:04.112021632,imap_idex_l1b_sci-10days_20260120_v003.cdf,253
nonmanual_peaks_gt_0p01us,822163230992565888,2026-01-20T06:39:21.808565888,imap_idex_l1b_sci-10days_20260120_v003.cdf,254
nonmanual_peaks_gt_0p01us,822163285163997952,2026-01-20T06:40:15.979997952,imap_idex_l1b_sci-10days_20260120_v003.cdf,255
nonmanual_peaks_gt_0p01us,822163332130456192,2026-01-20T06:41:02.946456192,imap_idex_l1b_sci-10days_20260120_v003.cdf,256
nonmanual_peaks_gt_0p01us,822163344495405184,2026-01-20T06:41:15.311405184,imap_idex_l1b_sci-10days_20260120_v003.cdf,257
nonmanual_peaks_gt_0p01us,822163357832713472,2026-01-20T06:41:28.648713472,imap_idex_l1b_sci-10days_20260120_v003.cdf,258
nonmanual_peaks_gt_0p01us,822163470261753856,2026-01-20T06:43:21.077753856,imap_idex_l1b_sci-10days_20260120_v003.cdf,259
nonmanual_peaks_gt_0p01us,822163508439399936,2026-01-20T06:43:59.255399936,imap_idex_l1b_sci-10days_20260120_v003.cdf,260
nonmanual_peaks_gt_0p01us,822163513214175744,2026-01-20T06:44:04.030175744,imap_idex_l1b_sci-10days_20260120_v003.cdf,261
nonmanual_peaks_gt_0p01us,822163579685116928,2026-01-20T06:45:10.501116928,imap_idex_l1b_sci-10days_20260120_v003.cdf,262
nonmanual_peaks_gt_0p01us,822163628360793600,2026-01-20T06:45:59.176793600,imap_idex_l1b_sci-10days_20260120_v003.cdf,263
nonmanual_peaks_gt_0p01us,822163904491308800,2026-01-20T06:50:35.307308800,imap_idex_l1b_sci-10days_20260120_v003.cdf,264
nonmanual_peaks_gt_0p01us,822163955438503680,2026-01-20T06:51:26.254503680,imap_idex_l1b_sci-10days_20260120_v003.cdf,265
nonmanual_peaks_gt_0p01us,822164031727856128,2026-01-20T06:52:42.543856128,imap_idex_l1b_sci-10days_20260120_v003.cdf,266
nonmanual_peaks_gt_0p01us,822164057391653248,2026-01-20T06:53:08.207653248,imap_idex_l1b_sci-10days_20260120_v003.cdf,267
nonmanual_peaks_gt_0p01us,822164063409568000,2026-01-20T06:53:14.225568000,imap_idex_l1b_sci-10days_20260120_v003.cdf,268
nonmanual_peaks_gt_0p01us,822164075301897344,2026-01-20T06:53:26.117897344,imap_idex_l1b_sci-10days_20260120_v003.cdf,269
nonmanual_peaks_gt_0p01us,822164101500134272,2026-01-20T06:53:52.316134272,imap_idex_l1b_sci-10days_20260120_v003.cdf,270
nonmanual_peaks_gt_0p01us,822164155841606144,2026-01-20T06:54:46.657606144,imap_idex_l1b_sci-10days_20260120_v003.cdf,271
nonmanual_peaks_gt_0p01us,822164194073232128,2026-01-20T06:55:24.889232128,imap_idex_l1b_sci-10days_20260120_v003.cdf,272
nonmanual_peaks_gt_0p01us,822164238368912896,2026-01-20T06:56:09.184912896,imap_idex_l1b_sci-10days_20260120_v003.cdf,273
nonmanual_peaks_gt_0p01us,822164288384268544,2026-01-20T06:56:59.200268544,imap_idex_l1b_sci-10days_20260120_v003.cdf,274
nonmanual_peaks_gt_0p01us,822164334857927296,2026-01-20T06:57:45.673927296,imap_idex_l1b_sci-10days_20260120_v003.cdf,275
nonmanual_peaks_gt_0p01us,822164351941332224,2026-01-20T06:58:02.757332224,imap_idex_l1b_sci-10days_20260120_v003.cdf,276
nonmanual_peaks_gt_0p01us,822164395756313344,2026-01-20T06:58:46.572313344,imap_idex_l1b_sci-10days_20260120_v003.cdf,277
nonmanual_peaks_gt_0p01us,822164462162574592,2026-01-20T06:59:52.978574592,imap_idex_l1b_sci-10days_20260120_v003.cdf,278
nonmanual_peaks_gt_0p01us,822164524838098944,2026-01-20T07:00:55.654098944,imap_idex_l1b_sci-10days_20260120_v003.cdf,279
nonmanual_peaks_gt_0p01us,822164538275087104,2026-01-20T07:01:09.091087104,imap_idex_l1b_sci-10days_20260120_v003.cdf,280
nonmanual_peaks_gt_0p01us,822164622825892096,2026-01-20T07:02:33.641892096,imap_idex_l1b_sci-10days_20260120_v003.cdf,281
nonmanual_peaks_gt_0p01us,822164651989046272,2026-01-20T07:03:02.805046272,imap_idex_l1b_sci-10days_20260120_v003.cdf,282
nonmanual_peaks_gt_0p01us,822164735986151808,2026-01-20T07:04:26.802151808,imap_idex_l1b_sci-10days_20260120_v003.cdf,283
nonmanual_peaks_gt_0p01us,822164851125429632,2026-01-20T07:06:21.941429632,imap_idex_l1b_sci-10days_20260120_v003.cdf,284
nonmanual_peaks_gt_0p01us,822164869778813184,2026-01-20T07:06:40.594813184,imap_idex_l1b_sci-10days_20260120_v003.cdf,285
nonmanual_peaks_gt_0p01us,822164930663499264,2026-01-20T07:07:41.479499264,imap_idex_l1b_sci-10days_20260120_v003.cdf,286
nonmanual_peaks_gt_0p01us,822164977232897920,2026-01-20T07:08:28.048897920,imap_idex_l1b_sci-10days_20260120_v003.cdf,287
nonmanual_peaks_gt_0p01us,822165063252321664,2026-01-20T07:09:54.068321664,imap_idex_l1b_sci-10days_20260120_v003.cdf,288
nonmanual_peaks_gt_0p01us,822165075766350592,2026-01-20T07:10:06.582350592,imap_idex_l1b_sci-10days_20260120_v003.cdf,289
nonmanual_peaks_gt_0p01us,822165133681519232,2026-01-20T07:11:04.497519232,imap_idex_l1b_sci-10days_20260120_v003.cdf,290
nonmanual_peaks_gt_0p01us,822165142766491136,2026-01-20T07:11:13.582491136,imap_idex_l1b_sci-10days_20260120_v003.cdf,291
nonmanual_peaks_gt_0p01us,822165196727143424,2026-01-20T07:12:07.543143424,imap_idex_l1b_sci-10days_20260120_v003.cdf,292
nonmanual_peaks_gt_0p01us,822165539674079360,2026-01-20T07:17:50.490079360,imap_idex_l1b_sci-10days_20260120_v003.cdf,293
nonmanual_peaks_gt_0p01us,822165665490307840,2026-01-20T07:19:56.306307840,imap_idex_l1b_sci-10days_20260120_v003.cdf,294
nonmanual_peaks_gt_0p01us,822165676974877696,2026-01-20T07:20:07.790877696,imap_idex_l1b_sci-10days_20260120_v003.cdf,295
nonmanual_peaks_gt_0p01us,822165713483825152,2026-01-20T07:20:44.299825152,imap_idex_l1b_sci-10days_20260120_v003.cdf,296
nonmanual_peaks_gt_0p01us,822165810041819648,2026-01-20T07:22:20.857819648,imap_idex_l1b_sci-10days_20260120_v003.cdf,297
nonmanual_peaks_gt_0p01us,822165855526459392,2026-01-20T07:23:06.342459392,imap_idex_l1b_sci-10days_20260120_v003.cdf,298
nonmanual_peaks_gt_0p01us,822165870325746176,2026-01-20T07:23:21.141746176,imap_idex_l1b_sci-10days_20260120_v003.cdf,299
nonmanual_peaks_gt_0p01us,822165903205877248,2026-01-20T07:23:54.021877248,imap_idex_l1b_sci-10days_20260120_v003.cdf,300
nonmanual_peaks_gt_0p01us,822165977656791040,2026-01-20T07:25:08.472791040,imap_idex_l1b_sci-10days_20260120_v003.cdf,301
nonmanual_peaks_gt_0p01us,822166027033287424,2026-01-20T07:25:57.849287424,imap_idex_l1b_sci-10days_20260120_v003.cdf,302
nonmanual_peaks_gt_0p01us,822166078090922112,2026-01-20T07:26:48.906922112,imap_idex_l1b_sci-10days_20260120_v003.cdf,303
nonmanual_peaks_gt_0p01us,822166089571191936,2026-01-20T07:27:00.387191936,imap_idex_l1b_sci-10days_20260120_v003.cdf,304
nonmanual_peaks_gt_0p01us,822166223323833344,2026-01-20T07:29:14.139833344,imap_idex_l1b_sci-10days_20260120_v003.cdf,305
nonmanual_peaks_gt_0p01us,822166341138448896,2026-01-20T07:31:11.954448896,imap_idex_l1b_sci-10days_20260120_v003.cdf,306
nonmanual_peaks_gt_0p01us,822166400422656384,2026-01-20T07:32:11.238656384,imap_idex_l1b_sci-10days_20260120_v003.cdf,307
nonmanual_peaks_gt_0p01us,822166441630079744,2026-01-20T07:32:52.446079744,imap_idex_l1b_sci-10days_20260120_v003.cdf,308
nonmanual_peaks_gt_0p01us,822166465699518464,2026-01-20T07:33:16.515518464,imap_idex_l1b_sci-10days_20260120_v003.cdf,309
nonmanual_peaks_gt_0p01us,822166524428046336,2026-01-20T07:34:15.244046336,imap_idex_l1b_sci-10days_20260120_v003.cdf,310
nonmanual_peaks_gt_0p01us,822166538892593664,2026-01-20T07:34:29.708593664,imap_idex_l1b_sci-10days_20260120_v003.cdf,311
nonmanual_peaks_gt_0p01us,822166546415386880,2026-01-20T07:34:37.231386880,imap_idex_l1b_sci-10days_20260120_v003.cdf,312
nonmanual_peaks_gt_0p01us,822166650068795008,2026-01-20T07:36:20.884795008,imap_idex_l1b_sci-10days_20260120_v003.cdf,313
nonmanual_peaks_gt_0p01us,822166660206366080,2026-01-20T07:36:31.022366080,imap_idex_l1b_sci-10days_20260120_v003.cdf,314
nonmanual_peaks_gt_0p01us,822166738992116224,2026-01-20T07:37:49.808116224,imap_idex_l1b_sci-10days_20260120_v003.cdf,315
nonmanual_peaks_gt_0p01us,822166790170150784,2026-01-20T07:38:40.986150784,imap_idex_l1b_sci-10days_20260120_v003.cdf,316
nonmanual_peaks_gt_0p01us,822166817682226432,2026-01-20T07:39:08.498226432,imap_idex_l1b_sci-10days_20260120_v003.cdf,317
nonmanual_peaks_gt_0p01us,822166851228456576,2026-01-20T07:39:42.044456576,imap_idex_l1b_sci-10days_20260120_v003.cdf,318
nonmanual_peaks_gt_0p01us,822166935105942400,2026-01-20T07:41:05.921942400,imap_idex_l1b_sci-10days_20260120_v003.cdf,319
nonmanual_peaks_gt_0p01us,822166993527890560,2026-01-20T07:42:04.343890560,imap_idex_l1b_sci-10days_20260120_v003.cdf,320
nonmanual_peaks_gt_0p01us,822167053387157504,2026-01-20T07:43:04.203157504,imap_idex_l1b_sci-10days_20260120_v003.cdf,321
nonmanual_peaks_gt_0p01us,822167146886174720,2026-01-20T07:44:37.702174720,imap_idex_l1b_sci-10days_20260120_v003.cdf,322
nonmanual_peaks_gt_0p01us,822167233189378176,2026-01-20T07:46:04.005378176,imap_idex_l1b_sci-10days_20260120_v003.cdf,323
nonmanual_peaks_gt_0p01us,822167283623313408,2026-01-20T07:46:54.439313408,imap_idex_l1b_sci-10days_20260120_v003.cdf,324
nonmanual_peaks_gt_0p01us,822167501665260032,2026-01-20T07:50:32.481260032,imap_idex_l1b_sci-10days_20260120_v003.cdf,325
nonmanual_peaks_gt_0p01us,822318177298923648,2026-01-22T01:41:48.114923648,imap_idex_l1b_sci-10days_20260120_v003.cdf,336
nonmanual_peaks_gt_0p01us,822318983356529536,2026-01-22T01:55:14.172529536,imap_idex_l1b_sci-10days_20260120_v003.cdf,337
nonmanual_peaks_gt_0p01us,822319035079843584,2026-01-22T01:56:05.895843584,imap_idex_l1b_sci-10days_20260120_v003.cdf,338
nonmanual_peaks_gt_0p01us,822319620501484928,2026-01-22T02:05:51.317484928,imap_idex_l1b_sci-10days_20260120_v003.cdf,339
nonmanual_peaks_gt_0p01us,822319755176765568,2026-01-22T02:08:05.992765568,imap_idex_l1b_sci-10days_20260120_v003.cdf,340
nonmanual_peaks_gt_0p01us,822319908547689856,2026-01-22T02:10:39.363689856,imap_idex_l1b_sci-10days_20260120_v003.cdf,341
nonmanual_peaks_gt_0p01us,822320321712883712,2026-01-22T02:17:32.528883712,imap_idex_l1b_sci-10days_20260120_v003.cdf,342
nonmanual_peaks_gt_0p01us,822320855267271040,2026-01-22T02:26:26.083271040,imap_idex_l1b_sci-10days_20260120_v003.cdf,343
nonmanual_peaks_gt_0p01us,822320885050344576,2026-01-22T02:26:55.866344576,imap_idex_l1b_sci-10days_20260120_v003.cdf,344
nonmanual_peaks_gt_0p01us,822320949237167744,2026-01-22T02:28:00.053167744,imap_idex_l1b_sci-10days_20260120_v003.cdf,345
nonmanual_peaks_gt_0p01us,822321762837166848,2026-01-22T02:41:33.653166848,imap_idex_l1b_sci-10days_20260120_v003.cdf,346
nonmanual_peaks_gt_0p01us,822321780650411136,2026-01-22T02:41:51.466411136,imap_idex_l1b_sci-10days_20260120_v003.cdf,347
nonmanual_peaks_gt_0p01us,822322353908283264,2026-01-22T02:51:24.724283264,imap_idex_l1b_sci-10days_20260120_v003.cdf,348
nonmanual_peaks_gt_0p01us,822322358207139328,2026-01-22T02:51:29.023139328,imap_idex_l1b_sci-10days_20260120_v003.cdf,349
nonmanual_peaks_gt_0p01us,822323238874899200,2026-01-22T03:06:09.690899200,imap_idex_l1b_sci-10days_20260120_v003.cdf,350
nonmanual_peaks_gt_0p01us,822323477896027264,2026-01-22T03:10:08.712027264,imap_idex_l1b_sci-10days_20260120_v003.cdf,351
nonmanual_peaks_gt_0p01us,822323575759780608,2026-01-22T03:11:46.575780608,imap_idex_l1b_sci-10days_20260120_v003.cdf,352
nonmanual_peaks_gt_0p01us,822323874152236288,2026-01-22T03:16:44.968236288,imap_idex_l1b_sci-10days_20260120_v003.cdf,353
nonmanual_peaks_gt_0p01us,822324031822696704,2026-01-22T03:19:22.638696704,imap_idex_l1b_sci-10days_20260120_v003.cdf,354
nonmanual_peaks_gt_0p01us,822324202345825408,2026-01-22T03:22:13.161825408,imap_idex_l1b_sci-10days_20260120_v003.cdf,355
nonmanual_peaks_gt_0p01us,822324390856718464,2026-01-22T03:25:21.672718464,imap_idex_l1b_sci-10days_20260120_v003.cdf,356
nonmanual_peaks_gt_0p01us,822325422660404352,2026-01-22T03:42:33.476404352,imap_idex_l1b_sci-10days_20260120_v003.cdf,357
nonmanual_peaks_gt_0p01us,822325481646392064,2026-01-22T03:43:32.462392064,imap_idex_l1b_sci-10days_20260120_v003.cdf,358
nonmanual_peaks_gt_0p01us,822325550621911040,2026-01-22T03:44:41.437911040,imap_idex_l1b_sci-10days_20260120_v003.cdf,359
nonmanual_peaks_gt_0p01us,822326155542494976,2026-01-22T03:54:46.358494976,imap_idex_l1b_sci-10days_20260120_v003.cdf,360
nonmanual_peaks_gt_0p01us,822326496124533248,2026-01-22T04:00:26.940533248,imap_idex_l1b_sci-10days_20260120_v003.cdf,361
nonmanual_peaks_gt_0p01us,822327105483953536,2026-01-22T04:10:36.299953536,imap_idex_l1b_sci-10days_20260120_v003.cdf,362
nonmanual_peaks_gt_0p01us,822327379277070848,2026-01-22T04:15:10.093070848,imap_idex_l1b_sci-10days_20260120_v003.cdf,363
nonmanual_peaks_gt_0p01us,822327460044979200,2026-01-22T04:16:30.860979200,imap_idex_l1b_sci-10days_20260120_v003.cdf,364
nonmanual_peaks_gt_0p01us,822328029407054720,2026-01-22T04:26:00.223054720,imap_idex_l1b_sci-10days_20260120_v003.cdf,365
nonmanual_peaks_gt_0p01us,822328081034909184,2026-01-22T04:26:51.850909184,imap_idex_l1b_sci-10days_20260120_v003.cdf,366
nonmanual_peaks_gt_0p01us,822328220330805632,2026-01-22T04:29:11.146805632,imap_idex_l1b_sci-10days_20260120_v003.cdf,367
nonmanual_peaks_gt_0p01us,822328411219076480,2026-01-22T04:32:22.035076480,imap_idex_l1b_sci-10days_20260120_v003.cdf,368
nonmanual_peaks_gt_0p01us,822328886721635200,2026-01-22T04:40:17.537635200,imap_idex_l1b_sci-10days_20260120_v003.cdf,369
nonmanual_peaks_gt_0p01us,822329226882233856,2026-01-22T04:45:57.698233856,imap_idex_l1b_sci-10days_20260120_v003.cdf,370
nonmanual_peaks_gt_0p01us,822329692797801088,2026-01-22T04:53:43.613801088,imap_idex_l1b_sci-10days_20260120_v003.cdf,371
nonmanual_peaks_gt_0p01us,822329856551216128,2026-01-22T04:56:27.367216128,imap_idex_l1b_sci-10days_20260120_v003.cdf,372
nonmanual_peaks_gt_0p01us,822329971702733952,2026-01-22T04:58:22.518733952,imap_idex_l1b_sci-10days_20260120_v003.cdf,373
nonmanual_peaks_gt_0p01us,822330036541556608,2026-01-22T04:59:27.357556608,imap_idex_l1b_sci-10days_20260120_v003.cdf,374
nonmanual_peaks_gt_0p01us,822330557316595200,2026-01-22T05:08:08.132595200,imap_idex_l1b_sci-10days_20260120_v003.cdf,375
nonmanual_peaks_gt_0p01us,822330664649220096,2026-01-22T05:09:55.465220096,imap_idex_l1b_sci-10days_20260120_v003.cdf,376
nonmanual_peaks_gt_0p01us,822331312221686400,2026-01-22T05:20:43.037686400,imap_idex_l1b_sci-10days_20260120_v003.cdf,377
nonmanual_peaks_gt_0p01us,822331540447744128,2026-01-22T05:24:31.263744128,imap_idex_l1b_sci-10days_20260120_v003.cdf,378
nonmanual_peaks_gt_0p01us,822331608773323648,2026-01-22T05:25:39.589323648,imap_idex_l1b_sci-10days_20260120_v003.cdf,379
nonmanual_peaks_gt_0p01us,822331993449602816,2026-01-22T05:32:04.265602816,imap_idex_l1b_sci-10days_20260120_v003.cdf,380
nonmanual_peaks_gt_0p01us,822332045080397184,2026-01-22T05:32:55.896397184,imap_idex_l1b_sci-10days_20260120_v003.cdf,381
nonmanual_peaks_gt_0p01us,822332077389188352,2026-01-22T05:33:28.205188352,imap_idex_l1b_sci-10days_20260120_v003.cdf,382
nonmanual_peaks_gt_0p01us,822332191759287296,2026-01-22T05:35:22.575287296,imap_idex_l1b_sci-10days_20260120_v003.cdf,383
nonmanual_peaks_gt_0p01us,822332377889022208,2026-01-22T05:38:28.705022208,imap_idex_l1b_sci-10days_20260120_v003.cdf,384
nonmanual_peaks_gt_0p01us,822332815215674880,2026-01-22T05:45:46.031674880,imap_idex_l1b_sci-10days_20260120_v003.cdf,385
nonmanual_peaks_gt_0p01us,822333077963101952,2026-01-22T05:50:08.779101952,imap_idex_l1b_sci-10days_20260120_v003.cdf,386
nonmanual_peaks_gt_0p01us,822333250294349312,2026-01-22T05:53:01.110349312,imap_idex_l1b_sci-10days_20260120_v003.cdf,387
nonmanual_peaks_gt_0p01us,822333451493010944,2026-01-22T05:56:22.309010944,imap_idex_l1b_sci-10days_20260120_v003.cdf,388
nonmanual_peaks_gt_0p01us,822333466081818240,2026-01-22T05:56:36.897818240,imap_idex_l1b_sci-10days_20260120_v003.cdf,389
nonmanual_peaks_gt_0p01us,822333659975166464,2026-01-22T05:59:50.791166464,imap_idex_l1b_sci-10days_20260120_v003.cdf,390
nonmanual_peaks_gt_0p01us,822334482449077632,2026-01-22T06:13:33.265077632,imap_idex_l1b_sci-10days_20260120_v003.cdf,391
nonmanual_peaks_gt_0p01us,822334905452642944,2026-01-22T06:20:36.268642944,imap_idex_l1b_sci-10days_20260120_v003.cdf,392
nonmanual_peaks_gt_0p01us,822335121194611712,2026-01-22T06:24:12.010611712,imap_idex_l1b_sci-10days_20260120_v003.cdf,393
nonmanual_peaks_gt_0p01us,822335272911617408,2026-01-22T06:26:43.727617408,imap_idex_l1b_sci-10days_20260120_v003.cdf,394
nonmanual_peaks_gt_0p01us,822335386599476608,2026-01-22T06:28:37.415476608,imap_idex_l1b_sci-10days_20260120_v003.cdf,395
nonmanual_peaks_gt_0p01us,822335849636026368,2026-01-22T06:36:20.452026368,imap_idex_l1b_sci-10days_20260120_v003.cdf,396
nonmanual_peaks_gt_0p01us,822336352820360576,2026-01-22T06:44:43.636360576,imap_idex_l1b_sci-10days_20260120_v003.cdf,397
nonmanual_peaks_gt_0p01us,822336373380242304,2026-01-22T06:45:04.196242304,imap_idex_l1b_sci-10days_20260120_v003.cdf,398
nonmanual_peaks_gt_0p01us,822336522339390336,2026-01-22T06:47:33.155390336,imap_idex_l1b_sci-10days_20260120_v003.cdf,399
nonmanual_peaks_gt_0p01us,822336629194935680,2026-01-22T06:49:20.010935680,imap_idex_l1b_sci-10days_20260120_v003.cdf,400
nonmanual_peaks_gt_0p01us,822337166080640128,2026-01-22T06:58:16.896640128,imap_idex_l1b_sci-10days_20260120_v003.cdf,401
nonmanual_peaks_gt_0p01us,822337720035209344,2026-01-22T07:07:30.851209344,imap_idex_l1b_sci-10days_20260120_v003.cdf,402
nonmanual_peaks_gt_0p01us,822337799126439040,2026-01-22T07:08:49.942439040,imap_idex_l1b_sci-10days_20260120_v003.cdf,403
nonmanual_peaks_gt_0p01us,822337958362478080,2026-01-22T07:11:29.178478080,imap_idex_l1b_sci-10days_20260120_v003.cdf,404
nonmanual_peaks_gt_0p01us,822338271658340480,2026-01-22T07:16:42.474340480,imap_idex_l1b_sci-10days_20260120_v003.cdf,405
nonmanual_peaks_gt_0p01us,822338888701733888,2026-01-22T07:26:59.517733888,imap_idex_l1b_sci-10days_20260120_v003.cdf,406
nonmanual_peaks_gt_0p01us,822338975856576512,2026-01-22T07:28:26.672576512,imap_idex_l1b_sci-10days_20260120_v003.cdf,407
nonmanual_peaks_gt_0p01us,822339674184377856,2026-01-22T07:40:05.000377856,imap_idex_l1b_sci-10days_20260120_v003.cdf,408
nonmanual_peaks_gt_0p01us,822340007247222912,2026-01-22T07:45:38.063222912,imap_idex_l1b_sci-10days_20260120_v003.cdf,409
nonmanual_peaks_gt_0p01us,822340530539419264,2026-01-22T07:54:21.355419264,imap_idex_l1b_sci-10days_20260120_v003.cdf,410
nonmanual_peaks_gt_0p01us,822340630041331072,2026-01-22T07:56:00.857331072,imap_idex_l1b_sci-10days_20260120_v003.cdf,411
nonmanual_peaks_gt_0p01us,822340652994390784,2026-01-22T07:56:23.810390784,imap_idex_l1b_sci-10days_20260120_v003.cdf,412
nonmanual_peaks_gt_0p01us,822340717240953856,2026-01-22T07:57:28.056953856,imap_idex_l1b_sci-10days_20260120_v003.cdf,413
nonmanual_peaks_gt_0p01us,822341031529955328,2026-01-22T08:02:42.345955328,imap_idex_l1b_sci-10days_20260120_v003.cdf,414
nonmanual_peaks_gt_0p01us,822341180398963456,2026-01-22T08:05:11.214963456,imap_idex_l1b_sci-10days_20260120_v003.cdf,415
nonmanual_peaks_gt_0p01us,822341546032279552,2026-01-22T08:11:16.848279552,imap_idex_l1b_sci-10days_20260120_v003.cdf,416
nonmanual_peaks_gt_0p01us,822341812143923712,2026-01-22T08:15:42.959923712,imap_idex_l1b_sci-10days_20260120_v003.cdf,417
nonmanual_peaks_gt_0p01us,822342246744058752,2026-01-22T08:22:57.560058752,imap_idex_l1b_sci-10days_20260120_v003.cdf,418
nonmanual_peaks_gt_0p01us,822343227927549312,2026-01-22T08:39:18.743549312,imap_idex_l1b_sci-10days_20260120_v003.cdf,419
nonmanual_peaks_gt_0p01us,822343420668378624,2026-01-22T08:42:31.484378624,imap_idex_l1b_sci-10days_20260120_v003.cdf,420
nonmanual_peaks_gt_0p01us,822343743988292224,2026-01-22T08:47:54.804292224,imap_idex_l1b_sci-10days_20260120_v003.cdf,421
nonmanual_peaks_gt_0p01us,822343904549469952,2026-01-22T08:50:35.365469952,imap_idex_l1b_sci-10days_20260120_v003.cdf,422
nonmanual_peaks_gt_0p01us,822344178569007104,2026-01-22T08:55:09.385007104,imap_idex_l1b_sci-10days_20260120_v003.cdf,423
nonmanual_peaks_gt_0p01us,822344450518766208,2026-01-22T08:59:41.334766208,imap_idex_l1b_sci-10days_20260120_v003.cdf,424
nonmanual_peaks_gt_0p01us,822344595393717888,2026-01-22T09:02:06.209717888,imap_idex_l1b_sci-10days_20260120_v003.cdf,425
nonmanual_peaks_gt_0p01us,822344784015910912,2026-01-22T09:05:14.831910912,imap_idex_l1b_sci-10days_20260120_v003.cdf,426
nonmanual_peaks_gt_0p01us,822345204631858048,2026-01-22T09:12:15.447858048,imap_idex_l1b_sci-10days_20260120_v003.cdf,427
nonmanual_peaks_gt_0p01us,822345335884881792,2026-01-22T09:14:26.700881792,imap_idex_l1b_sci-10days_20260120_v003.cdf,428
nonmanual_peaks_gt_0p01us,822346191221264128,2026-01-22T09:28:42.037264128,imap_idex_l1b_sci-10days_20260120_v003.cdf,429
nonmanual_peaks_gt_0p01us,822346446563557888,2026-01-22T09:32:57.379557888,imap_idex_l1b_sci-10days_20260120_v003.cdf,430
nonmanual_peaks_gt_0p01us,822347077493918720,2026-01-22T09:43:28.309918720,imap_idex_l1b_sci-10days_20260120_v003.cdf,431
nonmanual_peaks_gt_0p01us,822347901900888320,2026-01-22T09:57:12.716888320,imap_idex_l1b_sci-10days_20260120_v003.cdf,432
nonmanual_peaks_gt_0p01us,822348142647075072,2026-01-22T10:01:13.463075072,imap_idex_l1b_sci-10days_20260120_v003.cdf,433
nonmanual_peaks_gt_0p01us,822348321493376768,2026-01-22T10:04:12.309376768,imap_idex_l1b_sci-10days_20260120_v003.cdf,434
nonmanual_peaks_gt_0p01us,822348770908338432,2026-01-22T10:11:41.724338432,imap_idex_l1b_sci-10days_20260120_v003.cdf,435
nonmanual_peaks_gt_0p01us,822348809842823936,2026-01-22T10:12:20.658823936,imap_idex_l1b_sci-10days_20260120_v003.cdf,436
nonmanual_peaks_gt_0p01us,822349184809251840,2026-01-22T10:18:35.625251840,imap_idex_l1b_sci-10days_20260120_v003.cdf,437
nonmanual_peaks_gt_0p01us,822349328307924736,2026-01-22T10:20:59.123924736,imap_idex_l1b_sci-10days_20260120_v003.cdf,438
nonmanual_peaks_gt_0p01us,822349643646445312,2026-01-22T10:26:14.462445312,imap_idex_l1b_sci-10days_20260120_v003.cdf,439
nonmanual_peaks_gt_0p01us,822350014260376960,2026-01-22T10:32:25.076376960,imap_idex_l1b_sci-10days_20260120_v003.cdf,440
nonmanual_peaks_gt_0p01us,822350603724574720,2026-01-22T10:42:14.540574720,imap_idex_l1b_sci-10days_20260120_v003.cdf,441
nonmanual_peaks_gt_0p01us,822351095553838848,2026-01-22T10:50:26.369838848,imap_idex_l1b_sci-10days_20260120_v003.cdf,442
nonmanual_peaks_gt_0p01us,822351592296438912,2026-01-22T10:58:43.112438912,imap_idex_l1b_sci-10days_20260120_v003.cdf,443
nonmanual_peaks_gt_0p01us,822351817686379136,2026-01-22T11:02:28.502379136,imap_idex_l1b_sci-10days_20260120_v003.cdf,444
nonmanual_peaks_gt_0p01us,822352436601350912,2026-01-22T11:12:47.417350912,imap_idex_l1b_sci-10days_20260120_v003.cdf,445
nonmanual_peaks_gt_0p01us,822353050121947264,2026-01-22T11:23:00.937947264,imap_idex_l1b_sci-10days_20260120_v003.cdf,446
nonmanual_peaks_gt_0p01us,822353110336113792,2026-01-22T11:24:01.152113792,imap_idex_l1b_sci-10days_20260120_v003.cdf,447
nonmanual_peaks_gt_0p01us,822353529212222720,2026-01-22T11:31:00.028222720,imap_idex_l1b_sci-10days_20260120_v003.cdf,448
nonmanual_peaks_gt_0p01us,822353791479030400,2026-01-22T11:35:22.295030400,imap_idex_l1b_sci-10days_20260120_v003.cdf,449
nonmanual_peaks_gt_0p01us,822353804194839296,2026-01-22T11:35:35.010839296,imap_idex_l1b_sci-10days_20260120_v003.cdf,450
nonmanual_peaks_gt_0p01us,822353952593927680,2026-01-22T11:38:03.409927680,imap_idex_l1b_sci-10days_20260120_v003.cdf,451
nonmanual_peaks_gt_0p01us,822354046463704448,2026-01-22T11:39:37.279704448,imap_idex_l1b_sci-10days_20260120_v003.cdf,452
nonmanual_peaks_gt_0p01us,822354136482444800,2026-01-22T11:41:07.298444800,imap_idex_l1b_sci-10days_20260120_v003.cdf,453
nonmanual_peaks_gt_0p01us,822354985360952576,2026-01-22T11:55:16.176952576,imap_idex_l1b_sci-10days_20260120_v003.cdf,454
nonmanual_peaks_gt_0p01us,822355380644182400,2026-01-22T12:01:51.460182400,imap_idex_l1b_sci-10days_20260120_v003.cdf,455
nonmanual_peaks_gt_0p01us,822355718216943360,2026-01-22T12:07:29.032943360,imap_idex_l1b_sci-10days_20260120_v003.cdf,456
nonmanual_peaks_gt_0p01us,822355839419116032,2026-01-22T12:09:30.235116032,imap_idex_l1b_sci-10days_20260120_v003.cdf,457
nonmanual_peaks_gt_0p01us,822355889627651584,2026-01-22T12:10:20.443651584,imap_idex_l1b_sci-10days_20260120_v003.cdf,458
nonmanual_peaks_gt_0p01us,822355928005437440,2026-01-22T12:10:58.821437440,imap_idex_l1b_sci-10days_20260120_v003.cdf,459
nonmanual_peaks_gt_0p01us,822356024627971968,2026-01-22T12:12:35.443971968,imap_idex_l1b_sci-10days_20260120_v003.cdf,460
nonmanual_peaks_gt_0p01us,822356815870631040,2026-01-22T12:25:46.686631040,imap_idex_l1b_sci-10days_20260120_v003.cdf,461
nonmanual_peaks_gt_0p01us,822356859922811904,2026-01-22T12:26:30.738811904,imap_idex_l1b_sci-10days_20260120_v003.cdf,462
nonmanual_peaks_gt_0p01us,822357322288202240,2026-01-22T12:34:13.104202240,imap_idex_l1b_sci-10days_20260120_v003.cdf,463
nonmanual_peaks_gt_0p01us,822357330493194880,2026-01-22T12:34:21.309194880,imap_idex_l1b_sci-10days_20260120_v003.cdf,464
nonmanual_peaks_gt_0p01us,822357666243677440,2026-01-22T12:39:57.059677440,imap_idex_l1b_sci-10days_20260120_v003.cdf,465
nonmanual_peaks_gt_0p01us,822358452724880640,2026-01-22T12:53:03.540880640,imap_idex_l1b_sci-10days_20260120_v003.cdf,466
nonmanual_peaks_gt_0p01us,822358765736983424,2026-01-22T12:58:16.552983424,imap_idex_l1b_sci-10days_20260120_v003.cdf,467
nonmanual_peaks_gt_0p01us,822358798782194176,2026-01-22T12:58:49.598194176,imap_idex_l1b_sci-10days_20260120_v003.cdf,468
nonmanual_peaks_gt_0p01us,822358920796726016,2026-01-22T13:00:51.612726016,imap_idex_l1b_sci-10days_20260120_v003.cdf,469
nonmanual_peaks_gt_0p01us,822359119070570368,2026-01-22T13:04:09.886570368,imap_idex_l1b_sci-10days_20260120_v003.cdf,470
nonmanual_peaks_gt_0p01us,822359185460531584,2026-01-22T13:05:16.276531584,imap_idex_l1b_sci-10days_20260120_v003.cdf,471
nonmanual_peaks_gt_0p01us,822359855526037888,2026-01-22T13:16:26.342037888,imap_idex_l1b_sci-10days_20260120_v003.cdf,472
nonmanual_peaks_gt_0p01us,822359908031291264,2026-01-22T13:17:18.847291264,imap_idex_l1b_sci-10days_20260120_v003.cdf,473
nonmanual_peaks_gt_0p01us,822360034363779456,2026-01-22T13:19:25.179779456,imap_idex_l1b_sci-10days_20260120_v003.cdf,474
nonmanual_peaks_gt_0p01us,822360166702762240,2026-01-22T13:21:37.518762240,imap_idex_l1b_sci-10days_20260120_v003.cdf,475
nonmanual_peaks_gt_0p01us,822360464272878464,2026-01-22T13:26:35.088878464,imap_idex_l1b_sci-10days_20260120_v003.cdf,476
nonmanual_peaks_gt_0p01us,822360541688949888,2026-01-22T13:27:52.504949888,imap_idex_l1b_sci-10days_20260120_v003.cdf,477
nonmanual_peaks_gt_0p01us,822360777275241088,2026-01-22T13:31:48.091241088,imap_idex_l1b_sci-10days_20260120_v003.cdf,478
nonmanual_peaks_gt_0p01us,822360905364007680,2026-01-22T13:33:56.180007680,imap_idex_l1b_sci-10days_20260120_v003.cdf,479
nonmanual_peaks_gt_0p01us,822361113403243392,2026-01-22T13:37:24.219243392,imap_idex_l1b_sci-10days_20260120_v003.cdf,480
nonmanual_peaks_gt_0p01us,822361148082692736,2026-01-22T13:37:58.898692736,imap_idex_l1b_sci-10days_20260120_v003.cdf,481
nonmanual_peaks_gt_0p01us,822361736567291392,2026-01-22T13:47:47.383291392,imap_idex_l1b_sci-10days_20260120_v003.cdf,482
nonmanual_peaks_gt_0p01us,822361993539803648,2026-01-22T13:52:04.355803648,imap_idex_l1b_sci-10days_20260120_v003.cdf,483
nonmanual_peaks_gt_0p01us,822362537778241408,2026-01-22T14:01:08.594241408,imap_idex_l1b_sci-10days_20260120_v003.cdf,484
nonmanual_peaks_gt_0p01us,822362553869867264,2026-01-22T14:01:24.685867264,imap_idex_l1b_sci-10days_20260120_v003.cdf,485
nonmanual_peaks_gt_0p01us,822362771449914368,2026-01-22T14:05:02.265914368,imap_idex_l1b_sci-10days_20260120_v003.cdf,486
nonmanual_peaks_gt_0p01us,822362952589193984,2026-01-22T14:08:03.405193984,imap_idex_l1b_sci-10days_20260120_v003.cdf,487
nonmanual_peaks_gt_0p01us,822363230559127680,2026-01-22T14:12:41.375127680,imap_idex_l1b_sci-10days_20260120_v003.cdf,488
nonmanual_peaks_gt_0p01us,822363285497779072,2026-01-22T14:13:36.313779072,imap_idex_l1b_sci-10days_20260120_v003.cdf,489
nonmanual_peaks_gt_0p01us,822363501463327616,2026-01-22T14:17:12.279327616,imap_idex_l1b_sci-10days_20260120_v003.cdf,490
nonmanual_peaks_gt_0p01us,822364257462657920,2026-01-22T14:29:48.278657920,imap_idex_l1b_sci-10days_20260120_v003.cdf,491
nonmanual_peaks_gt_0p01us,822364315927186176,2026-01-22T14:30:46.743186176,imap_idex_l1b_sci-10days_20260120_v003.cdf,492
nonmanual_peaks_gt_0p01us,822364335648088576,2026-01-22T14:31:06.464088576,imap_idex_l1b_sci-10days_20260120_v003.cdf,493
nonmanual_peaks_gt_0p01us,822364355557050880,2026-01-22T14:31:26.373050880,imap_idex_l1b_sci-10days_20260120_v003.cdf,494
nonmanual_peaks_gt_0p01us,822364486881954560,2026-01-22T14:33:37.697954560,imap_idex_l1b_sci-10days_20260120_v003.cdf,495
nonmanual_peaks_gt_0p01us,822365729388233728,2026-01-22T14:54:20.204233728,imap_idex_l1b_sci-10days_20260120_v003.cdf,496
nonmanual_peaks_gt_0p01us,822366083915919744,2026-01-22T15:00:14.731919744,imap_idex_l1b_sci-10days_20260120_v003.cdf,497
nonmanual_peaks_gt_0p01us,822366204823352576,2026-01-22T15:02:15.639352576,imap_idex_l1b_sci-10days_20260120_v003.cdf,498
nonmanual_peaks_gt_0p01us,822366528543205760,2026-01-22T15:07:39.359205760,imap_idex_l1b_sci-10days_20260120_v003.cdf,499
nonmanual_peaks_gt_0p01us,822366617820826624,2026-01-22T15:09:08.636826624,imap_idex_l1b_sci-10days_20260120_v003.cdf,500
nonmanual_peaks_gt_0p01us,822366647353420544,2026-01-22T15:09:38.169420544,imap_idex_l1b_sci-10days_20260120_v003.cdf,501
nonmanual_peaks_gt_0p01us,822367217830775040,2026-01-22T15:19:08.646775040,imap_idex_l1b_sci-10days_20260120_v003.cdf,502
nonmanual_peaks_gt_0p01us,822367293602647936,2026-01-22T15:20:24.418647936,imap_idex_l1b_sci-10days_20260120_v003.cdf,503
nonmanual_peaks_gt_0p01us,822367487981575680,2026-01-22T15:23:38.797575680,imap_idex_l1b_sci-10days_20260120_v003.cdf,504
nonmanual_peaks_gt_0p01us,822367772847263360,2026-01-22T15:28:23.663263360,imap_idex_l1b_sci-10days_20260120_v003.cdf,505
nonmanual_peaks_gt_0p01us,822368392870713984,2026-01-22T15:38:43.686713984,imap_idex_l1b_sci-10days_20260120_v003.cdf,506
nonmanual_peaks_gt_0p01us,822368416753232896,2026-01-22T15:39:07.569232896,imap_idex_l1b_sci-10days_20260120_v003.cdf,507
nonmanual_peaks_gt_0p01us,822368616038896384,2026-01-22T15:42:26.854896384,imap_idex_l1b_sci-10days_20260120_v003.cdf,508
nonmanual_peaks_gt_0p01us,822370248381250176,2026-01-22T16:09:39.197250176,imap_idex_l1b_sci-10days_20260120_v003.cdf,509
nonmanual_peaks_gt_0p01us,822370530640260096,2026-01-22T16:14:21.456260096,imap_idex_l1b_sci-10days_20260120_v003.cdf,510
nonmanual_peaks_gt_0p01us,822370802074699520,2026-01-22T16:18:52.890699520,imap_idex_l1b_sci-10days_20260120_v003.cdf,511
nonmanual_peaks_gt_0p01us,822370861758446592,2026-01-22T16:19:52.574446592,imap_idex_l1b_sci-10days_20260120_v003.cdf,512
nonmanual_peaks_gt_0p01us,822371290675366656,2026-01-22T16:27:01.491366656,imap_idex_l1b_sci-10days_20260120_v003.cdf,513
nonmanual_peaks_gt_0p01us,822372108399842304,2026-01-22T16:40:39.215842304,imap_idex_l1b_sci-10days_20260120_v003.cdf,514
nonmanual_peaks_gt_0p01us,822372381431760256,2026-01-22T16:45:12.247760256,imap_idex_l1b_sci-10days_20260120_v003.cdf,515
nonmanual_peaks_gt_0p01us,822372420446305792,2026-01-22T16:45:51.262305792,imap_idex_l1b_sci-10days_20260120_v003.cdf,516
nonmanual_peaks_gt_0p01us,822372814058896896,2026-01-22T16:52:24.874896896,imap_idex_l1b_sci-10days_20260120_v003.cdf,517
nonmanual_peaks_gt_0p01us,822372950413976192,2026-01-22T16:54:41.229976192,imap_idex_l1b_sci-10days_20260120_v003.cdf,518
nonmanual_peaks_gt_0p01us,822374181104465792,2026-01-22T17:15:11.920465792,imap_idex_l1b_sci-10days_20260120_v003.cdf,519
nonmanual_peaks_gt_0p01us,822374333602870656,2026-01-22T17:17:44.418870656,imap_idex_l1b_sci-10days_20260120_v003.cdf,520
nonmanual_peaks_gt_0p01us,822375367040975104,2026-01-22T17:34:57.856975104,imap_idex_l1b_sci-10days_20260120_v003.cdf,521
nonmanual_peaks_gt_0p01us,822375616401834112,2026-01-22T17:39:07.217834112,imap_idex_l1b_sci-10days_20260120_v003.cdf,522
nonmanual_peaks_gt_0p01us,822375799744771712,2026-01-22T17:42:10.560771712,imap_idex_l1b_sci-10days_20260120_v003.cdf,523
nonmanual_peaks_gt_0p01us,822375994063999488,2026-01-22T17:45:24.879999488,imap_idex_l1b_sci-10days_20260120_v003.cdf,524
nonmanual_peaks_gt_0p01us,822376375642601472,2026-01-22T17:51:46.458601472,imap_idex_l1b_sci-10days_20260120_v003.cdf,525
nonmanual_peaks_gt_0p01us,822377632728087808,2026-01-22T18:12:43.544087808,imap_idex_l1b_sci-10days_20260120_v003.cdf,526
nonmanual_peaks_gt_0p01us,822377910175001984,2026-01-22T18:17:20.991001984,imap_idex_l1b_sci-10days_20260120_v003.cdf,527
nonmanual_peaks_gt_0p01us,822378123598572800,2026-01-22T18:20:54.414572800,imap_idex_l1b_sci-10days_20260120_v003.cdf,528
nonmanual_peaks_gt_0p01us,822378434869737088,2026-01-22T18:26:05.685737088,imap_idex_l1b_sci-10days_20260120_v003.cdf,529
nonmanual_peaks_gt_0p01us,822378721815522816,2026-01-22T18:30:52.631522816,imap_idex_l1b_sci-10days_20260120_v003.cdf,530
nonmanual_peaks_gt_0p01us,822379004064612736,2026-01-22T18:35:34.880612736,imap_idex_l1b_sci-10days_20260120_v003.cdf,531
nonmanual_peaks_gt_0p01us,822379011563766144,2026-01-22T18:35:42.379766144,imap_idex_l1b_sci-10days_20260120_v003.cdf,532
nonmanual_peaks_gt_0p01us,822379051731770624,2026-01-22T18:36:22.547770624,imap_idex_l1b_sci-10days_20260120_v003.cdf,533
nonmanual_peaks_gt_0p01us,822379056946825984,2026-01-22T18:36:27.762825984,imap_idex_l1b_sci-10days_20260120_v003.cdf,534
nonmanual_peaks_gt_0p01us,822379123765926656,2026-01-22T18:37:34.581926656,imap_idex_l1b_sci-10days_20260120_v003.cdf,535
nonmanual_peaks_gt_0p01us,822379247068717568,2026-01-22T18:39:37.884717568,imap_idex_l1b_sci-10days_20260120_v003.cdf,536
nonmanual_peaks_gt_0p01us,822379694190501376,2026-01-22T18:47:05.006501376,imap_idex_l1b_sci-10days_20260120_v003.cdf,537
nonmanual_peaks_gt_0p01us,822379943550340480,2026-01-22T18:51:14.366340480,imap_idex_l1b_sci-10days_20260120_v003.cdf,538
nonmanual_peaks_gt_0p01us,822380005401225728,2026-01-22T18:52:16.217225728,imap_idex_l1b_sci-10days_20260120_v003.cdf,539
nonmanual_peaks_gt_0p01us,822380102153720064,2026-01-22T18:53:52.969720064,imap_idex_l1b_sci-10days_20260120_v003.cdf,540
nonmanual_peaks_gt_0p01us,822380870543179136,2026-01-22T19:06:41.359179136,imap_idex_l1b_sci-10days_20260120_v003.cdf,541
nonmanual_peaks_gt_0p01us,822381040247548800,2026-01-22T19:09:31.063548800,imap_idex_l1b_sci-10days_20260120_v003.cdf,542
nonmanual_peaks_gt_0p01us,822381592890019200,2026-01-22T19:18:43.706019200,imap_idex_l1b_sci-10days_20260120_v003.cdf,543
nonmanual_peaks_gt_0p01us,822381630123386112,2026-01-22T19:19:20.939386112,imap_idex_l1b_sci-10days_20260120_v003.cdf,544
nonmanual_peaks_gt_0p01us,822382471179380992,2026-01-22T19:33:21.995380992,imap_idex_l1b_sci-10days_20260120_v003.cdf,545
nonmanual_peaks_gt_0p01us,822382570829732736,2026-01-22T19:35:01.645732736,imap_idex_l1b_sci-10days_20260120_v003.cdf,546
nonmanual_peaks_gt_0p01us,822382796239773056,2026-01-22T19:38:47.055773056,imap_idex_l1b_sci-10days_20260120_v003.cdf,547
nonmanual_peaks_gt_0p01us,822382854253261568,2026-01-22T19:39:45.069261568,imap_idex_l1b_sci-10days_20260120_v003.cdf,548
nonmanual_peaks_gt_0p01us,822383247653533056,2026-01-22T19:46:18.469533056,imap_idex_l1b_sci-10days_20260120_v003.cdf,549
nonmanual_peaks_gt_0p01us,822384401047471232,2026-01-22T20:05:31.863471232,imap_idex_l1b_sci-10days_20260120_v003.cdf,550
nonmanual_peaks_gt_0p01us,822384437014479360,2026-01-22T20:06:07.830479360,imap_idex_l1b_sci-10days_20260120_v003.cdf,551
nonmanual_peaks_gt_0p01us,822384964502172160,2026-01-22T20:14:55.318172160,imap_idex_l1b_sci-10days_20260120_v003.cdf,552
nonmanual_peaks_gt_0p01us,822385857145201152,2026-01-22T20:29:47.961201152,imap_idex_l1b_sci-10days_20260120_v003.cdf,553
nonmanual_peaks_gt_0p01us,822386016786139776,2026-01-22T20:32:27.602139776,imap_idex_l1b_sci-10days_20260120_v003.cdf,554
nonmanual_peaks_gt_0p01us,822386342352611328,2026-01-22T20:37:53.168611328,imap_idex_l1b_sci-10days_20260120_v003.cdf,555
nonmanual_peaks_gt_0p01us,822386896724900096,2026-01-22T20:47:07.540900096,imap_idex_l1b_sci-10days_20260120_v003.cdf,556
nonmanual_peaks_gt_0p01us,822387090812668160,2026-01-22T20:50:21.628668160,imap_idex_l1b_sci-10days_20260120_v003.cdf,557
nonmanual_peaks_gt_0p01us,822388443026130176,2026-01-22T21:12:53.842130176,imap_idex_l1b_sci-10days_20260120_v003.cdf,558
nonmanual_peaks_gt_0p01us,822388948697502080,2026-01-22T21:21:19.513502080,imap_idex_l1b_sci-10days_20260120_v003.cdf,559
nonmanual_peaks_gt_0p01us,822389442534124672,2026-01-22T21:29:33.350124672,imap_idex_l1b_sci-10days_20260120_v003.cdf,560
nonmanual_peaks_gt_0p01us,822389803022025344,2026-01-22T21:35:33.838025344,imap_idex_l1b_sci-10days_20260120_v003.cdf,561
nonmanual_peaks_gt_0p01us,822390150323377664,2026-01-22T21:41:21.139377664,imap_idex_l1b_sci-10days_20260120_v003.cdf,562
nonmanual_peaks_gt_0p01us,822390353406737536,2026-01-22T21:44:44.222737536,imap_idex_l1b_sci-10days_20260120_v003.cdf,563
nonmanual_peaks_gt_0p01us,822390647003117440,2026-01-22T21:49:37.819117440,imap_idex_l1b_sci-10days_20260120_v003.cdf,564
nonmanual_peaks_gt_0p01us,822390818358685696,2026-01-22T21:52:29.174685696,imap_idex_l1b_sci-10days_20260120_v003.cdf,565
nonmanual_peaks_gt_0p01us,822391047436862848,2026-01-22T21:56:18.252862848,imap_idex_l1b_sci-10days_20260120_v003.cdf,566
nonmanual_peaks_gt_0p01us,822391248966004224,2026-01-22T21:59:39.782004224,imap_idex_l1b_sci-10days_20260120_v003.cdf,567
nonmanual_peaks_gt_0p01us,822391821411616896,2026-01-22T22:09:12.227616896,imap_idex_l1b_sci-10days_20260120_v003.cdf,568
nonmanual_peaks_gt_0p01us,822392024932036608,2026-01-22T22:12:35.748036608,imap_idex_l1b_sci-10days_20260120_v003.cdf,569
nonmanual_peaks_gt_0p01us,822392060534585216,2026-01-22T22:13:11.350585216,imap_idex_l1b_sci-10days_20260120_v003.cdf,570
nonmanual_peaks_gt_0p01us,822392222551781632,2026-01-22T22:15:53.367781632,imap_idex_l1b_sci-10days_20260120_v003.cdf,571
nonmanual_peaks_gt_0p01us,822393835452752768,2026-01-22T22:42:46.268752768,imap_idex_l1b_sci-10days_20260120_v003.cdf,572
nonmanual_peaks_gt_0p01us,822394578889393920,2026-01-22T22:55:09.705393920,imap_idex_l1b_sci-10days_20260120_v003.cdf,573
nonmanual_peaks_gt_0p01us,822394901925507840,2026-01-22T23:00:32.741507840,imap_idex_l1b_sci-10days_20260120_v003.cdf,574
nonmanual_peaks_gt_0p01us,822395027373256704,2026-01-22T23:02:38.189256704,imap_idex_l1b_sci-10days_20260120_v003.cdf,575
nonmanual_peaks_gt_0p01us,822395598909330304,2026-01-22T23:12:09.725330304,imap_idex_l1b_sci-10days_20260120_v003.cdf,576
nonmanual_peaks_gt_0p01us,822395733810670720,2026-01-22T23:14:24.626670720,imap_idex_l1b_sci-10days_20260120_v003.cdf,577
nonmanual_peaks_gt_0p01us,822395986311027072,2026-01-22T23:18:37.127027072,imap_idex_l1b_sci-10days_20260120_v003.cdf,578
nonmanual_peaks_gt_0p01us,822397016538354304,2026-01-22T23:35:47.354354304,imap_idex_l1b_sci-10days_20260120_v003.cdf,579
nonmanual_peaks_gt_0p01us,822397306157277696,2026-01-22T23:40:36.973277696,imap_idex_l1b_sci-10days_20260120_v003.cdf,580
nonmanual_peaks_gt_0p01us,822397473953448960,2026-01-22T23:43:24.769448960,imap_idex_l1b_sci-10days_20260120_v003.cdf,581
nonmanual_peaks_gt_0p01us,822397557517374976,2026-01-22T23:44:48.333374976,imap_idex_l1b_sci-10days_20260120_v003.cdf,582
nonmanual_peaks_gt_0p01us,822397640391981440,2026-01-22T23:46:11.207981440,imap_idex_l1b_sci-10days_20260120_v003.cdf,583
nonmanual_peaks_gt_0p01us,822397731951460352,2026-01-22T23:47:42.767460352,imap_idex_l1b_sci-10days_20260120_v003.cdf,584
nonmanual_peaks_gt_0p01us,822398102102792448,2026-01-22T23:53:52.918792448,imap_idex_l1b_sci-10days_20260120_v003.cdf,585
nonmanual_peaks_gt_0p01us,822398381781684608,2026-01-22T23:58:32.597684608,imap_idex_l1b_sci-10days_20260120_v003.cdf,586
nonmanual_peaks_gt_0p01us,822398541948282752,2026-01-23T00:01:12.764282752,imap_idex_l1b_sci-10days_20260120_v003.cdf,587
nonmanual_peaks_gt_0p01us,822398966777866496,2026-01-23T00:08:17.593866496,imap_idex_l1b_sci-10days_20260120_v003.cdf,588
nonmanual_peaks_gt_0p01us,822399046346535936,2026-01-23T00:09:37.162535936,imap_idex_l1b_sci-10days_20260120_v003.cdf,589
nonmanual_peaks_gt_0p01us,822400034216880768,2026-01-23T00:26:05.032880768,imap_idex_l1b_sci-10days_20260120_v003.cdf,590
nonmanual_peaks_gt_0p01us,822400267215954304,2026-01-23T00:29:58.031954304,imap_idex_l1b_sci-10days_20260120_v003.cdf,591
nonmanual_peaks_gt_0p01us,822400407747549824,2026-01-23T00:32:18.563549824,imap_idex_l1b_sci-10days_20260120_v003.cdf,592
nonmanual_peaks_gt_0p01us,822401091937563520,2026-01-23T00:43:42.753563520,imap_idex_l1b_sci-10days_20260120_v003.cdf,593
nonmanual_peaks_gt_0p01us,822401513995909632,2026-01-23T00:50:44.811909632,imap_idex_l1b_sci-10days_20260120_v003.cdf,594
nonmanual_peaks_gt_0p01us,822401760770551040,2026-01-23T00:54:51.586551040,imap_idex_l1b_sci-10days_20260120_v003.cdf,595
nonmanual_peaks_gt_0p01us,822401805286911616,2026-01-23T00:55:36.102911616,imap_idex_l1b_sci-10days_20260120_v003.cdf,596
nonmanual_peaks_gt_0p01us,822401883455682304,2026-01-23T00:56:54.271682304,imap_idex_l1b_sci-10days_20260120_v003.cdf,597
nonmanual_peaks_gt_0p01us,822402984535527680,2026-01-23T01:15:15.351527680,imap_idex_l1b_sci-10days_20260120_v003.cdf,598
nonmanual_peaks_gt_0p01us,822403080860822400,2026-01-23T01:16:51.676822400,imap_idex_l1b_sci-10days_20260120_v003.cdf,599
nonmanual_peaks_gt_0p01us,822403434140289664,2026-01-23T01:22:44.956289664,imap_idex_l1b_sci-10days_20260120_v003.cdf,600
nonmanual_peaks_gt_0p01us,822404941957554688,2026-01-23T01:47:52.773554688,imap_idex_l1b_sci-10days_20260120_v003.cdf,601
nonmanual_peaks_gt_0p01us,822405268467585664,2026-01-23T01:53:19.283585664,imap_idex_l1b_sci-10days_20260120_v003.cdf,602
nonmanual_peaks_gt_0p01us,822405275952759040,2026-01-23T01:53:26.768759040,imap_idex_l1b_sci-10days_20260120_v003.cdf,603
nonmanual_peaks_gt_0p01us,822406108948061568,2026-01-23T02:07:19.764061568,imap_idex_l1b_sci-10days_20260120_v003.cdf,604
nonmanual_peaks_gt_0p01us,822406143298491136,2026-01-23T02:07:54.114491136,imap_idex_l1b_sci-10days_20260120_v003.cdf,605
nonmanual_peaks_gt_0p01us,822406246490399744,2026-01-23T02:09:37.306399744,imap_idex_l1b_sci-10days_20260120_v003.cdf,606
nonmanual_peaks_gt_0p01us,822406503354012416,2026-01-23T02:13:54.170012416,imap_idex_l1b_sci-10days_20260120_v003.cdf,607
nonmanual_peaks_gt_0p01us,822407138328030080,2026-01-23T02:24:29.144030080,imap_idex_l1b_sci-10days_20260120_v003.cdf,608
nonmanual_peaks_gt_0p01us,822407923141015296,2026-01-23T02:37:33.957015296,imap_idex_l1b_sci-10days_20260120_v003.cdf,609
nonmanual_peaks_gt_0p01us,822408657116145536,2026-01-23T02:49:47.932145536,imap_idex_l1b_sci-10days_20260120_v003.cdf,610
nonmanual_peaks_gt_0p01us,822410316055316736,2026-01-23T03:17:26.871316736,imap_idex_l1b_sci-10days_20260120_v003.cdf,611
nonmanual_peaks_gt_0p01us,822410716559622016,2026-01-23T03:24:07.375622016,imap_idex_l1b_sci-10days_20260120_v003.cdf,612
nonmanual_peaks_gt_0p01us,822412193147574784,2026-01-23T03:48:43.963574784,imap_idex_l1b_sci-10days_20260120_v003.cdf,613
nonmanual_peaks_gt_0p01us,822412354280492160,2026-01-23T03:51:25.096492160,imap_idex_l1b_sci-10days_20260120_v003.cdf,614
nonmanual_peaks_gt_0p01us,822413045866839808,2026-01-23T04:02:56.682839808,imap_idex_l1b_sci-10days_20260120_v003.cdf,615
nonmanual_peaks_gt_0p01us,822413151938065920,2026-01-23T04:04:42.754065920,imap_idex_l1b_sci-10days_20260120_v003.cdf,616
nonmanual_peaks_gt_0p01us,822413649140805632,2026-01-23T04:12:59.956805632,imap_idex_l1b_sci-10days_20260120_v003.cdf,617
nonmanual_peaks_gt_0p01us,822413727858316032,2026-01-23T04:14:18.674316032,imap_idex_l1b_sci-10days_20260120_v003.cdf,618
nonmanual_peaks_gt_0p01us,822413815316698496,2026-01-23T04:15:46.132698496,imap_idex_l1b_sci-10days_20260120_v003.cdf,619
nonmanual_peaks_gt_0p01us,822414096462029568,2026-01-23T04:20:27.278029568,imap_idex_l1b_sci-10days_20260120_v003.cdf,620
nonmanual_peaks_gt_0p01us,822415132609632256,2026-01-23T04:37:43.425632256,imap_idex_l1b_sci-10days_20260120_v003.cdf,621
nonmanual_peaks_gt_0p01us,822418157173634432,2026-01-23T05:28:07.989634432,imap_idex_l1b_sci-10days_20260120_v003.cdf,622
nonmanual_peaks_gt_0p01us,822418679006792448,2026-01-23T05:36:49.822792448,imap_idex_l1b_sci-10days_20260120_v003.cdf,623
nonmanual_peaks_gt_0p01us,822418980028165888,2026-01-23T05:41:50.844165888,imap_idex_l1b_sci-10days_20260120_v003.cdf,624
nonmanual_peaks_gt_0p01us,822419128077915008,2026-01-23T05:44:18.893915008,imap_idex_l1b_sci-10days_20260120_v003.cdf,625
nonmanual_peaks_gt_0p01us,822419289725711872,2026-01-23T05:47:00.541711872,imap_idex_l1b_sci-10days_20260120_v003.cdf,626
nonmanual_peaks_gt_0p01us,822419399543154432,2026-01-23T05:48:50.359154432,imap_idex_l1b_sci-10days_20260120_v003.cdf,627
nonmanual_peaks_gt_0p01us,822421146692547712,2026-01-23T06:17:57.508547712,imap_idex_l1b_sci-10days_20260120_v003.cdf,628
nonmanual_peaks_gt_0p01us,822421490757403008,2026-01-23T06:23:41.573403008,imap_idex_l1b_sci-10days_20260120_v003.cdf,629
nonmanual_peaks_gt_0p01us,822421923954159488,2026-01-23T06:30:54.770159488,imap_idex_l1b_sci-10days_20260120_v003.cdf,630
nonmanual_peaks_gt_0p01us,822422467590958080,2026-01-23T06:39:58.406958080,imap_idex_l1b_sci-10days_20260120_v003.cdf,631
nonmanual_peaks_gt_0p01us,822422581140537600,2026-01-23T06:41:51.956537600,imap_idex_l1b_sci-10days_20260120_v003.cdf,632
nonmanual_peaks_gt_0p01us,822423087752249088,2026-01-23T06:50:18.568249088,imap_idex_l1b_sci-10days_20260120_v003.cdf,633
nonmanual_peaks_gt_0p01us,822423759275934592,2026-01-23T07:01:30.091934592,imap_idex_l1b_sci-10days_20260120_v003.cdf,634
nonmanual_peaks_gt_0p01us,822425204737014784,2026-01-23T07:25:35.553014784,imap_idex_l1b_sci-10days_20260120_v003.cdf,635
nonmanual_peaks_gt_0p01us,822425261697824512,2026-01-23T07:26:32.513824512,imap_idex_l1b_sci-10days_20260120_v003.cdf,636
nonmanual_peaks_gt_0p01us,822426220743915264,2026-01-23T07:42:31.559915264,imap_idex_l1b_sci-10days_20260120_v003.cdf,637
nonmanual_peaks_gt_0p01us,822427302890637312,2026-01-23T08:00:33.706637312,imap_idex_l1b_sci-10days_20260120_v003.cdf,638
nonmanual_peaks_gt_0p01us,822427497573604864,2026-01-23T08:03:48.389604864,imap_idex_l1b_sci-10days_20260120_v003.cdf,639
nonmanual_peaks_gt_0p01us,822428017996384128,2026-01-23T08:12:28.812384128,imap_idex_l1b_sci-10days_20260120_v003.cdf,640
nonmanual_peaks_gt_0p01us,822432614657294336,2026-01-23T09:29:05.473294336,imap_idex_l1b_sci-10days_20260120_v003.cdf,642
nonmanual_peaks_gt_0p01us,822432722350459136,2026-01-23T09:30:53.166459136,imap_idex_l1b_sci-10days_20260120_v003.cdf,643
nonmanual_peaks_gt_0p01us,822432748192496000,2026-01-23T09:31:19.008496000,imap_idex_l1b_sci-10days_20260120_v003.cdf,644
nonmanual_peaks_gt_0p01us,822432963771705216,2026-01-23T09:34:54.587705216,imap_idex_l1b_sci-10days_20260120_v003.cdf,645
nonmanual_peaks_gt_0p01us,822433041701356288,2026-01-23T09:36:12.517356288,imap_idex_l1b_sci-10days_20260120_v003.cdf,646
nonmanual_peaks_gt_0p01us,822433054952084480,2026-01-23T09:36:25.768084480,imap_idex_l1b_sci-10days_20260120_v003.cdf,647
nonmanual_peaks_gt_0p01us,822433264055119488,2026-01-23T09:39:54.871119488,imap_idex_l1b_sci-10days_20260120_v003.cdf,648
nonmanual_peaks_gt_0p01us,822433759296440960,2026-01-23T09:48:10.112440960,imap_idex_l1b_sci-10days_20260120_v003.cdf,649
nonmanual_peaks_gt_0p01us,822435508645432192,2026-01-23T10:17:19.461432192,imap_idex_l1b_sci-10days_20260120_v003.cdf,650
nonmanual_peaks_gt_0p01us,822435750134618240,2026-01-23T10:21:20.950618240,imap_idex_l1b_sci-10days_20260120_v003.cdf,651
nonmanual_peaks_gt_0p01us,822436105806923392,2026-01-23T10:27:16.622923392,imap_idex_l1b_sci-10days_20260120_v003.cdf,652
nonmanual_peaks_gt_0p01us,822437107032756992,2026-01-23T10:43:57.848756992,imap_idex_l1b_sci-10days_20260120_v003.cdf,653
nonmanual_peaks_gt_0p01us,822437949334571264,2026-01-23T10:58:00.150571264,imap_idex_l1b_sci-10days_20260120_v003.cdf,654
nonmanual_peaks_gt_0p01us,822438371050317824,2026-01-23T11:05:01.866317824,imap_idex_l1b_sci-10days_20260120_v003.cdf,655
nonmanual_peaks_gt_0p01us,822439188886633728,2026-01-23T11:18:39.702633728,imap_idex_l1b_sci-10days_20260120_v003.cdf,656
nonmanual_peaks_gt_0p01us,822439306063370112,2026-01-23T11:20:36.879370112,imap_idex_l1b_sci-10days_20260120_v003.cdf,657
nonmanual_peaks_gt_0p01us,822439599349270400,2026-01-23T11:25:30.165270400,imap_idex_l1b_sci-10days_20260120_v003.cdf,658
nonmanual_peaks_gt_0p01us,822440307450103424,2026-01-23T11:37:18.266103424,imap_idex_l1b_sci-10days_20260120_v003.cdf,659
nonmanual_peaks_gt_0p01us,822441632009210880,2026-01-23T11:59:22.825210880,imap_idex_l1b_sci-10days_20260120_v003.cdf,660
nonmanual_peaks_gt_0p01us,822441773413585664,2026-01-23T12:01:44.229585664,imap_idex_l1b_sci-10days_20260120_v003.cdf,661
nonmanual_peaks_gt_0p01us,822485089293515392,2026-01-24T00:03:40.109515392,imap_idex_l1b_sci-10days_20260120_v003.cdf,662
nonmanual_peaks_gt_0p01us,822485377074880640,2026-01-24T00:08:27.890880640,imap_idex_l1b_sci-10days_20260120_v003.cdf,663
nonmanual_peaks_gt_0p01us,822486786946572288,2026-01-24T00:31:57.762572288,imap_idex_l1b_sci-10days_20260120_v003.cdf,664
nonmanual_peaks_gt_0p01us,822487728720118656,2026-01-24T00:47:39.536118656,imap_idex_l1b_sci-10days_20260120_v003.cdf,665
nonmanual_peaks_gt_0p01us,822488069880576512,2026-01-24T00:53:20.696576512,imap_idex_l1b_sci-10days_20260120_v003.cdf,666
nonmanual_peaks_gt_0p01us,822491756700212224,2026-01-24T01:54:47.516212224,imap_idex_l1b_sci-10days_20260120_v003.cdf,667
nonmanual_peaks_gt_0p01us,822492656758095360,2026-01-24T02:09:47.574095360,imap_idex_l1b_sci-10days_20260120_v003.cdf,668
nonmanual_peaks_gt_0p01us,822494195601752960,2026-01-24T02:35:26.417752960,imap_idex_l1b_sci-10days_20260120_v003.cdf,669
nonmanual_peaks_gt_0p01us,822495746463539968,2026-01-24T03:01:17.279539968,imap_idex_l1b_sci-10days_20260120_v003.cdf,670
nonmanual_peaks_gt_0p01us,822496526169909632,2026-01-24T03:14:16.985909632,imap_idex_l1b_sci-10days_20260120_v003.cdf,671
nonmanual_peaks_gt_0p01us,822497021623210880,2026-01-24T03:22:32.439210880,imap_idex_l1b_sci-10days_20260120_v003.cdf,672
nonmanual_peaks_gt_0p01us,822498916868093056,2026-01-24T03:54:07.684093056,imap_idex_l1b_sci-10days_20260120_v003.cdf,673
nonmanual_peaks_gt_0p01us,822499087807301632,2026-01-24T03:56:58.623301632,imap_idex_l1b_sci-10days_20260120_v003.cdf,674
nonmanual_peaks_gt_0p01us,822499647693445888,2026-01-24T04:06:18.509445888,imap_idex_l1b_sci-10days_20260120_v003.cdf,675
nonmanual_peaks_gt_0p01us,822500055024385280,2026-01-24T04:13:05.840385280,imap_idex_l1b_sci-10days_20260120_v003.cdf,676
nonmanual_peaks_gt_0p01us,822501680364226176,2026-01-24T04:40:11.180226176,imap_idex_l1b_sci-10days_20260120_v003.cdf,677
nonmanual_peaks_gt_0p01us,822502094360199680,2026-01-24T04:47:05.176199680,imap_idex_l1b_sci-10days_20260120_v003.cdf,678
nonmanual_peaks_gt_0p01us,822502594711456768,2026-01-24T04:55:25.527456768,imap_idex_l1b_sci-10days_20260120_v003.cdf,679
nonmanual_peaks_gt_0p01us,822504820948185856,2026-01-24T05:32:31.764185856,imap_idex_l1b_sci-10days_20260120_v003.cdf,680
nonmanual_peaks_gt_0p01us,822505519318387456,2026-01-24T05:44:10.134387456,imap_idex_l1b_sci-10days_20260120_v003.cdf,681
nonmanual_peaks_gt_0p01us,822506056771671552,2026-01-24T05:53:07.587671552,imap_idex_l1b_sci-10days_20260120_v003.cdf,682
nonmanual_peaks_gt_0p01us,822506233905454848,2026-01-24T05:56:04.721454848,imap_idex_l1b_sci-10days_20260120_v003.cdf,683
nonmanual_peaks_gt_0p01us,822508513840356224,2026-01-24T06:34:04.656356224,imap_idex_l1b_sci-10days_20260120_v003.cdf,684
nonmanual_peaks_gt_0p01us,822508750734606464,2026-01-24T06:38:01.550606464,imap_idex_l1b_sci-10days_20260120_v003.cdf,685
nonmanual_peaks_gt_0p01us,822510054299792256,2026-01-24T06:59:45.115792256,imap_idex_l1b_sci-10days_20260120_v003.cdf,686
nonmanual_peaks_gt_0p01us,822511618217127680,2026-01-24T07:25:49.033127680,imap_idex_l1b_sci-10days_20260120_v003.cdf,687
nonmanual_peaks_gt_0p01us,822512521283168256,2026-01-24T07:40:52.099168256,imap_idex_l1b_sci-10days_20260120_v003.cdf,688
nonmanual_peaks_gt_0p01us,822513746521543424,2026-01-24T08:01:17.337543424,imap_idex_l1b_sci-10days_20260120_v003.cdf,689
nonmanual_peaks_gt_0p01us,822513804757691904,2026-01-24T08:02:15.573691904,imap_idex_l1b_sci-10days_20260120_v003.cdf,690
nonmanual_peaks_gt_0p01us,822514735139868160,2026-01-24T08:17:45.955868160,imap_idex_l1b_sci-10days_20260120_v003.cdf,691
nonmanual_peaks_gt_0p01us,822515231455928704,2026-01-24T08:26:02.271928704,imap_idex_l1b_sci-10days_20260120_v003.cdf,692
nonmanual_peaks_gt_0p01us,822516353287355392,2026-01-24T08:44:44.103355392,imap_idex_l1b_sci-10days_20260120_v003.cdf,693
nonmanual_peaks_gt_0p01us,822516390440682496,2026-01-24T08:45:21.256682496,imap_idex_l1b_sci-10days_20260120_v003.cdf,694
nonmanual_peaks_gt_0p01us,822517422309269120,2026-01-24T09:02:33.125269120,imap_idex_l1b_sci-10days_20260120_v003.cdf,695
nonmanual_peaks_gt_0p01us,822518043503179008,2026-01-24T09:12:54.319179008,imap_idex_l1b_sci-10days_20260120_v003.cdf,696
nonmanual_peaks_gt_0p01us,822518297269594368,2026-01-24T09:17:08.085594368,imap_idex_l1b_sci-10days_20260120_v003.cdf,697
nonmanual_peaks_gt_0p01us,822518544406395520,2026-01-24T09:21:15.222395520,imap_idex_l1b_sci-10days_20260120_v003.cdf,698
nonmanual_peaks_gt_0p01us,822518763670041472,2026-01-24T09:24:54.486041472,imap_idex_l1b_sci-10days_20260120_v003.cdf,699
nonmanual_peaks_gt_0p01us,822518897338043136,2026-01-24T09:27:08.154043136,imap_idex_l1b_sci-10days_20260120_v003.cdf,700
nonmanual_peaks_gt_0p01us,822520884827343488,2026-01-24T10:00:15.643343488,imap_idex_l1b_sci-10days_20260120_v003.cdf,701
nonmanual_peaks_gt_0p01us,822523878257733248,2026-01-24T10:50:09.073733248,imap_idex_l1b_sci-10days_20260120_v003.cdf,702
nonmanual_peaks_gt_0p01us,822523948824890624,2026-01-24T10:51:19.640890624,imap_idex_l1b_sci-10days_20260120_v003.cdf,703
nonmanual_peaks_gt_0p01us,822524305121315200,2026-01-24T10:57:15.937315200,imap_idex_l1b_sci-10days_20260120_v003.cdf,704
nonmanual_peaks_gt_0p01us,822525314077602048,2026-01-24T11:14:04.893602048,imap_idex_l1b_sci-10days_20260120_v003.cdf,705
nonmanual_peaks_gt_0p01us,822527692363676288,2026-01-24T11:53:43.179676288,imap_idex_l1b_sci-10days_20260120_v003.cdf,706
nonmanual_peaks_gt_0p01us,822529043187200256,2026-01-24T12:16:14.003200256,imap_idex_l1b_sci-10days_20260120_v003.cdf,707
nonmanual_peaks_gt_0p01us,822532562777004288,2026-01-24T13:14:53.593004288,imap_idex_l1b_sci-10days_20260120_v003.cdf,708
nonmanual_peaks_gt_0p01us,822533748676854272,2026-01-24T13:34:39.492854272,imap_idex_l1b_sci-10days_20260120_v003.cdf,709
nonmanual_peaks_gt_0p01us,822536422386027136,2026-01-24T14:19:13.202027136,imap_idex_l1b_sci-10days_20260120_v003.cdf,710
nonmanual_peaks_gt_0p01us,822752945501397504,2026-01-27T02:27:56.317397504,imap_idex_l1b_sci-10days_20260120_v003.cdf,714
nonmanual_peaks_gt_0p01us,822772085122046848,2026-01-27T07:46:55.938046848,imap_idex_l1b_sci-10days_20260120_v003.cdf,715
nonmanual_peaks_gt_0p01us,823003433865612800,2026-01-30T00:02:44.681612800,imap_idex_l1b_sci-10days_20260130_v003.cdf,6
nonmanual_peaks_gt_0p01us,823003445865542272,2026-01-30T00:02:56.681542272,imap_idex_l1b_sci-10days_20260130_v003.cdf,7
nonmanual_peaks_gt_0p01us,823321826137256576,2026-02-02T16:29:16.953256576,imap_idex_l1b_sci-10days_20260130_v003.cdf,10
nonmanual_peaks_gt_0p01us,823374007345156224,2026-02-03T06:58:58.161156224,imap_idex_l1b_sci-10days_20260130_v003.cdf,11
nonmanual_peaks_gt_0p01us,823532755161741056,2026-02-05T03:04:45.977741056,imap_idex_l1b_sci-10days_20260130_v003.cdf,12
nonmanual_peaks_gt_0p01us,823646584933374336,2026-02-06T10:41:55.749374336,imap_idex_l1b_sci-10days_20260130_v003.cdf,13
nonmanual_peaks_gt_0p01us,823656259303192704,2026-02-06T13:23:10.119192704,imap_idex_l1b_sci-10days_20260130_v003.cdf,14
nonmanual_peaks_gt_0p01us,823675637775943296,2026-02-06T18:46:08.591943296,imap_idex_l1b_sci-10days_20260130_v003.cdf,15
nonmanual_peaks_gt_0p01us,823681765721655936,2026-02-06T20:28:16.537655936,imap_idex_l1b_sci-10days_20260130_v003.cdf,16
nonmanual_peaks_gt_0p01us,823694632488882560,2026-02-07T00:02:43.304882560,imap_idex_l1b_sci-10days_20260130_v003.cdf,23
nonmanual_peaks_gt_0p01us,823694644488812032,2026-02-07T00:02:55.304812032,imap_idex_l1b_sci-10days_20260130_v003.cdf,24
nonmanual_peaks_gt_0p01us,823705860918334976,2026-02-07T03:09:51.734334976,imap_idex_l1b_sci-10days_20260130_v003.cdf,27
nonmanual_peaks_gt_0p01us,823742579353035264,2026-02-07T13:21:50.169035264,imap_idex_l1b_sci-10days_20260130_v003.cdf,29
nonmanual_peaks_gt_0p01us,823863688533870848,2026-02-08T23:00:19.349870848,imap_idex_l1b_sci-10days_20260130_v003.cdf,30
nonmanual_peaks_gt_0p01us,823917174354775168,2026-02-09T13:51:45.170775168,imap_idex_l1b_sci-10days_20260209_v003.cdf,0
nonmanual_peaks_gt_0p01us,824076203355304832,2026-02-11T10:02:14.171304832,imap_idex_l1b_sci-10days_20260209_v003.cdf,1
nonmanual_peaks_gt_0p01us,824103518305623424,2026-02-11T17:37:29.121623424,imap_idex_l1b_sci-10days_20260209_v003.cdf,2
nonmanual_peaks_gt_0p01us,824164949253484544,2026-02-12T10:41:20.069484544,imap_idex_l1b_sci-10days_20260209_v003.cdf,3
nonmanual_peaks_gt_0p01us,824252776206056064,2026-02-13T11:05:07.022056064,imap_idex_l1b_sci-10days_20260209_v003.cdf,4
nonmanual_peaks_gt_0p01us,824385832185396608,2026-02-15T00:02:43.001396608,imap_idex_l1b_sci-10days_20260209_v003.cdf,11
nonmanual_peaks_gt_0p01us,824643233797224832,2026-02-17T23:32:44.613224832,imap_idex_l1b_sci-10days_20260209_v003.cdf,17
nonmanual_peaks_gt_0p01us,824695180842833280,2026-02-18T13:58:31.658833280,imap_idex_l1b_sci-10days_20260209_v003.cdf,18
nonmanual_peaks_gt_0p01us,825076980060782848,2026-02-23T00:01:50.876782848,imap_idex_l1b_sci-10days_20260219_v003.cdf,3
nonmanual_peaks_gt_0p01us,825077032060437376,2026-02-23T00:02:42.876437376,imap_idex_l1b_sci-10days_20260219_v003.cdf,9
nonmanual_peaks_gt_0p01us,825145076969854464,2026-02-23T18:56:47.785854464,imap_idex_l1b_sci-10days_20260219_v003.cdf,13
nonmanual_peaks_gt_0p01us,825180858893886720,2026-02-24T04:53:09.709886720,imap_idex_l1b_sci-10days_20260219_v003.cdf,14
nonmanual_peaks_gt_0p01us,825228754937332224,2026-02-24T18:11:25.753332224,imap_idex_l1b_sci-10days_20260219_v003.cdf,15
nonmanual_peaks_gt_0p01us,825321529935155072,2026-02-25T19:57:40.751155072,imap_idex_l1b_sci-10days_20260219_v003.cdf,16
nonmanual_peaks_gt_0p01us,825356801246776192,2026-02-26T05:45:32.062776192,imap_idex_l1b_sci-10days_20260219_v003.cdf,17
nonmanual_peaks_gt_0p01us,825449955648698496,2026-02-27T07:38:06.464698496,imap_idex_l1b_sci-10days_20260219_v003.cdf,19
nonmanual_peaks_gt_0p01us,825768230648277248,2026-03-03T00:02:41.464277248,imap_idex_l1b_sci-10days_20260301_v003.cdf,9
nonmanual_peaks_gt_0p01us,825865318891700352,2026-03-04T03:00:49.707700352,imap_idex_l1b_sci-10days_20260301_v003.cdf,14
nonmanual_peaks_gt_0p01us,825920733097413120,2026-03-04T18:24:23.913413120,imap_idex_l1b_sci-10days_20260301_v003.cdf,15
nonmanual_peaks_gt_0p01us,825993045290285056,2026-03-05T14:29:36.106285056,imap_idex_l1b_sci-10days_20260301_v003.cdf,17
nonmanual_peaks_gt_0p01us,826122935909736960,2026-03-07T02:34:26.725736960,imap_idex_l1b_sci-10days_20260301_v003.cdf,18
nonmanual_peaks_gt_0p01us,826362611238473984,2026-03-09T21:09:02.054473984,imap_idex_l1b_sci-10days_20260301_v003.cdf,19
nonmanual_peaks_gt_0p01us,826459430129106048,2026-03-11T00:02:40.945106048,imap_idex_l1b_sci-10days_20260311_v003.cdf,6
nonmanual_peaks_gt_0p01us,826459442129015552,2026-03-11T00:02:52.945015552,imap_idex_l1b_sci-10days_20260311_v003.cdf,7
nonmanual_peaks_gt_0p01us,826493113683860224,2026-03-11T09:24:04.499860224,imap_idex_l1b_sci-10days_20260311_v003.cdf,10
nonmanual_peaks_gt_0p01us,827123773423229184,2026-03-18T16:35:04.239229184,imap_idex_l1b_sci-10days_20260311_v003.cdf,13
nonmanual_peaks_gt_0p01us,827125927631545472,2026-03-18T17:10:58.447545472,imap_idex_l1b_sci-10days_20260311_v003.cdf,14
nonmanual_peaks_gt_0p01us,827150642100015104,2026-03-19T00:02:52.916015104,imap_idex_l1b_sci-10days_20260311_v003.cdf,23
nonmanual_peaks_gt_0p01us,827392649230603008,2026-03-21T19:16:20.046603008,imap_idex_l1b_sci-10days_20260321_v016.cdf,1
nonmanual_peaks_gt_0p01us,827442704141100928,2026-03-22T09:10:34.957100928,imap_idex_l1b_sci-10days_20260321_v016.cdf,2
nonmanual_peaks_gt_0p01us,827454121358063744,2026-03-22T12:20:52.174063744,imap_idex_l1b_sci-10days_20260321_v016.cdf,3
nonmanual_peaks_gt_0p01us,827471404229500544,2026-03-22T17:08:55.045500544,imap_idex_l1b_sci-10days_20260321_v016.cdf,4
nonmanual_peaks_gt_0p01us,827471771514619520,2026-03-22T17:15:02.330619520,imap_idex_l1b_sci-10days_20260321_v016.cdf,5
nonmanual_peaks_gt_0p01us,827476430388088064,2026-03-22T18:32:41.204088064,imap_idex_l1b_sci-10days_20260321_v016.cdf,6
nonmanual_peaks_gt_0p01us,827477215471882240,2026-03-22T18:45:46.287882240,imap_idex_l1b_sci-10days_20260321_v016.cdf,7
nonmanual_peaks_gt_0p01us,827488627394889472,2026-03-22T21:55:58.210889472,imap_idex_l1b_sci-10days_20260321_v016.cdf,8
nonmanual_peaks_gt_0p01us,827489487364297856,2026-03-22T22:10:18.180297856,imap_idex_l1b_sci-10days_20260321_v016.cdf,9
nonmanual_peaks_gt_0p01us,827490247445533696,2026-03-22T22:22:58.261533696,imap_idex_l1b_sci-10days_20260321_v016.cdf,10
nonmanual_peaks_gt_0p01us,827501437172356096,2026-03-23T01:29:27.988356096,imap_idex_l1b_sci-10days_20260321_v016.cdf,11
nonmanual_peaks_gt_0p01us,827516763398305792,2026-03-23T05:44:54.214305792,imap_idex_l1b_sci-10days_20260321_v016.cdf,12
nonmanual_peaks_gt_0p01us,827528280928282880,2026-03-23T08:56:51.744282880,imap_idex_l1b_sci-10days_20260321_v016.cdf,13
nonmanual_peaks_gt_0p01us,827547147881359104,2026-03-23T14:11:18.697359104,imap_idex_l1b_sci-10days_20260321_v016.cdf,14
nonmanual_peaks_gt_0p01us,827599262676533120,2026-03-24T04:39:53.492533120,imap_idex_l1b_sci-10days_20260321_v016.cdf,15
nonmanual_peaks_gt_0p01us,827612094895927936,2026-03-24T08:13:45.711927936,imap_idex_l1b_sci-10days_20260321_v016.cdf,16
nonmanual_peaks_gt_0p01us,827782641711986688,2026-03-26T07:36:12.527986688,imap_idex_l1b_sci-10days_20260321_v016.cdf,17
nonmanual_peaks_gt_0p01us,827793370988301184,2026-03-26T10:35:01.804301184,imap_idex_l1b_sci-10days_20260321_v016.cdf,18
nonmanual_peaks_gt_0p01us,827797997057303168,2026-03-26T11:52:07.873303168,imap_idex_l1b_sci-10days_20260321_v016.cdf,19
nonmanual_peaks_gt_0p01us,827841826540949248,2026-03-27T00:02:37.356949248,imap_idex_l1b_sci-10days_20260321_v016.cdf,26
nonmanual_peaks_gt_0p01us,827841833148803584,2026-03-27T00:02:43.964803584,imap_idex_l1b_sci-10days_20260321_v016.cdf,27
nonmanual_peaks_gt_0p01us,827841840825776768,2026-03-27T00:02:51.641776768,imap_idex_l1b_sci-10days_20260321_v016.cdf,28
nonmanual_peaks_gt_0p01us,827990627496466048,2026-03-28T17:22:38.312466048,imap_idex_l1b_sci-10days_20260321_v016.cdf,31
nonmanual_peaks_gt_0p01us,828087573251437056,2026-03-29T20:18:24.067437056,imap_idex_l1b_sci-10days_20260321_v016.cdf,32
nonmanual_peaks_gt_0p01us,828216490454724608,2026-03-31T08:07:01.270724608,imap_idex_l1b_sci-10days_20260331_v016.cdf,0
nonmanual_peaks_gt_0p01us,828268290476372736,2026-03-31T22:30:21.292372736,imap_idex_l1b_sci-10days_20260331_v016.cdf,1
nonmanual_peaks_gt_0p01us,828274733088354560,2026-04-01T00:17:43.904354560,imap_idex_l1b_sci-10days_20260331_v016.cdf,2
nonmanual_peaks_gt_0p01us,828320201367907072,2026-04-01T12:55:32.183907072,imap_idex_l1b_sci-10days_20260331_v016.cdf,4
nonmanual_peaks_gt_0p01us,828323362895290240,2026-04-01T13:48:13.711290240,imap_idex_l1b_sci-10days_20260331_v016.cdf,5
nonmanual_peaks_gt_0p01us,828323661629609856,2026-04-01T13:53:12.445609856,imap_idex_l1b_sci-10days_20260331_v016.cdf,6
nonmanual_peaks_gt_0p01us,828325223583627648,2026-04-01T14:19:14.399627648,imap_idex_l1b_sci-10days_20260331_v016.cdf,8
nonmanual_peaks_gt_0p01us,828325583093314304,2026-04-01T14:25:13.909314304,imap_idex_l1b_sci-10days_20260331_v016.cdf,9
nonmanual_peaks_gt_0p01us,828339101007168896,2026-04-01T18:10:31.823168896,imap_idex_l1b_sci-10days_20260331_v016.cdf,10
nonmanual_peaks_gt_0p01us,828349090039142912,2026-04-01T20:57:00.855142912,imap_idex_l1b_sci-10days_20260331_v016.cdf,11
nonmanual_peaks_gt_0p01us,828351099434731648,2026-04-01T21:30:30.250731648,imap_idex_l1b_sci-10days_20260331_v016.cdf,12
nonmanual_peaks_gt_0p01us,828353121357009408,2026-04-01T22:04:12.173009408,imap_idex_l1b_sci-10days_20260331_v016.cdf,13
nonmanual_peaks_gt_0p01us,828358713176235776,2026-04-01T23:37:23.992235776,imap_idex_l1b_sci-10days_20260331_v016.cdf,14
nonmanual_peaks_gt_0p01us,828359814988695552,2026-04-01T23:55:45.804695552,imap_idex_l1b_sci-10days_20260331_v016.cdf,15
nonmanual_peaks_gt_0p01us,828360693338470144,2026-04-02T00:10:24.154470144,imap_idex_l1b_sci-10days_20260331_v016.cdf,16
nonmanual_peaks_gt_0p01us,828362003608947968,2026-04-02T00:32:14.424947968,imap_idex_l1b_sci-10days_20260331_v016.cdf,17
nonmanual_peaks_gt_0p01us,828362274178952192,2026-04-02T00:36:44.994952192,imap_idex_l1b_sci-10days_20260331_v016.cdf,18
nonmanual_peaks_gt_0p01us,828368809000516736,2026-04-02T02:25:39.816516736,imap_idex_l1b_sci-10days_20260331_v016.cdf,19
nonmanual_peaks_gt_0p01us,828370259070692992,2026-04-02T02:49:49.886692992,imap_idex_l1b_sci-10days_20260331_v016.cdf,20
nonmanual_peaks_gt_0p01us,828371789170219392,2026-04-02T03:15:19.986219392,imap_idex_l1b_sci-10days_20260331_v016.cdf,21
nonmanual_peaks_gt_0p01us,828371949198399872,2026-04-02T03:18:00.014399872,imap_idex_l1b_sci-10days_20260331_v016.cdf,22
nonmanual_peaks_gt_0p01us,828372323420953728,2026-04-02T03:24:14.236953728,imap_idex_l1b_sci-10days_20260331_v016.cdf,23
nonmanual_peaks_gt_0p01us,828374537336364288,2026-04-02T04:01:08.152364288,imap_idex_l1b_sci-10days_20260331_v016.cdf,24
nonmanual_peaks_gt_0p01us,828377198667624704,2026-04-02T04:45:29.483624704,imap_idex_l1b_sci-10days_20260331_v016.cdf,25
nonmanual_peaks_gt_0p01us,828377342063719808,2026-04-02T04:47:52.879719808,imap_idex_l1b_sci-10days_20260331_v016.cdf,26
nonmanual_peaks_gt_0p01us,828377553261455616,2026-04-02T04:51:24.077455616,imap_idex_l1b_sci-10days_20260331_v016.cdf,27
nonmanual_peaks_gt_0p01us,828378021258027776,2026-04-02T04:59:12.074027776,imap_idex_l1b_sci-10days_20260331_v016.cdf,28
nonmanual_peaks_gt_0p01us,828378897216904448,2026-04-02T05:13:48.032904448,imap_idex_l1b_sci-10days_20260331_v016.cdf,29
nonmanual_peaks_gt_0p01us,828379549748095616,2026-04-02T05:24:40.564095616,imap_idex_l1b_sci-10days_20260331_v016.cdf,30
nonmanual_peaks_gt_0p01us,828380995829855488,2026-04-02T05:48:46.645855488,imap_idex_l1b_sci-10days_20260331_v016.cdf,31
nonmanual_peaks_gt_0p01us,828381022088452480,2026-04-02T05:49:12.904452480,imap_idex_l1b_sci-10days_20260331_v016.cdf,32
nonmanual_peaks_gt_0p01us,828381223226597248,2026-04-02T05:52:34.042597248,imap_idex_l1b_sci-10days_20260331_v016.cdf,33
nonmanual_peaks_gt_0p01us,828381918054411520,2026-04-02T06:04:08.870411520,imap_idex_l1b_sci-10days_20260331_v016.cdf,34
nonmanual_peaks_gt_0p01us,828383147918439808,2026-04-02T06:24:38.734439808,imap_idex_l1b_sci-10days_20260331_v016.cdf,35
nonmanual_peaks_gt_0p01us,828383789594540416,2026-04-02T06:35:20.410540416,imap_idex_l1b_sci-10days_20260331_v016.cdf,36
nonmanual_peaks_gt_0p01us,828384102258627968,2026-04-02T06:40:33.074627968,imap_idex_l1b_sci-10days_20260331_v016.cdf,37
nonmanual_peaks_gt_0p01us,828385042426408576,2026-04-02T06:56:13.242408576,imap_idex_l1b_sci-10days_20260331_v016.cdf,38
nonmanual_peaks_gt_0p01us,828387456569624448,2026-04-02T07:36:27.385624448,imap_idex_l1b_sci-10days_20260331_v016.cdf,39
nonmanual_peaks_gt_0p01us,828387995160935040,2026-04-02T07:45:25.976935040,imap_idex_l1b_sci-10days_20260331_v016.cdf,40
nonmanual_peaks_gt_0p01us,828388446258801920,2026-04-02T07:52:57.074801920,imap_idex_l1b_sci-10days_20260331_v016.cdf,41
nonmanual_peaks_gt_0p01us,828388604510784000,2026-04-02T07:55:35.326784000,imap_idex_l1b_sci-10days_20260331_v016.cdf,42
nonmanual_peaks_gt_0p01us,828390356909416704,2026-04-02T08:24:47.725416704,imap_idex_l1b_sci-10days_20260331_v016.cdf,43
nonmanual_peaks_gt_0p01us,828390492674018432,2026-04-02T08:27:03.490018432,imap_idex_l1b_sci-10days_20260331_v016.cdf,44
nonmanual_peaks_gt_0p01us,828390817068795648,2026-04-02T08:32:27.884795648,imap_idex_l1b_sci-10days_20260331_v016.cdf,45
nonmanual_peaks_gt_0p01us,828391174910723712,2026-04-02T08:38:25.726723712,imap_idex_l1b_sci-10days_20260331_v016.cdf,46
nonmanual_peaks_gt_0p01us,828392561328315392,2026-04-02T09:01:32.144315392,imap_idex_l1b_sci-10days_20260331_v016.cdf,47
nonmanual_peaks_gt_0p01us,828392938581526656,2026-04-02T09:07:49.397526656,imap_idex_l1b_sci-10days_20260331_v016.cdf,48
nonmanual_peaks_gt_0p01us,828392975432834688,2026-04-02T09:08:26.248834688,imap_idex_l1b_sci-10days_20260331_v016.cdf,49
nonmanual_peaks_gt_0p01us,828393229206633344,2026-04-02T09:12:40.022633344,imap_idex_l1b_sci-10days_20260331_v016.cdf,50
nonmanual_peaks_gt_0p01us,828393888590038656,2026-04-02T09:23:39.406038656,imap_idex_l1b_sci-10days_20260331_v016.cdf,51
nonmanual_peaks_gt_0p01us,828394156368065408,2026-04-02T09:28:07.184065408,imap_idex_l1b_sci-10days_20260331_v016.cdf,52
nonmanual_peaks_gt_0p01us,828394190065955840,2026-04-02T09:28:40.881955840,imap_idex_l1b_sci-10days_20260331_v016.cdf,53
nonmanual_peaks_gt_0p01us,828394833627555072,2026-04-02T09:39:24.443555072,imap_idex_l1b_sci-10days_20260331_v016.cdf,54
nonmanual_peaks_gt_0p01us,828394888153567488,2026-04-02T09:40:18.969567488,imap_idex_l1b_sci-10days_20260331_v016.cdf,55
nonmanual_peaks_gt_0p01us,828395812998961408,2026-04-02T09:55:43.814961408,imap_idex_l1b_sci-10days_20260331_v016.cdf,56
nonmanual_peaks_gt_0p01us,828396867649762304,2026-04-02T10:13:18.465762304,imap_idex_l1b_sci-10days_20260331_v016.cdf,57
nonmanual_peaks_gt_0p01us,828397115281066368,2026-04-02T10:17:26.097066368,imap_idex_l1b_sci-10days_20260331_v016.cdf,58
nonmanual_peaks_gt_0p01us,828398157728597888,2026-04-02T10:34:48.544597888,imap_idex_l1b_sci-10days_20260331_v016.cdf,59
nonmanual_peaks_gt_0p01us,828398599278532992,2026-04-02T10:42:10.094532992,imap_idex_l1b_sci-10days_20260331_v016.cdf,60
nonmanual_peaks_gt_0p01us,828399825017144832,2026-04-02T11:02:35.833144832,imap_idex_l1b_sci-10days_20260331_v016.cdf,61
nonmanual_peaks_gt_0p01us,828399847034925568,2026-04-02T11:02:57.850925568,imap_idex_l1b_sci-10days_20260331_v016.cdf,62
nonmanual_peaks_gt_0p01us,828400349357487744,2026-04-02T11:11:20.173487744,imap_idex_l1b_sci-10days_20260331_v016.cdf,63
nonmanual_peaks_gt_0p01us,828400367094172416,2026-04-02T11:11:37.910172416,imap_idex_l1b_sci-10days_20260331_v016.cdf,64
nonmanual_peaks_gt_0p01us,828400523273276160,2026-04-02T11:14:14.089276160,imap_idex_l1b_sci-10days_20260331_v016.cdf,65
nonmanual_peaks_gt_0p01us,828400645954109184,2026-04-02T11:16:16.770109184,imap_idex_l1b_sci-10days_20260331_v016.cdf,66
nonmanual_peaks_gt_0p01us,828400734996371712,2026-04-02T11:17:45.812371712,imap_idex_l1b_sci-10days_20260331_v016.cdf,67
nonmanual_peaks_gt_0p01us,828401397061374720,2026-04-02T11:28:47.877374720,imap_idex_l1b_sci-10days_20260331_v016.cdf,68
nonmanual_peaks_gt_0p01us,828401887233707392,2026-04-02T11:36:58.049707392,imap_idex_l1b_sci-10days_20260331_v016.cdf,69
nonmanual_peaks_gt_0p01us,828401932626307968,2026-04-02T11:37:43.442307968,imap_idex_l1b_sci-10days_20260331_v016.cdf,70
nonmanual_peaks_gt_0p01us,828402198756215936,2026-04-02T11:42:09.572215936,imap_idex_l1b_sci-10days_20260331_v016.cdf,71
nonmanual_peaks_gt_0p01us,828402213833002752,2026-04-02T11:42:24.649002752,imap_idex_l1b_sci-10days_20260331_v016.cdf,72
nonmanual_peaks_gt_0p01us,828402753777912192,2026-04-02T11:51:24.593912192,imap_idex_l1b_sci-10days_20260331_v016.cdf,73
nonmanual_peaks_gt_0p01us,828402966819226624,2026-04-02T11:54:57.635226624,imap_idex_l1b_sci-10days_20260331_v016.cdf,74
nonmanual_peaks_gt_0p01us,828403725548905216,2026-04-02T12:07:36.364905216,imap_idex_l1b_sci-10days_20260331_v016.cdf,75
nonmanual_peaks_gt_0p01us,828403788592750336,2026-04-02T12:08:39.408750336,imap_idex_l1b_sci-10days_20260331_v016.cdf,76
nonmanual_peaks_gt_0p01us,828404479576788096,2026-04-02T12:20:10.392788096,imap_idex_l1b_sci-10days_20260331_v016.cdf,77
nonmanual_peaks_gt_0p01us,828405016046360576,2026-04-02T12:29:06.862360576,imap_idex_l1b_sci-10days_20260331_v016.cdf,78
nonmanual_peaks_gt_0p01us,828405242496643072,2026-04-02T12:32:53.312643072,imap_idex_l1b_sci-10days_20260331_v016.cdf,79
nonmanual_peaks_gt_0p01us,828405655764302976,2026-04-02T12:39:46.580302976,imap_idex_l1b_sci-10days_20260331_v016.cdf,80
nonmanual_peaks_gt_0p01us,828405926580626944,2026-04-02T12:44:17.396626944,imap_idex_l1b_sci-10days_20260331_v016.cdf,81
nonmanual_peaks_gt_0p01us,828406106760029952,2026-04-02T12:47:17.576029952,imap_idex_l1b_sci-10days_20260331_v016.cdf,82
nonmanual_peaks_gt_0p01us,828406715821659136,2026-04-02T12:57:26.637659136,imap_idex_l1b_sci-10days_20260331_v016.cdf,83
nonmanual_peaks_gt_0p01us,828406845268746240,2026-04-02T12:59:36.084746240,imap_idex_l1b_sci-10days_20260331_v016.cdf,84
nonmanual_peaks_gt_0p01us,828406906288733056,2026-04-02T13:00:37.104733056,imap_idex_l1b_sci-10days_20260331_v016.cdf,85
nonmanual_peaks_gt_0p01us,828407218004301440,2026-04-02T13:05:48.820301440,imap_idex_l1b_sci-10days_20260331_v016.cdf,86
nonmanual_peaks_gt_0p01us,828407313042578560,2026-04-02T13:07:23.858578560,imap_idex_l1b_sci-10days_20260331_v016.cdf,87
nonmanual_peaks_gt_0p01us,828408069481279232,2026-04-02T13:20:00.297279232,imap_idex_l1b_sci-10days_20260331_v016.cdf,88
nonmanual_peaks_gt_0p01us,828408654536849408,2026-04-02T13:29:45.352849408,imap_idex_l1b_sci-10days_20260331_v016.cdf,89
nonmanual_peaks_gt_0p01us,828408838166669312,2026-04-02T13:32:48.982669312,imap_idex_l1b_sci-10days_20260331_v016.cdf,90
nonmanual_peaks_gt_0p01us,828409100354440832,2026-04-02T13:37:11.170440832,imap_idex_l1b_sci-10days_20260331_v016.cdf,91
nonmanual_peaks_gt_0p01us,828409146930360320,2026-04-02T13:37:57.746360320,imap_idex_l1b_sci-10days_20260331_v016.cdf,92
nonmanual_peaks_gt_0p01us,828409772833274752,2026-04-02T13:48:23.649274752,imap_idex_l1b_sci-10days_20260331_v016.cdf,93
nonmanual_peaks_gt_0p01us,828410419308951424,2026-04-02T13:59:10.124951424,imap_idex_l1b_sci-10days_20260331_v016.cdf,94
nonmanual_peaks_gt_0p01us,828410886754743808,2026-04-02T14:06:57.570743808,imap_idex_l1b_sci-10days_20260331_v016.cdf,95
nonmanual_peaks_gt_0p01us,828411807547341440,2026-04-02T14:22:18.363341440,imap_idex_l1b_sci-10days_20260331_v016.cdf,96
nonmanual_peaks_gt_0p01us,828412547170976768,2026-04-02T14:34:37.986976768,imap_idex_l1b_sci-10days_20260331_v016.cdf,97
nonmanual_peaks_gt_0p01us,828412930372182784,2026-04-02T14:41:01.188182784,imap_idex_l1b_sci-10days_20260331_v016.cdf,98
nonmanual_peaks_gt_0p01us,828413360042248320,2026-04-02T14:48:10.858248320,imap_idex_l1b_sci-10days_20260331_v016.cdf,99
nonmanual_peaks_gt_0p01us,828413510085377408,2026-04-02T14:50:40.901377408,imap_idex_l1b_sci-10days_20260331_v016.cdf,100
nonmanual_peaks_gt_0p01us,828414682003636096,2026-04-02T15:10:12.819636096,imap_idex_l1b_sci-10days_20260331_v016.cdf,101
nonmanual_peaks_gt_0p01us,828414741715804160,2026-04-02T15:11:12.531804160,imap_idex_l1b_sci-10days_20260331_v016.cdf,102
nonmanual_peaks_gt_0p01us,828415122618992128,2026-04-02T15:17:33.434992128,imap_idex_l1b_sci-10days_20260331_v016.cdf,103
nonmanual_peaks_gt_0p01us,828415515561169792,2026-04-02T15:24:06.377169792,imap_idex_l1b_sci-10days_20260331_v016.cdf,104
nonmanual_peaks_gt_0p01us,828416532685483136,2026-04-02T15:41:03.501483136,imap_idex_l1b_sci-10days_20260331_v016.cdf,105
nonmanual_peaks_gt_0p01us,828416601515083136,2026-04-02T15:42:12.331083136,imap_idex_l1b_sci-10days_20260331_v016.cdf,106
nonmanual_peaks_gt_0p01us,828416785460542848,2026-04-02T15:45:16.276542848,imap_idex_l1b_sci-10days_20260331_v016.cdf,107
nonmanual_peaks_gt_0p01us,828417462773052544,2026-04-02T15:56:33.589052544,imap_idex_l1b_sci-10days_20260331_v016.cdf,108
nonmanual_peaks_gt_0p01us,828417767683286912,2026-04-02T16:01:38.499286912,imap_idex_l1b_sci-10days_20260331_v016.cdf,109
nonmanual_peaks_gt_0p01us,828417889641560576,2026-04-02T16:03:40.457560576,imap_idex_l1b_sci-10days_20260331_v016.cdf,110
nonmanual_peaks_gt_0p01us,828419010176663936,2026-04-02T16:22:20.992663936,imap_idex_l1b_sci-10days_20260331_v016.cdf,111
nonmanual_peaks_gt_0p01us,828419380858440832,2026-04-02T16:28:31.674440832,imap_idex_l1b_sci-10days_20260331_v016.cdf,112
nonmanual_peaks_gt_0p01us,828419544279498496,2026-04-02T16:31:15.095498496,imap_idex_l1b_sci-10days_20260331_v016.cdf,113
nonmanual_peaks_gt_0p01us,828419767282704000,2026-04-02T16:34:58.098704000,imap_idex_l1b_sci-10days_20260331_v016.cdf,114
nonmanual_peaks_gt_0p01us,828419881261344640,2026-04-02T16:36:52.077344640,imap_idex_l1b_sci-10days_20260331_v016.cdf,115
nonmanual_peaks_gt_0p01us,828420945180317440,2026-04-02T16:54:35.996317440,imap_idex_l1b_sci-10days_20260331_v016.cdf,116
nonmanual_peaks_gt_0p01us,828421058830258432,2026-04-02T16:56:29.646258432,imap_idex_l1b_sci-10days_20260331_v016.cdf,117
nonmanual_peaks_gt_0p01us,828421908079918208,2026-04-02T17:10:38.895918208,imap_idex_l1b_sci-10days_20260331_v016.cdf,118
nonmanual_peaks_gt_0p01us,828423146548498816,2026-04-02T17:31:17.364498816,imap_idex_l1b_sci-10days_20260331_v016.cdf,119
nonmanual_peaks_gt_0p01us,828424374624808576,2026-04-02T17:51:45.440808576,imap_idex_l1b_sci-10days_20260331_v016.cdf,120
nonmanual_peaks_gt_0p01us,828425467257736320,2026-04-02T18:09:58.073736320,imap_idex_l1b_sci-10days_20260331_v016.cdf,121
nonmanual_peaks_gt_0p01us,828426031339764736,2026-04-02T18:19:22.155764736,imap_idex_l1b_sci-10days_20260331_v016.cdf,122
nonmanual_peaks_gt_0p01us,828426166972906368,2026-04-02T18:21:37.788906368,imap_idex_l1b_sci-10days_20260331_v016.cdf,123
nonmanual_peaks_gt_0p01us,828426380938599936,2026-04-02T18:25:11.754599936,imap_idex_l1b_sci-10days_20260331_v016.cdf,124
nonmanual_peaks_gt_0p01us,828426981762396288,2026-04-02T18:35:12.578396288,imap_idex_l1b_sci-10days_20260331_v016.cdf,125
nonmanual_peaks_gt_0p01us,828427124954051456,2026-04-02T18:37:35.770051456,imap_idex_l1b_sci-10days_20260331_v016.cdf,126
nonmanual_peaks_gt_0p01us,828428357099397504,2026-04-02T18:58:07.915397504,imap_idex_l1b_sci-10days_20260331_v016.cdf,127
nonmanual_peaks_gt_0p01us,828428544144414720,2026-04-02T19:01:14.960414720,imap_idex_l1b_sci-10days_20260331_v016.cdf,128
nonmanual_peaks_gt_0p01us,828429028058872832,2026-04-02T19:09:18.874872832,imap_idex_l1b_sci-10days_20260331_v016.cdf,129
nonmanual_peaks_gt_0p01us,828430519325553024,2026-04-02T19:34:10.141553024,imap_idex_l1b_sci-10days_20260331_v016.cdf,130
nonmanual_peaks_gt_0p01us,828431101890645376,2026-04-02T19:43:52.706645376,imap_idex_l1b_sci-10days_20260331_v016.cdf,131
nonmanual_peaks_gt_0p01us,828431135211336192,2026-04-02T19:44:26.027336192,imap_idex_l1b_sci-10days_20260331_v016.cdf,132
nonmanual_peaks_gt_0p01us,828431319228815872,2026-04-02T19:47:30.044815872,imap_idex_l1b_sci-10days_20260331_v016.cdf,133
nonmanual_peaks_gt_0p01us,828432223816187648,2026-04-02T20:02:34.632187648,imap_idex_l1b_sci-10days_20260331_v016.cdf,134
nonmanual_peaks_gt_0p01us,828432516168672640,2026-04-02T20:07:26.984672640,imap_idex_l1b_sci-10days_20260331_v016.cdf,135
nonmanual_peaks_gt_0p01us,828432954353490816,2026-04-02T20:14:45.169490816,imap_idex_l1b_sci-10days_20260331_v016.cdf,136
nonmanual_peaks_gt_0p01us,828433707311074560,2026-04-02T20:27:18.127074560,imap_idex_l1b_sci-10days_20260331_v016.cdf,137
nonmanual_peaks_gt_0p01us,828434804947538048,2026-04-02T20:45:35.763538048,imap_idex_l1b_sci-10days_20260331_v016.cdf,138
nonmanual_peaks_gt_0p01us,828435590106533760,2026-04-02T20:58:40.922533760,imap_idex_l1b_sci-10days_20260331_v016.cdf,139
nonmanual_peaks_gt_0p01us,828435644097146624,2026-04-02T20:59:34.913146624,imap_idex_l1b_sci-10days_20260331_v016.cdf,140
nonmanual_peaks_gt_0p01us,828435882330878976,2026-04-02T21:03:33.146878976,imap_idex_l1b_sci-10days_20260331_v016.cdf,141
nonmanual_peaks_gt_0p01us,828437362715908736,2026-04-02T21:28:13.531908736,imap_idex_l1b_sci-10days_20260331_v016.cdf,142
nonmanual_peaks_gt_0p01us,828437401912894592,2026-04-02T21:28:52.728894592,imap_idex_l1b_sci-10days_20260331_v016.cdf,143
nonmanual_peaks_gt_0p01us,828437494508093952,2026-04-02T21:30:25.324093952,imap_idex_l1b_sci-10days_20260331_v016.cdf,144
nonmanual_peaks_gt_0p01us,828437682352970112,2026-04-02T21:33:33.168970112,imap_idex_l1b_sci-10days_20260331_v016.cdf,145
nonmanual_peaks_gt_0p01us,828438035408082432,2026-04-02T21:39:26.224082432,imap_idex_l1b_sci-10days_20260331_v016.cdf,146
nonmanual_peaks_gt_0p01us,828438214613686272,2026-04-02T21:42:25.429686272,imap_idex_l1b_sci-10days_20260331_v016.cdf,147
nonmanual_peaks_gt_0p01us,828438244921559808,2026-04-02T21:42:55.737559808,imap_idex_l1b_sci-10days_20260331_v016.cdf,148
nonmanual_peaks_gt_0p01us,828438540972481792,2026-04-02T21:47:51.788481792,imap_idex_l1b_sci-10days_20260331_v016.cdf,149
nonmanual_peaks_gt_0p01us,828438565234660608,2026-04-02T21:48:16.050660608,imap_idex_l1b_sci-10days_20260331_v016.cdf,150
nonmanual_peaks_gt_0p01us,828438622180631040,2026-04-02T21:49:12.996631040,imap_idex_l1b_sci-10days_20260331_v016.cdf,151
nonmanual_peaks_gt_0p01us,828439601709237376,2026-04-02T22:05:32.525237376,imap_idex_l1b_sci-10days_20260331_v016.cdf,152
nonmanual_peaks_gt_0p01us,828440340194493696,2026-04-02T22:17:51.010493696,imap_idex_l1b_sci-10days_20260331_v016.cdf,153
nonmanual_peaks_gt_0p01us,828440432890193024,2026-04-02T22:19:23.706193024,imap_idex_l1b_sci-10days_20260331_v016.cdf,154
nonmanual_peaks_gt_0p01us,828441095963774976,2026-04-02T22:30:26.779774976,imap_idex_l1b_sci-10days_20260331_v016.cdf,155
nonmanual_peaks_gt_0p01us,828441108227044352,2026-04-02T22:30:39.043044352,imap_idex_l1b_sci-10days_20260331_v016.cdf,156
nonmanual_peaks_gt_0p01us,828441773829084160,2026-04-02T22:41:44.645084160,imap_idex_l1b_sci-10days_20260331_v016.cdf,157
nonmanual_peaks_gt_0p01us,828442143970221696,2026-04-02T22:47:54.786221696,imap_idex_l1b_sci-10days_20260331_v016.cdf,158
nonmanual_peaks_gt_0p01us,828442269348412416,2026-04-02T22:50:00.164412416,imap_idex_l1b_sci-10days_20260331_v016.cdf,159
nonmanual_peaks_gt_0p01us,828443359341762304,2026-04-02T23:08:10.157762304,imap_idex_l1b_sci-10days_20260331_v016.cdf,160
nonmanual_peaks_gt_0p01us,828444577826260480,2026-04-02T23:28:28.642260480,imap_idex_l1b_sci-10days_20260331_v016.cdf,161
nonmanual_peaks_gt_0p01us,828446011387171072,2026-04-02T23:52:22.203171072,imap_idex_l1b_sci-10days_20260331_v016.cdf,162
nonmanual_peaks_gt_0p01us,828446349342436480,2026-04-02T23:58:00.158436480,imap_idex_l1b_sci-10days_20260331_v016.cdf,163
nonmanual_peaks_gt_0p01us,828447562533519104,2026-04-03T00:18:13.349519104,imap_idex_l1b_sci-10days_20260331_v016.cdf,164
nonmanual_peaks_gt_0p01us,828448251275418752,2026-04-03T00:29:42.091418752,imap_idex_l1b_sci-10days_20260331_v016.cdf,165
nonmanual_peaks_gt_0p01us,828449084627932416,2026-04-03T00:43:35.443932416,imap_idex_l1b_sci-10days_20260331_v016.cdf,166
nonmanual_peaks_gt_0p01us,828449172114336256,2026-04-03T00:45:02.930336256,imap_idex_l1b_sci-10days_20260331_v016.cdf,167
nonmanual_peaks_gt_0p01us,828449240979516288,2026-04-03T00:46:11.795516288,imap_idex_l1b_sci-10days_20260331_v016.cdf,168
nonmanual_peaks_gt_0p01us,828449729201390720,2026-04-03T00:54:20.017390720,imap_idex_l1b_sci-10days_20260331_v016.cdf,169
nonmanual_peaks_gt_0p01us,828450080812764288,2026-04-03T01:00:11.628764288,imap_idex_l1b_sci-10days_20260331_v016.cdf,170
nonmanual_peaks_gt_0p01us,828450299879633280,2026-04-03T01:03:50.695633280,imap_idex_l1b_sci-10days_20260331_v016.cdf,171
nonmanual_peaks_gt_0p01us,828450398354647680,2026-04-03T01:05:29.170647680,imap_idex_l1b_sci-10days_20260331_v016.cdf,172
nonmanual_peaks_gt_0p01us,828450914303617792,2026-04-03T01:14:05.119617792,imap_idex_l1b_sci-10days_20260331_v016.cdf,173
nonmanual_peaks_gt_0p01us,828453031118572928,2026-04-03T01:49:21.934572928,imap_idex_l1b_sci-10days_20260331_v016.cdf,174
nonmanual_peaks_gt_0p01us,828453607912110336,2026-04-03T01:58:58.728110336,imap_idex_l1b_sci-10days_20260331_v016.cdf,175
nonmanual_peaks_gt_0p01us,828453620630039040,2026-04-03T01:59:11.446039040,imap_idex_l1b_sci-10days_20260331_v016.cdf,176
nonmanual_peaks_gt_0p01us,828454341295051008,2026-04-03T02:11:12.111051008,imap_idex_l1b_sci-10days_20260331_v016.cdf,177
nonmanual_peaks_gt_0p01us,828454676473078784,2026-04-03T02:16:47.289078784,imap_idex_l1b_sci-10days_20260331_v016.cdf,178
nonmanual_peaks_gt_0p01us,828455073073953280,2026-04-03T02:23:23.889953280,imap_idex_l1b_sci-10days_20260331_v016.cdf,179
nonmanual_peaks_gt_0p01us,828456275195345536,2026-04-03T02:43:26.011345536,imap_idex_l1b_sci-10days_20260331_v016.cdf,180
nonmanual_peaks_gt_0p01us,828456420504878848,2026-04-03T02:45:51.320878848,imap_idex_l1b_sci-10days_20260331_v016.cdf,181
nonmanual_peaks_gt_0p01us,828456894737065728,2026-04-03T02:53:45.553065728,imap_idex_l1b_sci-10days_20260331_v016.cdf,182
nonmanual_peaks_gt_0p01us,828457136751454592,2026-04-03T02:57:47.567454592,imap_idex_l1b_sci-10days_20260331_v016.cdf,183
nonmanual_peaks_gt_0p01us,828457703799720448,2026-04-03T03:07:14.615720448,imap_idex_l1b_sci-10days_20260331_v016.cdf,184
nonmanual_peaks_gt_0p01us,828457959746317440,2026-04-03T03:11:30.562317440,imap_idex_l1b_sci-10days_20260331_v016.cdf,185
nonmanual_peaks_gt_0p01us,828457995802225920,2026-04-03T03:12:06.618225920,imap_idex_l1b_sci-10days_20260331_v016.cdf,186
nonmanual_peaks_gt_0p01us,828459063480115584,2026-04-03T03:29:54.296115584,imap_idex_l1b_sci-10days_20260331_v016.cdf,187
nonmanual_peaks_gt_0p01us,828459824150792448,2026-04-03T03:42:34.966792448,imap_idex_l1b_sci-10days_20260331_v016.cdf,188
nonmanual_peaks_gt_0p01us,828459860367201024,2026-04-03T03:43:11.183201024,imap_idex_l1b_sci-10days_20260331_v016.cdf,189
nonmanual_peaks_gt_0p01us,828460766821450880,2026-04-03T03:58:17.637450880,imap_idex_l1b_sci-10days_20260331_v016.cdf,190
nonmanual_peaks_gt_0p01us,828461476565492352,2026-04-03T04:10:07.381492352,imap_idex_l1b_sci-10days_20260331_v016.cdf,191
nonmanual_peaks_gt_0p01us,828461739738702848,2026-04-03T04:14:30.554702848,imap_idex_l1b_sci-10days_20260331_v016.cdf,192
nonmanual_peaks_gt_0p01us,828462106895122944,2026-04-03T04:20:37.711122944,imap_idex_l1b_sci-10days_20260331_v016.cdf,193
nonmanual_peaks_gt_0p01us,828462341475358464,2026-04-03T04:24:32.291358464,imap_idex_l1b_sci-10days_20260331_v016.cdf,194
nonmanual_peaks_gt_0p01us,828462558114529664,2026-04-03T04:28:08.930529664,imap_idex_l1b_sci-10days_20260331_v016.cdf,195
nonmanual_peaks_gt_0p01us,828462972400548608,2026-04-03T04:35:03.216548608,imap_idex_l1b_sci-10days_20260331_v016.cdf,196
nonmanual_peaks_gt_0p01us,828463191721857408,2026-04-03T04:38:42.537857408,imap_idex_l1b_sci-10days_20260331_v016.cdf,197
nonmanual_peaks_gt_0p01us,828463434382285952,2026-04-03T04:42:45.198285952,imap_idex_l1b_sci-10days_20260331_v016.cdf,199
nonmanual_peaks_gt_0p01us,828463771739811968,2026-04-03T04:48:22.555811968,imap_idex_l1b_sci-10days_20260331_v016.cdf,200
nonmanual_peaks_gt_0p01us,828465804896719872,2026-04-03T05:22:15.712719872,imap_idex_l1b_sci-10days_20260331_v016.cdf,201
nonmanual_peaks_gt_0p01us,828465837594671360,2026-04-03T05:22:48.410671360,imap_idex_l1b_sci-10days_20260331_v016.cdf,202
nonmanual_peaks_gt_0p01us,828466249886332032,2026-04-03T05:29:40.702332032,imap_idex_l1b_sci-10days_20260331_v016.cdf,203
nonmanual_peaks_gt_0p01us,828466784017266560,2026-04-03T05:38:34.833266560,imap_idex_l1b_sci-10days_20260331_v016.cdf,204
nonmanual_peaks_gt_0p01us,828467068440798720,2026-04-03T05:43:19.256798720,imap_idex_l1b_sci-10days_20260331_v016.cdf,205
nonmanual_peaks_gt_0p01us,828467509952593920,2026-04-03T05:50:40.768593920,imap_idex_l1b_sci-10days_20260331_v016.cdf,206
nonmanual_peaks_gt_0p01us,828469551348194688,2026-04-03T06:24:42.164194688,imap_idex_l1b_sci-10days_20260331_v016.cdf,207
nonmanual_peaks_gt_0p01us,828471293815276160,2026-04-03T06:53:44.631276160,imap_idex_l1b_sci-10days_20260331_v016.cdf,208
nonmanual_peaks_gt_0p01us,828471828670009984,2026-04-03T07:02:39.486009984,imap_idex_l1b_sci-10days_20260331_v016.cdf,209
nonmanual_peaks_gt_0p01us,828473076777582080,2026-04-03T07:23:27.593582080,imap_idex_l1b_sci-10days_20260331_v016.cdf,210
nonmanual_peaks_gt_0p01us,828473620142588544,2026-04-03T07:32:30.958588544,imap_idex_l1b_sci-10days_20260331_v016.cdf,211
nonmanual_peaks_gt_0p01us,828474457054299136,2026-04-03T07:46:27.870299136,imap_idex_l1b_sci-10days_20260331_v016.cdf,212
nonmanual_peaks_gt_0p01us,828474667902595456,2026-04-03T07:49:58.718595456,imap_idex_l1b_sci-10days_20260331_v016.cdf,213
nonmanual_peaks_gt_0p01us,828475258501060608,2026-04-03T07:59:49.317060608,imap_idex_l1b_sci-10days_20260331_v016.cdf,214
nonmanual_peaks_gt_0p01us,828476534159028864,2026-04-03T08:21:04.975028864,imap_idex_l1b_sci-10days_20260331_v016.cdf,215
nonmanual_peaks_gt_0p01us,828477274504943616,2026-04-03T08:33:25.320943616,imap_idex_l1b_sci-10days_20260331_v016.cdf,216
nonmanual_peaks_gt_0p01us,828478282061005440,2026-04-03T08:50:12.877005440,imap_idex_l1b_sci-10days_20260331_v016.cdf,217
nonmanual_peaks_gt_0p01us,828478775889375104,2026-04-03T08:58:26.705375104,imap_idex_l1b_sci-10days_20260331_v016.cdf,218
nonmanual_peaks_gt_0p01us,828479111336202752,2026-04-03T09:04:02.152202752,imap_idex_l1b_sci-10days_20260331_v016.cdf,219
nonmanual_peaks_gt_0p01us,828479619509259776,2026-04-03T09:12:30.325259776,imap_idex_l1b_sci-10days_20260331_v016.cdf,220
nonmanual_peaks_gt_0p01us,828479857758252288,2026-04-03T09:16:28.574252288,imap_idex_l1b_sci-10days_20260331_v016.cdf,221
nonmanual_peaks_gt_0p01us,828480117382445824,2026-04-03T09:20:48.198445824,imap_idex_l1b_sci-10days_20260331_v016.cdf,222
nonmanual_peaks_gt_0p01us,828480922850903936,2026-04-03T09:34:13.666903936,imap_idex_l1b_sci-10days_20260331_v016.cdf,223
nonmanual_peaks_gt_0p01us,828481331364827904,2026-04-03T09:41:02.180827904,imap_idex_l1b_sci-10days_20260331_v016.cdf,224
nonmanual_peaks_gt_0p01us,828481746474825984,2026-04-03T09:47:57.290825984,imap_idex_l1b_sci-10days_20260331_v016.cdf,225
nonmanual_peaks_gt_0p01us,828481809991110784,2026-04-03T09:49:00.807110784,imap_idex_l1b_sci-10days_20260331_v016.cdf,226
nonmanual_peaks_gt_0p01us,828482192344117376,2026-04-03T09:55:23.160117376,imap_idex_l1b_sci-10days_20260331_v016.cdf,227
nonmanual_peaks_gt_0p01us,828482300155663488,2026-04-03T09:57:10.971663488,imap_idex_l1b_sci-10days_20260331_v016.cdf,228
nonmanual_peaks_gt_0p01us,828483001628612096,2026-04-03T10:08:52.444612096,imap_idex_l1b_sci-10days_20260331_v016.cdf,229
nonmanual_peaks_gt_0p01us,828484647855717248,2026-04-03T10:36:18.671717248,imap_idex_l1b_sci-10days_20260331_v016.cdf,230
nonmanual_peaks_gt_0p01us,828485687657511168,2026-04-03T10:53:38.473511168,imap_idex_l1b_sci-10days_20260331_v016.cdf,231
nonmanual_peaks_gt_0p01us,828486587501946752,2026-04-03T11:08:38.317946752,imap_idex_l1b_sci-10days_20260331_v016.cdf,232
nonmanual_peaks_gt_0p01us,828488114525036032,2026-04-03T11:34:05.341036032,imap_idex_l1b_sci-10days_20260331_v016.cdf,233
nonmanual_peaks_gt_0p01us,828488383752641280,2026-04-03T11:38:34.568641280,imap_idex_l1b_sci-10days_20260331_v016.cdf,234
nonmanual_peaks_gt_0p01us,828488992101031168,2026-04-03T11:48:42.917031168,imap_idex_l1b_sci-10days_20260331_v016.cdf,235
nonmanual_peaks_gt_0p01us,828489195608553728,2026-04-03T11:52:06.424553728,imap_idex_l1b_sci-10days_20260331_v016.cdf,236
nonmanual_peaks_gt_0p01us,828489399923375616,2026-04-03T11:55:30.739375616,imap_idex_l1b_sci-10days_20260331_v016.cdf,237
nonmanual_peaks_gt_0p01us,828489949426256768,2026-04-03T12:04:40.242256768,imap_idex_l1b_sci-10days_20260331_v016.cdf,238
nonmanual_peaks_gt_0p01us,828490051941207424,2026-04-03T12:06:22.757207424,imap_idex_l1b_sci-10days_20260331_v016.cdf,239
nonmanual_peaks_gt_0p01us,828490124958863744,2026-04-03T12:07:35.774863744,imap_idex_l1b_sci-10days_20260331_v016.cdf,240
nonmanual_peaks_gt_0p01us,828494621712804608,2026-04-03T13:22:32.528804608,imap_idex_l1b_sci-10days_20260331_v016.cdf,241
nonmanual_peaks_gt_0p01us,828497960642974592,2026-04-03T14:18:11.458974592,imap_idex_l1b_sci-10days_20260331_v016.cdf,242
nonmanual_peaks_gt_0p01us,828499338650053504,2026-04-03T14:41:09.466053504,imap_idex_l1b_sci-10days_20260331_v016.cdf,243
nonmanual_peaks_gt_0p01us,828499741734042240,2026-04-03T14:47:52.550042240,imap_idex_l1b_sci-10days_20260331_v016.cdf,244
nonmanual_peaks_gt_0p01us,828500198894423808,2026-04-03T14:55:29.710423808,imap_idex_l1b_sci-10days_20260331_v016.cdf,245
nonmanual_peaks_gt_0p01us,828500733555017984,2026-04-03T15:04:24.371017984,imap_idex_l1b_sci-10days_20260331_v016.cdf,246
nonmanual_peaks_gt_0p01us,828504313473737856,2026-04-03T16:04:04.289737856,imap_idex_l1b_sci-10days_20260331_v016.cdf,247
nonmanual_peaks_gt_0p01us,828505148111810304,2026-04-03T16:17:58.927810304,imap_idex_l1b_sci-10days_20260331_v016.cdf,248
nonmanual_peaks_gt_0p01us,828505364623101696,2026-04-03T16:21:35.439101696,imap_idex_l1b_sci-10days_20260331_v016.cdf,249
nonmanual_peaks_gt_0p01us,828505830568475520,2026-04-03T16:29:21.384475520,imap_idex_l1b_sci-10days_20260331_v016.cdf,250
nonmanual_peaks_gt_0p01us,828508377987776256,2026-04-03T17:11:48.803776256,imap_idex_l1b_sci-10days_20260331_v016.cdf,251
nonmanual_peaks_gt_0p01us,828510129016010880,2026-04-03T17:40:59.832010880,imap_idex_l1b_sci-10days_20260331_v016.cdf,252
nonmanual_peaks_gt_0p01us,828511263088762880,2026-04-03T17:59:53.904762880,imap_idex_l1b_sci-10days_20260331_v016.cdf,253
nonmanual_peaks_gt_0p01us,828511385678556160,2026-04-03T18:01:56.494556160,imap_idex_l1b_sci-10days_20260331_v016.cdf,254
nonmanual_peaks_gt_0p01us,828512329915573632,2026-04-03T18:17:40.731573632,imap_idex_l1b_sci-10days_20260331_v016.cdf,255
nonmanual_peaks_gt_0p01us,828513239293401344,2026-04-03T18:32:50.109401344,imap_idex_l1b_sci-10days_20260331_v016.cdf,256
nonmanual_peaks_gt_0p01us,828515951517798656,2026-04-03T19:18:02.333798656,imap_idex_l1b_sci-10days_20260331_v016.cdf,257
nonmanual_peaks_gt_0p01us,828520500824855552,2026-04-03T20:33:51.640855552,imap_idex_l1b_sci-10days_20260331_v016.cdf,258
nonmanual_peaks_gt_0p01us,828523298989677952,2026-04-03T21:20:29.805677952,imap_idex_l1b_sci-10days_20260331_v016.cdf,259
nonmanual_peaks_gt_0p01us,828531287061838976,2026-04-03T23:33:37.877838976,imap_idex_l1b_sci-10days_20260331_v016.cdf,260
nonmanual_peaks_gt_0p01us,828532981072083328,2026-04-04T00:01:51.888083328,imap_idex_l1b_sci-10days_20260331_v016.cdf,262
nonmanual_peaks_gt_0p01us,828533023454386432,2026-04-04T00:02:34.270386432,imap_idex_l1b_sci-10days_20260331_v016.cdf,267
nonmanual_peaks_gt_0p01us,828533027850462592,2026-04-04T00:02:38.666462592,imap_idex_l1b_sci-10days_20260331_v016.cdf,268
nonmanual_peaks_gt_0p01us,828533032492918656,2026-04-04T00:02:43.308918656,imap_idex_l1b_sci-10days_20260331_v016.cdf,269
nonmanual_peaks_gt_0p01us,828533040255511808,2026-04-04T00:02:51.071511808,imap_idex_l1b_sci-10days_20260331_v016.cdf,270
nonmanual_peaks_gt_0p01us,828544559454676736,2026-04-04T03:14:50.270676736,imap_idex_l1b_sci-10days_20260331_v016.cdf,273
nonmanual_peaks_gt_0p01us,828544881517916288,2026-04-04T03:20:12.333916288,imap_idex_l1b_sci-10days_20260331_v016.cdf,274
nonmanual_peaks_gt_0p01us,828545522739337600,2026-04-04T03:30:53.555337600,imap_idex_l1b_sci-10days_20260331_v016.cdf,275
nonmanual_peaks_gt_0p01us,828547579880285440,2026-04-04T04:05:10.696285440,imap_idex_l1b_sci-10days_20260331_v016.cdf,276
nonmanual_peaks_gt_0p01us,828562559803875840,2026-04-04T08:14:50.619875840,imap_idex_l1b_sci-10days_20260331_v016.cdf,277
nonmanual_peaks_gt_0p01us,828563740938886784,2026-04-04T08:34:31.754886784,imap_idex_l1b_sci-10days_20260331_v016.cdf,278
nonmanual_peaks_gt_0p01us,828563790295883776,2026-04-04T08:35:21.111883776,imap_idex_l1b_sci-10days_20260331_v016.cdf,279
nonmanual_peaks_gt_0p01us,828565139510868480,2026-04-04T08:57:50.326868480,imap_idex_l1b_sci-10days_20260331_v016.cdf,280
nonmanual_peaks_gt_0p01us,828572837741522048,2026-04-04T11:06:08.557522048,imap_idex_l1b_sci-10days_20260331_v016.cdf,281
nonmanual_peaks_gt_0p01us,828583445301601280,2026-04-04T14:02:56.117601280,imap_idex_l1b_sci-10days_20260331_v016.cdf,282
nonmanual_peaks_gt_0p01us,828601795603695488,2026-04-04T19:08:46.419695488,imap_idex_l1b_sci-10days_20260331_v016.cdf,283
nonmanual_peaks_gt_0p01us,828615365540953984,2026-04-04T22:54:56.356953984,imap_idex_l1b_sci-10days_20260331_v016.cdf,284
nonmanual_peaks_gt_0p01us,828618938899081088,2026-04-04T23:54:29.715081088,imap_idex_l1b_sci-10days_20260331_v016.cdf,285
nonmanual_peaks_gt_0p01us,828625591211745920,2026-04-05T01:45:22.027745920,imap_idex_l1b_sci-10days_20260331_v016.cdf,286
nonmanual_peaks_gt_0p01us,828634446695571456,2026-04-05T04:12:57.511571456,imap_idex_l1b_sci-10days_20260331_v016.cdf,287
nonmanual_peaks_gt_0p01us,828637670725462784,2026-04-05T05:06:41.541462784,imap_idex_l1b_sci-10days_20260331_v016.cdf,288
nonmanual_peaks_gt_0p01us,828648269870729344,2026-04-05T08:03:20.686729344,imap_idex_l1b_sci-10days_20260331_v016.cdf,289
nonmanual_peaks_gt_0p01us,828649962053595136,2026-04-05T08:31:32.869595136,imap_idex_l1b_sci-10days_20260331_v016.cdf,290
nonmanual_peaks_gt_0p01us,828669195190600320,2026-04-05T13:52:06.006600320,imap_idex_l1b_sci-10days_20260331_v016.cdf,292
nonmanual_peaks_gt_0p01us,828682221115032960,2026-04-05T17:29:11.931032960,imap_idex_l1b_sci-10days_20260331_v016.cdf,293
nonmanual_peaks_gt_0p01us,828683933082441984,2026-04-05T17:57:43.898441984,imap_idex_l1b_sci-10days_20260331_v016.cdf,294
nonmanual_peaks_gt_0p01us,828699153812985728,2026-04-05T22:11:24.628985728,imap_idex_l1b_sci-10days_20260331_v016.cdf,295
nonmanual_peaks_gt_0p01us,828714051054251520,2026-04-06T02:19:41.870251520,imap_idex_l1b_sci-10days_20260331_v016.cdf,296
nonmanual_peaks_gt_0p01us,828810062071573632,2026-04-07T04:59:52.887573632,imap_idex_l1b_sci-10days_20260331_v016.cdf,297
nonmanual_peaks_gt_0p01us,828811722866547072,2026-04-07T05:27:33.682547072,imap_idex_l1b_sci-10days_20260331_v016.cdf,298
nonmanual_peaks_gt_0p01us,828833134133119744,2026-04-07T11:24:24.949119744,imap_idex_l1b_sci-10days_20260331_v016.cdf,299
nonmanual_peaks_gt_0p01us,828876309145037568,2026-04-07T23:23:59.961037568,imap_idex_l1b_sci-10days_20260331_v016.cdf,301
nonmanual_peaks_gt_0p01us,828890818233321088,2026-04-08T03:25:49.049321088,imap_idex_l1b_sci-10days_20260331_v016.cdf,303
nonmanual_peaks_gt_0p01us,828893247623246464,2026-04-08T04:06:18.439246464,imap_idex_l1b_sci-10days_20260331_v016.cdf,304
nonmanual_peaks_gt_0p01us,828917197514198400,2026-04-08T10:45:28.330198400,imap_idex_l1b_sci-10days_20260331_v016.cdf,305
nonmanual_peaks_gt_0p01us,829119067861713408,2026-04-10T18:49:58.677713408,imap_idex_l1b_sci-10days_20260410_v016.cdf,0
nonmanual_peaks_gt_0p01us,829224227711345024,2026-04-12T00:02:38.527345024,imap_idex_l1b_sci-10days_20260410_v016.cdf,7
nonmanual_peaks_gt_0p01us,829319402624125312,2026-04-13T02:28:53.440125312,imap_idex_l1b_sci-10days_20260410_v016.cdf,11
nonmanual_peaks_gt_0p01us,829343897371378176,2026-04-13T09:17:08.187378176,imap_idex_l1b_sci-10days_20260410_v016.cdf,13
nonmanual_peaks_gt_0p01us,829351837221678080,2026-04-13T11:29:28.037678080,imap_idex_l1b_sci-10days_20260410_v016.cdf,14
nonmanual_peaks_gt_0p01us,829708030963655296,2026-04-17T14:26:01.779655296,imap_idex_l1b_sci-10days_20260410_v016.cdf,16
nonmanual_peaks_gt_0p01us,829779806322264704,2026-04-18T10:22:17.138264704,imap_idex_l1b_sci-10days_20260410_v016.cdf,17
nonmanual_peaks_gt_0p01us,829817689970915584,2026-04-18T20:53:40.786915584,imap_idex_l1b_sci-10days_20260410_v016.cdf,19
nonmanual_peaks_gt_0p01us,829818376350679296,2026-04-18T21:05:07.166679296,imap_idex_l1b_sci-10days_20260410_v016.cdf,20
nonmanual_peaks_gt_0p01us,829823447277794304,2026-04-18T22:29:38.093794304,imap_idex_l1b_sci-10days_20260410_v016.cdf,21
nonmanual_peaks_gt_0p01us,829868580193550080,2026-04-19T11:01:51.009550080,imap_idex_l1b_sci-10days_20260410_v016.cdf,22
nonmanual_peaks_gt_0p01us,829874430518908288,2026-04-19T12:39:21.334908288,imap_idex_l1b_sci-10days_20260410_v016.cdf,23
nonmanual_peaks_gt_0p01us,829915427079587840,2026-04-20T00:02:37.895587840,imap_idex_l1b_sci-10days_20260420_v016.cdf,6
nonmanual_peaks_gt_0p01us,829915439079497472,2026-04-20T00:02:49.895497472,imap_idex_l1b_sci-10days_20260420_v016.cdf,7
nonmanual_peaks_gt_0p01us,830340855160887296,2026-04-24T22:13:05.976887296,imap_idex_l1b_sci-10days_20260420_v016.cdf,10
nonmanual_peaks_gt_0p01us,830372482242013696,2026-04-25T07:00:13.058013696,imap_idex_l1b_sci-10days_20260420_v016.cdf,11
nonmanual_peaks_gt_0p01us,830468832133131648,2026-04-26T09:46:02.949131648,imap_idex_l1b_sci-10days_20260420_v016.cdf,13
nonmanual_peaks_gt_0p01us,830471536862646656,2026-04-26T10:31:07.678646656,imap_idex_l1b_sci-10days_20260420_v016.cdf,14
nonmanual_peaks_gt_0p01us,830493523985104256,2026-04-26T16:37:34.801104256,imap_idex_l1b_sci-10days_20260420_v016.cdf,15
nonmanual_peaks_gt_0p01us,830493712449920768,2026-04-26T16:40:43.265920768,imap_idex_l1b_sci-10days_20260420_v016.cdf,16
nonmanual_peaks_gt_0p01us,830497256603648128,2026-04-26T17:39:47.419648128,imap_idex_l1b_sci-10days_20260420_v016.cdf,17
nonmanual_peaks_gt_0p01us,830567543833190400,2026-04-27T13:11:14.649190400,imap_idex_l1b_sci-10days_20260420_v016.cdf,18
nonmanual_peaks_gt_0p01us,830606626674386432,2026-04-28T00:02:37.490386432,imap_idex_l1b_sci-10days_20260420_v016.cdf,25
nonmanual_peaks_gt_0p01us,830606638674296064,2026-04-28T00:02:49.490296064,imap_idex_l1b_sci-10days_20260420_v016.cdf,26
nonmanual_peaks_gt_0p01us,830617523593400960,2026-04-28T03:04:14.409400960,imap_idex_l1b_sci-10days_20260420_v016.cdf,29
nonmanual_peaks_gt_0p01us,830642932801878656,2026-04-28T10:07:43.617878656,imap_idex_l1b_sci-10days_20260420_v016.cdf,30
nonmanual_peaks_gt_0p01us,830660849561030272,2026-04-28T15:06:20.377030272,imap_idex_l1b_sci-10days_20260420_v016.cdf,31
nonmanual_peaks_gt_0p01us,830836757696196224,2026-04-30T15:58:08.512196224,imap_idex_l1b_sci-10days_20260430_v016.cdf,0
nonmanual_peaks_gt_0p01us,830947951255369344,2026-05-01T22:51:22.071369344,imap_idex_l1b_sci-10days_20260430_v016.cdf,1
nonmanual_peaks_gt_0p01us,830948432881712256,2026-05-01T22:59:23.697712256,imap_idex_l1b_sci-10days_20260430_v016.cdf,2
nonmanual_peaks_gt_0p01us,830950641128839552,2026-05-01T23:36:11.944839552,imap_idex_l1b_sci-10days_20260430_v016.cdf,3
nonmanual_peaks_gt_0p01us,830950754702401280,2026-05-01T23:38:05.518401280,imap_idex_l1b_sci-10days_20260430_v016.cdf,4
nonmanual_peaks_gt_0p01us,830952710184387456,2026-05-02T00:10:41.000387456,imap_idex_l1b_sci-10days_20260430_v016.cdf,5
nonmanual_peaks_gt_0p01us,831002731298203264,2026-05-02T14:04:22.114203264,imap_idex_l1b_sci-10days_20260430_v016.cdf,6
nonmanual_peaks_gt_0p01us,831114246817369984,2026-05-03T21:02:57.633369984,imap_idex_l1b_sci-10days_20260430_v016.cdf,9
nonmanual_peaks_gt_0p01us,831167888401194496,2026-05-04T11:56:59.217194496,imap_idex_l1b_sci-10days_20260430_v016.cdf,11
nonmanual_peaks_gt_0p01us,831270570154620928,2026-05-05T16:28:20.970620928,imap_idex_l1b_sci-10days_20260430_v016.cdf,12
nonmanual_peaks_gt_0p01us,831297825973255552,2026-05-06T00:02:36.789255552,imap_idex_l1b_sci-10days_20260430_v016.cdf,19
nonmanual_peaks_gt_0p01us,831297837973165056,2026-05-06T00:02:48.789165056,imap_idex_l1b_sci-10days_20260430_v016.cdf,20
nonmanual_peaks_gt_0p01us,831358027824348800,2026-05-06T16:45:58.640348800,imap_idex_l1b_sci-10days_20260430_v016.cdf,23
nonmanual_peaks_gt_0p01us,831413549119891584,2026-05-07T08:11:19.935891584,imap_idex_l1b_sci-10days_20260430_v016.cdf,24
nonmanual_peaks_gt_0p01us,831540362389805056,2026-05-08T19:24:53.205805056,imap_idex_l1b_sci-10days_20260430_v016.cdf,25
nonmanual_peaks_gt_0p01us,831657241385427584,2026-05-10T03:52:52.201427584,imap_idex_l1b_sci-10days_20260510_v016.cdf,1
nonmanual_peaks_gt_0p01us,831888718204757760,2026-05-12T20:10:49.020757760,imap_idex_l1b_sci-10days_20260510_v016.cdf,4
nonmanual_peaks_gt_0p01us,831894212664369792,2026-05-12T21:42:23.480369792,imap_idex_l1b_sci-10days_20260510_v016.cdf,5
nonmanual_peaks_gt_0p01us,831932203535500288,2026-05-13T08:15:34.351500288,imap_idex_l1b_sci-10days_20260510_v016.cdf,6
nonmanual_peaks_gt_0p01us,831988973238536960,2026-05-14T00:01:44.054536960,imap_idex_l1b_sci-10days_20260510_v016.cdf,7
nonmanual_peaks_gt_0p01us,831989025238172032,2026-05-14T00:02:36.054172032,imap_idex_l1b_sci-10days_20260510_v016.cdf,13
nonmanual_peaks_gt_0p01us,831989037238081664,2026-05-14T00:02:48.054081664,imap_idex_l1b_sci-10days_20260510_v016.cdf,14
nonmanual_peaks_gt_0p01us,832000652714189696,2026-05-14T03:16:23.530189696,imap_idex_l1b_sci-10days_20260510_v016.cdf,17
nonmanual_peaks_gt_0p01us,832144301924100736,2026-05-15T19:10:32.740100736,imap_idex_l1b_sci-10days_20260510_v016.cdf,18
nonmanual_peaks_gt_0p01us,832156145611093760,2026-05-15T22:27:56.427093760,imap_idex_l1b_sci-10days_20260510_v016.cdf,19
nonmanual_peaks_gt_0p01us,832179898810942976,2026-05-16T05:03:49.626942976,imap_idex_l1b_sci-10days_20260510_v016.cdf,20
nonmanual_peaks_gt_0p01us,832186194339387008,2026-05-16T06:48:45.155387008,imap_idex_l1b_sci-10days_20260510_v016.cdf,21
nonmanual_peaks_gt_0p01us,832253178048727168,2026-05-17T01:25:08.864727168,imap_idex_l1b_sci-10days_20260510_v016.cdf,22
nonmanual_peaks_gt_0p01us,832382555401974016,2026-05-18T13:21:26.217974016,imap_idex_l1b_sci-10days_20260510_v016.cdf,23
nonmanual_peaks_gt_0p01us,832384347827206912,2026-05-18T13:51:18.643206912,imap_idex_l1b_sci-10days_20260510_v016.cdf,24
nonmanual_peaks_gt_0p01us,832588379366370944,2026-05-20T22:31:50.182370944,imap_idex_l1b_sci-10days_20260520_v016.cdf,2
nonmanual_peaks_gt_0p01us,832680225471551872,2026-05-22T00:02:36.287551872,imap_idex_l1b_sci-10days_20260520_v016.cdf,10
nonmanual_peaks_gt_0p01us,832680237471481472,2026-05-22T00:02:48.287481472,imap_idex_l1b_sci-10days_20260520_v016.cdf,11
nonmanual_peaks_gt_0p01us,832785638971414144,2026-05-23T05:19:29.787414144,imap_idex_l1b_sci-10days_20260520_v016.cdf,14
nonmanual_peaks_gt_0p01us,832912706669163904,2026-05-24T16:37:17.485163904,imap_idex_l1b_sci-10days_20260520_v016.cdf,15
nonmanual_peaks_gt_0p01us,832961926169298048,2026-05-25T06:17:36.985298048,imap_idex_l1b_sci-10days_20260520_v016.cdf,16
nonmanual_peaks_gt_0p01us,832996576372891008,2026-05-25T15:55:07.188891008,imap_idex_l1b_sci-10days_20260520_v016.cdf,17
nonmanual_peaks_gt_0p01us,833062440018846208,2026-05-26T10:12:50.834846208,imap_idex_l1b_sci-10days_20260520_v016.cdf,18
nonmanual_peaks_gt_0p01us,833093967289254400,2026-05-26T18:58:18.105254400,imap_idex_l1b_sci-10days_20260520_v016.cdf,19
nonmanual_peaks_gt_0p01us,833094822116477696,2026-05-26T19:12:32.932477696,imap_idex_l1b_sci-10days_20260520_v016.cdf,20
nonmanual_peaks_gt_0p01us,833119576429663232,2026-05-27T02:05:07.245663232,imap_idex_l1b_sci-10days_20260520_v016.cdf,21
nonmanual_peaks_gt_0p01us,833153470844671232,2026-05-27T11:30:01.660671232,imap_idex_l1b_sci-10days_20260520_v016.cdf,22
nonmanual_peaks_gt_0p01us,833213030316542208,2026-05-28T04:02:41.132542208,imap_idex_l1b_sci-10days_20260520_v016.cdf,23
nonmanual_peaks_gt_0p01us,833249125523736576,2026-05-28T14:04:16.339736576,imap_idex_l1b_sci-10days_20260520_v016.cdf,24
nonmanual_peaks_gt_0p01us,833284349303340928,2026-05-28T23:51:20.119340928,imap_idex_l1b_sci-10days_20260520_v016.cdf,25
nonmanual_peaks_gt_0p01us,833301490885247744,2026-05-29T04:37:01.701247744,imap_idex_l1b_sci-10days_20260520_v016.cdf,26
nonmanual_peaks_gt_0p01us,833354054778686464,2026-05-29T19:13:05.594686464,imap_idex_l1b_sci-10days_20260520_v016.cdf,27
nonmanual_peaks_gt_0p01us,833371424623931648,2026-05-30T00:02:35.439931648,imap_idex_l1b_sci-10days_20260530_v022.cdf,6
nonmanual_peaks_gt_0p01us,833387241629153792,2026-05-30T04:26:12.445153792,imap_idex_l1b_sci-10days_20260530_v022.cdf,10
nonmanual_peaks_gt_0p01us,833478246703082112,2026-05-31T05:42:57.519082112,imap_idex_l1b_sci-10days_20260530_v022.cdf,11
nonmanual_peaks_gt_0p01us,833575826447696768,2026-06-01T08:49:17.263696768,imap_idex_l1b_sci-10days_20260530_v022.cdf,13
nonmanual_peaks_gt_0p01us,833584447606978304,2026-06-01T11:12:58.422978304,imap_idex_l1b_sci-10days_20260530_v022.cdf,14
nonmanual_peaks_gt_0p01us,833586210641781248,2026-06-01T11:42:21.457781248,imap_idex_l1b_sci-10days_20260530_v022.cdf,15
nonmanual_peaks_gt_0p01us,833590528876805248,2026-06-01T12:54:19.692805248,imap_idex_l1b_sci-10days_20260530_v022.cdf,16
nonmanual_peaks_gt_0p01us,833591821621732992,2026-06-01T13:15:52.437732992,imap_idex_l1b_sci-10days_20260530_v022.cdf,17
nonmanual_peaks_gt_0p01us,833600382306726400,2026-06-01T15:38:33.122726400,imap_idex_l1b_sci-10days_20260530_v022.cdf,18
nonmanual_peaks_gt_0p01us,833633752653791360,2026-06-02T00:54:43.469791360,imap_idex_l1b_sci-10days_20260530_v022.cdf,19
nonmanual_peaks_gt_0p01us,833648083123419904,2026-06-02T04:53:33.939419904,imap_idex_l1b_sci-10days_20260530_v022.cdf,20
nonmanual_peaks_gt_0p01us,833681603088377088,2026-06-02T14:12:13.904377088,imap_idex_l1b_sci-10days_20260530_v022.cdf,21
nonmanual_peaks_gt_0p01us,833741841425016448,2026-06-03T06:56:12.241016448,imap_idex_l1b_sci-10days_20260530_v022.cdf,22
nonmanual_peaks_gt_0p01us,833878681511891456,2026-06-04T20:56:52.327891456,imap_idex_l1b_sci-10days_20260530_v022.cdf,23
nonmanual_peaks_gt_0p01us,833879318908683392,2026-06-04T21:07:29.724683392,imap_idex_l1b_sci-10days_20260530_v022.cdf,24
nonmanual_peaks_gt_0p01us,833888525576146304,2026-06-04T23:40:56.392146304,imap_idex_l1b_sci-10days_20260530_v022.cdf,25
nonmanual_peaks_gt_0p01us,833898764595461120,2026-06-05T02:31:35.411461120,imap_idex_l1b_sci-10days_20260530_v022.cdf,26
nonmanual_peaks_gt_0p01us,833904848472769408,2026-06-05T04:12:59.288769408,imap_idex_l1b_sci-10days_20260530_v022.cdf,27
nonmanual_peaks_gt_0p01us,833913403963692160,2026-06-05T06:35:34.779692160,imap_idex_l1b_sci-10days_20260530_v022.cdf,28
nonmanual_peaks_gt_0p01us,833913959532614528,2026-06-05T06:44:50.348614528,imap_idex_l1b_sci-10days_20260530_v022.cdf,29
nonmanual_peaks_gt_0p01us,833916464654400128,2026-06-05T07:26:35.470400128,imap_idex_l1b_sci-10days_20260530_v022.cdf,30
nonmanual_peaks_gt_0p01us,833922477388309632,2026-06-05T09:06:48.204309632,imap_idex_l1b_sci-10days_20260530_v022.cdf,31
nonmanual_peaks_gt_0p01us,833937495148435200,2026-06-05T13:17:05.964435200,imap_idex_l1b_sci-10days_20260530_v022.cdf,32
nonmanual_peaks_gt_0p01us,833942573332128256,2026-06-05T14:41:44.148128256,imap_idex_l1b_sci-10days_20260530_v022.cdf,33
nonmanual_peaks_gt_0p01us,834060245685328000,2026-06-06T23:22:56.501328000,imap_idex_l1b_sci-10days_20260530_v022.cdf,35
nonmanual_peaks_gt_0p01us,834062182792443136,2026-06-06T23:55:13.608443136,imap_idex_l1b_sci-10days_20260530_v022.cdf,36
nonmanual_peaks_gt_0p01us,834062623798104192,2026-06-07T00:02:34.614104192,imap_idex_l1b_sci-10days_20260530_v022.cdf,43
nonmanual_peaks_gt_0p01us,834062635798013824,2026-06-07T00:02:46.614013824,imap_idex_l1b_sci-10days_20260530_v022.cdf,44
nonmanual_peaks_gt_0p01us,834074656498462720,2026-06-07T03:23:07.314462720,imap_idex_l1b_sci-10days_20260530_v022.cdf,47
nonmanual_peaks_gt_0p01us,834077737203155072,2026-06-07T04:14:28.019155072,imap_idex_l1b_sci-10days_20260530_v022.cdf,48
nonmanual_peaks_gt_0p01us,834111113907869696,2026-06-07T13:30:44.723869696,imap_idex_l1b_sci-10days_20260530_v022.cdf,49
nonmanual_peaks_gt_0p01us,834143413685729920,2026-06-07T22:29:04.501729920,imap_idex_l1b_sci-10days_20260530_v022.cdf,50
nonmanual_peaks_gt_0p01us,834152773797025536,2026-06-08T01:05:04.613025536,imap_idex_l1b_sci-10days_20260530_v022.cdf,51
nonmanual_peaks_gt_0p01us,834155796503447808,2026-06-08T01:55:27.319447808,imap_idex_l1b_sci-10days_20260530_v022.cdf,52
nonmanual_peaks_gt_0p01us,834157302257913600,2026-06-08T02:20:33.073913600,imap_idex_l1b_sci-10days_20260530_v022.cdf,53
nonmanual_peaks_gt_0p01us,834163254985957504,2026-06-08T03:59:45.801957504,imap_idex_l1b_sci-10days_20260530_v022.cdf,54
nonmanual_peaks_gt_0p01us,834167634269173888,2026-06-08T05:12:45.085173888,imap_idex_l1b_sci-10days_20260530_v022.cdf,55
nonmanual_peaks_gt_0p01us,834188410170498176,2026-06-08T10:59:00.986498176,imap_idex_l1b_sci-10days_20260530_v022.cdf,56
nonmanual_peaks_gt_0p01us,834188857660133632,2026-06-08T11:06:28.476133632,imap_idex_l1b_sci-10days_20260530_v022.cdf,57
nonmanual_peaks_gt_0p01us,834192667574379264,2026-06-08T12:09:58.390379264,imap_idex_l1b_sci-10days_20260530_v022.cdf,58
nonmanual_peaks_gt_0p01us,834215457236572800,2026-06-08T18:29:48.052572800,imap_idex_l1b_sci-10days_20260530_v022.cdf,59
nonmanual_peaks_gt_0p01us,834250641072754560,2026-06-09T04:16:11.888754560,imap_idex_l1b_sci-10days_20260609_v011.cdf,0
nonmanual_peaks_gt_0p01us,834259505465236096,2026-06-09T06:43:56.281236096,imap_idex_l1b_sci-10days_20260609_v011.cdf,1
nonmanual_peaks_gt_0p01us,834284626303206144,2026-06-09T13:42:37.119206144,imap_idex_l1b_sci-10days_20260609_v011.cdf,2
nonmanual_peaks_gt_0p01us,834286168162741120,2026-06-09T14:08:18.978741120,imap_idex_l1b_sci-10days_20260609_v011.cdf,3
nonmanual_peaks_gt_0p01us,834308680358513024,2026-06-09T20:23:31.174513024,imap_idex_l1b_sci-10days_20260609_v011.cdf,4
nonmanual_peaks_gt_0p01us,834388803634289408,2026-06-10T18:38:54.450289408,imap_idex_l1b_sci-10days_20260609_v011.cdf,6
nonmanual_peaks_gt_0p01us,834427710750834688,2026-06-11T05:27:21.566834688,imap_idex_l1b_sci-10days_20260609_v011.cdf,7
nonmanual_peaks_gt_0p01us,834438221901527424,2026-06-11T08:22:32.717527424,imap_idex_l1b_sci-10days_20260609_v011.cdf,8
nonmanual_peaks_gt_0p01us,834469383799164672,2026-06-11T17:01:54.615164672,imap_idex_l1b_sci-10days_20260609_v011.cdf,9
nonmanual_peaks_gt_0p01us,834569610428396544,2026-06-12T20:52:21.244396544,imap_idex_l1b_sci-10days_20260609_v011.cdf,10
nonmanual_peaks_gt_0p01us,834614706462952320,2026-06-13T09:23:57.278952320,imap_idex_l1b_sci-10days_20260609_v011.cdf,11
nonmanual_peaks_gt_0p01us,834653865695432320,2026-06-13T20:16:36.511432320,imap_idex_l1b_sci-10days_20260609_v011.cdf,13
nonmanual_peaks_gt_0p01us,834723528218079488,2026-06-14T15:37:39.034079488,imap_idex_l1b_sci-10days_20260609_v011.cdf,14
nonmanual_peaks_gt_0p01us,834734322719834240,2026-06-14T18:37:33.535834240,imap_idex_l1b_sci-10days_20260609_v011.cdf,15
nonmanual_peaks_gt_0p01us,834753822946176768,2026-06-15T00:02:33.762176768,imap_idex_l1b_sci-10days_20260609_v011.cdf,22
nonmanual_peaks_gt_0p01us,834753834946106496,2026-06-15T00:02:45.762106496,imap_idex_l1b_sci-10days_20260609_v011.cdf,23
nonmanual_peaks_gt_0p01us,834796441230920192,2026-06-15T11:52:52.046920192,imap_idex_l1b_sci-10days_20260609_v011.cdf,26
nonmanual_peaks_gt_0p01us,834812919108998272,2026-06-15T16:27:29.924998272,imap_idex_l1b_sci-10days_20260609_v011.cdf,27
nonmanual_peaks_gt_0p01us,834858685837599232,2026-06-16T05:10:16.653599232,imap_idex_l1b_sci-10days_20260609_v011.cdf,28
nonmanual_peaks_gt_0p01us,834960228151411584,2026-06-17T09:22:38.967411584,imap_idex_l1b_sci-10days_20260609_v011.cdf,30
nonmanual_peaks_gt_0p01us,834981263506046848,2026-06-17T15:13:14.322046848,imap_idex_l1b_sci-10days_20260609_v011.cdf,31
nonmanual_peaks_gt_0p01us,835012291711474176,2026-06-17T23:50:22.527474176,imap_idex_l1b_sci-10days_20260609_v011.cdf,32
nonmanual_peaks_gt_0p01us,835041917160505856,2026-06-18T08:04:07.976505856,imap_idex_l1b_sci-10days_20260609_v011.cdf,33
nonmanual_peaks_gt_0p01us,835065524629438976,2026-06-18T14:37:35.445438976,imap_idex_l1b_sci-10days_20260609_v011.cdf,34
nonmanual_peaks_gt_0p01us,835089723834424448,2026-06-18T21:20:54.650424448,imap_idex_l1b_sci-10days_20260609_v011.cdf,35
nonmanual_peaks_gt_0p01us,835104498329993088,2026-06-19T01:27:09.145993088,imap_idex_l1b_sci-10days_20260619_v015.cdf,0
nonmanual_peaks_gt_0p01us,835111294604784256,2026-06-19T03:20:25.420784256,imap_idex_l1b_sci-10days_20260619_v015.cdf,1
nonmanual_peaks_gt_0p01us,835124228742731264,2026-06-19T06:55:59.558731264,imap_idex_l1b_sci-10days_20260619_v015.cdf,2
nonmanual_peaks_gt_0p01us,835131265747895936,2026-06-19T08:53:16.563895936,imap_idex_l1b_sci-10days_20260619_v015.cdf,3
nonmanual_peaks_gt_0p01us,835240400578631936,2026-06-20T15:12:11.394631936,imap_idex_l1b_sci-10days_20260619_v015.cdf,4
nonmanual_peaks_gt_0p01us,835445023087576448,2026-06-23T00:02:33.903576448,imap_idex_l1b_sci-10days_20260619_v015.cdf,12
nonmanual_peaks_gt_0p01us,835445035087506048,2026-06-23T00:02:45.903506048,imap_idex_l1b_sci-10days_20260619_v015.cdf,13
nonmanual_peaks_gt_0p01us,835756322517404416,2026-06-26T14:30:53.333404416,imap_idex_l1b_sci-10days_20260619_v015.cdf,16
nonmanual_peaks_gt_0p01us,835854145795405056,2026-06-27T17:41:16.611405056,imap_idex_l1b_sci-10days_20260619_v015.cdf,17
nonmanual_peaks_gt_0p01us,835878059905378688,2026-06-28T00:19:50.721378688,imap_idex_l1b_sci-10days_20260619_v015.cdf,18
nonmanual_peaks_gt_0p01us,835879678458053504,2026-06-28T00:46:49.274053504,imap_idex_l1b_sci-10days_20260619_v015.cdf,19
nonmanual_peaks_gt_0p01us,835885718932843776,2026-06-28T02:27:29.748843776,imap_idex_l1b_sci-10days_20260619_v015.cdf,20
nonmanual_peaks_gt_0p01us,835890878360688384,2026-06-28T03:53:29.176688384,imap_idex_l1b_sci-10days_20260619_v015.cdf,21
nonmanual_peaks_gt_0p01us,836034957375440896,2026-06-29T19:54:48.191440896,imap_idex_l1b_sci-10days_20260629_v011.cdf,0
nonmanual_peaks_gt_0p01us,836064899784418176,2026-06-30T04:13:50.600418176,imap_idex_l1b_sci-10days_20260629_v011.cdf,1
nonmanual_peaks_gt_0p01us,836136222245845120,2026-07-01T00:02:33.061845120,imap_idex_l1b_sci-10days_20260629_v011.cdf,8
nonmanual_peaks_gt_0p02us,817251229643192960,2025-11-24T10:12:40.459192960,imap_idex_l1b_sci-10days_20251116_v003.cdf,1
nonmanual_peaks_gt_0p02us,817280974741950336,2025-11-24T18:28:25.557950336,imap_idex_l1b_sci-10days_20251116_v003.cdf,3
nonmanual_peaks_gt_0p02us,817344846730891520,2025-11-25T12:12:57.546891520,imap_idex_l1b_sci-10days_20251116_v003.cdf,4
nonmanual_peaks_gt_0p02us,817510832044237696,2025-11-27T10:19:22.860237696,imap_idex_l1b_sci-10days_20251126_v003.cdf,6
nonmanual_peaks_gt_0p02us,817733038007812352,2025-11-30T00:02:48.823812352,imap_idex_l1b_sci-10days_20251126_v003.cdf,29
nonmanual_peaks_gt_0p02us,818162863353478400,2025-12-04T23:26:34.169478400,imap_idex_l1b_sci-10days_20251126_v003.cdf,57
nonmanual_peaks_gt_0p02us,818184535680512640,2025-12-05T05:27:46.496512640,imap_idex_l1b_sci-10days_20251126_v003.cdf,67
nonmanual_peaks_gt_0p02us,818299736668374528,2025-12-06T13:27:47.484374528,imap_idex_l1b_sci-10days_20251206_v003.cdf,8
nonmanual_peaks_gt_0p02us,822082694144420224,2026-01-19T08:17:04.960420224,imap_idex_l1b_sci-10days_20260110_v003.cdf,186
nonmanual_peaks_gt_0p02us,822752945501397504,2026-01-27T02:27:56.317397504,imap_idex_l1b_sci-10days_20260120_v003.cdf,714
nonmanual_peaks_gt_0p02us,822772085122046848,2026-01-27T07:46:55.938046848,imap_idex_l1b_sci-10days_20260120_v003.cdf,715
nonmanual_peaks_gt_0p02us,823003433865612800,2026-01-30T00:02:44.681612800,imap_idex_l1b_sci-10days_20260130_v003.cdf,6
nonmanual_peaks_gt_0p02us,823321826137256576,2026-02-02T16:29:16.953256576,imap_idex_l1b_sci-10days_20260130_v003.cdf,10
nonmanual_peaks_gt_0p02us,823374007345156224,2026-02-03T06:58:58.161156224,imap_idex_l1b_sci-10days_20260130_v003.cdf,11
nonmanual_peaks_gt_0p02us,823532755161741056,2026-02-05T03:04:45.977741056,imap_idex_l1b_sci-10days_20260130_v003.cdf,12
nonmanual_peaks_gt_0p02us,823646584933374336,2026-02-06T10:41:55.749374336,imap_idex_l1b_sci-10days_20260130_v003.cdf,13
nonmanual_peaks_gt_0p02us,823656259303192704,2026-02-06T13:23:10.119192704,imap_idex_l1b_sci-10days_20260130_v003.cdf,14
nonmanual_peaks_gt_0p02us,823681765721655936,2026-02-06T20:28:16.537655936,imap_idex_l1b_sci-10days_20260130_v003.cdf,16
nonmanual_peaks_gt_0p02us,823705860918334976,2026-02-07T03:09:51.734334976,imap_idex_l1b_sci-10days_20260130_v003.cdf,27
nonmanual_peaks_gt_0p02us,823742579353035264,2026-02-07T13:21:50.169035264,imap_idex_l1b_sci-10days_20260130_v003.cdf,29
nonmanual_peaks_gt_0p02us,823863688533870848,2026-02-08T23:00:19.349870848,imap_idex_l1b_sci-10days_20260130_v003.cdf,30
nonmanual_peaks_gt_0p02us,823917174354775168,2026-02-09T13:51:45.170775168,imap_idex_l1b_sci-10days_20260209_v003.cdf,0
nonmanual_peaks_gt_0p02us,824076203355304832,2026-02-11T10:02:14.171304832,imap_idex_l1b_sci-10days_20260209_v003.cdf,1
nonmanual_peaks_gt_0p02us,824103518305623424,2026-02-11T17:37:29.121623424,imap_idex_l1b_sci-10days_20260209_v003.cdf,2
nonmanual_peaks_gt_0p02us,824164949253484544,2026-02-12T10:41:20.069484544,imap_idex_l1b_sci-10days_20260209_v003.cdf,3
nonmanual_peaks_gt_0p02us,824252776206056064,2026-02-13T11:05:07.022056064,imap_idex_l1b_sci-10days_20260209_v003.cdf,4
nonmanual_peaks_gt_0p02us,824385832185396608,2026-02-15T00:02:43.001396608,imap_idex_l1b_sci-10days_20260209_v003.cdf,11
nonmanual_peaks_gt_0p02us,824643233797224832,2026-02-17T23:32:44.613224832,imap_idex_l1b_sci-10days_20260209_v003.cdf,17
nonmanual_peaks_gt_0p02us,824695180842833280,2026-02-18T13:58:31.658833280,imap_idex_l1b_sci-10days_20260209_v003.cdf,18
nonmanual_peaks_gt_0p02us,825145076969854464,2026-02-23T18:56:47.785854464,imap_idex_l1b_sci-10days_20260219_v003.cdf,13
nonmanual_peaks_gt_0p02us,825180858893886720,2026-02-24T04:53:09.709886720,imap_idex_l1b_sci-10days_20260219_v003.cdf,14
nonmanual_peaks_gt_0p02us,825228754937332224,2026-02-24T18:11:25.753332224,imap_idex_l1b_sci-10days_20260219_v003.cdf,15
nonmanual_peaks_gt_0p02us,825321529935155072,2026-02-25T19:57:40.751155072,imap_idex_l1b_sci-10days_20260219_v003.cdf,16
nonmanual_peaks_gt_0p02us,825356801246776192,2026-02-26T05:45:32.062776192,imap_idex_l1b_sci-10days_20260219_v003.cdf,17
nonmanual_peaks_gt_0p02us,825449955648698496,2026-02-27T07:38:06.464698496,imap_idex_l1b_sci-10days_20260219_v003.cdf,19
nonmanual_peaks_gt_0p02us,825768230648277248,2026-03-03T00:02:41.464277248,imap_idex_l1b_sci-10days_20260301_v003.cdf,9
nonmanual_peaks_gt_0p02us,825865318891700352,2026-03-04T03:00:49.707700352,imap_idex_l1b_sci-10days_20260301_v003.cdf,14
nonmanual_peaks_gt_0p02us,825920733097413120,2026-03-04T18:24:23.913413120,imap_idex_l1b_sci-10days_20260301_v003.cdf,15
nonmanual_peaks_gt_0p02us,825993045290285056,2026-03-05T14:29:36.106285056,imap_idex_l1b_sci-10days_20260301_v003.cdf,17
nonmanual_peaks_gt_0p02us,826122935909736960,2026-03-07T02:34:26.725736960,imap_idex_l1b_sci-10days_20260301_v003.cdf,18
nonmanual_peaks_gt_0p02us,826362611238473984,2026-03-09T21:09:02.054473984,imap_idex_l1b_sci-10days_20260301_v003.cdf,19
nonmanual_peaks_gt_0p02us,826459442129015552,2026-03-11T00:02:52.945015552,imap_idex_l1b_sci-10days_20260311_v003.cdf,7
nonmanual_peaks_gt_0p02us,826493113683860224,2026-03-11T09:24:04.499860224,imap_idex_l1b_sci-10days_20260311_v003.cdf,10
nonmanual_peaks_gt_0p02us,827123773423229184,2026-03-18T16:35:04.239229184,imap_idex_l1b_sci-10days_20260311_v003.cdf,13
nonmanual_peaks_gt_0p02us,827125927631545472,2026-03-18T17:10:58.447545472,imap_idex_l1b_sci-10days_20260311_v003.cdf,14
nonmanual_peaks_gt_0p02us,827442704141100928,2026-03-22T09:10:34.957100928,imap_idex_l1b_sci-10days_20260321_v016.cdf,2
nonmanual_peaks_gt_0p02us,827454121358063744,2026-03-22T12:20:52.174063744,imap_idex_l1b_sci-10days_20260321_v016.cdf,3
nonmanual_peaks_gt_0p02us,827471404229500544,2026-03-22T17:08:55.045500544,imap_idex_l1b_sci-10days_20260321_v016.cdf,4
nonmanual_peaks_gt_0p02us,827471771514619520,2026-03-22T17:15:02.330619520,imap_idex_l1b_sci-10days_20260321_v016.cdf,5
nonmanual_peaks_gt_0p02us,827476430388088064,2026-03-22T18:32:41.204088064,imap_idex_l1b_sci-10days_20260321_v016.cdf,6
nonmanual_peaks_gt_0p02us,827477215471882240,2026-03-22T18:45:46.287882240,imap_idex_l1b_sci-10days_20260321_v016.cdf,7
nonmanual_peaks_gt_0p02us,827489487364297856,2026-03-22T22:10:18.180297856,imap_idex_l1b_sci-10days_20260321_v016.cdf,9
nonmanual_peaks_gt_0p02us,827490247445533696,2026-03-22T22:22:58.261533696,imap_idex_l1b_sci-10days_20260321_v016.cdf,10
nonmanual_peaks_gt_0p02us,827501437172356096,2026-03-23T01:29:27.988356096,imap_idex_l1b_sci-10days_20260321_v016.cdf,11
nonmanual_peaks_gt_0p02us,827516763398305792,2026-03-23T05:44:54.214305792,imap_idex_l1b_sci-10days_20260321_v016.cdf,12
nonmanual_peaks_gt_0p02us,827528280928282880,2026-03-23T08:56:51.744282880,imap_idex_l1b_sci-10days_20260321_v016.cdf,13
nonmanual_peaks_gt_0p02us,827547147881359104,2026-03-23T14:11:18.697359104,imap_idex_l1b_sci-10days_20260321_v016.cdf,14
nonmanual_peaks_gt_0p02us,827599262676533120,2026-03-24T04:39:53.492533120,imap_idex_l1b_sci-10days_20260321_v016.cdf,15
nonmanual_peaks_gt_0p02us,827612094895927936,2026-03-24T08:13:45.711927936,imap_idex_l1b_sci-10days_20260321_v016.cdf,16
nonmanual_peaks_gt_0p02us,827782641711986688,2026-03-26T07:36:12.527986688,imap_idex_l1b_sci-10days_20260321_v016.cdf,17
nonmanual_peaks_gt_0p02us,827793370988301184,2026-03-26T10:35:01.804301184,imap_idex_l1b_sci-10days_20260321_v016.cdf,18
nonmanual_peaks_gt_0p02us,827797997057303168,2026-03-26T11:52:07.873303168,imap_idex_l1b_sci-10days_20260321_v016.cdf,19
nonmanual_peaks_gt_0p02us,827841826540949248,2026-03-27T00:02:37.356949248,imap_idex_l1b_sci-10days_20260321_v016.cdf,26
nonmanual_peaks_gt_0p02us,827990627496466048,2026-03-28T17:22:38.312466048,imap_idex_l1b_sci-10days_20260321_v016.cdf,31
nonmanual_peaks_gt_0p02us,828087573251437056,2026-03-29T20:18:24.067437056,imap_idex_l1b_sci-10days_20260321_v016.cdf,32
nonmanual_peaks_gt_0p02us,828268290476372736,2026-03-31T22:30:21.292372736,imap_idex_l1b_sci-10days_20260331_v016.cdf,1
nonmanual_peaks_gt_0p02us,828274733088354560,2026-04-01T00:17:43.904354560,imap_idex_l1b_sci-10days_20260331_v016.cdf,2
nonmanual_peaks_gt_0p02us,828323362895290240,2026-04-01T13:48:13.711290240,imap_idex_l1b_sci-10days_20260331_v016.cdf,5
nonmanual_peaks_gt_0p02us,828323661629609856,2026-04-01T13:53:12.445609856,imap_idex_l1b_sci-10days_20260331_v016.cdf,6
nonmanual_peaks_gt_0p02us,828325223583627648,2026-04-01T14:19:14.399627648,imap_idex_l1b_sci-10days_20260331_v016.cdf,8
nonmanual_peaks_gt_0p02us,828325583093314304,2026-04-01T14:25:13.909314304,imap_idex_l1b_sci-10days_20260331_v016.cdf,9
nonmanual_peaks_gt_0p02us,828339101007168896,2026-04-01T18:10:31.823168896,imap_idex_l1b_sci-10days_20260331_v016.cdf,10
nonmanual_peaks_gt_0p02us,828349090039142912,2026-04-01T20:57:00.855142912,imap_idex_l1b_sci-10days_20260331_v016.cdf,11
nonmanual_peaks_gt_0p02us,828351099434731648,2026-04-01T21:30:30.250731648,imap_idex_l1b_sci-10days_20260331_v016.cdf,12
nonmanual_peaks_gt_0p02us,828353121357009408,2026-04-01T22:04:12.173009408,imap_idex_l1b_sci-10days_20260331_v016.cdf,13
nonmanual_peaks_gt_0p02us,828358713176235776,2026-04-01T23:37:23.992235776,imap_idex_l1b_sci-10days_20260331_v016.cdf,14
nonmanual_peaks_gt_0p02us,828359814988695552,2026-04-01T23:55:45.804695552,imap_idex_l1b_sci-10days_20260331_v016.cdf,15
nonmanual_peaks_gt_0p02us,828360693338470144,2026-04-02T00:10:24.154470144,imap_idex_l1b_sci-10days_20260331_v016.cdf,16
nonmanual_peaks_gt_0p02us,828362003608947968,2026-04-02T00:32:14.424947968,imap_idex_l1b_sci-10days_20260331_v016.cdf,17
nonmanual_peaks_gt_0p02us,828362274178952192,2026-04-02T00:36:44.994952192,imap_idex_l1b_sci-10days_20260331_v016.cdf,18
nonmanual_peaks_gt_0p02us,828368809000516736,2026-04-02T02:25:39.816516736,imap_idex_l1b_sci-10days_20260331_v016.cdf,19
nonmanual_peaks_gt_0p02us,828370259070692992,2026-04-02T02:49:49.886692992,imap_idex_l1b_sci-10days_20260331_v016.cdf,20
nonmanual_peaks_gt_0p02us,828371789170219392,2026-04-02T03:15:19.986219392,imap_idex_l1b_sci-10days_20260331_v016.cdf,21
nonmanual_peaks_gt_0p02us,828371949198399872,2026-04-02T03:18:00.014399872,imap_idex_l1b_sci-10days_20260331_v016.cdf,22
nonmanual_peaks_gt_0p02us,828372323420953728,2026-04-02T03:24:14.236953728,imap_idex_l1b_sci-10days_20260331_v016.cdf,23
nonmanual_peaks_gt_0p02us,828374537336364288,2026-04-02T04:01:08.152364288,imap_idex_l1b_sci-10days_20260331_v016.cdf,24
nonmanual_peaks_gt_0p02us,828377198667624704,2026-04-02T04:45:29.483624704,imap_idex_l1b_sci-10days_20260331_v016.cdf,25
nonmanual_peaks_gt_0p02us,828377342063719808,2026-04-02T04:47:52.879719808,imap_idex_l1b_sci-10days_20260331_v016.cdf,26
nonmanual_peaks_gt_0p02us,828377553261455616,2026-04-02T04:51:24.077455616,imap_idex_l1b_sci-10days_20260331_v016.cdf,27
nonmanual_peaks_gt_0p02us,828378021258027776,2026-04-02T04:59:12.074027776,imap_idex_l1b_sci-10days_20260331_v016.cdf,28
nonmanual_peaks_gt_0p02us,828379549748095616,2026-04-02T05:24:40.564095616,imap_idex_l1b_sci-10days_20260331_v016.cdf,30
nonmanual_peaks_gt_0p02us,828380995829855488,2026-04-02T05:48:46.645855488,imap_idex_l1b_sci-10days_20260331_v016.cdf,31
nonmanual_peaks_gt_0p02us,828381022088452480,2026-04-02T05:49:12.904452480,imap_idex_l1b_sci-10days_20260331_v016.cdf,32
nonmanual_peaks_gt_0p02us,828381223226597248,2026-04-02T05:52:34.042597248,imap_idex_l1b_sci-10days_20260331_v016.cdf,33
nonmanual_peaks_gt_0p02us,828381918054411520,2026-04-02T06:04:08.870411520,imap_idex_l1b_sci-10days_20260331_v016.cdf,34
nonmanual_peaks_gt_0p02us,828383147918439808,2026-04-02T06:24:38.734439808,imap_idex_l1b_sci-10days_20260331_v016.cdf,35
nonmanual_peaks_gt_0p02us,828383789594540416,2026-04-02T06:35:20.410540416,imap_idex_l1b_sci-10days_20260331_v016.cdf,36
nonmanual_peaks_gt_0p02us,828384102258627968,2026-04-02T06:40:33.074627968,imap_idex_l1b_sci-10days_20260331_v016.cdf,37
nonmanual_peaks_gt_0p02us,828387456569624448,2026-04-02T07:36:27.385624448,imap_idex_l1b_sci-10days_20260331_v016.cdf,39
nonmanual_peaks_gt_0p02us,828387995160935040,2026-04-02T07:45:25.976935040,imap_idex_l1b_sci-10days_20260331_v016.cdf,40
nonmanual_peaks_gt_0p02us,828388604510784000,2026-04-02T07:55:35.326784000,imap_idex_l1b_sci-10days_20260331_v016.cdf,42
nonmanual_peaks_gt_0p02us,828390492674018432,2026-04-02T08:27:03.490018432,imap_idex_l1b_sci-10days_20260331_v016.cdf,44
nonmanual_peaks_gt_0p02us,828391174910723712,2026-04-02T08:38:25.726723712,imap_idex_l1b_sci-10days_20260331_v016.cdf,46
nonmanual_peaks_gt_0p02us,828392561328315392,2026-04-02T09:01:32.144315392,imap_idex_l1b_sci-10days_20260331_v016.cdf,47
nonmanual_peaks_gt_0p02us,828392938581526656,2026-04-02T09:07:49.397526656,imap_idex_l1b_sci-10days_20260331_v016.cdf,48
nonmanual_peaks_gt_0p02us,828392975432834688,2026-04-02T09:08:26.248834688,imap_idex_l1b_sci-10days_20260331_v016.cdf,49
nonmanual_peaks_gt_0p02us,828393229206633344,2026-04-02T09:12:40.022633344,imap_idex_l1b_sci-10days_20260331_v016.cdf,50
nonmanual_peaks_gt_0p02us,828393888590038656,2026-04-02T09:23:39.406038656,imap_idex_l1b_sci-10days_20260331_v016.cdf,51
nonmanual_peaks_gt_0p02us,828394156368065408,2026-04-02T09:28:07.184065408,imap_idex_l1b_sci-10days_20260331_v016.cdf,52
nonmanual_peaks_gt_0p02us,828394190065955840,2026-04-02T09:28:40.881955840,imap_idex_l1b_sci-10days_20260331_v016.cdf,53
nonmanual_peaks_gt_0p02us,828394833627555072,2026-04-02T09:39:24.443555072,imap_idex_l1b_sci-10days_20260331_v016.cdf,54
nonmanual_peaks_gt_0p02us,828394888153567488,2026-04-02T09:40:18.969567488,imap_idex_l1b_sci-10days_20260331_v016.cdf,55
nonmanual_peaks_gt_0p02us,828395812998961408,2026-04-02T09:55:43.814961408,imap_idex_l1b_sci-10days_20260331_v016.cdf,56
nonmanual_peaks_gt_0p02us,828396867649762304,2026-04-02T10:13:18.465762304,imap_idex_l1b_sci-10days_20260331_v016.cdf,57
nonmanual_peaks_gt_0p02us,828397115281066368,2026-04-02T10:17:26.097066368,imap_idex_l1b_sci-10days_20260331_v016.cdf,58
nonmanual_peaks_gt_0p02us,828398157728597888,2026-04-02T10:34:48.544597888,imap_idex_l1b_sci-10days_20260331_v016.cdf,59
nonmanual_peaks_gt_0p02us,828398599278532992,2026-04-02T10:42:10.094532992,imap_idex_l1b_sci-10days_20260331_v016.cdf,60
nonmanual_peaks_gt_0p02us,828399825017144832,2026-04-02T11:02:35.833144832,imap_idex_l1b_sci-10days_20260331_v016.cdf,61
nonmanual_peaks_gt_0p02us,828399847034925568,2026-04-02T11:02:57.850925568,imap_idex_l1b_sci-10days_20260331_v016.cdf,62
nonmanual_peaks_gt_0p02us,828400349357487744,2026-04-02T11:11:20.173487744,imap_idex_l1b_sci-10days_20260331_v016.cdf,63
nonmanual_peaks_gt_0p02us,828400367094172416,2026-04-02T11:11:37.910172416,imap_idex_l1b_sci-10days_20260331_v016.cdf,64
nonmanual_peaks_gt_0p02us,828400523273276160,2026-04-02T11:14:14.089276160,imap_idex_l1b_sci-10days_20260331_v016.cdf,65
nonmanual_peaks_gt_0p02us,828400645954109184,2026-04-02T11:16:16.770109184,imap_idex_l1b_sci-10days_20260331_v016.cdf,66
nonmanual_peaks_gt_0p02us,828400734996371712,2026-04-02T11:17:45.812371712,imap_idex_l1b_sci-10days_20260331_v016.cdf,67
nonmanual_peaks_gt_0p02us,828401397061374720,2026-04-02T11:28:47.877374720,imap_idex_l1b_sci-10days_20260331_v016.cdf,68
nonmanual_peaks_gt_0p02us,828401887233707392,2026-04-02T11:36:58.049707392,imap_idex_l1b_sci-10days_20260331_v016.cdf,69
nonmanual_peaks_gt_0p02us,828402198756215936,2026-04-02T11:42:09.572215936,imap_idex_l1b_sci-10days_20260331_v016.cdf,71
nonmanual_peaks_gt_0p02us,828402213833002752,2026-04-02T11:42:24.649002752,imap_idex_l1b_sci-10days_20260331_v016.cdf,72
nonmanual_peaks_gt_0p02us,828402753777912192,2026-04-02T11:51:24.593912192,imap_idex_l1b_sci-10days_20260331_v016.cdf,73
nonmanual_peaks_gt_0p02us,828403725548905216,2026-04-02T12:07:36.364905216,imap_idex_l1b_sci-10days_20260331_v016.cdf,75
nonmanual_peaks_gt_0p02us,828403788592750336,2026-04-02T12:08:39.408750336,imap_idex_l1b_sci-10days_20260331_v016.cdf,76
nonmanual_peaks_gt_0p02us,828404479576788096,2026-04-02T12:20:10.392788096,imap_idex_l1b_sci-10days_20260331_v016.cdf,77
nonmanual_peaks_gt_0p02us,828405016046360576,2026-04-02T12:29:06.862360576,imap_idex_l1b_sci-10days_20260331_v016.cdf,78
nonmanual_peaks_gt_0p02us,828405242496643072,2026-04-02T12:32:53.312643072,imap_idex_l1b_sci-10days_20260331_v016.cdf,79
nonmanual_peaks_gt_0p02us,828405655764302976,2026-04-02T12:39:46.580302976,imap_idex_l1b_sci-10days_20260331_v016.cdf,80
nonmanual_peaks_gt_0p02us,828405926580626944,2026-04-02T12:44:17.396626944,imap_idex_l1b_sci-10days_20260331_v016.cdf,81
nonmanual_peaks_gt_0p02us,828406106760029952,2026-04-02T12:47:17.576029952,imap_idex_l1b_sci-10days_20260331_v016.cdf,82
nonmanual_peaks_gt_0p02us,828406715821659136,2026-04-02T12:57:26.637659136,imap_idex_l1b_sci-10days_20260331_v016.cdf,83
nonmanual_peaks_gt_0p02us,828406906288733056,2026-04-02T13:00:37.104733056,imap_idex_l1b_sci-10days_20260331_v016.cdf,85
nonmanual_peaks_gt_0p02us,828407218004301440,2026-04-02T13:05:48.820301440,imap_idex_l1b_sci-10days_20260331_v016.cdf,86
nonmanual_peaks_gt_0p02us,828407313042578560,2026-04-02T13:07:23.858578560,imap_idex_l1b_sci-10days_20260331_v016.cdf,87
nonmanual_peaks_gt_0p02us,828408069481279232,2026-04-02T13:20:00.297279232,imap_idex_l1b_sci-10days_20260331_v016.cdf,88
nonmanual_peaks_gt_0p02us,828408654536849408,2026-04-02T13:29:45.352849408,imap_idex_l1b_sci-10days_20260331_v016.cdf,89
nonmanual_peaks_gt_0p02us,828409772833274752,2026-04-02T13:48:23.649274752,imap_idex_l1b_sci-10days_20260331_v016.cdf,93
nonmanual_peaks_gt_0p02us,828410419308951424,2026-04-02T13:59:10.124951424,imap_idex_l1b_sci-10days_20260331_v016.cdf,94
nonmanual_peaks_gt_0p02us,828410886754743808,2026-04-02T14:06:57.570743808,imap_idex_l1b_sci-10days_20260331_v016.cdf,95
nonmanual_peaks_gt_0p02us,828411807547341440,2026-04-02T14:22:18.363341440,imap_idex_l1b_sci-10days_20260331_v016.cdf,96
nonmanual_peaks_gt_0p02us,828412547170976768,2026-04-02T14:34:37.986976768,imap_idex_l1b_sci-10days_20260331_v016.cdf,97
nonmanual_peaks_gt_0p02us,828412930372182784,2026-04-02T14:41:01.188182784,imap_idex_l1b_sci-10days_20260331_v016.cdf,98
nonmanual_peaks_gt_0p02us,828413360042248320,2026-04-02T14:48:10.858248320,imap_idex_l1b_sci-10days_20260331_v016.cdf,99
nonmanual_peaks_gt_0p02us,828414682003636096,2026-04-02T15:10:12.819636096,imap_idex_l1b_sci-10days_20260331_v016.cdf,101
nonmanual_peaks_gt_0p02us,828414741715804160,2026-04-02T15:11:12.531804160,imap_idex_l1b_sci-10days_20260331_v016.cdf,102
nonmanual_peaks_gt_0p02us,828415122618992128,2026-04-02T15:17:33.434992128,imap_idex_l1b_sci-10days_20260331_v016.cdf,103
nonmanual_peaks_gt_0p02us,828415515561169792,2026-04-02T15:24:06.377169792,imap_idex_l1b_sci-10days_20260331_v016.cdf,104
nonmanual_peaks_gt_0p02us,828416532685483136,2026-04-02T15:41:03.501483136,imap_idex_l1b_sci-10days_20260331_v016.cdf,105
nonmanual_peaks_gt_0p02us,828416601515083136,2026-04-02T15:42:12.331083136,imap_idex_l1b_sci-10days_20260331_v016.cdf,106
nonmanual_peaks_gt_0p02us,828416785460542848,2026-04-02T15:45:16.276542848,imap_idex_l1b_sci-10days_20260331_v016.cdf,107
nonmanual_peaks_gt_0p02us,828417462773052544,2026-04-02T15:56:33.589052544,imap_idex_l1b_sci-10days_20260331_v016.cdf,108
nonmanual_peaks_gt_0p02us,828417767683286912,2026-04-02T16:01:38.499286912,imap_idex_l1b_sci-10days_20260331_v016.cdf,109
nonmanual_peaks_gt_0p02us,828419010176663936,2026-04-02T16:22:20.992663936,imap_idex_l1b_sci-10days_20260331_v016.cdf,111
nonmanual_peaks_gt_0p02us,828419380858440832,2026-04-02T16:28:31.674440832,imap_idex_l1b_sci-10days_20260331_v016.cdf,112
nonmanual_peaks_gt_0p02us,828419544279498496,2026-04-02T16:31:15.095498496,imap_idex_l1b_sci-10days_20260331_v016.cdf,113
nonmanual_peaks_gt_0p02us,828419767282704000,2026-04-02T16:34:58.098704000,imap_idex_l1b_sci-10days_20260331_v016.cdf,114
nonmanual_peaks_gt_0p02us,828419881261344640,2026-04-02T16:36:52.077344640,imap_idex_l1b_sci-10days_20260331_v016.cdf,115
nonmanual_peaks_gt_0p02us,828420945180317440,2026-04-02T16:54:35.996317440,imap_idex_l1b_sci-10days_20260331_v016.cdf,116
nonmanual_peaks_gt_0p02us,828421058830258432,2026-04-02T16:56:29.646258432,imap_idex_l1b_sci-10days_20260331_v016.cdf,117
nonmanual_peaks_gt_0p02us,828421908079918208,2026-04-02T17:10:38.895918208,imap_idex_l1b_sci-10days_20260331_v016.cdf,118
nonmanual_peaks_gt_0p02us,828423146548498816,2026-04-02T17:31:17.364498816,imap_idex_l1b_sci-10days_20260331_v016.cdf,119
nonmanual_peaks_gt_0p02us,828424374624808576,2026-04-02T17:51:45.440808576,imap_idex_l1b_sci-10days_20260331_v016.cdf,120
nonmanual_peaks_gt_0p02us,828425467257736320,2026-04-02T18:09:58.073736320,imap_idex_l1b_sci-10days_20260331_v016.cdf,121
nonmanual_peaks_gt_0p02us,828426031339764736,2026-04-02T18:19:22.155764736,imap_idex_l1b_sci-10days_20260331_v016.cdf,122
nonmanual_peaks_gt_0p02us,828426166972906368,2026-04-02T18:21:37.788906368,imap_idex_l1b_sci-10days_20260331_v016.cdf,123
nonmanual_peaks_gt_0p02us,828426380938599936,2026-04-02T18:25:11.754599936,imap_idex_l1b_sci-10days_20260331_v016.cdf,124
nonmanual_peaks_gt_0p02us,828426981762396288,2026-04-02T18:35:12.578396288,imap_idex_l1b_sci-10days_20260331_v016.cdf,125
nonmanual_peaks_gt_0p02us,828427124954051456,2026-04-02T18:37:35.770051456,imap_idex_l1b_sci-10days_20260331_v016.cdf,126
nonmanual_peaks_gt_0p02us,828428357099397504,2026-04-02T18:58:07.915397504,imap_idex_l1b_sci-10days_20260331_v016.cdf,127
nonmanual_peaks_gt_0p02us,828429028058872832,2026-04-02T19:09:18.874872832,imap_idex_l1b_sci-10days_20260331_v016.cdf,129
nonmanual_peaks_gt_0p02us,828430519325553024,2026-04-02T19:34:10.141553024,imap_idex_l1b_sci-10days_20260331_v016.cdf,130
nonmanual_peaks_gt_0p02us,828431101890645376,2026-04-02T19:43:52.706645376,imap_idex_l1b_sci-10days_20260331_v016.cdf,131
nonmanual_peaks_gt_0p02us,828431135211336192,2026-04-02T19:44:26.027336192,imap_idex_l1b_sci-10days_20260331_v016.cdf,132
nonmanual_peaks_gt_0p02us,828432223816187648,2026-04-02T20:02:34.632187648,imap_idex_l1b_sci-10days_20260331_v016.cdf,134
nonmanual_peaks_gt_0p02us,828432516168672640,2026-04-02T20:07:26.984672640,imap_idex_l1b_sci-10days_20260331_v016.cdf,135
nonmanual_peaks_gt_0p02us,828432954353490816,2026-04-02T20:14:45.169490816,imap_idex_l1b_sci-10days_20260331_v016.cdf,136
nonmanual_peaks_gt_0p02us,828433707311074560,2026-04-02T20:27:18.127074560,imap_idex_l1b_sci-10days_20260331_v016.cdf,137
nonmanual_peaks_gt_0p02us,828435590106533760,2026-04-02T20:58:40.922533760,imap_idex_l1b_sci-10days_20260331_v016.cdf,139
nonmanual_peaks_gt_0p02us,828435644097146624,2026-04-02T20:59:34.913146624,imap_idex_l1b_sci-10days_20260331_v016.cdf,140
nonmanual_peaks_gt_0p02us,828435882330878976,2026-04-02T21:03:33.146878976,imap_idex_l1b_sci-10days_20260331_v016.cdf,141
nonmanual_peaks_gt_0p02us,828437362715908736,2026-04-02T21:28:13.531908736,imap_idex_l1b_sci-10days_20260331_v016.cdf,142
nonmanual_peaks_gt_0p02us,828437401912894592,2026-04-02T21:28:52.728894592,imap_idex_l1b_sci-10days_20260331_v016.cdf,143
nonmanual_peaks_gt_0p02us,828437494508093952,2026-04-02T21:30:25.324093952,imap_idex_l1b_sci-10days_20260331_v016.cdf,144
nonmanual_peaks_gt_0p02us,828437682352970112,2026-04-02T21:33:33.168970112,imap_idex_l1b_sci-10days_20260331_v016.cdf,145
nonmanual_peaks_gt_0p02us,828438214613686272,2026-04-02T21:42:25.429686272,imap_idex_l1b_sci-10days_20260331_v016.cdf,147
nonmanual_peaks_gt_0p02us,828438244921559808,2026-04-02T21:42:55.737559808,imap_idex_l1b_sci-10days_20260331_v016.cdf,148
nonmanual_peaks_gt_0p02us,828438540972481792,2026-04-02T21:47:51.788481792,imap_idex_l1b_sci-10days_20260331_v016.cdf,149
nonmanual_peaks_gt_0p02us,828438565234660608,2026-04-02T21:48:16.050660608,imap_idex_l1b_sci-10days_20260331_v016.cdf,150
nonmanual_peaks_gt_0p02us,828439601709237376,2026-04-02T22:05:32.525237376,imap_idex_l1b_sci-10days_20260331_v016.cdf,152
nonmanual_peaks_gt_0p02us,828440340194493696,2026-04-02T22:17:51.010493696,imap_idex_l1b_sci-10days_20260331_v016.cdf,153
nonmanual_peaks_gt_0p02us,828440432890193024,2026-04-02T22:19:23.706193024,imap_idex_l1b_sci-10days_20260331_v016.cdf,154
nonmanual_peaks_gt_0p02us,828441095963774976,2026-04-02T22:30:26.779774976,imap_idex_l1b_sci-10days_20260331_v016.cdf,155
nonmanual_peaks_gt_0p02us,828441773829084160,2026-04-02T22:41:44.645084160,imap_idex_l1b_sci-10days_20260331_v016.cdf,157
nonmanual_peaks_gt_0p02us,828442143970221696,2026-04-02T22:47:54.786221696,imap_idex_l1b_sci-10days_20260331_v016.cdf,158
nonmanual_peaks_gt_0p02us,828442269348412416,2026-04-02T22:50:00.164412416,imap_idex_l1b_sci-10days_20260331_v016.cdf,159
nonmanual_peaks_gt_0p02us,828444577826260480,2026-04-02T23:28:28.642260480,imap_idex_l1b_sci-10days_20260331_v016.cdf,161
nonmanual_peaks_gt_0p02us,828446349342436480,2026-04-02T23:58:00.158436480,imap_idex_l1b_sci-10days_20260331_v016.cdf,163
nonmanual_peaks_gt_0p02us,828447562533519104,2026-04-03T00:18:13.349519104,imap_idex_l1b_sci-10days_20260331_v016.cdf,164
nonmanual_peaks_gt_0p02us,828448251275418752,2026-04-03T00:29:42.091418752,imap_idex_l1b_sci-10days_20260331_v016.cdf,165
nonmanual_peaks_gt_0p02us,828449084627932416,2026-04-03T00:43:35.443932416,imap_idex_l1b_sci-10days_20260331_v016.cdf,166
nonmanual_peaks_gt_0p02us,828449172114336256,2026-04-03T00:45:02.930336256,imap_idex_l1b_sci-10days_20260331_v016.cdf,167
nonmanual_peaks_gt_0p02us,828449240979516288,2026-04-03T00:46:11.795516288,imap_idex_l1b_sci-10days_20260331_v016.cdf,168
nonmanual_peaks_gt_0p02us,828449729201390720,2026-04-03T00:54:20.017390720,imap_idex_l1b_sci-10days_20260331_v016.cdf,169
nonmanual_peaks_gt_0p02us,828450080812764288,2026-04-03T01:00:11.628764288,imap_idex_l1b_sci-10days_20260331_v016.cdf,170
nonmanual_peaks_gt_0p02us,828450299879633280,2026-04-03T01:03:50.695633280,imap_idex_l1b_sci-10days_20260331_v016.cdf,171
nonmanual_peaks_gt_0p02us,828450398354647680,2026-04-03T01:05:29.170647680,imap_idex_l1b_sci-10days_20260331_v016.cdf,172
nonmanual_peaks_gt_0p02us,828450914303617792,2026-04-03T01:14:05.119617792,imap_idex_l1b_sci-10days_20260331_v016.cdf,173
nonmanual_peaks_gt_0p02us,828453031118572928,2026-04-03T01:49:21.934572928,imap_idex_l1b_sci-10days_20260331_v016.cdf,174
nonmanual_peaks_gt_0p02us,828453607912110336,2026-04-03T01:58:58.728110336,imap_idex_l1b_sci-10days_20260331_v016.cdf,175
nonmanual_peaks_gt_0p02us,828453620630039040,2026-04-03T01:59:11.446039040,imap_idex_l1b_sci-10days_20260331_v016.cdf,176
nonmanual_peaks_gt_0p02us,828454341295051008,2026-04-03T02:11:12.111051008,imap_idex_l1b_sci-10days_20260331_v016.cdf,177
nonmanual_peaks_gt_0p02us,828454676473078784,2026-04-03T02:16:47.289078784,imap_idex_l1b_sci-10days_20260331_v016.cdf,178
nonmanual_peaks_gt_0p02us,828455073073953280,2026-04-03T02:23:23.889953280,imap_idex_l1b_sci-10days_20260331_v016.cdf,179
nonmanual_peaks_gt_0p02us,828456275195345536,2026-04-03T02:43:26.011345536,imap_idex_l1b_sci-10days_20260331_v016.cdf,180
nonmanual_peaks_gt_0p02us,828456420504878848,2026-04-03T02:45:51.320878848,imap_idex_l1b_sci-10days_20260331_v016.cdf,181
nonmanual_peaks_gt_0p02us,828456894737065728,2026-04-03T02:53:45.553065728,imap_idex_l1b_sci-10days_20260331_v016.cdf,182
nonmanual_peaks_gt_0p02us,828457136751454592,2026-04-03T02:57:47.567454592,imap_idex_l1b_sci-10days_20260331_v016.cdf,183
nonmanual_peaks_gt_0p02us,828457703799720448,2026-04-03T03:07:14.615720448,imap_idex_l1b_sci-10days_20260331_v016.cdf,184
nonmanual_peaks_gt_0p02us,828457959746317440,2026-04-03T03:11:30.562317440,imap_idex_l1b_sci-10days_20260331_v016.cdf,185
nonmanual_peaks_gt_0p02us,828457995802225920,2026-04-03T03:12:06.618225920,imap_idex_l1b_sci-10days_20260331_v016.cdf,186
nonmanual_peaks_gt_0p02us,828459063480115584,2026-04-03T03:29:54.296115584,imap_idex_l1b_sci-10days_20260331_v016.cdf,187
nonmanual_peaks_gt_0p02us,828459824150792448,2026-04-03T03:42:34.966792448,imap_idex_l1b_sci-10days_20260331_v016.cdf,188
nonmanual_peaks_gt_0p02us,828459860367201024,2026-04-03T03:43:11.183201024,imap_idex_l1b_sci-10days_20260331_v016.cdf,189
nonmanual_peaks_gt_0p02us,828460766821450880,2026-04-03T03:58:17.637450880,imap_idex_l1b_sci-10days_20260331_v016.cdf,190
nonmanual_peaks_gt_0p02us,828461476565492352,2026-04-03T04:10:07.381492352,imap_idex_l1b_sci-10days_20260331_v016.cdf,191
nonmanual_peaks_gt_0p02us,828461739738702848,2026-04-03T04:14:30.554702848,imap_idex_l1b_sci-10days_20260331_v016.cdf,192
nonmanual_peaks_gt_0p02us,828462106895122944,2026-04-03T04:20:37.711122944,imap_idex_l1b_sci-10days_20260331_v016.cdf,193
nonmanual_peaks_gt_0p02us,828462558114529664,2026-04-03T04:28:08.930529664,imap_idex_l1b_sci-10days_20260331_v016.cdf,195
nonmanual_peaks_gt_0p02us,828462972400548608,2026-04-03T04:35:03.216548608,imap_idex_l1b_sci-10days_20260331_v016.cdf,196
nonmanual_peaks_gt_0p02us,828463191721857408,2026-04-03T04:38:42.537857408,imap_idex_l1b_sci-10days_20260331_v016.cdf,197
nonmanual_peaks_gt_0p02us,828463771739811968,2026-04-03T04:48:22.555811968,imap_idex_l1b_sci-10days_20260331_v016.cdf,200
nonmanual_peaks_gt_0p02us,828465804896719872,2026-04-03T05:22:15.712719872,imap_idex_l1b_sci-10days_20260331_v016.cdf,201
nonmanual_peaks_gt_0p02us,828466249886332032,2026-04-03T05:29:40.702332032,imap_idex_l1b_sci-10days_20260331_v016.cdf,203
nonmanual_peaks_gt_0p02us,828466784017266560,2026-04-03T05:38:34.833266560,imap_idex_l1b_sci-10days_20260331_v016.cdf,204
nonmanual_peaks_gt_0p02us,828467509952593920,2026-04-03T05:50:40.768593920,imap_idex_l1b_sci-10days_20260331_v016.cdf,206
nonmanual_peaks_gt_0p02us,828469551348194688,2026-04-03T06:24:42.164194688,imap_idex_l1b_sci-10days_20260331_v016.cdf,207
nonmanual_peaks_gt_0p02us,828471293815276160,2026-04-03T06:53:44.631276160,imap_idex_l1b_sci-10days_20260331_v016.cdf,208
nonmanual_peaks_gt_0p02us,828471828670009984,2026-04-03T07:02:39.486009984,imap_idex_l1b_sci-10days_20260331_v016.cdf,209
nonmanual_peaks_gt_0p02us,828473076777582080,2026-04-03T07:23:27.593582080,imap_idex_l1b_sci-10days_20260331_v016.cdf,210
nonmanual_peaks_gt_0p02us,828473620142588544,2026-04-03T07:32:30.958588544,imap_idex_l1b_sci-10days_20260331_v016.cdf,211
nonmanual_peaks_gt_0p02us,828474457054299136,2026-04-03T07:46:27.870299136,imap_idex_l1b_sci-10days_20260331_v016.cdf,212
nonmanual_peaks_gt_0p02us,828474667902595456,2026-04-03T07:49:58.718595456,imap_idex_l1b_sci-10days_20260331_v016.cdf,213
nonmanual_peaks_gt_0p02us,828475258501060608,2026-04-03T07:59:49.317060608,imap_idex_l1b_sci-10days_20260331_v016.cdf,214
nonmanual_peaks_gt_0p02us,828476534159028864,2026-04-03T08:21:04.975028864,imap_idex_l1b_sci-10days_20260331_v016.cdf,215
nonmanual_peaks_gt_0p02us,828477274504943616,2026-04-03T08:33:25.320943616,imap_idex_l1b_sci-10days_20260331_v016.cdf,216
nonmanual_peaks_gt_0p02us,828478282061005440,2026-04-03T08:50:12.877005440,imap_idex_l1b_sci-10days_20260331_v016.cdf,217
nonmanual_peaks_gt_0p02us,828478775889375104,2026-04-03T08:58:26.705375104,imap_idex_l1b_sci-10days_20260331_v016.cdf,218
nonmanual_peaks_gt_0p02us,828479111336202752,2026-04-03T09:04:02.152202752,imap_idex_l1b_sci-10days_20260331_v016.cdf,219
nonmanual_peaks_gt_0p02us,828479619509259776,2026-04-03T09:12:30.325259776,imap_idex_l1b_sci-10days_20260331_v016.cdf,220
nonmanual_peaks_gt_0p02us,828479857758252288,2026-04-03T09:16:28.574252288,imap_idex_l1b_sci-10days_20260331_v016.cdf,221
nonmanual_peaks_gt_0p02us,828480117382445824,2026-04-03T09:20:48.198445824,imap_idex_l1b_sci-10days_20260331_v016.cdf,222
nonmanual_peaks_gt_0p02us,828480922850903936,2026-04-03T09:34:13.666903936,imap_idex_l1b_sci-10days_20260331_v016.cdf,223
nonmanual_peaks_gt_0p02us,828481331364827904,2026-04-03T09:41:02.180827904,imap_idex_l1b_sci-10days_20260331_v016.cdf,224
nonmanual_peaks_gt_0p02us,828481746474825984,2026-04-03T09:47:57.290825984,imap_idex_l1b_sci-10days_20260331_v016.cdf,225
nonmanual_peaks_gt_0p02us,828481809991110784,2026-04-03T09:49:00.807110784,imap_idex_l1b_sci-10days_20260331_v016.cdf,226
nonmanual_peaks_gt_0p02us,828482192344117376,2026-04-03T09:55:23.160117376,imap_idex_l1b_sci-10days_20260331_v016.cdf,227
nonmanual_peaks_gt_0p02us,828482300155663488,2026-04-03T09:57:10.971663488,imap_idex_l1b_sci-10days_20260331_v016.cdf,228
nonmanual_peaks_gt_0p02us,828483001628612096,2026-04-03T10:08:52.444612096,imap_idex_l1b_sci-10days_20260331_v016.cdf,229
nonmanual_peaks_gt_0p02us,828484647855717248,2026-04-03T10:36:18.671717248,imap_idex_l1b_sci-10days_20260331_v016.cdf,230
nonmanual_peaks_gt_0p02us,828485687657511168,2026-04-03T10:53:38.473511168,imap_idex_l1b_sci-10days_20260331_v016.cdf,231
nonmanual_peaks_gt_0p02us,828486587501946752,2026-04-03T11:08:38.317946752,imap_idex_l1b_sci-10days_20260331_v016.cdf,232
nonmanual_peaks_gt_0p02us,828488114525036032,2026-04-03T11:34:05.341036032,imap_idex_l1b_sci-10days_20260331_v016.cdf,233
nonmanual_peaks_gt_0p02us,828488992101031168,2026-04-03T11:48:42.917031168,imap_idex_l1b_sci-10days_20260331_v016.cdf,235
nonmanual_peaks_gt_0p02us,828489195608553728,2026-04-03T11:52:06.424553728,imap_idex_l1b_sci-10days_20260331_v016.cdf,236
nonmanual_peaks_gt_0p02us,828489399923375616,2026-04-03T11:55:30.739375616,imap_idex_l1b_sci-10days_20260331_v016.cdf,237
nonmanual_peaks_gt_0p02us,828489949426256768,2026-04-03T12:04:40.242256768,imap_idex_l1b_sci-10days_20260331_v016.cdf,238
nonmanual_peaks_gt_0p02us,828490051941207424,2026-04-03T12:06:22.757207424,imap_idex_l1b_sci-10days_20260331_v016.cdf,239
nonmanual_peaks_gt_0p02us,828490124958863744,2026-04-03T12:07:35.774863744,imap_idex_l1b_sci-10days_20260331_v016.cdf,240
nonmanual_peaks_gt_0p02us,828494621712804608,2026-04-03T13:22:32.528804608,imap_idex_l1b_sci-10days_20260331_v016.cdf,241
nonmanual_peaks_gt_0p02us,828497960642974592,2026-04-03T14:18:11.458974592,imap_idex_l1b_sci-10days_20260331_v016.cdf,242
nonmanual_peaks_gt_0p02us,828499338650053504,2026-04-03T14:41:09.466053504,imap_idex_l1b_sci-10days_20260331_v016.cdf,243
nonmanual_peaks_gt_0p02us,828499741734042240,2026-04-03T14:47:52.550042240,imap_idex_l1b_sci-10days_20260331_v016.cdf,244
nonmanual_peaks_gt_0p02us,828500198894423808,2026-04-03T14:55:29.710423808,imap_idex_l1b_sci-10days_20260331_v016.cdf,245
nonmanual_peaks_gt_0p02us,828504313473737856,2026-04-03T16:04:04.289737856,imap_idex_l1b_sci-10days_20260331_v016.cdf,247
nonmanual_peaks_gt_0p02us,828505364623101696,2026-04-03T16:21:35.439101696,imap_idex_l1b_sci-10days_20260331_v016.cdf,249
nonmanual_peaks_gt_0p02us,828505830568475520,2026-04-03T16:29:21.384475520,imap_idex_l1b_sci-10days_20260331_v016.cdf,250
nonmanual_peaks_gt_0p02us,828508377987776256,2026-04-03T17:11:48.803776256,imap_idex_l1b_sci-10days_20260331_v016.cdf,251
nonmanual_peaks_gt_0p02us,828510129016010880,2026-04-03T17:40:59.832010880,imap_idex_l1b_sci-10days_20260331_v016.cdf,252
nonmanual_peaks_gt_0p02us,828511263088762880,2026-04-03T17:59:53.904762880,imap_idex_l1b_sci-10days_20260331_v016.cdf,253
nonmanual_peaks_gt_0p02us,828511385678556160,2026-04-03T18:01:56.494556160,imap_idex_l1b_sci-10days_20260331_v016.cdf,254
nonmanual_peaks_gt_0p02us,828513239293401344,2026-04-03T18:32:50.109401344,imap_idex_l1b_sci-10days_20260331_v016.cdf,256
nonmanual_peaks_gt_0p02us,828515951517798656,2026-04-03T19:18:02.333798656,imap_idex_l1b_sci-10days_20260331_v016.cdf,257
nonmanual_peaks_gt_0p02us,828520500824855552,2026-04-03T20:33:51.640855552,imap_idex_l1b_sci-10days_20260331_v016.cdf,258
nonmanual_peaks_gt_0p02us,828523298989677952,2026-04-03T21:20:29.805677952,imap_idex_l1b_sci-10days_20260331_v016.cdf,259
nonmanual_peaks_gt_0p02us,828531287061838976,2026-04-03T23:33:37.877838976,imap_idex_l1b_sci-10days_20260331_v016.cdf,260
nonmanual_peaks_gt_0p02us,828533023454386432,2026-04-04T00:02:34.270386432,imap_idex_l1b_sci-10days_20260331_v016.cdf,267
nonmanual_peaks_gt_0p02us,828533027850462592,2026-04-04T00:02:38.666462592,imap_idex_l1b_sci-10days_20260331_v016.cdf,268
nonmanual_peaks_gt_0p02us,828544559454676736,2026-04-04T03:14:50.270676736,imap_idex_l1b_sci-10days_20260331_v016.cdf,273
nonmanual_peaks_gt_0p02us,828545522739337600,2026-04-04T03:30:53.555337600,imap_idex_l1b_sci-10days_20260331_v016.cdf,275
nonmanual_peaks_gt_0p02us,828547579880285440,2026-04-04T04:05:10.696285440,imap_idex_l1b_sci-10days_20260331_v016.cdf,276
nonmanual_peaks_gt_0p02us,828562559803875840,2026-04-04T08:14:50.619875840,imap_idex_l1b_sci-10days_20260331_v016.cdf,277
nonmanual_peaks_gt_0p02us,828563740938886784,2026-04-04T08:34:31.754886784,imap_idex_l1b_sci-10days_20260331_v016.cdf,278
nonmanual_peaks_gt_0p02us,828563790295883776,2026-04-04T08:35:21.111883776,imap_idex_l1b_sci-10days_20260331_v016.cdf,279
nonmanual_peaks_gt_0p02us,828565139510868480,2026-04-04T08:57:50.326868480,imap_idex_l1b_sci-10days_20260331_v016.cdf,280
nonmanual_peaks_gt_0p02us,828572837741522048,2026-04-04T11:06:08.557522048,imap_idex_l1b_sci-10days_20260331_v016.cdf,281
nonmanual_peaks_gt_0p02us,828583445301601280,2026-04-04T14:02:56.117601280,imap_idex_l1b_sci-10days_20260331_v016.cdf,282
nonmanual_peaks_gt_0p02us,828601795603695488,2026-04-04T19:08:46.419695488,imap_idex_l1b_sci-10days_20260331_v016.cdf,283
nonmanual_peaks_gt_0p02us,828615365540953984,2026-04-04T22:54:56.356953984,imap_idex_l1b_sci-10days_20260331_v016.cdf,284
nonmanual_peaks_gt_0p02us,828618938899081088,2026-04-04T23:54:29.715081088,imap_idex_l1b_sci-10days_20260331_v016.cdf,285
nonmanual_peaks_gt_0p02us,828625591211745920,2026-04-05T01:45:22.027745920,imap_idex_l1b_sci-10days_20260331_v016.cdf,286
nonmanual_peaks_gt_0p02us,828634446695571456,2026-04-05T04:12:57.511571456,imap_idex_l1b_sci-10days_20260331_v016.cdf,287
nonmanual_peaks_gt_0p02us,828637670725462784,2026-04-05T05:06:41.541462784,imap_idex_l1b_sci-10days_20260331_v016.cdf,288
nonmanual_peaks_gt_0p02us,828648269870729344,2026-04-05T08:03:20.686729344,imap_idex_l1b_sci-10days_20260331_v016.cdf,289
nonmanual_peaks_gt_0p02us,828649962053595136,2026-04-05T08:31:32.869595136,imap_idex_l1b_sci-10days_20260331_v016.cdf,290
nonmanual_peaks_gt_0p02us,828669195190600320,2026-04-05T13:52:06.006600320,imap_idex_l1b_sci-10days_20260331_v016.cdf,292
nonmanual_peaks_gt_0p02us,828682221115032960,2026-04-05T17:29:11.931032960,imap_idex_l1b_sci-10days_20260331_v016.cdf,293
nonmanual_peaks_gt_0p02us,828683933082441984,2026-04-05T17:57:43.898441984,imap_idex_l1b_sci-10days_20260331_v016.cdf,294
nonmanual_peaks_gt_0p02us,828699153812985728,2026-04-05T22:11:24.628985728,imap_idex_l1b_sci-10days_20260331_v016.cdf,295
nonmanual_peaks_gt_0p02us,828714051054251520,2026-04-06T02:19:41.870251520,imap_idex_l1b_sci-10days_20260331_v016.cdf,296
nonmanual_peaks_gt_0p02us,828810062071573632,2026-04-07T04:59:52.887573632,imap_idex_l1b_sci-10days_20260331_v016.cdf,297
nonmanual_peaks_gt_0p02us,828811722866547072,2026-04-07T05:27:33.682547072,imap_idex_l1b_sci-10days_20260331_v016.cdf,298
nonmanual_peaks_gt_0p02us,828833134133119744,2026-04-07T11:24:24.949119744,imap_idex_l1b_sci-10days_20260331_v016.cdf,299
nonmanual_peaks_gt_0p02us,828876309145037568,2026-04-07T23:23:59.961037568,imap_idex_l1b_sci-10days_20260331_v016.cdf,301
nonmanual_peaks_gt_0p02us,828890818233321088,2026-04-08T03:25:49.049321088,imap_idex_l1b_sci-10days_20260331_v016.cdf,303
nonmanual_peaks_gt_0p02us,828893247623246464,2026-04-08T04:06:18.439246464,imap_idex_l1b_sci-10days_20260331_v016.cdf,304
nonmanual_peaks_gt_0p02us,828917197514198400,2026-04-08T10:45:28.330198400,imap_idex_l1b_sci-10days_20260331_v016.cdf,305
nonmanual_peaks_gt_0p02us,829119067861713408,2026-04-10T18:49:58.677713408,imap_idex_l1b_sci-10days_20260410_v016.cdf,0
nonmanual_peaks_gt_0p02us,829224227711345024,2026-04-12T00:02:38.527345024,imap_idex_l1b_sci-10days_20260410_v016.cdf,7
nonmanual_peaks_gt_0p02us,829319402624125312,2026-04-13T02:28:53.440125312,imap_idex_l1b_sci-10days_20260410_v016.cdf,11
nonmanual_peaks_gt_0p02us,829343897371378176,2026-04-13T09:17:08.187378176,imap_idex_l1b_sci-10days_20260410_v016.cdf,13
nonmanual_peaks_gt_0p02us,829351837221678080,2026-04-13T11:29:28.037678080,imap_idex_l1b_sci-10days_20260410_v016.cdf,14
nonmanual_peaks_gt_0p02us,829708030963655296,2026-04-17T14:26:01.779655296,imap_idex_l1b_sci-10days_20260410_v016.cdf,16
nonmanual_peaks_gt_0p02us,829779806322264704,2026-04-18T10:22:17.138264704,imap_idex_l1b_sci-10days_20260410_v016.cdf,17
nonmanual_peaks_gt_0p02us,829817689970915584,2026-04-18T20:53:40.786915584,imap_idex_l1b_sci-10days_20260410_v016.cdf,19
nonmanual_peaks_gt_0p02us,829818376350679296,2026-04-18T21:05:07.166679296,imap_idex_l1b_sci-10days_20260410_v016.cdf,20
nonmanual_peaks_gt_0p02us,829823447277794304,2026-04-18T22:29:38.093794304,imap_idex_l1b_sci-10days_20260410_v016.cdf,21
nonmanual_peaks_gt_0p02us,829874430518908288,2026-04-19T12:39:21.334908288,imap_idex_l1b_sci-10days_20260410_v016.cdf,23
nonmanual_peaks_gt_0p02us,829915427079587840,2026-04-20T00:02:37.895587840,imap_idex_l1b_sci-10days_20260420_v016.cdf,6
nonmanual_peaks_gt_0p02us,830340855160887296,2026-04-24T22:13:05.976887296,imap_idex_l1b_sci-10days_20260420_v016.cdf,10
nonmanual_peaks_gt_0p02us,830372482242013696,2026-04-25T07:00:13.058013696,imap_idex_l1b_sci-10days_20260420_v016.cdf,11
nonmanual_peaks_gt_0p02us,830468832133131648,2026-04-26T09:46:02.949131648,imap_idex_l1b_sci-10days_20260420_v016.cdf,13
nonmanual_peaks_gt_0p02us,830471536862646656,2026-04-26T10:31:07.678646656,imap_idex_l1b_sci-10days_20260420_v016.cdf,14
nonmanual_peaks_gt_0p02us,830493523985104256,2026-04-26T16:37:34.801104256,imap_idex_l1b_sci-10days_20260420_v016.cdf,15
nonmanual_peaks_gt_0p02us,830493712449920768,2026-04-26T16:40:43.265920768,imap_idex_l1b_sci-10days_20260420_v016.cdf,16
nonmanual_peaks_gt_0p02us,830497256603648128,2026-04-26T17:39:47.419648128,imap_idex_l1b_sci-10days_20260420_v016.cdf,17
nonmanual_peaks_gt_0p02us,830567543833190400,2026-04-27T13:11:14.649190400,imap_idex_l1b_sci-10days_20260420_v016.cdf,18
nonmanual_peaks_gt_0p02us,830606626674386432,2026-04-28T00:02:37.490386432,imap_idex_l1b_sci-10days_20260420_v016.cdf,25
nonmanual_peaks_gt_0p02us,830617523593400960,2026-04-28T03:04:14.409400960,imap_idex_l1b_sci-10days_20260420_v016.cdf,29
nonmanual_peaks_gt_0p02us,830642932801878656,2026-04-28T10:07:43.617878656,imap_idex_l1b_sci-10days_20260420_v016.cdf,30
nonmanual_peaks_gt_0p02us,830660849561030272,2026-04-28T15:06:20.377030272,imap_idex_l1b_sci-10days_20260420_v016.cdf,31
nonmanual_peaks_gt_0p02us,830947951255369344,2026-05-01T22:51:22.071369344,imap_idex_l1b_sci-10days_20260430_v016.cdf,1
nonmanual_peaks_gt_0p02us,830948432881712256,2026-05-01T22:59:23.697712256,imap_idex_l1b_sci-10days_20260430_v016.cdf,2
nonmanual_peaks_gt_0p02us,830950641128839552,2026-05-01T23:36:11.944839552,imap_idex_l1b_sci-10days_20260430_v016.cdf,3
nonmanual_peaks_gt_0p02us,830950754702401280,2026-05-01T23:38:05.518401280,imap_idex_l1b_sci-10days_20260430_v016.cdf,4
nonmanual_peaks_gt_0p02us,830952710184387456,2026-05-02T00:10:41.000387456,imap_idex_l1b_sci-10days_20260430_v016.cdf,5
nonmanual_peaks_gt_0p02us,831002731298203264,2026-05-02T14:04:22.114203264,imap_idex_l1b_sci-10days_20260430_v016.cdf,6
nonmanual_peaks_gt_0p02us,831114246817369984,2026-05-03T21:02:57.633369984,imap_idex_l1b_sci-10days_20260430_v016.cdf,9
nonmanual_peaks_gt_0p02us,831167888401194496,2026-05-04T11:56:59.217194496,imap_idex_l1b_sci-10days_20260430_v016.cdf,11
nonmanual_peaks_gt_0p02us,831270570154620928,2026-05-05T16:28:20.970620928,imap_idex_l1b_sci-10days_20260430_v016.cdf,12
nonmanual_peaks_gt_0p02us,831297825973255552,2026-05-06T00:02:36.789255552,imap_idex_l1b_sci-10days_20260430_v016.cdf,19
nonmanual_peaks_gt_0p02us,831297837973165056,2026-05-06T00:02:48.789165056,imap_idex_l1b_sci-10days_20260430_v016.cdf,20
nonmanual_peaks_gt_0p02us,831358027824348800,2026-05-06T16:45:58.640348800,imap_idex_l1b_sci-10days_20260430_v016.cdf,23
nonmanual_peaks_gt_0p02us,831413549119891584,2026-05-07T08:11:19.935891584,imap_idex_l1b_sci-10days_20260430_v016.cdf,24
nonmanual_peaks_gt_0p02us,831540362389805056,2026-05-08T19:24:53.205805056,imap_idex_l1b_sci-10days_20260430_v016.cdf,25
nonmanual_peaks_gt_0p02us,831888718204757760,2026-05-12T20:10:49.020757760,imap_idex_l1b_sci-10days_20260510_v016.cdf,4
nonmanual_peaks_gt_0p02us,831894212664369792,2026-05-12T21:42:23.480369792,imap_idex_l1b_sci-10days_20260510_v016.cdf,5
nonmanual_peaks_gt_0p02us,831932203535500288,2026-05-13T08:15:34.351500288,imap_idex_l1b_sci-10days_20260510_v016.cdf,6
nonmanual_peaks_gt_0p02us,831989025238172032,2026-05-14T00:02:36.054172032,imap_idex_l1b_sci-10days_20260510_v016.cdf,13
nonmanual_peaks_gt_0p02us,831989037238081664,2026-05-14T00:02:48.054081664,imap_idex_l1b_sci-10days_20260510_v016.cdf,14
nonmanual_peaks_gt_0p02us,832000652714189696,2026-05-14T03:16:23.530189696,imap_idex_l1b_sci-10days_20260510_v016.cdf,17
nonmanual_peaks_gt_0p02us,832144301924100736,2026-05-15T19:10:32.740100736,imap_idex_l1b_sci-10days_20260510_v016.cdf,18
nonmanual_peaks_gt_0p02us,832156145611093760,2026-05-15T22:27:56.427093760,imap_idex_l1b_sci-10days_20260510_v016.cdf,19
nonmanual_peaks_gt_0p02us,832179898810942976,2026-05-16T05:03:49.626942976,imap_idex_l1b_sci-10days_20260510_v016.cdf,20
nonmanual_peaks_gt_0p02us,832186194339387008,2026-05-16T06:48:45.155387008,imap_idex_l1b_sci-10days_20260510_v016.cdf,21
nonmanual_peaks_gt_0p02us,832382555401974016,2026-05-18T13:21:26.217974016,imap_idex_l1b_sci-10days_20260510_v016.cdf,23
nonmanual_peaks_gt_0p02us,832384347827206912,2026-05-18T13:51:18.643206912,imap_idex_l1b_sci-10days_20260510_v016.cdf,24
nonmanual_peaks_gt_0p02us,832588379366370944,2026-05-20T22:31:50.182370944,imap_idex_l1b_sci-10days_20260520_v016.cdf,2
nonmanual_peaks_gt_0p02us,832680225471551872,2026-05-22T00:02:36.287551872,imap_idex_l1b_sci-10days_20260520_v016.cdf,10
nonmanual_peaks_gt_0p02us,832785638971414144,2026-05-23T05:19:29.787414144,imap_idex_l1b_sci-10days_20260520_v016.cdf,14
nonmanual_peaks_gt_0p02us,832912706669163904,2026-05-24T16:37:17.485163904,imap_idex_l1b_sci-10days_20260520_v016.cdf,15
nonmanual_peaks_gt_0p02us,832961926169298048,2026-05-25T06:17:36.985298048,imap_idex_l1b_sci-10days_20260520_v016.cdf,16
nonmanual_peaks_gt_0p02us,832996576372891008,2026-05-25T15:55:07.188891008,imap_idex_l1b_sci-10days_20260520_v016.cdf,17
nonmanual_peaks_gt_0p02us,833094822116477696,2026-05-26T19:12:32.932477696,imap_idex_l1b_sci-10days_20260520_v016.cdf,20
nonmanual_peaks_gt_0p02us,833119576429663232,2026-05-27T02:05:07.245663232,imap_idex_l1b_sci-10days_20260520_v016.cdf,21
nonmanual_peaks_gt_0p02us,833153470844671232,2026-05-27T11:30:01.660671232,imap_idex_l1b_sci-10days_20260520_v016.cdf,22
nonmanual_peaks_gt_0p02us,833213030316542208,2026-05-28T04:02:41.132542208,imap_idex_l1b_sci-10days_20260520_v016.cdf,23
nonmanual_peaks_gt_0p02us,833249125523736576,2026-05-28T14:04:16.339736576,imap_idex_l1b_sci-10days_20260520_v016.cdf,24
nonmanual_peaks_gt_0p02us,833284349303340928,2026-05-28T23:51:20.119340928,imap_idex_l1b_sci-10days_20260520_v016.cdf,25
nonmanual_peaks_gt_0p02us,833301490885247744,2026-05-29T04:37:01.701247744,imap_idex_l1b_sci-10days_20260520_v016.cdf,26
nonmanual_peaks_gt_0p02us,833354054778686464,2026-05-29T19:13:05.594686464,imap_idex_l1b_sci-10days_20260520_v016.cdf,27
nonmanual_peaks_gt_0p02us,833387241629153792,2026-05-30T04:26:12.445153792,imap_idex_l1b_sci-10days_20260530_v022.cdf,10
nonmanual_peaks_gt_0p02us,833478246703082112,2026-05-31T05:42:57.519082112,imap_idex_l1b_sci-10days_20260530_v022.cdf,11
nonmanual_peaks_gt_0p02us,833584447606978304,2026-06-01T11:12:58.422978304,imap_idex_l1b_sci-10days_20260530_v022.cdf,14
nonmanual_peaks_gt_0p02us,833586210641781248,2026-06-01T11:42:21.457781248,imap_idex_l1b_sci-10days_20260530_v022.cdf,15
nonmanual_peaks_gt_0p02us,833590528876805248,2026-06-01T12:54:19.692805248,imap_idex_l1b_sci-10days_20260530_v022.cdf,16
nonmanual_peaks_gt_0p02us,833591821621732992,2026-06-01T13:15:52.437732992,imap_idex_l1b_sci-10days_20260530_v022.cdf,17
nonmanual_peaks_gt_0p02us,833600382306726400,2026-06-01T15:38:33.122726400,imap_idex_l1b_sci-10days_20260530_v022.cdf,18
nonmanual_peaks_gt_0p02us,833633752653791360,2026-06-02T00:54:43.469791360,imap_idex_l1b_sci-10days_20260530_v022.cdf,19
nonmanual_peaks_gt_0p02us,833648083123419904,2026-06-02T04:53:33.939419904,imap_idex_l1b_sci-10days_20260530_v022.cdf,20
nonmanual_peaks_gt_0p02us,833681603088377088,2026-06-02T14:12:13.904377088,imap_idex_l1b_sci-10days_20260530_v022.cdf,21
nonmanual_peaks_gt_0p02us,833741841425016448,2026-06-03T06:56:12.241016448,imap_idex_l1b_sci-10days_20260530_v022.cdf,22
nonmanual_peaks_gt_0p02us,833878681511891456,2026-06-04T20:56:52.327891456,imap_idex_l1b_sci-10days_20260530_v022.cdf,23
nonmanual_peaks_gt_0p02us,833879318908683392,2026-06-04T21:07:29.724683392,imap_idex_l1b_sci-10days_20260530_v022.cdf,24
nonmanual_peaks_gt_0p02us,833888525576146304,2026-06-04T23:40:56.392146304,imap_idex_l1b_sci-10days_20260530_v022.cdf,25
nonmanual_peaks_gt_0p02us,833898764595461120,2026-06-05T02:31:35.411461120,imap_idex_l1b_sci-10days_20260530_v022.cdf,26
nonmanual_peaks_gt_0p02us,833904848472769408,2026-06-05T04:12:59.288769408,imap_idex_l1b_sci-10days_20260530_v022.cdf,27
nonmanual_peaks_gt_0p02us,833913403963692160,2026-06-05T06:35:34.779692160,imap_idex_l1b_sci-10days_20260530_v022.cdf,28
nonmanual_peaks_gt_0p02us,833916464654400128,2026-06-05T07:26:35.470400128,imap_idex_l1b_sci-10days_20260530_v022.cdf,30
nonmanual_peaks_gt_0p02us,833922477388309632,2026-06-05T09:06:48.204309632,imap_idex_l1b_sci-10days_20260530_v022.cdf,31
nonmanual_peaks_gt_0p02us,833937495148435200,2026-06-05T13:17:05.964435200,imap_idex_l1b_sci-10days_20260530_v022.cdf,32
nonmanual_peaks_gt_0p02us,833942573332128256,2026-06-05T14:41:44.148128256,imap_idex_l1b_sci-10days_20260530_v022.cdf,33
nonmanual_peaks_gt_0p02us,834060245685328000,2026-06-06T23:22:56.501328000,imap_idex_l1b_sci-10days_20260530_v022.cdf,35
nonmanual_peaks_gt_0p02us,834062182792443136,2026-06-06T23:55:13.608443136,imap_idex_l1b_sci-10days_20260530_v022.cdf,36
nonmanual_peaks_gt_0p02us,834062635798013824,2026-06-07T00:02:46.614013824,imap_idex_l1b_sci-10days_20260530_v022.cdf,44
nonmanual_peaks_gt_0p02us,834077737203155072,2026-06-07T04:14:28.019155072,imap_idex_l1b_sci-10days_20260530_v022.cdf,48
nonmanual_peaks_gt_0p02us,834111113907869696,2026-06-07T13:30:44.723869696,imap_idex_l1b_sci-10days_20260530_v022.cdf,49
nonmanual_peaks_gt_0p02us,834143413685729920,2026-06-07T22:29:04.501729920,imap_idex_l1b_sci-10days_20260530_v022.cdf,50
nonmanual_peaks_gt_0p02us,834152773797025536,2026-06-08T01:05:04.613025536,imap_idex_l1b_sci-10days_20260530_v022.cdf,51
nonmanual_peaks_gt_0p02us,834157302257913600,2026-06-08T02:20:33.073913600,imap_idex_l1b_sci-10days_20260530_v022.cdf,53
nonmanual_peaks_gt_0p02us,834163254985957504,2026-06-08T03:59:45.801957504,imap_idex_l1b_sci-10days_20260530_v022.cdf,54
nonmanual_peaks_gt_0p02us,834167634269173888,2026-06-08T05:12:45.085173888,imap_idex_l1b_sci-10days_20260530_v022.cdf,55
nonmanual_peaks_gt_0p02us,834188410170498176,2026-06-08T10:59:00.986498176,imap_idex_l1b_sci-10days_20260530_v022.cdf,56
nonmanual_peaks_gt_0p02us,834188857660133632,2026-06-08T11:06:28.476133632,imap_idex_l1b_sci-10days_20260530_v022.cdf,57
nonmanual_peaks_gt_0p02us,834192667574379264,2026-06-08T12:09:58.390379264,imap_idex_l1b_sci-10days_20260530_v022.cdf,58
nonmanual_peaks_gt_0p02us,834215457236572800,2026-06-08T18:29:48.052572800,imap_idex_l1b_sci-10days_20260530_v022.cdf,59
nonmanual_peaks_gt_0p02us,834250641072754560,2026-06-09T04:16:11.888754560,imap_idex_l1b_sci-10days_20260609_v011.cdf,0
nonmanual_peaks_gt_0p02us,834259505465236096,2026-06-09T06:43:56.281236096,imap_idex_l1b_sci-10days_20260609_v011.cdf,1
nonmanual_peaks_gt_0p02us,834284626303206144,2026-06-09T13:42:37.119206144,imap_idex_l1b_sci-10days_20260609_v011.cdf,2
nonmanual_peaks_gt_0p02us,834308680358513024,2026-06-09T20:23:31.174513024,imap_idex_l1b_sci-10days_20260609_v011.cdf,4
nonmanual_peaks_gt_0p02us,834388803634289408,2026-06-10T18:38:54.450289408,imap_idex_l1b_sci-10days_20260609_v011.cdf,6
nonmanual_peaks_gt_0p02us,834427710750834688,2026-06-11T05:27:21.566834688,imap_idex_l1b_sci-10days_20260609_v011.cdf,7
nonmanual_peaks_gt_0p02us,834438221901527424,2026-06-11T08:22:32.717527424,imap_idex_l1b_sci-10days_20260609_v011.cdf,8
nonmanual_peaks_gt_0p02us,834469383799164672,2026-06-11T17:01:54.615164672,imap_idex_l1b_sci-10days_20260609_v011.cdf,9
nonmanual_peaks_gt_0p02us,834614706462952320,2026-06-13T09:23:57.278952320,imap_idex_l1b_sci-10days_20260609_v011.cdf,11
nonmanual_peaks_gt_0p02us,834653865695432320,2026-06-13T20:16:36.511432320,imap_idex_l1b_sci-10days_20260609_v011.cdf,13
nonmanual_peaks_gt_0p02us,834723528218079488,2026-06-14T15:37:39.034079488,imap_idex_l1b_sci-10days_20260609_v011.cdf,14
nonmanual_peaks_gt_0p02us,834734322719834240,2026-06-14T18:37:33.535834240,imap_idex_l1b_sci-10days_20260609_v011.cdf,15
nonmanual_peaks_gt_0p02us,834753834946106496,2026-06-15T00:02:45.762106496,imap_idex_l1b_sci-10days_20260609_v011.cdf,23
nonmanual_peaks_gt_0p02us,834796441230920192,2026-06-15T11:52:52.046920192,imap_idex_l1b_sci-10days_20260609_v011.cdf,26
nonmanual_peaks_gt_0p02us,834812919108998272,2026-06-15T16:27:29.924998272,imap_idex_l1b_sci-10days_20260609_v011.cdf,27
nonmanual_peaks_gt_0p02us,834858685837599232,2026-06-16T05:10:16.653599232,imap_idex_l1b_sci-10days_20260609_v011.cdf,28
nonmanual_peaks_gt_0p02us,834960228151411584,2026-06-17T09:22:38.967411584,imap_idex_l1b_sci-10days_20260609_v011.cdf,30
nonmanual_peaks_gt_0p02us,834981263506046848,2026-06-17T15:13:14.322046848,imap_idex_l1b_sci-10days_20260609_v011.cdf,31
nonmanual_peaks_gt_0p02us,835012291711474176,2026-06-17T23:50:22.527474176,imap_idex_l1b_sci-10days_20260609_v011.cdf,32
nonmanual_peaks_gt_0p02us,835041917160505856,2026-06-18T08:04:07.976505856,imap_idex_l1b_sci-10days_20260609_v011.cdf,33
nonmanual_peaks_gt_0p02us,835065524629438976,2026-06-18T14:37:35.445438976,imap_idex_l1b_sci-10days_20260609_v011.cdf,34
nonmanual_peaks_gt_0p02us,835089723834424448,2026-06-18T21:20:54.650424448,imap_idex_l1b_sci-10days_20260609_v011.cdf,35
nonmanual_peaks_gt_0p02us,835104498329993088,2026-06-19T01:27:09.145993088,imap_idex_l1b_sci-10days_20260619_v015.cdf,0
nonmanual_peaks_gt_0p02us,835111294604784256,2026-06-19T03:20:25.420784256,imap_idex_l1b_sci-10days_20260619_v015.cdf,1
nonmanual_peaks_gt_0p02us,835124228742731264,2026-06-19T06:55:59.558731264,imap_idex_l1b_sci-10days_20260619_v015.cdf,2
nonmanual_peaks_gt_0p02us,835131265747895936,2026-06-19T08:53:16.563895936,imap_idex_l1b_sci-10days_20260619_v015.cdf,3
nonmanual_peaks_gt_0p02us,835240400578631936,2026-06-20T15:12:11.394631936,imap_idex_l1b_sci-10days_20260619_v015.cdf,4
nonmanual_peaks_gt_0p02us,835445035087506048,2026-06-23T00:02:45.903506048,imap_idex_l1b_sci-10days_20260619_v015.cdf,13
nonmanual_peaks_gt_0p02us,835756322517404416,2026-06-26T14:30:53.333404416,imap_idex_l1b_sci-10days_20260619_v015.cdf,16
nonmanual_peaks_gt_0p02us,835854145795405056,2026-06-27T17:41:16.611405056,imap_idex_l1b_sci-10days_20260619_v015.cdf,17
nonmanual_peaks_gt_0p02us,835878059905378688,2026-06-28T00:19:50.721378688,imap_idex_l1b_sci-10days_20260619_v015.cdf,18
nonmanual_peaks_gt_0p02us,835879678458053504,2026-06-28T00:46:49.274053504,imap_idex_l1b_sci-10days_20260619_v015.cdf,19
nonmanual_peaks_gt_0p02us,835885718932843776,2026-06-28T02:27:29.748843776,imap_idex_l1b_sci-10days_20260619_v015.cdf,20
nonmanual_peaks_gt_0p02us,835890878360688384,2026-06-28T03:53:29.176688384,imap_idex_l1b_sci-10days_20260619_v015.cdf,21
nonmanual_peaks_gt_0p02us,836034957375440896,2026-06-29T19:54:48.191440896,imap_idex_l1b_sci-10days_20260629_v011.cdf,0
nonmanual_peaks_gt_0p02us,836064899784418176,2026-06-30T04:13:50.600418176,imap_idex_l1b_sci-10days_20260629_v011.cdf,1
nonmanual_peaks_gt_0p02us,836136222245845120,2026-07-01T00:02:33.061845120,imap_idex_l1b_sci-10days_20260629_v011.cdf,8
nonmanual_peaks_gt_0p04us,822752945501397504,2026-01-27T02:27:56.317397504,imap_idex_l1b_sci-10days_20260120_v003.cdf,714
nonmanual_peaks_gt_0p04us,823532755161741056,2026-02-05T03:04:45.977741056,imap_idex_l1b_sci-10days_20260130_v003.cdf,12
nonmanual_peaks_gt_0p04us,823656259303192704,2026-02-06T13:23:10.119192704,imap_idex_l1b_sci-10days_20260130_v003.cdf,14
nonmanual_peaks_gt_0p04us,823742579353035264,2026-02-07T13:21:50.169035264,imap_idex_l1b_sci-10days_20260130_v003.cdf,29
nonmanual_peaks_gt_0p04us,823917174354775168,2026-02-09T13:51:45.170775168,imap_idex_l1b_sci-10days_20260209_v003.cdf,0
nonmanual_peaks_gt_0p04us,824103518305623424,2026-02-11T17:37:29.121623424,imap_idex_l1b_sci-10days_20260209_v003.cdf,2
nonmanual_peaks_gt_0p04us,824695180842833280,2026-02-18T13:58:31.658833280,imap_idex_l1b_sci-10days_20260209_v003.cdf,18
nonmanual_peaks_gt_0p04us,825145076969854464,2026-02-23T18:56:47.785854464,imap_idex_l1b_sci-10days_20260219_v003.cdf,13
nonmanual_peaks_gt_0p04us,825449955648698496,2026-02-27T07:38:06.464698496,imap_idex_l1b_sci-10days_20260219_v003.cdf,19
nonmanual_peaks_gt_0p04us,825865318891700352,2026-03-04T03:00:49.707700352,imap_idex_l1b_sci-10days_20260301_v003.cdf,14
nonmanual_peaks_gt_0p04us,826362611238473984,2026-03-09T21:09:02.054473984,imap_idex_l1b_sci-10days_20260301_v003.cdf,19
nonmanual_peaks_gt_0p04us,827489487364297856,2026-03-22T22:10:18.180297856,imap_idex_l1b_sci-10days_20260321_v016.cdf,9
nonmanual_peaks_gt_0p04us,827528280928282880,2026-03-23T08:56:51.744282880,imap_idex_l1b_sci-10days_20260321_v016.cdf,13
nonmanual_peaks_gt_0p04us,827612094895927936,2026-03-24T08:13:45.711927936,imap_idex_l1b_sci-10days_20260321_v016.cdf,16
nonmanual_peaks_gt_0p04us,828323362895290240,2026-04-01T13:48:13.711290240,imap_idex_l1b_sci-10days_20260331_v016.cdf,5
nonmanual_peaks_gt_0p04us,828349090039142912,2026-04-01T20:57:00.855142912,imap_idex_l1b_sci-10days_20260331_v016.cdf,11
nonmanual_peaks_gt_0p04us,828359814988695552,2026-04-01T23:55:45.804695552,imap_idex_l1b_sci-10days_20260331_v016.cdf,15
nonmanual_peaks_gt_0p04us,828360693338470144,2026-04-02T00:10:24.154470144,imap_idex_l1b_sci-10days_20260331_v016.cdf,16
nonmanual_peaks_gt_0p04us,828372323420953728,2026-04-02T03:24:14.236953728,imap_idex_l1b_sci-10days_20260331_v016.cdf,23
nonmanual_peaks_gt_0p04us,828374537336364288,2026-04-02T04:01:08.152364288,imap_idex_l1b_sci-10days_20260331_v016.cdf,24
nonmanual_peaks_gt_0p04us,828381022088452480,2026-04-02T05:49:12.904452480,imap_idex_l1b_sci-10days_20260331_v016.cdf,32
nonmanual_peaks_gt_0p04us,828384102258627968,2026-04-02T06:40:33.074627968,imap_idex_l1b_sci-10days_20260331_v016.cdf,37
nonmanual_peaks_gt_0p04us,828387995160935040,2026-04-02T07:45:25.976935040,imap_idex_l1b_sci-10days_20260331_v016.cdf,40
nonmanual_peaks_gt_0p04us,828401887233707392,2026-04-02T11:36:58.049707392,imap_idex_l1b_sci-10days_20260331_v016.cdf,69
nonmanual_peaks_gt_0p04us,828402213833002752,2026-04-02T11:42:24.649002752,imap_idex_l1b_sci-10days_20260331_v016.cdf,72
nonmanual_peaks_gt_0p04us,828407313042578560,2026-04-02T13:07:23.858578560,imap_idex_l1b_sci-10days_20260331_v016.cdf,87
nonmanual_peaks_gt_0p04us,828408069481279232,2026-04-02T13:20:00.297279232,imap_idex_l1b_sci-10days_20260331_v016.cdf,88
nonmanual_peaks_gt_0p04us,828410419308951424,2026-04-02T13:59:10.124951424,imap_idex_l1b_sci-10days_20260331_v016.cdf,94
nonmanual_peaks_gt_0p04us,828411807547341440,2026-04-02T14:22:18.363341440,imap_idex_l1b_sci-10days_20260331_v016.cdf,96
nonmanual_peaks_gt_0p04us,828416601515083136,2026-04-02T15:42:12.331083136,imap_idex_l1b_sci-10days_20260331_v016.cdf,106
nonmanual_peaks_gt_0p04us,828419380858440832,2026-04-02T16:28:31.674440832,imap_idex_l1b_sci-10days_20260331_v016.cdf,112
nonmanual_peaks_gt_0p04us,828420945180317440,2026-04-02T16:54:35.996317440,imap_idex_l1b_sci-10days_20260331_v016.cdf,116
nonmanual_peaks_gt_0p04us,828423146548498816,2026-04-02T17:31:17.364498816,imap_idex_l1b_sci-10days_20260331_v016.cdf,119
nonmanual_peaks_gt_0p04us,828426380938599936,2026-04-02T18:25:11.754599936,imap_idex_l1b_sci-10days_20260331_v016.cdf,124
nonmanual_peaks_gt_0p04us,828427124954051456,2026-04-02T18:37:35.770051456,imap_idex_l1b_sci-10days_20260331_v016.cdf,126
nonmanual_peaks_gt_0p04us,828428357099397504,2026-04-02T18:58:07.915397504,imap_idex_l1b_sci-10days_20260331_v016.cdf,127
nonmanual_peaks_gt_0p04us,828432223816187648,2026-04-02T20:02:34.632187648,imap_idex_l1b_sci-10days_20260331_v016.cdf,134
nonmanual_peaks_gt_0p04us,828432516168672640,2026-04-02T20:07:26.984672640,imap_idex_l1b_sci-10days_20260331_v016.cdf,135
nonmanual_peaks_gt_0p04us,828433707311074560,2026-04-02T20:27:18.127074560,imap_idex_l1b_sci-10days_20260331_v016.cdf,137
nonmanual_peaks_gt_0p04us,828437494508093952,2026-04-02T21:30:25.324093952,imap_idex_l1b_sci-10days_20260331_v016.cdf,144
nonmanual_peaks_gt_0p04us,828439601709237376,2026-04-02T22:05:32.525237376,imap_idex_l1b_sci-10days_20260331_v016.cdf,152
nonmanual_peaks_gt_0p04us,828440432890193024,2026-04-02T22:19:23.706193024,imap_idex_l1b_sci-10days_20260331_v016.cdf,154
nonmanual_peaks_gt_0p04us,828441095963774976,2026-04-02T22:30:26.779774976,imap_idex_l1b_sci-10days_20260331_v016.cdf,155
nonmanual_peaks_gt_0p04us,828444577826260480,2026-04-02T23:28:28.642260480,imap_idex_l1b_sci-10days_20260331_v016.cdf,161
nonmanual_peaks_gt_0p04us,828446349342436480,2026-04-02T23:58:00.158436480,imap_idex_l1b_sci-10days_20260331_v016.cdf,163
nonmanual_peaks_gt_0p04us,828448251275418752,2026-04-03T00:29:42.091418752,imap_idex_l1b_sci-10days_20260331_v016.cdf,165
nonmanual_peaks_gt_0p04us,828449240979516288,2026-04-03T00:46:11.795516288,imap_idex_l1b_sci-10days_20260331_v016.cdf,168
nonmanual_peaks_gt_0p04us,828450080812764288,2026-04-03T01:00:11.628764288,imap_idex_l1b_sci-10days_20260331_v016.cdf,170
nonmanual_peaks_gt_0p04us,828453031118572928,2026-04-03T01:49:21.934572928,imap_idex_l1b_sci-10days_20260331_v016.cdf,174
nonmanual_peaks_gt_0p04us,828454341295051008,2026-04-03T02:11:12.111051008,imap_idex_l1b_sci-10days_20260331_v016.cdf,177
nonmanual_peaks_gt_0p04us,828454676473078784,2026-04-03T02:16:47.289078784,imap_idex_l1b_sci-10days_20260331_v016.cdf,178
nonmanual_peaks_gt_0p04us,828457703799720448,2026-04-03T03:07:14.615720448,imap_idex_l1b_sci-10days_20260331_v016.cdf,184
nonmanual_peaks_gt_0p04us,828457959746317440,2026-04-03T03:11:30.562317440,imap_idex_l1b_sci-10days_20260331_v016.cdf,185
nonmanual_peaks_gt_0p04us,828461739738702848,2026-04-03T04:14:30.554702848,imap_idex_l1b_sci-10days_20260331_v016.cdf,192
nonmanual_peaks_gt_0p04us,828462106895122944,2026-04-03T04:20:37.711122944,imap_idex_l1b_sci-10days_20260331_v016.cdf,193
nonmanual_peaks_gt_0p04us,828471828670009984,2026-04-03T07:02:39.486009984,imap_idex_l1b_sci-10days_20260331_v016.cdf,209
nonmanual_peaks_gt_0p04us,828474457054299136,2026-04-03T07:46:27.870299136,imap_idex_l1b_sci-10days_20260331_v016.cdf,212
nonmanual_peaks_gt_0p04us,828474667902595456,2026-04-03T07:49:58.718595456,imap_idex_l1b_sci-10days_20260331_v016.cdf,213
nonmanual_peaks_gt_0p04us,828475258501060608,2026-04-03T07:59:49.317060608,imap_idex_l1b_sci-10days_20260331_v016.cdf,214
nonmanual_peaks_gt_0p04us,828477274504943616,2026-04-03T08:33:25.320943616,imap_idex_l1b_sci-10days_20260331_v016.cdf,216
nonmanual_peaks_gt_0p04us,828478282061005440,2026-04-03T08:50:12.877005440,imap_idex_l1b_sci-10days_20260331_v016.cdf,217
nonmanual_peaks_gt_0p04us,828478775889375104,2026-04-03T08:58:26.705375104,imap_idex_l1b_sci-10days_20260331_v016.cdf,218
nonmanual_peaks_gt_0p04us,828481809991110784,2026-04-03T09:49:00.807110784,imap_idex_l1b_sci-10days_20260331_v016.cdf,226
nonmanual_peaks_gt_0p04us,828484647855717248,2026-04-03T10:36:18.671717248,imap_idex_l1b_sci-10days_20260331_v016.cdf,230
nonmanual_peaks_gt_0p04us,828488114525036032,2026-04-03T11:34:05.341036032,imap_idex_l1b_sci-10days_20260331_v016.cdf,233
nonmanual_peaks_gt_0p04us,828489399923375616,2026-04-03T11:55:30.739375616,imap_idex_l1b_sci-10days_20260331_v016.cdf,237
nonmanual_peaks_gt_0p04us,828489949426256768,2026-04-03T12:04:40.242256768,imap_idex_l1b_sci-10days_20260331_v016.cdf,238
nonmanual_peaks_gt_0p04us,828490051941207424,2026-04-03T12:06:22.757207424,imap_idex_l1b_sci-10days_20260331_v016.cdf,239
nonmanual_peaks_gt_0p04us,828499741734042240,2026-04-03T14:47:52.550042240,imap_idex_l1b_sci-10days_20260331_v016.cdf,244
nonmanual_peaks_gt_0p04us,828504313473737856,2026-04-03T16:04:04.289737856,imap_idex_l1b_sci-10days_20260331_v016.cdf,247
nonmanual_peaks_gt_0p04us,828511263088762880,2026-04-03T17:59:53.904762880,imap_idex_l1b_sci-10days_20260331_v016.cdf,253
nonmanual_peaks_gt_0p04us,828513239293401344,2026-04-03T18:32:50.109401344,imap_idex_l1b_sci-10days_20260331_v016.cdf,256
nonmanual_peaks_gt_0p04us,828531287061838976,2026-04-03T23:33:37.877838976,imap_idex_l1b_sci-10days_20260331_v016.cdf,260
nonmanual_peaks_gt_0p04us,828563740938886784,2026-04-04T08:34:31.754886784,imap_idex_l1b_sci-10days_20260331_v016.cdf,278
nonmanual_peaks_gt_0p04us,828601795603695488,2026-04-04T19:08:46.419695488,imap_idex_l1b_sci-10days_20260331_v016.cdf,283
nonmanual_peaks_gt_0p04us,828618938899081088,2026-04-04T23:54:29.715081088,imap_idex_l1b_sci-10days_20260331_v016.cdf,285
nonmanual_peaks_gt_0p04us,828625591211745920,2026-04-05T01:45:22.027745920,imap_idex_l1b_sci-10days_20260331_v016.cdf,286
nonmanual_peaks_gt_0p04us,828637670725462784,2026-04-05T05:06:41.541462784,imap_idex_l1b_sci-10days_20260331_v016.cdf,288
nonmanual_peaks_gt_0p04us,828682221115032960,2026-04-05T17:29:11.931032960,imap_idex_l1b_sci-10days_20260331_v016.cdf,293
nonmanual_peaks_gt_0p04us,828890818233321088,2026-04-08T03:25:49.049321088,imap_idex_l1b_sci-10days_20260331_v016.cdf,303
nonmanual_peaks_gt_0p04us,829351837221678080,2026-04-13T11:29:28.037678080,imap_idex_l1b_sci-10days_20260410_v016.cdf,14
nonmanual_peaks_gt_0p04us,829779806322264704,2026-04-18T10:22:17.138264704,imap_idex_l1b_sci-10days_20260410_v016.cdf,17
nonmanual_peaks_gt_0p04us,829817689970915584,2026-04-18T20:53:40.786915584,imap_idex_l1b_sci-10days_20260410_v016.cdf,19
nonmanual_peaks_gt_0p04us,830468832133131648,2026-04-26T09:46:02.949131648,imap_idex_l1b_sci-10days_20260420_v016.cdf,13
nonmanual_peaks_gt_0p04us,830471536862646656,2026-04-26T10:31:07.678646656,imap_idex_l1b_sci-10days_20260420_v016.cdf,14
nonmanual_peaks_gt_0p04us,830493523985104256,2026-04-26T16:37:34.801104256,imap_idex_l1b_sci-10days_20260420_v016.cdf,15
nonmanual_peaks_gt_0p04us,830567543833190400,2026-04-27T13:11:14.649190400,imap_idex_l1b_sci-10days_20260420_v016.cdf,18
nonmanual_peaks_gt_0p04us,830617523593400960,2026-04-28T03:04:14.409400960,imap_idex_l1b_sci-10days_20260420_v016.cdf,29
nonmanual_peaks_gt_0p04us,830642932801878656,2026-04-28T10:07:43.617878656,imap_idex_l1b_sci-10days_20260420_v016.cdf,30
nonmanual_peaks_gt_0p04us,830952710184387456,2026-05-02T00:10:41.000387456,imap_idex_l1b_sci-10days_20260430_v016.cdf,5
nonmanual_peaks_gt_0p04us,831270570154620928,2026-05-05T16:28:20.970620928,imap_idex_l1b_sci-10days_20260430_v016.cdf,12
nonmanual_peaks_gt_0p04us,831358027824348800,2026-05-06T16:45:58.640348800,imap_idex_l1b_sci-10days_20260430_v016.cdf,23
nonmanual_peaks_gt_0p04us,831413549119891584,2026-05-07T08:11:19.935891584,imap_idex_l1b_sci-10days_20260430_v016.cdf,24
nonmanual_peaks_gt_0p04us,831888718204757760,2026-05-12T20:10:49.020757760,imap_idex_l1b_sci-10days_20260510_v016.cdf,4
nonmanual_peaks_gt_0p04us,831894212664369792,2026-05-12T21:42:23.480369792,imap_idex_l1b_sci-10days_20260510_v016.cdf,5
nonmanual_peaks_gt_0p04us,831932203535500288,2026-05-13T08:15:34.351500288,imap_idex_l1b_sci-10days_20260510_v016.cdf,6
nonmanual_peaks_gt_0p04us,832186194339387008,2026-05-16T06:48:45.155387008,imap_idex_l1b_sci-10days_20260510_v016.cdf,21
nonmanual_peaks_gt_0p04us,832785638971414144,2026-05-23T05:19:29.787414144,imap_idex_l1b_sci-10days_20260520_v016.cdf,14
nonmanual_peaks_gt_0p04us,832961926169298048,2026-05-25T06:17:36.985298048,imap_idex_l1b_sci-10days_20260520_v016.cdf,16
nonmanual_peaks_gt_0p04us,832996576372891008,2026-05-25T15:55:07.188891008,imap_idex_l1b_sci-10days_20260520_v016.cdf,17
nonmanual_peaks_gt_0p04us,833094822116477696,2026-05-26T19:12:32.932477696,imap_idex_l1b_sci-10days_20260520_v016.cdf,20
nonmanual_peaks_gt_0p04us,833153470844671232,2026-05-27T11:30:01.660671232,imap_idex_l1b_sci-10days_20260520_v016.cdf,22
nonmanual_peaks_gt_0p04us,833213030316542208,2026-05-28T04:02:41.132542208,imap_idex_l1b_sci-10days_20260520_v016.cdf,23
nonmanual_peaks_gt_0p04us,833301490885247744,2026-05-29T04:37:01.701247744,imap_idex_l1b_sci-10days_20260520_v016.cdf,26
nonmanual_peaks_gt_0p04us,833590528876805248,2026-06-01T12:54:19.692805248,imap_idex_l1b_sci-10days_20260530_v022.cdf,16
nonmanual_peaks_gt_0p04us,833878681511891456,2026-06-04T20:56:52.327891456,imap_idex_l1b_sci-10days_20260530_v022.cdf,23
nonmanual_peaks_gt_0p04us,833879318908683392,2026-06-04T21:07:29.724683392,imap_idex_l1b_sci-10days_20260530_v022.cdf,24
nonmanual_peaks_gt_0p04us,833888525576146304,2026-06-04T23:40:56.392146304,imap_idex_l1b_sci-10days_20260530_v022.cdf,25
nonmanual_peaks_gt_0p04us,834111113907869696,2026-06-07T13:30:44.723869696,imap_idex_l1b_sci-10days_20260530_v022.cdf,49
nonmanual_peaks_gt_0p04us,834188410170498176,2026-06-08T10:59:00.986498176,imap_idex_l1b_sci-10days_20260530_v022.cdf,56
nonmanual_peaks_gt_0p04us,834259505465236096,2026-06-09T06:43:56.281236096,imap_idex_l1b_sci-10days_20260609_v011.cdf,1
nonmanual_peaks_gt_0p04us,834388803634289408,2026-06-10T18:38:54.450289408,imap_idex_l1b_sci-10days_20260609_v011.cdf,6
nonmanual_peaks_gt_0p04us,834469383799164672,2026-06-11T17:01:54.615164672,imap_idex_l1b_sci-10days_20260609_v011.cdf,9
nonmanual_peaks_gt_0p04us,834614706462952320,2026-06-13T09:23:57.278952320,imap_idex_l1b_sci-10days_20260609_v011.cdf,11
nonmanual_peaks_gt_0p04us,834723528218079488,2026-06-14T15:37:39.034079488,imap_idex_l1b_sci-10days_20260609_v011.cdf,14
nonmanual_peaks_gt_0p04us,834960228151411584,2026-06-17T09:22:38.967411584,imap_idex_l1b_sci-10days_20260609_v011.cdf,30
nonmanual_peaks_gt_0p04us,835012291711474176,2026-06-17T23:50:22.527474176,imap_idex_l1b_sci-10days_20260609_v011.cdf,32
nonmanual_peaks_gt_0p04us,835065524629438976,2026-06-18T14:37:35.445438976,imap_idex_l1b_sci-10days_20260609_v011.cdf,34
nonmanual_peaks_gt_0p04us,835089723834424448,2026-06-18T21:20:54.650424448,imap_idex_l1b_sci-10days_20260609_v011.cdf,35
nonmanual_peaks_gt_0p04us,835240400578631936,2026-06-20T15:12:11.394631936,imap_idex_l1b_sci-10days_20260619_v015.cdf,4
nonmanual_peaks_gt_0p04us,835756322517404416,2026-06-26T14:30:53.333404416,imap_idex_l1b_sci-10days_20260619_v015.cdf,16
nonmanual_peaks_gt_0p04us,835854145795405056,2026-06-27T17:41:16.611405056,imap_idex_l1b_sci-10days_20260619_v015.cdf,17
nonmanual_peaks_gt_0p04us,836034957375440896,2026-06-29T19:54:48.191440896,imap_idex_l1b_sci-10days_20260629_v011.cdf,0
all_events_peak_gt_0p04us_multi_peak,825449955648698496,2026-02-27T07:38:06.464698496,imap_idex_l1b_sci-10days_20260219_v003.cdf,19
all_events_peak_gt_0p04us_multi_peak,826362611238473984,2026-03-09T21:09:02.054473984,imap_idex_l1b_sci-10days_20260301_v003.cdf,19
all_events_peak_gt_0p04us_multi_peak,828323362895290240,2026-04-01T13:48:13.711290240,imap_idex_l1b_sci-10days_20260331_v016.cdf,5
all_events_peak_gt_0p04us_multi_peak,828359814988695552,2026-04-01T23:55:45.804695552,imap_idex_l1b_sci-10days_20260331_v016.cdf,15
all_events_peak_gt_0p04us_multi_peak,828372323420953728,2026-04-02T03:24:14.236953728,imap_idex_l1b_sci-10days_20260331_v016.cdf,23
all_events_peak_gt_0p04us_multi_peak,828381022088452480,2026-04-02T05:49:12.904452480,imap_idex_l1b_sci-10days_20260331_v016.cdf,32
all_events_peak_gt_0p04us_multi_peak,828384102258627968,2026-04-02T06:40:33.074627968,imap_idex_l1b_sci-10days_20260331_v016.cdf,37
all_events_peak_gt_0p04us_multi_peak,828387995160935040,2026-04-02T07:45:25.976935040,imap_idex_l1b_sci-10days_20260331_v016.cdf,40
all_events_peak_gt_0p04us_multi_peak,828411807547341440,2026-04-02T14:22:18.363341440,imap_idex_l1b_sci-10days_20260331_v016.cdf,96
all_events_peak_gt_0p04us_multi_peak,828426380938599936,2026-04-02T18:25:11.754599936,imap_idex_l1b_sci-10days_20260331_v016.cdf,124
all_events_peak_gt_0p04us_multi_peak,828427124954051456,2026-04-02T18:37:35.770051456,imap_idex_l1b_sci-10days_20260331_v016.cdf,126
all_events_peak_gt_0p04us_multi_peak,828432223816187648,2026-04-02T20:02:34.632187648,imap_idex_l1b_sci-10days_20260331_v016.cdf,134
all_events_peak_gt_0p04us_multi_peak,828432516168672640,2026-04-02T20:07:26.984672640,imap_idex_l1b_sci-10days_20260331_v016.cdf,135
all_events_peak_gt_0p04us_multi_peak,828448251275418752,2026-04-03T00:29:42.091418752,imap_idex_l1b_sci-10days_20260331_v016.cdf,165
all_events_peak_gt_0p04us_multi_peak,828462106895122944,2026-04-03T04:20:37.711122944,imap_idex_l1b_sci-10days_20260331_v016.cdf,193
all_events_peak_gt_0p04us_multi_peak,828478775889375104,2026-04-03T08:58:26.705375104,imap_idex_l1b_sci-10days_20260331_v016.cdf,218
all_events_peak_gt_0p04us_multi_peak,828481809991110784,2026-04-03T09:49:00.807110784,imap_idex_l1b_sci-10days_20260331_v016.cdf,226
all_events_peak_gt_0p04us_multi_peak,828489399923375616,2026-04-03T11:55:30.739375616,imap_idex_l1b_sci-10days_20260331_v016.cdf,237
all_events_peak_gt_0p04us_multi_peak,828504313473737856,2026-04-03T16:04:04.289737856,imap_idex_l1b_sci-10days_20260331_v016.cdf,247
all_events_peak_gt_0p04us_multi_peak,828563740938886784,2026-04-04T08:34:31.754886784,imap_idex_l1b_sci-10days_20260331_v016.cdf,278
all_events_peak_gt_0p04us_multi_peak,828618938899081088,2026-04-04T23:54:29.715081088,imap_idex_l1b_sci-10days_20260331_v016.cdf,285
all_events_peak_gt_0p04us_multi_peak,828637670725462784,2026-04-05T05:06:41.541462784,imap_idex_l1b_sci-10days_20260331_v016.cdf,288
all_events_peak_gt_0p04us_multi_peak,828890818233321088,2026-04-08T03:25:49.049321088,imap_idex_l1b_sci-10days_20260331_v016.cdf,303
all_events_peak_gt_0p04us_multi_peak,830468832133131648,2026-04-26T09:46:02.949131648,imap_idex_l1b_sci-10days_20260420_v016.cdf,13
all_events_peak_gt_0p04us_multi_peak,830617523593400960,2026-04-28T03:04:14.409400960,imap_idex_l1b_sci-10days_20260420_v016.cdf,29
all_events_peak_gt_0p04us_multi_peak,830952710184387456,2026-05-02T00:10:41.000387456,imap_idex_l1b_sci-10days_20260430_v016.cdf,5
all_events_peak_gt_0p04us_multi_peak,831358027824348800,2026-05-06T16:45:58.640348800,imap_idex_l1b_sci-10days_20260430_v016.cdf,23
all_events_peak_gt_0p04us_multi_peak,831894212664369792,2026-05-12T21:42:23.480369792,imap_idex_l1b_sci-10days_20260510_v016.cdf,5
all_events_peak_gt_0p04us_multi_peak,832961926169298048,2026-05-25T06:17:36.985298048,imap_idex_l1b_sci-10days_20260520_v016.cdf,16
all_events_peak_gt_0p04us_multi_peak,832996576372891008,2026-05-25T15:55:07.188891008,imap_idex_l1b_sci-10days_20260520_v016.cdf,17
all_events_peak_gt_0p04us_multi_peak,833153470844671232,2026-05-27T11:30:01.660671232,imap_idex_l1b_sci-10days_20260520_v016.cdf,22
all_events_peak_gt_0p04us_multi_peak,833213030316542208,2026-05-28T04:02:41.132542208,imap_idex_l1b_sci-10days_20260520_v016.cdf,23
all_events_peak_gt_0p04us_multi_peak,833590528876805248,2026-06-01T12:54:19.692805248,imap_idex_l1b_sci-10days_20260530_v022.cdf,16
all_events_peak_gt_0p04us_multi_peak,833879318908683392,2026-06-04T21:07:29.724683392,imap_idex_l1b_sci-10days_20260530_v022.cdf,24
all_events_peak_gt_0p04us_multi_peak,834388803634289408,2026-06-10T18:38:54.450289408,imap_idex_l1b_sci-10days_20260609_v011.cdf,6
all_events_peak_gt_0p04us_multi_peak,836034957375440896,2026-06-29T19:54:48.191440896,imap_idex_l1b_sci-10days_20260629_v011.cdf,0
all_events_peak_gt_0p4us_multi_peak,817431251217357696,2025-11-26T12:13:02.033357696,imap_idex_l1b_sci-10days_20251126_v003.cdf,1
all_events_peak_gt_0p4us_multi_peak,817553283839205760,2025-11-27T22:06:54.655205760,imap_idex_l1b_sci-10days_20251126_v003.cdf,11
all_events_peak_gt_0p4us_multi_peak,817690194331356416,2025-11-29T12:08:45.147356416,imap_idex_l1b_sci-10days_20251126_v003.cdf,20
all_events_peak_gt_0p4us_multi_peak,818506645914970240,2025-12-08T22:56:16.730970240,imap_idex_l1b_sci-10days_20251206_v003.cdf,121
all_events_peak_gt_0p4us_multi_peak,819058155895681664,2025-12-15T08:08:06.711681664,imap_idex_l1b_sci-10days_20251206_v003.cdf,312
all_events_peak_gt_0p4us_multi_peak,819869659927698432,2025-12-24T17:33:10.743698432,imap_idex_l1b_sci-10days_20251216_v003.cdf,145
all_events_peak_gt_0p4us_multi_peak,820235909647906688,2025-12-28T23:17:20.463906688,imap_idex_l1b_sci-10days_20251226_v003.cdf,38
all_events_peak_gt_0p4us_multi_peak,822079089745355520,2026-01-19T07:17:00.561355520,imap_idex_l1b_sci-10days_20260110_v003.cdf,151
all_events_peak_gt_0p4us_multi_peak,822141881540311296,2026-01-20T00:43:32.356311296,imap_idex_l1b_sci-10days_20260120_v003.cdf,25
all_events_peak_gt_0p4us_multi_peak,822152987352706432,2026-01-20T03:48:38.168706432,imap_idex_l1b_sci-10days_20260120_v003.cdf,104
all_events_peak_gt_0p4us_multi_peak,822428630975561344,2026-01-23T08:22:41.791561344,imap_idex_l1b_sci-10days_20260120_v003.cdf,641
all_events_peak_gt_0p4us_multi_peak,822603520456560640,2026-01-25T08:57:31.272560640,imap_idex_l1b_sci-10days_20260120_v003.cdf,711
all_events_peak_gt_0p4us_multi_peak,823732336817513088,2026-02-07T10:31:07.633513088,imap_idex_l1b_sci-10days_20260130_v003.cdf,28
all_events_peak_gt_0p4us_multi_peak,824488430879450112,2026-02-16T04:32:41.695450112,imap_idex_l1b_sci-10days_20260209_v003.cdf,15
all_events_peak_gt_0p4us_multi_peak,824771147367161472,2026-02-19T11:04:38.183161472,imap_idex_l1b_sci-10days_20260219_v003.cdf,0
all_events_peak_gt_0p4us_multi_peak,824873635555227648,2026-02-20T15:32:46.371227648,imap_idex_l1b_sci-10days_20260219_v003.cdf,1
all_events_peak_gt_0p4us_multi_peak,824984759361143680,2026-02-21T22:24:50.177143680,imap_idex_l1b_sci-10days_20260219_v003.cdf,2
all_events_peak_gt_0p4us_multi_peak,825598846538275456,2026-03-01T00:59:37.354275456,imap_idex_l1b_sci-10days_20260301_v003.cdf,0
all_events_peak_gt_0p4us_multi_peak,825703297644759040,2026-03-02T06:00:28.460759040,imap_idex_l1b_sci-10days_20260301_v003.cdf,2
all_events_peak_gt_0p4us_multi_peak,825792000802898432,2026-03-03T06:38:51.618898432,imap_idex_l1b_sci-10days_20260301_v003.cdf,13
all_events_peak_gt_0p4us_multi_peak,825988290421736960,2026-03-05T13:10:21.237736960,imap_idex_l1b_sci-10days_20260301_v003.cdf,16
all_events_peak_gt_0p4us_multi_peak,826678188890464768,2026-03-13T12:48:39.706464768,imap_idex_l1b_sci-10days_20260311_v003.cdf,12
all_events_peak_gt_0p4us_multi_peak,827139324294691456,2026-03-18T20:54:15.110691456,imap_idex_l1b_sci-10days_20260311_v003.cdf,15
all_events_peak_gt_0p4us_multi_peak,828324073891770240,2026-04-01T14:00:04.707770240,imap_idex_l1b_sci-10days_20260331_v016.cdf,7
all_events_peak_gt_0p4us_multi_peak,829331334852275712,2026-04-13T05:47:45.668275712,imap_idex_l1b_sci-10days_20260410_v016.cdf,12
all_events_peak_gt_0p4us_multi_peak,829469533022534528,2026-04-14T20:11:03.838534528,imap_idex_l1b_sci-10days_20260410_v016.cdf,15
all_events_peak_gt_0p4us_multi_peak,829803077837208960,2026-04-18T16:50:08.653208960,imap_idex_l1b_sci-10days_20260410_v016.cdf,18
all_events_peak_gt_0p4us_multi_peak,829883093106083456,2026-04-19T15:03:43.922083456,imap_idex_l1b_sci-10days_20260410_v016.cdf,24
all_events_peak_gt_0p4us_multi_peak,830381406722152448,2026-04-25T09:28:57.538152448,imap_idex_l1b_sci-10days_20260420_v016.cdf,12
all_events_peak_gt_0p4us_multi_peak,830682467769253760,2026-04-28T21:06:38.585253760,imap_idex_l1b_sci-10days_20260420_v016.cdf,32
all_events_peak_gt_0p4us_multi_peak,831074386797275136,2026-05-03T09:58:37.613275136,imap_idex_l1b_sci-10days_20260430_v016.cdf,7
all_events_peak_gt_0p4us_multi_peak,831088029806524928,2026-05-03T13:46:00.622524928,imap_idex_l1b_sci-10days_20260430_v016.cdf,8
all_events_peak_gt_0p4us_multi_peak,831650304660984320,2026-05-10T01:57:15.476984320,imap_idex_l1b_sci-10days_20260510_v016.cdf,0
all_events_peak_gt_0p4us_multi_peak,831671429854921600,2026-05-10T07:49:20.670921600,imap_idex_l1b_sci-10days_20260510_v016.cdf,2
all_events_peak_gt_0p4us_multi_peak,832384538122042880,2026-05-18T13:54:28.938042880,imap_idex_l1b_sci-10days_20260510_v016.cdf,25
all_events_peak_gt_0p4us_multi_peak,832547316356169216,2026-05-20T11:07:27.172169216,imap_idex_l1b_sci-10days_20260520_v016.cdf,0
all_events_peak_gt_0p4us_multi_peak,832639594136577152,2026-05-21T12:45:24.952577152,imap_idex_l1b_sci-10days_20260520_v016.cdf,3
all_events_peak_gt_0p4us_multi_peak,833153470844671232,2026-05-27T11:30:01.660671232,imap_idex_l1b_sci-10days_20260520_v016.cdf,22
all_events_peak_gt_0p4us_multi_peak,833508230439167232,2026-05-31T14:02:41.255167232,imap_idex_l1b_sci-10days_20260530_v022.cdf,12
all_events_peak_gt_0p4us_multi_peak,834313254959081472,2026-06-09T21:39:45.775081472,imap_idex_l1b_sci-10days_20260609_v011.cdf,5
all_events_peak_gt_0p4us_multi_peak,834626247000502272,2026-06-13T12:36:17.816502272,imap_idex_l1b_sci-10days_20260609_v011.cdf,12
remaining_nonpulser,812608874320989312,2025-10-01T16:40:05.136989312,imap_idex_l1b_sci-10days_20250927_v003.cdf,0
remaining_nonpulser,815539305676580736,2025-11-04T14:40:36.492580736,imap_idex_l1b_sci-10days_20251027_v003.cdf,0
remaining_nonpulser,815732731485125120,2025-11-06T20:24:22.301125120,imap_idex_l1b_sci-10days_20251106_v003.cdf,0
remaining_nonpulser,815734487567478016,2025-11-06T20:53:38.383478016,imap_idex_l1b_sci-10days_20251106_v003.cdf,21
remaining_nonpulser,815734746564904064,2025-11-06T20:57:57.380904064,imap_idex_l1b_sci-10days_20251106_v003.cdf,22
remaining_nonpulser,815734931563056768,2025-11-06T21:01:02.379056768,imap_idex_l1b_sci-10days_20251106_v003.cdf,23
remaining_nonpulser,815735090561493120,2025-11-06T21:03:41.377493120,imap_idex_l1b_sci-10days_20251106_v003.cdf,24
remaining_nonpulser,817218914971916032,2025-11-24T01:14:05.787916032,imap_idex_l1b_sci-10days_20251116_v003.cdf,0
remaining_nonpulser,817251229643192960,2025-11-24T10:12:40.459192960,imap_idex_l1b_sci-10days_20251116_v003.cdf,1
remaining_nonpulser,817270077160587904,2025-11-24T15:26:47.976587904,imap_idex_l1b_sci-10days_20251116_v003.cdf,2
remaining_nonpulser,817280974741950336,2025-11-24T18:28:25.557950336,imap_idex_l1b_sci-10days_20251116_v003.cdf,3
remaining_nonpulser,817344846730891520,2025-11-25T12:12:57.546891520,imap_idex_l1b_sci-10days_20251116_v003.cdf,4
remaining_nonpulser,817355613010257024,2025-11-25T15:12:23.826257024,imap_idex_l1b_sci-10days_20251116_v003.cdf,5
remaining_nonpulser,817356760579685760,2025-11-25T15:31:31.395685760,imap_idex_l1b_sci-10days_20251116_v003.cdf,6
remaining_nonpulser,817395101476901248,2025-11-26T02:10:32.292901248,imap_idex_l1b_sci-10days_20251126_v003.cdf,0
remaining_nonpulser,817434385306743168,2025-11-26T13:05:16.122743168,imap_idex_l1b_sci-10days_20251126_v003.cdf,2
remaining_nonpulser,817460756731680768,2025-11-26T20:24:47.547680768,imap_idex_l1b_sci-10days_20251126_v003.cdf,3
remaining_nonpulser,817464872977704320,2025-11-26T21:33:23.793704320,imap_idex_l1b_sci-10days_20251126_v003.cdf,4
remaining_nonpulser,817489243033159680,2025-11-27T04:19:33.849159680,imap_idex_l1b_sci-10days_20251126_v003.cdf,5
remaining_nonpulser,817510832044237696,2025-11-27T10:19:22.860237696,imap_idex_l1b_sci-10days_20251126_v003.cdf,6
remaining_nonpulser,817529086963608960,2025-11-27T15:23:37.779608960,imap_idex_l1b_sci-10days_20251126_v003.cdf,7
remaining_nonpulser,817529473618461824,2025-11-27T15:30:04.434461824,imap_idex_l1b_sci-10days_20251126_v003.cdf,8
remaining_nonpulser,817531908508915840,2025-11-27T16:10:39.324915840,imap_idex_l1b_sci-10days_20251126_v003.cdf,9
remaining_nonpulser,817535886028465024,2025-11-27T17:16:56.844465024,imap_idex_l1b_sci-10days_20251126_v003.cdf,10
remaining_nonpulser,817586578344555008,2025-11-28T07:21:49.160555008,imap_idex_l1b_sci-10days_20251126_v003.cdf,13
remaining_nonpulser,817628790479818112,2025-11-28T19:05:21.295818112,imap_idex_l1b_sci-10days_20251126_v003.cdf,14
remaining_nonpulser,817631954800777216,2025-11-28T19:58:05.616777216,imap_idex_l1b_sci-10days_20251126_v003.cdf,15
remaining_nonpulser,817632879535947136,2025-11-28T20:13:30.351947136,imap_idex_l1b_sci-10days_20251126_v003.cdf,16
remaining_nonpulser,817635063727566208,2025-11-28T20:49:54.543566208,imap_idex_l1b_sci-10days_20251126_v003.cdf,17
remaining_nonpulser,817649668745220480,2025-11-29T00:53:19.561220480,imap_idex_l1b_sci-10days_20251126_v003.cdf,18
remaining_nonpulser,817659266008868736,2025-11-29T03:33:16.824868736,imap_idex_l1b_sci-10days_20251126_v003.cdf,19
remaining_nonpulser,817690224499349376,2025-11-29T12:09:15.315349376,imap_idex_l1b_sci-10days_20251126_v003.cdf,21
remaining_nonpulser,817729101391004544,2025-11-29T22:57:12.207004544,imap_idex_l1b_sci-10days_20251126_v003.cdf,22
remaining_nonpulser,817732986008159104,2025-11-30T00:01:56.824159104,imap_idex_l1b_sci-10days_20251126_v003.cdf,23
remaining_nonpulser,817733038007812352,2025-11-30T00:02:48.823812352,imap_idex_l1b_sci-10days_20251126_v003.cdf,29
remaining_nonpulser,817733050007721600,2025-11-30T00:03:00.823721600,imap_idex_l1b_sci-10days_20251126_v003.cdf,30
remaining_nonpulser,817733062007650816,2025-11-30T00:03:12.823650816,imap_idex_l1b_sci-10days_20251126_v003.cdf,31
remaining_nonpulser,817733074007560064,2025-11-30T00:03:24.823560064,imap_idex_l1b_sci-10days_20251126_v003.cdf,32
remaining_nonpulser,817840500686391296,2025-12-01T05:53:51.502391296,imap_idex_l1b_sci-10days_20251126_v003.cdf,33
remaining_nonpulser,817848934771846656,2025-12-01T08:14:25.587846656,imap_idex_l1b_sci-10days_20251126_v003.cdf,34
remaining_nonpulser,817878418704382208,2025-12-01T16:25:49.520382208,imap_idex_l1b_sci-10days_20251126_v003.cdf,35
remaining_nonpulser,817912089245362048,2025-12-02T01:47:00.061362048,imap_idex_l1b_sci-10days_20251126_v003.cdf,36
remaining_nonpulser,817996005664907520,2025-12-03T01:05:36.480907520,imap_idex_l1b_sci-10days_20251126_v003.cdf,37
remaining_nonpulser,818009303675266816,2025-12-03T04:47:14.491266816,imap_idex_l1b_sci-10days_20251126_v003.cdf,38
remaining_nonpulser,818025453193470080,2025-12-03T09:16:24.009470080,imap_idex_l1b_sci-10days_20251126_v003.cdf,39
remaining_nonpulser,818035271563608704,2025-12-03T12:00:02.379608704,imap_idex_l1b_sci-10days_20251126_v003.cdf,40
remaining_nonpulser,818038304079510272,2025-12-03T12:50:34.895510272,imap_idex_l1b_sci-10days_20251126_v003.cdf,41
remaining_nonpulser,818041264742556288,2025-12-03T13:39:55.558556288,imap_idex_l1b_sci-10days_20251126_v003.cdf,42
remaining_nonpulser,818053729762522496,2025-12-03T17:07:40.578522496,imap_idex_l1b_sci-10days_20251126_v003.cdf,43
remaining_nonpulser,818065637541248000,2025-12-03T20:26:08.357248000,imap_idex_l1b_sci-10days_20251126_v003.cdf,44
remaining_nonpulser,818076500996469760,2025-12-03T23:27:11.812469760,imap_idex_l1b_sci-10days_20251126_v003.cdf,45
remaining_nonpulser,818081505662043520,2025-12-04T00:50:36.478043520,imap_idex_l1b_sci-10days_20251126_v003.cdf,46
remaining_nonpulser,818104521851972224,2025-12-04T07:14:12.667972224,imap_idex_l1b_sci-10days_20251126_v003.cdf,47
remaining_nonpulser,818128323142898176,2025-12-04T13:50:53.958898176,imap_idex_l1b_sci-10days_20251126_v003.cdf,48
remaining_nonpulser,818129980806752384,2025-12-04T14:18:31.622752384,imap_idex_l1b_sci-10days_20251126_v003.cdf,49
remaining_nonpulser,818132709464426624,2025-12-04T15:04:00.280426624,imap_idex_l1b_sci-10days_20251126_v003.cdf,50
remaining_nonpulser,818137568178291584,2025-12-04T16:24:58.994291584,imap_idex_l1b_sci-10days_20251126_v003.cdf,51
remaining_nonpulser,818137917112238720,2025-12-04T16:30:47.928238720,imap_idex_l1b_sci-10days_20251126_v003.cdf,52
remaining_nonpulser,818146592755762304,2025-12-04T18:55:23.571762304,imap_idex_l1b_sci-10days_20251126_v003.cdf,53
remaining_nonpulser,818147711968699264,2025-12-04T19:14:02.784699264,imap_idex_l1b_sci-10days_20251126_v003.cdf,54
remaining_nonpulser,818150253089741440,2025-12-04T19:56:23.905741440,imap_idex_l1b_sci-10days_20251126_v003.cdf,55
remaining_nonpulser,818161791271099392,2025-12-04T23:08:42.087099392,imap_idex_l1b_sci-10days_20251126_v003.cdf,56
remaining_nonpulser,818162863353478400,2025-12-04T23:26:34.169478400,imap_idex_l1b_sci-10days_20251126_v003.cdf,57
remaining_nonpulser,818167955013894528,2025-12-05T00:51:25.829894528,imap_idex_l1b_sci-10days_20251126_v003.cdf,58
remaining_nonpulser,818168292217212288,2025-12-05T00:57:03.033212288,imap_idex_l1b_sci-10days_20251126_v003.cdf,59
remaining_nonpulser,818172006616263040,2025-12-05T01:58:57.432263040,imap_idex_l1b_sci-10days_20251126_v003.cdf,60
remaining_nonpulser,818172188350620032,2025-12-05T02:01:59.166620032,imap_idex_l1b_sci-10days_20251126_v003.cdf,61
remaining_nonpulser,818174084964040064,2025-12-05T02:33:35.780040064,imap_idex_l1b_sci-10days_20251126_v003.cdf,62
remaining_nonpulser,818174470975274112,2025-12-05T02:40:01.791274112,imap_idex_l1b_sci-10days_20251126_v003.cdf,63
remaining_nonpulser,818179273182809600,2025-12-05T04:00:03.998809600,imap_idex_l1b_sci-10days_20251126_v003.cdf,64
remaining_nonpulser,818180736569897984,2025-12-05T04:24:27.385897984,imap_idex_l1b_sci-10days_20251126_v003.cdf,65
remaining_nonpulser,818183892865488768,2025-12-05T05:17:03.681488768,imap_idex_l1b_sci-10days_20251126_v003.cdf,66
remaining_nonpulser,818184535680512640,2025-12-05T05:27:46.496512640,imap_idex_l1b_sci-10days_20251126_v003.cdf,67
remaining_nonpulser,818185031038668672,2025-12-05T05:36:01.854668672,imap_idex_l1b_sci-10days_20251126_v003.cdf,68
remaining_nonpulser,818200260441437952,2025-12-05T09:49:51.257437952,imap_idex_l1b_sci-10days_20251126_v003.cdf,69
remaining_nonpulser,818200675921865472,2025-12-05T09:56:46.737865472,imap_idex_l1b_sci-10days_20251126_v003.cdf,70
remaining_nonpulser,818202040415542400,2025-12-05T10:19:31.231542400,imap_idex_l1b_sci-10days_20251126_v003.cdf,71
remaining_nonpulser,818202181407156096,2025-12-05T10:21:52.223156096,imap_idex_l1b_sci-10days_20251126_v003.cdf,72
remaining_nonpulser,818207333497778048,2025-12-05T11:47:44.313778048,imap_idex_l1b_sci-10days_20251126_v003.cdf,73
remaining_nonpulser,818236203664620544,2025-12-05T19:48:54.480620544,imap_idex_l1b_sci-10days_20251126_v003.cdf,74
remaining_nonpulser,818243148108555904,2025-12-05T21:44:38.924555904,imap_idex_l1b_sci-10days_20251126_v003.cdf,75
remaining_nonpulser,818253346127318272,2025-12-06T00:34:36.943318272,imap_idex_l1b_sci-10days_20251206_v003.cdf,0
remaining_nonpulser,818258688569591680,2025-12-06T02:03:39.385591680,imap_idex_l1b_sci-10days_20251206_v003.cdf,1
remaining_nonpulser,818263501440119552,2025-12-06T03:23:52.256119552,imap_idex_l1b_sci-10days_20251206_v003.cdf,2
remaining_nonpulser,818266913720382336,2025-12-06T04:20:44.536382336,imap_idex_l1b_sci-10days_20251206_v003.cdf,3
remaining_nonpulser,818281980865642880,2025-12-06T08:31:51.681642880,imap_idex_l1b_sci-10days_20251206_v003.cdf,4
remaining_nonpulser,818283002510687616,2025-12-06T08:48:53.326687616,imap_idex_l1b_sci-10days_20251206_v003.cdf,5
remaining_nonpulser,818291337752399616,2025-12-06T11:07:48.568399616,imap_idex_l1b_sci-10days_20251206_v003.cdf,6
remaining_nonpulser,818295133950198400,2025-12-06T12:11:04.766198400,imap_idex_l1b_sci-10days_20251206_v003.cdf,7
remaining_nonpulser,818299736668374528,2025-12-06T13:27:47.484374528,imap_idex_l1b_sci-10days_20251206_v003.cdf,8
remaining_nonpulser,818301785223579136,2025-12-06T14:01:56.039579136,imap_idex_l1b_sci-10days_20251206_v003.cdf,9
remaining_nonpulser,818312319979440512,2025-12-06T16:57:30.795440512,imap_idex_l1b_sci-10days_20251206_v003.cdf,10
remaining_nonpulser,818338404081213440,2025-12-07T00:12:14.897213440,imap_idex_l1b_sci-10days_20251206_v003.cdf,11
remaining_nonpulser,818338732361439360,2025-12-07T00:17:43.177439360,imap_idex_l1b_sci-10days_20251206_v003.cdf,12
remaining_nonpulser,818339268837698944,2025-12-07T00:26:39.653698944,imap_idex_l1b_sci-10days_20251206_v003.cdf,13
remaining_nonpulser,818343380067057024,2025-12-07T01:35:10.883057024,imap_idex_l1b_sci-10days_20251206_v003.cdf,14
remaining_nonpulser,818346992794261504,2025-12-07T02:35:23.610261504,imap_idex_l1b_sci-10days_20251206_v003.cdf,15
remaining_nonpulser,818348341259913856,2025-12-07T02:57:52.075913856,imap_idex_l1b_sci-10days_20251206_v003.cdf,16
remaining_nonpulser,818349696909359744,2025-12-07T03:20:27.725359744,imap_idex_l1b_sci-10days_20251206_v003.cdf,17
remaining_nonpulser,818350115218364928,2025-12-07T03:27:26.034364928,imap_idex_l1b_sci-10days_20251206_v003.cdf,18
remaining_nonpulser,818355429533825536,2025-12-07T04:56:00.349825536,imap_idex_l1b_sci-10days_20251206_v003.cdf,19
remaining_nonpulser,818355806898467584,2025-12-07T05:02:17.714467584,imap_idex_l1b_sci-10days_20251206_v003.cdf,20
remaining_nonpulser,818356279444864512,2025-12-07T05:10:10.260864512,imap_idex_l1b_sci-10days_20251206_v003.cdf,21
remaining_nonpulser,818357250183294976,2025-12-07T05:26:20.999294976,imap_idex_l1b_sci-10days_20251206_v003.cdf,22
remaining_nonpulser,818359908526514176,2025-12-07T06:10:39.342514176,imap_idex_l1b_sci-10days_20251206_v003.cdf,23
remaining_nonpulser,818361458195826304,2025-12-07T06:36:29.011826304,imap_idex_l1b_sci-10days_20251206_v003.cdf,24
remaining_nonpulser,818361897259753216,2025-12-07T06:43:48.075753216,imap_idex_l1b_sci-10days_20251206_v003.cdf,25
remaining_nonpulser,818362856188274432,2025-12-07T06:59:47.004274432,imap_idex_l1b_sci-10days_20251206_v003.cdf,26
remaining_nonpulser,818365290293434368,2025-12-07T07:40:21.109434368,imap_idex_l1b_sci-10days_20251206_v003.cdf,27
remaining_nonpulser,818365873737331840,2025-12-07T07:50:04.553331840,imap_idex_l1b_sci-10days_20251206_v003.cdf,28
remaining_nonpulser,818366468364219264,2025-12-07T07:59:59.180219264,imap_idex_l1b_sci-10days_20251206_v003.cdf,29
remaining_nonpulser,818366836651469440,2025-12-07T08:06:07.467469440,imap_idex_l1b_sci-10days_20251206_v003.cdf,30
remaining_nonpulser,818367490214884224,2025-12-07T08:17:01.030884224,imap_idex_l1b_sci-10days_20251206_v003.cdf,31
remaining_nonpulser,818371787054955904,2025-12-07T09:28:37.870955904,imap_idex_l1b_sci-10days_20251206_v003.cdf,32
remaining_nonpulser,818376015435129088,2025-12-07T10:39:06.251129088,imap_idex_l1b_sci-10days_20251206_v003.cdf,33
remaining_nonpulser,818376912737185408,2025-12-07T10:54:03.553185408,imap_idex_l1b_sci-10days_20251206_v003.cdf,34
remaining_nonpulser,818377523970918016,2025-12-07T11:04:14.786918016,imap_idex_l1b_sci-10days_20251206_v003.cdf,35
remaining_nonpulser,818379515696574336,2025-12-07T11:37:26.512574336,imap_idex_l1b_sci-10days_20251206_v003.cdf,36
remaining_nonpulser,818380402048940416,2025-12-07T11:52:12.864940416,imap_idex_l1b_sci-10days_20251206_v003.cdf,37
remaining_nonpulser,818381994918113792,2025-12-07T12:18:45.734113792,imap_idex_l1b_sci-10days_20251206_v003.cdf,38
remaining_nonpulser,818384140882231936,2025-12-07T12:54:31.698231936,imap_idex_l1b_sci-10days_20251206_v003.cdf,39
remaining_nonpulser,818387782525270528,2025-12-07T13:55:13.341270528,imap_idex_l1b_sci-10days_20251206_v003.cdf,40
remaining_nonpulser,818388553236320384,2025-12-07T14:08:04.052320384,imap_idex_l1b_sci-10days_20251206_v003.cdf,41
remaining_nonpulser,818391075391301504,2025-12-07T14:50:06.207301504,imap_idex_l1b_sci-10days_20251206_v003.cdf,42
remaining_nonpulser,818391752454295040,2025-12-07T15:01:23.270295040,imap_idex_l1b_sci-10days_20251206_v003.cdf,43
remaining_nonpulser,818391947886500096,2025-12-07T15:04:38.702500096,imap_idex_l1b_sci-10days_20251206_v003.cdf,44
remaining_nonpulser,818394012835070720,2025-12-07T15:39:03.651070720,imap_idex_l1b_sci-10days_20251206_v003.cdf,45
remaining_nonpulser,818395125865973888,2025-12-07T15:57:36.681973888,imap_idex_l1b_sci-10days_20251206_v003.cdf,46
remaining_nonpulser,818395749308695680,2025-12-07T16:08:00.124695680,imap_idex_l1b_sci-10days_20251206_v003.cdf,47
remaining_nonpulser,818396309106194176,2025-12-07T16:17:19.922194176,imap_idex_l1b_sci-10days_20251206_v003.cdf,48
remaining_nonpulser,818399879261316864,2025-12-07T17:16:50.077316864,imap_idex_l1b_sci-10days_20251206_v003.cdf,49
remaining_nonpulser,818400166948719104,2025-12-07T17:21:37.764719104,imap_idex_l1b_sci-10days_20251206_v003.cdf,50
remaining_nonpulser,818400184568203392,2025-12-07T17:21:55.384203392,imap_idex_l1b_sci-10days_20251206_v003.cdf,51
remaining_nonpulser,818401581339852416,2025-12-07T17:45:12.155852416,imap_idex_l1b_sci-10days_20251206_v003.cdf,52
remaining_nonpulser,818403848721281792,2025-12-07T18:22:59.537281792,imap_idex_l1b_sci-10days_20251206_v003.cdf,53
remaining_nonpulser,818405439819276928,2025-12-07T18:49:30.635276928,imap_idex_l1b_sci-10days_20251206_v003.cdf,54
remaining_nonpulser,818405758383451520,2025-12-07T18:54:49.199451520,imap_idex_l1b_sci-10days_20251206_v003.cdf,55
remaining_nonpulser,818405842060476544,2025-12-07T18:56:12.876476544,imap_idex_l1b_sci-10days_20251206_v003.cdf,56
remaining_nonpulser,818406459637483520,2025-12-07T19:06:30.453483520,imap_idex_l1b_sci-10days_20251206_v003.cdf,57
remaining_nonpulser,818409578091490688,2025-12-07T19:58:28.907490688,imap_idex_l1b_sci-10days_20251206_v003.cdf,58
remaining_nonpulser,818410249314509568,2025-12-07T20:09:40.130509568,imap_idex_l1b_sci-10days_20251206_v003.cdf,59
remaining_nonpulser,818411557109978368,2025-12-07T20:31:27.925978368,imap_idex_l1b_sci-10days_20251206_v003.cdf,60
remaining_nonpulser,818411630742052352,2025-12-07T20:32:41.558052352,imap_idex_l1b_sci-10days_20251206_v003.cdf,61
remaining_nonpulser,818411783669695360,2025-12-07T20:35:14.485695360,imap_idex_l1b_sci-10days_20251206_v003.cdf,62
remaining_nonpulser,818413273658740992,2025-12-07T21:00:04.474740992,imap_idex_l1b_sci-10days_20251206_v003.cdf,63
remaining_nonpulser,818414086666092928,2025-12-07T21:13:37.482092928,imap_idex_l1b_sci-10days_20251206_v003.cdf,64
remaining_nonpulser,818417470345442432,2025-12-07T22:10:01.161442432,imap_idex_l1b_sci-10days_20251206_v003.cdf,65
remaining_nonpulser,818418012924616448,2025-12-07T22:19:03.740616448,imap_idex_l1b_sci-10days_20251206_v003.cdf,66
remaining_nonpulser,818418678788980096,2025-12-07T22:30:09.604980096,imap_idex_l1b_sci-10days_20251206_v003.cdf,67
remaining_nonpulser,818419515011471232,2025-12-07T22:44:05.827471232,imap_idex_l1b_sci-10days_20251206_v003.cdf,68
remaining_nonpulser,818421301136911488,2025-12-07T23:13:51.952911488,imap_idex_l1b_sci-10days_20251206_v003.cdf,69
remaining_nonpulser,818424501688485248,2025-12-08T00:07:12.504485248,imap_idex_l1b_sci-10days_20251206_v003.cdf,70
remaining_nonpulser,818425326083366912,2025-12-08T00:20:56.899366912,imap_idex_l1b_sci-10days_20251206_v003.cdf,71
remaining_nonpulser,818426656845375104,2025-12-08T00:43:07.661375104,imap_idex_l1b_sci-10days_20251206_v003.cdf,72
remaining_nonpulser,818427290927927296,2025-12-08T00:53:41.743927296,imap_idex_l1b_sci-10days_20251206_v003.cdf,73
remaining_nonpulser,818428481228401152,2025-12-08T01:13:32.044401152,imap_idex_l1b_sci-10days_20251206_v003.cdf,74
remaining_nonpulser,818430904488510848,2025-12-08T01:53:55.304510848,imap_idex_l1b_sci-10days_20251206_v003.cdf,75
remaining_nonpulser,818431226918302208,2025-12-08T01:59:17.734302208,imap_idex_l1b_sci-10days_20251206_v003.cdf,76
remaining_nonpulser,818431407923299968,2025-12-08T02:02:18.739299968,imap_idex_l1b_sci-10days_20251206_v003.cdf,77
remaining_nonpulser,818433976877539456,2025-12-08T02:45:07.693539456,imap_idex_l1b_sci-10days_20251206_v003.cdf,78
remaining_nonpulser,818434312056539392,2025-12-08T02:50:42.872539392,imap_idex_l1b_sci-10days_20251206_v003.cdf,79
remaining_nonpulser,818439509855185280,2025-12-08T04:17:20.671185280,imap_idex_l1b_sci-10days_20251206_v003.cdf,80
remaining_nonpulser,818439837066072192,2025-12-08T04:22:47.882072192,imap_idex_l1b_sci-10days_20251206_v003.cdf,81
remaining_nonpulser,818439849036841600,2025-12-08T04:22:59.852841600,imap_idex_l1b_sci-10days_20251206_v003.cdf,82
remaining_nonpulser,818441559320530048,2025-12-08T04:51:30.136530048,imap_idex_l1b_sci-10days_20251206_v003.cdf,83
remaining_nonpulser,818441685553537024,2025-12-08T04:53:36.369537024,imap_idex_l1b_sci-10days_20251206_v003.cdf,84
remaining_nonpulser,818442369562744576,2025-12-08T05:05:00.378744576,imap_idex_l1b_sci-10days_20251206_v003.cdf,85
remaining_nonpulser,818442488479578112,2025-12-08T05:06:59.295578112,imap_idex_l1b_sci-10days_20251206_v003.cdf,86
remaining_nonpulser,818445045001908992,2025-12-08T05:49:35.817908992,imap_idex_l1b_sci-10days_20251206_v003.cdf,87
remaining_nonpulser,818448675720717952,2025-12-08T06:50:06.536717952,imap_idex_l1b_sci-10days_20251206_v003.cdf,88
remaining_nonpulser,818448798548668032,2025-12-08T06:52:09.364668032,imap_idex_l1b_sci-10days_20251206_v003.cdf,89
remaining_nonpulser,818451441603441408,2025-12-08T07:36:12.419441408,imap_idex_l1b_sci-10days_20251206_v003.cdf,90
remaining_nonpulser,818455712419997056,2025-12-08T08:47:23.235997056,imap_idex_l1b_sci-10days_20251206_v003.cdf,91
remaining_nonpulser,818461634061434752,2025-12-08T10:26:04.877434752,imap_idex_l1b_sci-10days_20251206_v003.cdf,92
remaining_nonpulser,818462409300000640,2025-12-08T10:39:00.116000640,imap_idex_l1b_sci-10days_20251206_v003.cdf,93
remaining_nonpulser,818463082373417856,2025-12-08T10:50:13.189417856,imap_idex_l1b_sci-10days_20251206_v003.cdf,94
remaining_nonpulser,818468559752453504,2025-12-08T12:21:30.568453504,imap_idex_l1b_sci-10days_20251206_v003.cdf,95
remaining_nonpulser,818469163848532480,2025-12-08T12:31:34.664532480,imap_idex_l1b_sci-10days_20251206_v003.cdf,96
remaining_nonpulser,818471066455008768,2025-12-08T13:03:17.271008768,imap_idex_l1b_sci-10days_20251206_v003.cdf,97
remaining_nonpulser,818473272522613376,2025-12-08T13:40:03.338613376,imap_idex_l1b_sci-10days_20251206_v003.cdf,98
remaining_nonpulser,818474007609355392,2025-12-08T13:52:18.425355392,imap_idex_l1b_sci-10days_20251206_v003.cdf,99
remaining_nonpulser,818474519213477120,2025-12-08T14:00:50.029477120,imap_idex_l1b_sci-10days_20251206_v003.cdf,100
remaining_nonpulser,818477736057936640,2025-12-08T14:54:26.873936640,imap_idex_l1b_sci-10days_20251206_v003.cdf,101
remaining_nonpulser,818477986975592064,2025-12-08T14:58:37.791592064,imap_idex_l1b_sci-10days_20251206_v003.cdf,102
remaining_nonpulser,818480658344120064,2025-12-08T15:43:09.160120064,imap_idex_l1b_sci-10days_20251206_v003.cdf,103
remaining_nonpulser,818481475524728448,2025-12-08T15:56:46.340728448,imap_idex_l1b_sci-10days_20251206_v003.cdf,104
remaining_nonpulser,818484953388434176,2025-12-08T16:54:44.204434176,imap_idex_l1b_sci-10days_20251206_v003.cdf,105
remaining_nonpulser,818486212785846528,2025-12-08T17:15:43.601846528,imap_idex_l1b_sci-10days_20251206_v003.cdf,106
remaining_nonpulser,818487219473205120,2025-12-08T17:32:30.289205120,imap_idex_l1b_sci-10days_20251206_v003.cdf,107
remaining_nonpulser,818488489452567936,2025-12-08T17:53:40.268567936,imap_idex_l1b_sci-10days_20251206_v003.cdf,108
remaining_nonpulser,818494973863161600,2025-12-08T19:41:44.679161600,imap_idex_l1b_sci-10days_20251206_v003.cdf,109
remaining_nonpulser,818495120815390080,2025-12-08T19:44:11.631390080,imap_idex_l1b_sci-10days_20251206_v003.cdf,110
remaining_nonpulser,818497196937950976,2025-12-08T20:18:47.753950976,imap_idex_l1b_sci-10days_20251206_v003.cdf,111
remaining_nonpulser,818499401670376960,2025-12-08T20:55:32.486376960,imap_idex_l1b_sci-10days_20251206_v003.cdf,112
remaining_nonpulser,818500076076273024,2025-12-08T21:06:46.892273024,imap_idex_l1b_sci-10days_20251206_v003.cdf,113
remaining_nonpulser,818501623048447744,2025-12-08T21:32:33.864447744,imap_idex_l1b_sci-10days_20251206_v003.cdf,114
remaining_nonpulser,818502792225140992,2025-12-08T21:52:03.041140992,imap_idex_l1b_sci-10days_20251206_v003.cdf,115
remaining_nonpulser,818502855280524416,2025-12-08T21:53:06.096524416,imap_idex_l1b_sci-10days_20251206_v003.cdf,116
remaining_nonpulser,818503747636145536,2025-12-08T22:07:58.452145536,imap_idex_l1b_sci-10days_20251206_v003.cdf,117
remaining_nonpulser,818504638542687744,2025-12-08T22:22:49.358687744,imap_idex_l1b_sci-10days_20251206_v003.cdf,118
remaining_nonpulser,818505410228696704,2025-12-08T22:35:41.044696704,imap_idex_l1b_sci-10days_20251206_v003.cdf,119
remaining_nonpulser,818505442221768064,2025-12-08T22:36:13.037768064,imap_idex_l1b_sci-10days_20251206_v003.cdf,120
remaining_nonpulser,818507874566430080,2025-12-08T23:16:45.382430080,imap_idex_l1b_sci-10days_20251206_v003.cdf,122
remaining_nonpulser,818508048607894272,2025-12-08T23:19:39.423894272,imap_idex_l1b_sci-10days_20251206_v003.cdf,123
remaining_nonpulser,818509079908330752,2025-12-08T23:36:50.724330752,imap_idex_l1b_sci-10days_20251206_v003.cdf,124
remaining_nonpulser,818509752656208384,2025-12-08T23:48:03.472208384,imap_idex_l1b_sci-10days_20251206_v003.cdf,125
remaining_nonpulser,818510585907882368,2025-12-09T00:01:56.723882368,imap_idex_l1b_sci-10days_20251206_v003.cdf,126
remaining_nonpulser,818510637907555712,2025-12-09T00:02:48.723555712,imap_idex_l1b_sci-10days_20251206_v003.cdf,132
remaining_nonpulser,818510649907464960,2025-12-09T00:03:00.723464960,imap_idex_l1b_sci-10days_20251206_v003.cdf,133
remaining_nonpulser,818510661907394176,2025-12-09T00:03:12.723394176,imap_idex_l1b_sci-10days_20251206_v003.cdf,134
remaining_nonpulser,818510673907323520,2025-12-09T00:03:24.723323520,imap_idex_l1b_sci-10days_20251206_v003.cdf,135
remaining_nonpulser,818550228314973568,2025-12-09T11:02:39.130973568,imap_idex_l1b_sci-10days_20251206_v003.cdf,136
remaining_nonpulser,818552136409225600,2025-12-09T11:34:27.225225600,imap_idex_l1b_sci-10days_20251206_v003.cdf,137
remaining_nonpulser,818553430756766848,2025-12-09T11:56:01.572766848,imap_idex_l1b_sci-10days_20251206_v003.cdf,138
remaining_nonpulser,818556663814952704,2025-12-09T12:49:54.630952704,imap_idex_l1b_sci-10days_20251206_v003.cdf,139
remaining_nonpulser,818558453456970752,2025-12-09T13:19:44.272970752,imap_idex_l1b_sci-10days_20251206_v003.cdf,140
remaining_nonpulser,818559551641287680,2025-12-09T13:38:02.457287680,imap_idex_l1b_sci-10days_20251206_v003.cdf,141
remaining_nonpulser,818566194423601408,2025-12-09T15:28:45.239601408,imap_idex_l1b_sci-10days_20251206_v003.cdf,142
remaining_nonpulser,818567434980530816,2025-12-09T15:49:25.796530816,imap_idex_l1b_sci-10days_20251206_v003.cdf,143
remaining_nonpulser,818567747297091200,2025-12-09T15:54:38.113091200,imap_idex_l1b_sci-10days_20251206_v003.cdf,144
remaining_nonpulser,818567864123446656,2025-12-09T15:56:34.939446656,imap_idex_l1b_sci-10days_20251206_v003.cdf,145
remaining_nonpulser,818568127907470592,2025-12-09T16:00:58.723470592,imap_idex_l1b_sci-10days_20251206_v003.cdf,146
remaining_nonpulser,818570159126472320,2025-12-09T16:34:49.942472320,imap_idex_l1b_sci-10days_20251206_v003.cdf,147
remaining_nonpulser,818570942421691008,2025-12-09T16:47:53.237691008,imap_idex_l1b_sci-10days_20251206_v003.cdf,148
remaining_nonpulser,818572292064042880,2025-12-09T17:10:22.880042880,imap_idex_l1b_sci-10days_20251206_v003.cdf,149
remaining_nonpulser,818572890808427008,2025-12-09T17:20:21.624427008,imap_idex_l1b_sci-10days_20251206_v003.cdf,150
remaining_nonpulser,818573967142823424,2025-12-09T17:38:17.958823424,imap_idex_l1b_sci-10days_20251206_v003.cdf,151
remaining_nonpulser,818580029845596416,2025-12-09T19:19:20.661596416,imap_idex_l1b_sci-10days_20251206_v003.cdf,152
remaining_nonpulser,818581467817629184,2025-12-09T19:43:18.633629184,imap_idex_l1b_sci-10days_20251206_v003.cdf,153
remaining_nonpulser,818583205056754176,2025-12-09T20:12:15.872754176,imap_idex_l1b_sci-10days_20251206_v003.cdf,154
remaining_nonpulser,818583460243185664,2025-12-09T20:16:31.059185664,imap_idex_l1b_sci-10days_20251206_v003.cdf,155
remaining_nonpulser,818584258855810944,2025-12-09T20:29:49.671810944,imap_idex_l1b_sci-10days_20251206_v003.cdf,156
remaining_nonpulser,818584863350689664,2025-12-09T20:39:54.166689664,imap_idex_l1b_sci-10days_20251206_v003.cdf,157
remaining_nonpulser,818585865089592960,2025-12-09T20:56:35.905592960,imap_idex_l1b_sci-10days_20251206_v003.cdf,158
remaining_nonpulser,818587607404093312,2025-12-09T21:25:38.220093312,imap_idex_l1b_sci-10days_20251206_v003.cdf,159
remaining_nonpulser,818588267856022016,2025-12-09T21:36:38.672022016,imap_idex_l1b_sci-10days_20251206_v003.cdf,160
remaining_nonpulser,818589846329848960,2025-12-09T22:02:57.145848960,imap_idex_l1b_sci-10days_20251206_v003.cdf,161
remaining_nonpulser,818592035757429248,2025-12-09T22:39:26.573429248,imap_idex_l1b_sci-10days_20251206_v003.cdf,162
remaining_nonpulser,818593113351984512,2025-12-09T22:57:24.167984512,imap_idex_l1b_sci-10days_20251206_v003.cdf,163
remaining_nonpulser,818593127430131968,2025-12-09T22:57:38.246131968,imap_idex_l1b_sci-10days_20251206_v003.cdf,164
remaining_nonpulser,818593791653157504,2025-12-09T23:08:42.469157504,imap_idex_l1b_sci-10days_20251206_v003.cdf,165
remaining_nonpulser,818594013251139072,2025-12-09T23:12:24.067139072,imap_idex_l1b_sci-10days_20251206_v003.cdf,166
remaining_nonpulser,818595643684959488,2025-12-09T23:39:34.500959488,imap_idex_l1b_sci-10days_20251206_v003.cdf,167
remaining_nonpulser,818596648399660288,2025-12-09T23:56:19.215660288,imap_idex_l1b_sci-10days_20251206_v003.cdf,168
remaining_nonpulser,818596804176120704,2025-12-09T23:58:54.992120704,imap_idex_l1b_sci-10days_20251206_v003.cdf,169
remaining_nonpulser,818601020505946368,2025-12-10T01:09:11.321946368,imap_idex_l1b_sci-10days_20251206_v003.cdf,170
remaining_nonpulser,818601413675894400,2025-12-10T01:15:44.491894400,imap_idex_l1b_sci-10days_20251206_v003.cdf,171
remaining_nonpulser,818601729947871488,2025-12-10T01:21:00.763871488,imap_idex_l1b_sci-10days_20251206_v003.cdf,172
remaining_nonpulser,818602471326807680,2025-12-10T01:33:22.142807680,imap_idex_l1b_sci-10days_20251206_v003.cdf,173
remaining_nonpulser,818602923024703232,2025-12-10T01:40:53.840703232,imap_idex_l1b_sci-10days_20251206_v003.cdf,174
remaining_nonpulser,818603952202141952,2025-12-10T01:58:03.018141952,imap_idex_l1b_sci-10days_20251206_v003.cdf,175
remaining_nonpulser,818607623755635456,2025-12-10T02:59:14.571635456,imap_idex_l1b_sci-10days_20251206_v003.cdf,176
remaining_nonpulser,818609945305517312,2025-12-10T03:37:56.121517312,imap_idex_l1b_sci-10days_20251206_v003.cdf,177
remaining_nonpulser,818611459400502016,2025-12-10T04:03:10.216502016,imap_idex_l1b_sci-10days_20251206_v003.cdf,178
remaining_nonpulser,818614240050712832,2025-12-10T04:49:30.866712832,imap_idex_l1b_sci-10days_20251206_v003.cdf,179
remaining_nonpulser,818619514609071104,2025-12-10T06:17:25.425071104,imap_idex_l1b_sci-10days_20251206_v003.cdf,180
remaining_nonpulser,818620946408469504,2025-12-10T06:41:17.224469504,imap_idex_l1b_sci-10days_20251206_v003.cdf,181
remaining_nonpulser,818621202876940032,2025-12-10T06:45:33.692940032,imap_idex_l1b_sci-10days_20251206_v003.cdf,182
remaining_nonpulser,818621526167050496,2025-12-10T06:50:56.983050496,imap_idex_l1b_sci-10days_20251206_v003.cdf,183
remaining_nonpulser,818623355240133248,2025-12-10T07:21:26.056133248,imap_idex_l1b_sci-10days_20251206_v003.cdf,184
remaining_nonpulser,818624618203282688,2025-12-10T07:42:29.019282688,imap_idex_l1b_sci-10days_20251206_v003.cdf,185
remaining_nonpulser,818627241773074176,2025-12-10T08:26:12.589074176,imap_idex_l1b_sci-10days_20251206_v003.cdf,186
remaining_nonpulser,818627425541229696,2025-12-10T08:29:16.357229696,imap_idex_l1b_sci-10days_20251206_v003.cdf,187
remaining_nonpulser,818627713603111808,2025-12-10T08:34:04.419111808,imap_idex_l1b_sci-10days_20251206_v003.cdf,188
remaining_nonpulser,818628090390514432,2025-12-10T08:40:21.206514432,imap_idex_l1b_sci-10days_20251206_v003.cdf,189
remaining_nonpulser,818630820432490752,2025-12-10T09:25:51.248490752,imap_idex_l1b_sci-10days_20251206_v003.cdf,190
remaining_nonpulser,818630853990020608,2025-12-10T09:26:24.806020608,imap_idex_l1b_sci-10days_20251206_v003.cdf,191
remaining_nonpulser,818631168795918976,2025-12-10T09:31:39.611918976,imap_idex_l1b_sci-10days_20251206_v003.cdf,192
remaining_nonpulser,818632018107298560,2025-12-10T09:45:48.923298560,imap_idex_l1b_sci-10days_20251206_v003.cdf,193
remaining_nonpulser,818634450433201280,2025-12-10T10:26:21.249201280,imap_idex_l1b_sci-10days_20251206_v003.cdf,194
remaining_nonpulser,818636896352831744,2025-12-10T11:07:07.168831744,imap_idex_l1b_sci-10days_20251206_v003.cdf,195
remaining_nonpulser,818638552604209152,2025-12-10T11:34:43.420209152,imap_idex_l1b_sci-10days_20251206_v003.cdf,196
remaining_nonpulser,818641274044013056,2025-12-10T12:20:04.860013056,imap_idex_l1b_sci-10days_20251206_v003.cdf,197
remaining_nonpulser,818647112995466240,2025-12-10T13:57:23.811466240,imap_idex_l1b_sci-10days_20251206_v003.cdf,198
remaining_nonpulser,818648947401004160,2025-12-10T14:27:58.217004160,imap_idex_l1b_sci-10days_20251206_v003.cdf,199
remaining_nonpulser,818652527294779520,2025-12-10T15:27:38.110779520,imap_idex_l1b_sci-10days_20251206_v003.cdf,200
remaining_nonpulser,818655736880986496,2025-12-10T16:21:07.696986496,imap_idex_l1b_sci-10days_20251206_v003.cdf,201
remaining_nonpulser,818659207863199488,2025-12-10T17:18:58.679199488,imap_idex_l1b_sci-10days_20251206_v003.cdf,202
remaining_nonpulser,818659974315833216,2025-12-10T17:31:45.131833216,imap_idex_l1b_sci-10days_20251206_v003.cdf,203
remaining_nonpulser,818660417881836160,2025-12-10T17:39:08.697836160,imap_idex_l1b_sci-10days_20251206_v003.cdf,204
remaining_nonpulser,818662847990540800,2025-12-10T18:19:38.806540800,imap_idex_l1b_sci-10days_20251206_v003.cdf,205
remaining_nonpulser,818664243632731520,2025-12-10T18:42:54.448731520,imap_idex_l1b_sci-10days_20251206_v003.cdf,206
remaining_nonpulser,818667862999111680,2025-12-10T19:43:13.815111680,imap_idex_l1b_sci-10days_20251206_v003.cdf,207
remaining_nonpulser,818669317799249408,2025-12-10T20:07:28.615249408,imap_idex_l1b_sci-10days_20251206_v003.cdf,208
remaining_nonpulser,818671011485973248,2025-12-10T20:35:42.301973248,imap_idex_l1b_sci-10days_20251206_v003.cdf,209
remaining_nonpulser,818674157315997184,2025-12-10T21:28:08.131997184,imap_idex_l1b_sci-10days_20251206_v003.cdf,210
remaining_nonpulser,818675213624891648,2025-12-10T21:45:44.440891648,imap_idex_l1b_sci-10days_20251206_v003.cdf,211
remaining_nonpulser,818677073206347008,2025-12-10T22:16:44.022347008,imap_idex_l1b_sci-10days_20251206_v003.cdf,212
remaining_nonpulser,818677888628577024,2025-12-10T22:30:19.444577024,imap_idex_l1b_sci-10days_20251206_v003.cdf,213
remaining_nonpulser,818678744981370624,2025-12-10T22:44:35.797370624,imap_idex_l1b_sci-10days_20251206_v003.cdf,214
remaining_nonpulser,818678823344700288,2025-12-10T22:45:54.160700288,imap_idex_l1b_sci-10days_20251206_v003.cdf,215
remaining_nonpulser,818681221238813824,2025-12-10T23:25:52.054813824,imap_idex_l1b_sci-10days_20251206_v003.cdf,216
remaining_nonpulser,818681250191827968,2025-12-10T23:26:21.007827968,imap_idex_l1b_sci-10days_20251206_v003.cdf,217
remaining_nonpulser,818682209588349184,2025-12-10T23:42:20.404349184,imap_idex_l1b_sci-10days_20251206_v003.cdf,218
remaining_nonpulser,818685977721176832,2025-12-11T00:45:08.537176832,imap_idex_l1b_sci-10days_20251206_v003.cdf,219
remaining_nonpulser,818686127531142656,2025-12-11T00:47:38.347142656,imap_idex_l1b_sci-10days_20251206_v003.cdf,220
remaining_nonpulser,818686725665067648,2025-12-11T00:57:36.481067648,imap_idex_l1b_sci-10days_20251206_v003.cdf,221
remaining_nonpulser,818697132811735424,2025-12-11T03:51:03.627735424,imap_idex_l1b_sci-10days_20251206_v003.cdf,222
remaining_nonpulser,818699681055475200,2025-12-11T04:33:31.871475200,imap_idex_l1b_sci-10days_20251206_v003.cdf,223
remaining_nonpulser,818700273903784704,2025-12-11T04:43:24.719784704,imap_idex_l1b_sci-10days_20251206_v003.cdf,224
remaining_nonpulser,818700315743307264,2025-12-11T04:44:06.559307264,imap_idex_l1b_sci-10days_20251206_v003.cdf,225
remaining_nonpulser,818704503339500160,2025-12-11T05:53:54.155500160,imap_idex_l1b_sci-10days_20251206_v003.cdf,226
remaining_nonpulser,818704886844577152,2025-12-11T06:00:17.660577152,imap_idex_l1b_sci-10days_20251206_v003.cdf,227
remaining_nonpulser,818706369392770560,2025-12-11T06:25:00.208770560,imap_idex_l1b_sci-10days_20251206_v003.cdf,228
remaining_nonpulser,818709231506889600,2025-12-11T07:12:42.322889600,imap_idex_l1b_sci-10days_20251206_v003.cdf,229
remaining_nonpulser,818711729144034688,2025-12-11T07:54:19.960034688,imap_idex_l1b_sci-10days_20251206_v003.cdf,230
remaining_nonpulser,818715229429822720,2025-12-11T08:52:40.245822720,imap_idex_l1b_sci-10days_20251206_v003.cdf,231
remaining_nonpulser,818715827123967872,2025-12-11T09:02:37.939967872,imap_idex_l1b_sci-10days_20251206_v003.cdf,232
remaining_nonpulser,818721297448093056,2025-12-11T10:33:48.264093056,imap_idex_l1b_sci-10days_20251206_v003.cdf,233
remaining_nonpulser,818724704755244288,2025-12-11T11:30:35.571244288,imap_idex_l1b_sci-10days_20251206_v003.cdf,234
remaining_nonpulser,818728739550173952,2025-12-11T12:37:50.366173952,imap_idex_l1b_sci-10days_20251206_v003.cdf,235
remaining_nonpulser,818729233030972416,2025-12-11T12:46:03.846972416,imap_idex_l1b_sci-10days_20251206_v003.cdf,236
remaining_nonpulser,818730347471015168,2025-12-11T13:04:38.287015168,imap_idex_l1b_sci-10days_20251206_v003.cdf,237
remaining_nonpulser,818730868630328832,2025-12-11T13:13:19.446328832,imap_idex_l1b_sci-10days_20251206_v003.cdf,238
remaining_nonpulser,818732719368352768,2025-12-11T13:44:10.184352768,imap_idex_l1b_sci-10days_20251206_v003.cdf,239
remaining_nonpulser,818732838359206272,2025-12-11T13:46:09.175206272,imap_idex_l1b_sci-10days_20251206_v003.cdf,240
remaining_nonpulser,818733533708584192,2025-12-11T13:57:44.524584192,imap_idex_l1b_sci-10days_20251206_v003.cdf,241
remaining_nonpulser,818743286901898752,2025-12-11T16:40:17.717898752,imap_idex_l1b_sci-10days_20251206_v003.cdf,242
remaining_nonpulser,818749711391874304,2025-12-11T18:27:22.207874304,imap_idex_l1b_sci-10days_20251206_v003.cdf,243
remaining_nonpulser,818750526726125184,2025-12-11T18:40:57.542125184,imap_idex_l1b_sci-10days_20251206_v003.cdf,244
remaining_nonpulser,818754111169020288,2025-12-11T19:40:41.985020288,imap_idex_l1b_sci-10days_20251206_v003.cdf,245
remaining_nonpulser,818755674382662656,2025-12-11T20:06:45.198662656,imap_idex_l1b_sci-10days_20251206_v003.cdf,246
remaining_nonpulser,818757461601484672,2025-12-11T20:36:32.417484672,imap_idex_l1b_sci-10days_20251206_v003.cdf,247
remaining_nonpulser,818758979157247616,2025-12-11T21:01:49.973247616,imap_idex_l1b_sci-10days_20251206_v003.cdf,248
remaining_nonpulser,818759295229124992,2025-12-11T21:07:06.045124992,imap_idex_l1b_sci-10days_20251206_v003.cdf,249
remaining_nonpulser,818760318232850304,2025-12-11T21:24:09.048850304,imap_idex_l1b_sci-10days_20251206_v003.cdf,250
remaining_nonpulser,818767822537400448,2025-12-11T23:29:13.353400448,imap_idex_l1b_sci-10days_20251206_v003.cdf,251
remaining_nonpulser,818771331044043392,2025-12-12T00:27:41.860043392,imap_idex_l1b_sci-10days_20251206_v003.cdf,252
remaining_nonpulser,818773831351327744,2025-12-12T01:09:22.167327744,imap_idex_l1b_sci-10days_20251206_v003.cdf,253
remaining_nonpulser,818775018902205824,2025-12-12T01:29:09.718205824,imap_idex_l1b_sci-10days_20251206_v003.cdf,254
remaining_nonpulser,818778256155671296,2025-12-12T02:23:06.971671296,imap_idex_l1b_sci-10days_20251206_v003.cdf,255
remaining_nonpulser,818778835966572928,2025-12-12T02:32:46.782572928,imap_idex_l1b_sci-10days_20251206_v003.cdf,256
remaining_nonpulser,818780868308595712,2025-12-12T03:06:39.124595712,imap_idex_l1b_sci-10days_20251206_v003.cdf,257
remaining_nonpulser,818781005054933376,2025-12-12T03:08:55.870933376,imap_idex_l1b_sci-10days_20251206_v003.cdf,258
remaining_nonpulser,818783008917681664,2025-12-12T03:42:19.733681664,imap_idex_l1b_sci-10days_20251206_v003.cdf,259
remaining_nonpulser,818800902573802240,2025-12-12T08:40:33.389802240,imap_idex_l1b_sci-10days_20251206_v003.cdf,260
remaining_nonpulser,818802056633150336,2025-12-12T08:59:47.449150336,imap_idex_l1b_sci-10days_20251206_v003.cdf,261
remaining_nonpulser,818802955342026752,2025-12-12T09:14:46.158026752,imap_idex_l1b_sci-10days_20251206_v003.cdf,262
remaining_nonpulser,818805512619400320,2025-12-12T09:57:23.435400320,imap_idex_l1b_sci-10days_20251206_v003.cdf,263
remaining_nonpulser,818809436732791424,2025-12-12T11:02:47.548791424,imap_idex_l1b_sci-10days_20251206_v003.cdf,264
remaining_nonpulser,818816576912127104,2025-12-12T13:01:47.728127104,imap_idex_l1b_sci-10days_20251206_v003.cdf,265
remaining_nonpulser,818819261077847168,2025-12-12T13:46:31.893847168,imap_idex_l1b_sci-10days_20251206_v003.cdf,266
remaining_nonpulser,818822753628904320,2025-12-12T14:44:44.444904320,imap_idex_l1b_sci-10days_20251206_v003.cdf,267
remaining_nonpulser,818823503778973568,2025-12-12T14:57:14.594973568,imap_idex_l1b_sci-10days_20251206_v003.cdf,268
remaining_nonpulser,818823961384804480,2025-12-12T15:04:52.200804480,imap_idex_l1b_sci-10days_20251206_v003.cdf,269
remaining_nonpulser,818826434031733504,2025-12-12T15:46:04.847733504,imap_idex_l1b_sci-10days_20251206_v003.cdf,270
remaining_nonpulser,818829588419832960,2025-12-12T16:38:39.235832960,imap_idex_l1b_sci-10days_20251206_v003.cdf,271
remaining_nonpulser,818832456886888192,2025-12-12T17:26:27.702888192,imap_idex_l1b_sci-10days_20251206_v003.cdf,272
remaining_nonpulser,818837842841292416,2025-12-12T18:56:13.657292416,imap_idex_l1b_sci-10days_20251206_v003.cdf,273
remaining_nonpulser,818839213134767232,2025-12-12T19:19:03.950767232,imap_idex_l1b_sci-10days_20251206_v003.cdf,274
remaining_nonpulser,818843720991896448,2025-12-12T20:34:11.807896448,imap_idex_l1b_sci-10days_20251206_v003.cdf,275
remaining_nonpulser,818853497998214528,2025-12-12T23:17:08.814214528,imap_idex_l1b_sci-10days_20251206_v003.cdf,276
remaining_nonpulser,818857661855971328,2025-12-13T00:26:32.671971328,imap_idex_l1b_sci-10days_20251206_v003.cdf,277
remaining_nonpulser,818868505052056064,2025-12-13T03:27:15.868056064,imap_idex_l1b_sci-10days_20251206_v003.cdf,278
remaining_nonpulser,818869578349696384,2025-12-13T03:45:09.165696384,imap_idex_l1b_sci-10days_20251206_v003.cdf,279
remaining_nonpulser,818891512531984128,2025-12-13T09:50:43.347984128,imap_idex_l1b_sci-10days_20251206_v003.cdf,280
remaining_nonpulser,818892346936098048,2025-12-13T10:04:37.752098048,imap_idex_l1b_sci-10days_20251206_v003.cdf,281
remaining_nonpulser,818892415906336384,2025-12-13T10:05:46.722336384,imap_idex_l1b_sci-10days_20251206_v003.cdf,282
remaining_nonpulser,818898725627834496,2025-12-13T11:50:56.443834496,imap_idex_l1b_sci-10days_20251206_v003.cdf,283
remaining_nonpulser,818899102753417344,2025-12-13T11:57:13.569417344,imap_idex_l1b_sci-10days_20251206_v003.cdf,284
remaining_nonpulser,818900675782550912,2025-12-13T12:23:26.598550912,imap_idex_l1b_sci-10days_20251206_v003.cdf,285
remaining_nonpulser,818905877331059968,2025-12-13T13:50:08.147059968,imap_idex_l1b_sci-10days_20251206_v003.cdf,286
remaining_nonpulser,818910036438381184,2025-12-13T14:59:27.254381184,imap_idex_l1b_sci-10days_20251206_v003.cdf,287
remaining_nonpulser,818911783721498880,2025-12-13T15:28:34.537498880,imap_idex_l1b_sci-10days_20251206_v003.cdf,288
remaining_nonpulser,818918538728718848,2025-12-13T17:21:09.544718848,imap_idex_l1b_sci-10days_20251206_v003.cdf,289
remaining_nonpulser,818919523641718272,2025-12-13T17:37:34.457718272,imap_idex_l1b_sci-10days_20251206_v003.cdf,290
remaining_nonpulser,818920451835668352,2025-12-13T17:53:02.651668352,imap_idex_l1b_sci-10days_20251206_v003.cdf,291
remaining_nonpulser,818930554230155520,2025-12-13T20:41:25.046155520,imap_idex_l1b_sci-10days_20251206_v003.cdf,292
remaining_nonpulser,818932227084319616,2025-12-13T21:09:17.900319616,imap_idex_l1b_sci-10days_20251206_v003.cdf,293
remaining_nonpulser,818937145502701824,2025-12-13T22:31:16.318701824,imap_idex_l1b_sci-10days_20251206_v003.cdf,294
remaining_nonpulser,818939077398974592,2025-12-13T23:03:28.214974592,imap_idex_l1b_sci-10days_20251206_v003.cdf,295
remaining_nonpulser,818944690929235200,2025-12-14T00:37:01.745235200,imap_idex_l1b_sci-10days_20251206_v003.cdf,296
remaining_nonpulser,818945488652241920,2025-12-14T00:50:19.468241920,imap_idex_l1b_sci-10days_20251206_v003.cdf,297
remaining_nonpulser,818945618392225920,2025-12-14T00:52:29.208225920,imap_idex_l1b_sci-10days_20251206_v003.cdf,298
remaining_nonpulser,818975298450707712,2025-12-14T09:07:09.266707712,imap_idex_l1b_sci-10days_20251206_v003.cdf,299
remaining_nonpulser,818976170271768192,2025-12-14T09:21:41.087768192,imap_idex_l1b_sci-10days_20251206_v003.cdf,300
remaining_nonpulser,818978091871649920,2025-12-14T09:53:42.687649920,imap_idex_l1b_sci-10days_20251206_v003.cdf,301
remaining_nonpulser,818983707912728448,2025-12-14T11:27:18.728728448,imap_idex_l1b_sci-10days_20251206_v003.cdf,302
remaining_nonpulser,818993478162452480,2025-12-14T14:10:08.978452480,imap_idex_l1b_sci-10days_20251206_v003.cdf,303
remaining_nonpulser,818995438427679744,2025-12-14T14:42:49.243679744,imap_idex_l1b_sci-10days_20251206_v003.cdf,304
remaining_nonpulser,818998740847427072,2025-12-14T15:37:51.663427072,imap_idex_l1b_sci-10days_20251206_v003.cdf,305
remaining_nonpulser,818998923653703552,2025-12-14T15:40:54.469703552,imap_idex_l1b_sci-10days_20251206_v003.cdf,306
remaining_nonpulser,819012673816688896,2025-12-14T19:30:04.632688896,imap_idex_l1b_sci-10days_20251206_v003.cdf,307
remaining_nonpulser,819020798658444160,2025-12-14T21:45:29.474444160,imap_idex_l1b_sci-10days_20251206_v003.cdf,308
remaining_nonpulser,819041074597274624,2025-12-15T03:23:25.413274624,imap_idex_l1b_sci-10days_20251206_v003.cdf,309
remaining_nonpulser,819041377744463616,2025-12-15T03:28:28.560463616,imap_idex_l1b_sci-10days_20251206_v003.cdf,310
remaining_nonpulser,819053282450519040,2025-12-15T06:46:53.266519040,imap_idex_l1b_sci-10days_20251206_v003.cdf,311
remaining_nonpulser,819058292496599424,2025-12-15T08:10:23.312599424,imap_idex_l1b_sci-10days_20251206_v003.cdf,313
remaining_nonpulser,819071180465055872,2025-12-15T11:45:11.281055872,imap_idex_l1b_sci-10days_20251206_v003.cdf,314
remaining_nonpulser,819071871349817984,2025-12-15T11:56:42.165817984,imap_idex_l1b_sci-10days_20251206_v003.cdf,315
remaining_nonpulser,819075708009607552,2025-12-15T13:00:38.825607552,imap_idex_l1b_sci-10days_20251206_v003.cdf,316
remaining_nonpulser,819077052050465664,2025-12-15T13:23:02.866465664,imap_idex_l1b_sci-10days_20251206_v003.cdf,317
remaining_nonpulser,819096565944597632,2025-12-15T18:48:16.760597632,imap_idex_l1b_sci-10days_20251206_v003.cdf,318
remaining_nonpulser,819099125038449280,2025-12-15T19:30:55.854449280,imap_idex_l1b_sci-10days_20251206_v003.cdf,319
remaining_nonpulser,819100682019597184,2025-12-15T19:56:52.835597184,imap_idex_l1b_sci-10days_20251206_v003.cdf,320
remaining_nonpulser,819109142858492032,2025-12-15T22:17:53.674492032,imap_idex_l1b_sci-10days_20251206_v003.cdf,321
remaining_nonpulser,819112615163887232,2025-12-15T23:15:45.979887232,imap_idex_l1b_sci-10days_20251206_v003.cdf,322
remaining_nonpulser,819119141458551808,2025-12-16T01:04:32.274551808,imap_idex_l1b_sci-10days_20251216_v003.cdf,0
remaining_nonpulser,819119283521184768,2025-12-16T01:06:54.337184768,imap_idex_l1b_sci-10days_20251216_v003.cdf,1
remaining_nonpulser,819134688874870272,2025-12-16T05:23:39.690870272,imap_idex_l1b_sci-10days_20251216_v003.cdf,2
remaining_nonpulser,819140674550501760,2025-12-16T07:03:25.366501760,imap_idex_l1b_sci-10days_20251216_v003.cdf,3
remaining_nonpulser,819145906036607232,2025-12-16T08:30:36.852607232,imap_idex_l1b_sci-10days_20251216_v003.cdf,4
remaining_nonpulser,819149641577749376,2025-12-16T09:32:52.393749376,imap_idex_l1b_sci-10days_20251216_v003.cdf,5
remaining_nonpulser,819152380772401792,2025-12-16T10:18:31.588401792,imap_idex_l1b_sci-10days_20251216_v003.cdf,6
remaining_nonpulser,819159377771309696,2025-12-16T12:15:08.587309696,imap_idex_l1b_sci-10days_20251216_v003.cdf,7
remaining_nonpulser,819164449404118016,2025-12-16T13:39:40.220118016,imap_idex_l1b_sci-10days_20251216_v003.cdf,8
remaining_nonpulser,819168045363184768,2025-12-16T14:39:36.179184768,imap_idex_l1b_sci-10days_20251216_v003.cdf,9
remaining_nonpulser,819171314969983360,2025-12-16T15:34:05.785983360,imap_idex_l1b_sci-10days_20251216_v003.cdf,10
remaining_nonpulser,819171668399787520,2025-12-16T15:39:59.215787520,imap_idex_l1b_sci-10days_20251216_v003.cdf,11
remaining_nonpulser,819171875401242624,2025-12-16T15:43:26.217242624,imap_idex_l1b_sci-10days_20251216_v003.cdf,12
remaining_nonpulser,819190379455149696,2025-12-16T20:51:50.271149696,imap_idex_l1b_sci-10days_20251216_v003.cdf,13
remaining_nonpulser,819195682902491392,2025-12-16T22:20:13.718491392,imap_idex_l1b_sci-10days_20251216_v003.cdf,14
remaining_nonpulser,819201784692519680,2025-12-17T00:01:55.508519680,imap_idex_l1b_sci-10days_20251216_v003.cdf,15
remaining_nonpulser,819201836692193024,2025-12-17T00:02:47.508193024,imap_idex_l1b_sci-10days_20251216_v003.cdf,21
remaining_nonpulser,819201848692102400,2025-12-17T00:02:59.508102400,imap_idex_l1b_sci-10days_20251216_v003.cdf,22
remaining_nonpulser,819201860692031616,2025-12-17T00:03:11.508031616,imap_idex_l1b_sci-10days_20251216_v003.cdf,23
remaining_nonpulser,819201872691961088,2025-12-17T00:03:23.507961088,imap_idex_l1b_sci-10days_20251216_v003.cdf,24
remaining_nonpulser,819207949873951232,2025-12-17T01:44:40.689951232,imap_idex_l1b_sci-10days_20251216_v003.cdf,25
remaining_nonpulser,819208762849844864,2025-12-17T01:58:13.665844864,imap_idex_l1b_sci-10days_20251216_v003.cdf,26
remaining_nonpulser,819209490781394432,2025-12-17T02:10:21.597394432,imap_idex_l1b_sci-10days_20251216_v003.cdf,27
remaining_nonpulser,819209883899923200,2025-12-17T02:16:54.715923200,imap_idex_l1b_sci-10days_20251216_v003.cdf,28
remaining_nonpulser,819226803742926080,2025-12-17T06:58:54.558926080,imap_idex_l1b_sci-10days_20251216_v003.cdf,29
remaining_nonpulser,819227247239329792,2025-12-17T07:06:18.055329792,imap_idex_l1b_sci-10days_20251216_v003.cdf,30
remaining_nonpulser,819232114833680768,2025-12-17T08:27:25.649680768,imap_idex_l1b_sci-10days_20251216_v003.cdf,31
remaining_nonpulser,819236110443050880,2025-12-17T09:34:01.259050880,imap_idex_l1b_sci-10days_20251216_v003.cdf,32
remaining_nonpulser,819254745924500864,2025-12-17T14:44:36.740500864,imap_idex_l1b_sci-10days_20251216_v003.cdf,33
remaining_nonpulser,819267978405398144,2025-12-17T18:25:09.221398144,imap_idex_l1b_sci-10days_20251216_v003.cdf,34
remaining_nonpulser,819270118646665856,2025-12-17T19:00:49.462665856,imap_idex_l1b_sci-10days_20251216_v003.cdf,35
remaining_nonpulser,819274856184353024,2025-12-17T20:19:47.000353024,imap_idex_l1b_sci-10days_20251216_v003.cdf,36
remaining_nonpulser,819288465376953856,2025-12-18T00:06:36.192953856,imap_idex_l1b_sci-10days_20251216_v003.cdf,37
remaining_nonpulser,819299805980862336,2025-12-18T03:15:36.796862336,imap_idex_l1b_sci-10days_20251216_v003.cdf,38
remaining_nonpulser,819305778459226624,2025-12-18T04:55:09.275226624,imap_idex_l1b_sci-10days_20251216_v003.cdf,39
remaining_nonpulser,819308341344677120,2025-12-18T05:37:52.160677120,imap_idex_l1b_sci-10days_20251216_v003.cdf,40
remaining_nonpulser,819312501903220096,2025-12-18T06:47:12.719220096,imap_idex_l1b_sci-10days_20251216_v003.cdf,41
remaining_nonpulser,819313206471170816,2025-12-18T06:58:57.287170816,imap_idex_l1b_sci-10days_20251216_v003.cdf,42
remaining_nonpulser,819320392009931264,2025-12-18T08:58:42.825931264,imap_idex_l1b_sci-10days_20251216_v003.cdf,43
remaining_nonpulser,819320415065550848,2025-12-18T08:59:05.881550848,imap_idex_l1b_sci-10days_20251216_v003.cdf,44
remaining_nonpulser,819325980732418560,2025-12-18T10:31:51.548418560,imap_idex_l1b_sci-10days_20251216_v003.cdf,45
remaining_nonpulser,819331492513214464,2025-12-18T12:03:43.329214464,imap_idex_l1b_sci-10days_20251216_v003.cdf,46
remaining_nonpulser,819375489434174336,2025-12-19T00:17:00.250174336,imap_idex_l1b_sci-10days_20251216_v003.cdf,47
remaining_nonpulser,819378500358406272,2025-12-19T01:07:11.174406272,imap_idex_l1b_sci-10days_20251216_v003.cdf,48
remaining_nonpulser,819393909350030080,2025-12-19T05:24:00.166030080,imap_idex_l1b_sci-10days_20251216_v003.cdf,49
remaining_nonpulser,819397207931925248,2025-12-19T06:18:58.747925248,imap_idex_l1b_sci-10days_20251216_v003.cdf,50
remaining_nonpulser,819401059647526784,2025-12-19T07:23:10.463526784,imap_idex_l1b_sci-10days_20251216_v003.cdf,51
remaining_nonpulser,819404502613553024,2025-12-19T08:20:33.429553024,imap_idex_l1b_sci-10days_20251216_v003.cdf,52
remaining_nonpulser,819409673900796416,2025-12-19T09:46:44.716796416,imap_idex_l1b_sci-10days_20251216_v003.cdf,53
remaining_nonpulser,819411735388596096,2025-12-19T10:21:06.204596096,imap_idex_l1b_sci-10days_20251216_v003.cdf,54
remaining_nonpulser,819413798352894464,2025-12-19T10:55:29.168894464,imap_idex_l1b_sci-10days_20251216_v003.cdf,55
remaining_nonpulser,819433472353130624,2025-12-19T16:23:23.169130624,imap_idex_l1b_sci-10days_20251216_v003.cdf,56
remaining_nonpulser,819454152276006400,2025-12-19T22:08:03.092006400,imap_idex_l1b_sci-10days_20251216_v003.cdf,57
remaining_nonpulser,819472640954594944,2025-12-20T03:16:11.770594944,imap_idex_l1b_sci-10days_20251216_v003.cdf,58
remaining_nonpulser,819473927647345920,2025-12-20T03:37:38.463345920,imap_idex_l1b_sci-10days_20251216_v003.cdf,59
remaining_nonpulser,819479916086337920,2025-12-20T05:17:26.902337920,imap_idex_l1b_sci-10days_20251216_v003.cdf,60
remaining_nonpulser,819481669507612032,2025-12-20T05:46:40.323612032,imap_idex_l1b_sci-10days_20251216_v003.cdf,61
remaining_nonpulser,819481705075960320,2025-12-20T05:47:15.891960320,imap_idex_l1b_sci-10days_20251216_v003.cdf,62
remaining_nonpulser,819483709642510080,2025-12-20T06:20:40.458510080,imap_idex_l1b_sci-10days_20251216_v003.cdf,63
remaining_nonpulser,819484768163824768,2025-12-20T06:38:18.979824768,imap_idex_l1b_sci-10days_20251216_v003.cdf,64
remaining_nonpulser,819492371089934976,2025-12-20T08:45:01.905934976,imap_idex_l1b_sci-10days_20251216_v003.cdf,65
remaining_nonpulser,819499072090530688,2025-12-20T10:36:42.906530688,imap_idex_l1b_sci-10days_20251216_v003.cdf,66
remaining_nonpulser,819500081372589312,2025-12-20T10:53:32.188589312,imap_idex_l1b_sci-10days_20251216_v003.cdf,67
remaining_nonpulser,819500208245576064,2025-12-20T10:55:39.061576064,imap_idex_l1b_sci-10days_20251216_v003.cdf,68
remaining_nonpulser,819503380010843392,2025-12-20T11:48:30.826843392,imap_idex_l1b_sci-10days_20251216_v003.cdf,69
remaining_nonpulser,819527871778212608,2025-12-20T18:36:42.594212608,imap_idex_l1b_sci-10days_20251216_v003.cdf,70
remaining_nonpulser,819533247278435328,2025-12-20T20:06:18.094435328,imap_idex_l1b_sci-10days_20251216_v003.cdf,71
remaining_nonpulser,819539262046487680,2025-12-20T21:46:32.862487680,imap_idex_l1b_sci-10days_20251216_v003.cdf,72
remaining_nonpulser,819543010741402368,2025-12-20T22:49:01.557402368,imap_idex_l1b_sci-10days_20251216_v003.cdf,73
remaining_nonpulser,819543653535068800,2025-12-20T22:59:44.351068800,imap_idex_l1b_sci-10days_20251216_v003.cdf,74
remaining_nonpulser,819554456785807872,2025-12-21T01:59:47.601807872,imap_idex_l1b_sci-10days_20251216_v003.cdf,75
remaining_nonpulser,819566309002510848,2025-12-21T05:17:19.818510848,imap_idex_l1b_sci-10days_20251216_v003.cdf,76
remaining_nonpulser,819568455016795648,2025-12-21T05:53:05.832795648,imap_idex_l1b_sci-10days_20251216_v003.cdf,77
remaining_nonpulser,819575018062798720,2025-12-21T07:42:28.878798720,imap_idex_l1b_sci-10days_20251216_v003.cdf,78
remaining_nonpulser,819579306109952000,2025-12-21T08:53:56.925952000,imap_idex_l1b_sci-10days_20251216_v003.cdf,79
remaining_nonpulser,819588063522456832,2025-12-21T11:19:54.338456832,imap_idex_l1b_sci-10days_20251216_v003.cdf,80
remaining_nonpulser,819588734089598336,2025-12-21T11:31:04.905598336,imap_idex_l1b_sci-10days_20251216_v003.cdf,81
remaining_nonpulser,819589197172045056,2025-12-21T11:38:47.988045056,imap_idex_l1b_sci-10days_20251216_v003.cdf,82
remaining_nonpulser,819592610674598912,2025-12-21T12:35:41.490598912,imap_idex_l1b_sci-10days_20251216_v003.cdf,83
remaining_nonpulser,819600683745794432,2025-12-21T14:50:14.561794432,imap_idex_l1b_sci-10days_20251216_v003.cdf,84
remaining_nonpulser,819604134145655168,2025-12-21T15:47:44.961655168,imap_idex_l1b_sci-10days_20251216_v003.cdf,85
remaining_nonpulser,819607882825649920,2025-12-21T16:50:13.641649920,imap_idex_l1b_sci-10days_20251216_v003.cdf,86
remaining_nonpulser,819611690257072128,2025-12-21T17:53:41.073072128,imap_idex_l1b_sci-10days_20251216_v003.cdf,87
remaining_nonpulser,819614571439040768,2025-12-21T18:41:42.255040768,imap_idex_l1b_sci-10days_20251216_v003.cdf,88
remaining_nonpulser,819625507606961280,2025-12-21T21:43:58.422961280,imap_idex_l1b_sci-10days_20251216_v003.cdf,89
remaining_nonpulser,819627813091163904,2025-12-21T22:22:23.907163904,imap_idex_l1b_sci-10days_20251216_v003.cdf,90
remaining_nonpulser,819629225976882944,2025-12-21T22:45:56.792882944,imap_idex_l1b_sci-10days_20251216_v003.cdf,91
remaining_nonpulser,819631104233626752,2025-12-21T23:17:15.049626752,imap_idex_l1b_sci-10days_20251216_v003.cdf,92
remaining_nonpulser,819632976118496256,2025-12-21T23:48:26.934496256,imap_idex_l1b_sci-10days_20251216_v003.cdf,93
remaining_nonpulser,819635031578281984,2025-12-22T00:22:42.394281984,imap_idex_l1b_sci-10days_20251216_v003.cdf,94
remaining_nonpulser,819637386309840512,2025-12-22T01:01:57.125840512,imap_idex_l1b_sci-10days_20251216_v003.cdf,95
remaining_nonpulser,819638961122195200,2025-12-22T01:28:11.938195200,imap_idex_l1b_sci-10days_20251216_v003.cdf,96
remaining_nonpulser,819641202344855168,2025-12-22T02:05:33.160855168,imap_idex_l1b_sci-10days_20251216_v003.cdf,97
remaining_nonpulser,819649977794963840,2025-12-22T04:31:48.610963840,imap_idex_l1b_sci-10days_20251216_v003.cdf,98
remaining_nonpulser,819651658141044352,2025-12-22T04:59:48.957044352,imap_idex_l1b_sci-10days_20251216_v003.cdf,99
remaining_nonpulser,819654087898316032,2025-12-22T05:40:18.714316032,imap_idex_l1b_sci-10days_20251216_v003.cdf,100
remaining_nonpulser,819661611146442112,2025-12-22T07:45:41.962442112,imap_idex_l1b_sci-10days_20251216_v003.cdf,101
remaining_nonpulser,819668469210921856,2025-12-22T09:40:00.026921856,imap_idex_l1b_sci-10days_20251216_v003.cdf,102
remaining_nonpulser,819672660817601152,2025-12-22T10:49:51.633601152,imap_idex_l1b_sci-10days_20251216_v003.cdf,103
remaining_nonpulser,819677595787977344,2025-12-22T12:12:06.603977344,imap_idex_l1b_sci-10days_20251216_v003.cdf,104
remaining_nonpulser,819686868055282560,2025-12-22T14:46:38.871282560,imap_idex_l1b_sci-10days_20251216_v003.cdf,105
remaining_nonpulser,819695926271058944,2025-12-22T17:17:37.087058944,imap_idex_l1b_sci-10days_20251216_v003.cdf,106
remaining_nonpulser,819696126510400128,2025-12-22T17:20:57.326400128,imap_idex_l1b_sci-10days_20251216_v003.cdf,107
remaining_nonpulser,819698778026354048,2025-12-22T18:05:08.842354048,imap_idex_l1b_sci-10days_20251216_v003.cdf,108
remaining_nonpulser,819699099411667072,2025-12-22T18:10:30.227667072,imap_idex_l1b_sci-10days_20251216_v003.cdf,109
remaining_nonpulser,819699171591982720,2025-12-22T18:11:42.407982720,imap_idex_l1b_sci-10days_20251216_v003.cdf,110
remaining_nonpulser,819711207307241856,2025-12-22T21:32:18.123241856,imap_idex_l1b_sci-10days_20251216_v003.cdf,111
remaining_nonpulser,819716927898357376,2025-12-22T23:07:38.714357376,imap_idex_l1b_sci-10days_20251216_v003.cdf,112
remaining_nonpulser,819741706221870464,2025-12-23T06:00:37.037870464,imap_idex_l1b_sci-10days_20251216_v003.cdf,113
remaining_nonpulser,819744510519208576,2025-12-23T06:47:21.335208576,imap_idex_l1b_sci-10days_20251216_v003.cdf,114
remaining_nonpulser,819746893917542144,2025-12-23T07:27:04.733542144,imap_idex_l1b_sci-10days_20251216_v003.cdf,115
remaining_nonpulser,819756604822038016,2025-12-23T10:08:55.638038016,imap_idex_l1b_sci-10days_20251216_v003.cdf,116
remaining_nonpulser,819757046249884288,2025-12-23T10:16:17.065884288,imap_idex_l1b_sci-10days_20251216_v003.cdf,117
remaining_nonpulser,819766219761579648,2025-12-23T12:49:10.577579648,imap_idex_l1b_sci-10days_20251216_v003.cdf,118
remaining_nonpulser,819766470950715520,2025-12-23T12:53:21.766715520,imap_idex_l1b_sci-10days_20251216_v003.cdf,119
remaining_nonpulser,819766790706910208,2025-12-23T12:58:41.522910208,imap_idex_l1b_sci-10days_20251216_v003.cdf,120
remaining_nonpulser,819773401381512448,2025-12-23T14:48:52.197512448,imap_idex_l1b_sci-10days_20251216_v003.cdf,121
remaining_nonpulser,819785416229392896,2025-12-23T18:09:07.045392896,imap_idex_l1b_sci-10days_20251216_v003.cdf,122
remaining_nonpulser,819786487954956544,2025-12-23T18:26:58.770956544,imap_idex_l1b_sci-10days_20251216_v003.cdf,123
remaining_nonpulser,819787454237834624,2025-12-23T18:43:05.053834624,imap_idex_l1b_sci-10days_20251216_v003.cdf,124
remaining_nonpulser,819791019367453696,2025-12-23T19:42:30.183453696,imap_idex_l1b_sci-10days_20251216_v003.cdf,125
remaining_nonpulser,819795283260649600,2025-12-23T20:53:34.076649600,imap_idex_l1b_sci-10days_20251216_v003.cdf,126
remaining_nonpulser,819796695643869440,2025-12-23T21:17:06.459869440,imap_idex_l1b_sci-10days_20251216_v003.cdf,127
remaining_nonpulser,819800038262007168,2025-12-23T22:12:49.078007168,imap_idex_l1b_sci-10days_20251216_v003.cdf,128
remaining_nonpulser,819800722760136448,2025-12-23T22:24:13.576136448,imap_idex_l1b_sci-10days_20251216_v003.cdf,129
remaining_nonpulser,819808523048217856,2025-12-24T00:34:13.864217856,imap_idex_l1b_sci-10days_20251216_v003.cdf,130
remaining_nonpulser,819810359508700160,2025-12-24T01:04:50.324700160,imap_idex_l1b_sci-10days_20251216_v003.cdf,131
remaining_nonpulser,819814702949426816,2025-12-24T02:17:13.765426816,imap_idex_l1b_sci-10days_20251216_v003.cdf,132
remaining_nonpulser,819817894628820608,2025-12-24T03:10:25.444820608,imap_idex_l1b_sci-10days_20251216_v003.cdf,133
remaining_nonpulser,819818338928104448,2025-12-24T03:17:49.744104448,imap_idex_l1b_sci-10days_20251216_v003.cdf,134
remaining_nonpulser,819818405861244800,2025-12-24T03:18:56.677244800,imap_idex_l1b_sci-10days_20251216_v003.cdf,135
remaining_nonpulser,819822450576737920,2025-12-24T04:26:21.392737920,imap_idex_l1b_sci-10days_20251216_v003.cdf,136
remaining_nonpulser,819827737022583424,2025-12-24T05:54:27.838583424,imap_idex_l1b_sci-10days_20251216_v003.cdf,137
remaining_nonpulser,819828320732543104,2025-12-24T06:04:11.548543104,imap_idex_l1b_sci-10days_20251216_v003.cdf,138
remaining_nonpulser,819831303107583360,2025-12-24T06:53:53.923583360,imap_idex_l1b_sci-10days_20251216_v003.cdf,139
remaining_nonpulser,819837992065118592,2025-12-24T08:45:22.881118592,imap_idex_l1b_sci-10days_20251216_v003.cdf,140
remaining_nonpulser,819839775178988288,2025-12-24T09:15:05.994988288,imap_idex_l1b_sci-10days_20251216_v003.cdf,141
remaining_nonpulser,819842888888011776,2025-12-24T10:06:59.704011776,imap_idex_l1b_sci-10days_20251216_v003.cdf,142
remaining_nonpulser,819856180535438720,2025-12-24T13:48:31.351438720,imap_idex_l1b_sci-10days_20251216_v003.cdf,143
remaining_nonpulser,819863824223242368,2025-12-24T15:55:55.039242368,imap_idex_l1b_sci-10days_20251216_v003.cdf,144
remaining_nonpulser,819874059472814976,2025-12-24T18:46:30.288814976,imap_idex_l1b_sci-10days_20251216_v003.cdf,146
remaining_nonpulser,819877720237930368,2025-12-24T19:47:31.053930368,imap_idex_l1b_sci-10days_20251216_v003.cdf,147
remaining_nonpulser,819878288198524032,2025-12-24T19:56:59.014524032,imap_idex_l1b_sci-10days_20251216_v003.cdf,148
remaining_nonpulser,819887067434795008,2025-12-24T22:23:18.250795008,imap_idex_l1b_sci-10days_20251216_v003.cdf,149
remaining_nonpulser,819892984236698624,2025-12-25T00:01:55.052698624,imap_idex_l1b_sci-10days_20251216_v003.cdf,150
remaining_nonpulser,819893036236352256,2025-12-25T00:02:47.052352256,imap_idex_l1b_sci-10days_20251216_v003.cdf,156
remaining_nonpulser,819893048236281472,2025-12-25T00:02:59.052281472,imap_idex_l1b_sci-10days_20251216_v003.cdf,157
remaining_nonpulser,819893060236210944,2025-12-25T00:03:11.052210944,imap_idex_l1b_sci-10days_20251216_v003.cdf,158
remaining_nonpulser,819893072236120192,2025-12-25T00:03:23.052120192,imap_idex_l1b_sci-10days_20251216_v003.cdf,159
remaining_nonpulser,819903304859915136,2025-12-25T02:53:55.675915136,imap_idex_l1b_sci-10days_20251216_v003.cdf,160
remaining_nonpulser,819906013363759872,2025-12-25T03:39:04.179759872,imap_idex_l1b_sci-10days_20251216_v003.cdf,161
remaining_nonpulser,819907962503681536,2025-12-25T04:11:33.319681536,imap_idex_l1b_sci-10days_20251216_v003.cdf,162
remaining_nonpulser,819908734472473088,2025-12-25T04:24:25.288473088,imap_idex_l1b_sci-10days_20251216_v003.cdf,163
remaining_nonpulser,819908819167637632,2025-12-25T04:25:49.983637632,imap_idex_l1b_sci-10days_20251216_v003.cdf,164
remaining_nonpulser,819909359606595712,2025-12-25T04:34:50.422595712,imap_idex_l1b_sci-10days_20251216_v003.cdf,165
remaining_nonpulser,819909569717688320,2025-12-25T04:38:20.533688320,imap_idex_l1b_sci-10days_20251216_v003.cdf,166
remaining_nonpulser,819910300108177024,2025-12-25T04:50:30.924177024,imap_idex_l1b_sci-10days_20251216_v003.cdf,167
remaining_nonpulser,819930582993969536,2025-12-25T10:28:33.809969536,imap_idex_l1b_sci-10days_20251216_v003.cdf,169
remaining_nonpulser,819933097744626944,2025-12-25T11:10:28.560626944,imap_idex_l1b_sci-10days_20251216_v003.cdf,170
remaining_nonpulser,819943579284119936,2025-12-25T14:05:10.100119936,imap_idex_l1b_sci-10days_20251216_v003.cdf,171
remaining_nonpulser,819946157172541184,2025-12-25T14:48:07.988541184,imap_idex_l1b_sci-10days_20251216_v003.cdf,172
remaining_nonpulser,819948333490100224,2025-12-25T15:24:24.306100224,imap_idex_l1b_sci-10days_20251216_v003.cdf,173
remaining_nonpulser,819967499701408640,2025-12-25T20:43:50.517408640,imap_idex_l1b_sci-10days_20251216_v003.cdf,174
remaining_nonpulser,819974860807144448,2025-12-25T22:46:31.623144448,imap_idex_l1b_sci-10days_20251216_v003.cdf,175
remaining_nonpulser,819981933020617600,2025-12-26T00:44:23.836617600,imap_idex_l1b_sci-10days_20251226_v003.cdf,0
remaining_nonpulser,819983823185091968,2025-12-26T01:15:54.001091968,imap_idex_l1b_sci-10days_20251226_v003.cdf,1
remaining_nonpulser,819989188644087296,2025-12-26T02:45:19.460087296,imap_idex_l1b_sci-10days_20251226_v003.cdf,2
remaining_nonpulser,819997945384258560,2025-12-26T05:11:16.200258560,imap_idex_l1b_sci-10days_20251226_v003.cdf,3
remaining_nonpulser,820008281661540864,2025-12-26T08:03:32.477540864,imap_idex_l1b_sci-10days_20251226_v003.cdf,4
remaining_nonpulser,820015376440434048,2025-12-26T10:01:47.256434048,imap_idex_l1b_sci-10days_20251226_v003.cdf,5
remaining_nonpulser,820017263338071424,2025-12-26T10:33:14.154071424,imap_idex_l1b_sci-10days_20251226_v003.cdf,6
remaining_nonpulser,820017867506672768,2025-12-26T10:43:18.322672768,imap_idex_l1b_sci-10days_20251226_v003.cdf,7
remaining_nonpulser,820020003556147840,2025-12-26T11:18:54.372147840,imap_idex_l1b_sci-10days_20251226_v003.cdf,8
remaining_nonpulser,820021941346599680,2025-12-26T11:51:12.162599680,imap_idex_l1b_sci-10days_20251226_v003.cdf,9
remaining_nonpulser,820028949593250048,2025-12-26T13:48:00.409250048,imap_idex_l1b_sci-10days_20251226_v003.cdf,10
remaining_nonpulser,820030280494623232,2025-12-26T14:10:11.310623232,imap_idex_l1b_sci-10days_20251226_v003.cdf,11
remaining_nonpulser,820032824505294592,2025-12-26T14:52:35.321294592,imap_idex_l1b_sci-10days_20251226_v003.cdf,12
remaining_nonpulser,820043840809970688,2025-12-26T17:56:11.625970688,imap_idex_l1b_sci-10days_20251226_v003.cdf,13
remaining_nonpulser,820051544486900864,2025-12-26T20:04:35.302900864,imap_idex_l1b_sci-10days_20251226_v003.cdf,14
remaining_nonpulser,820053196570027648,2025-12-26T20:32:07.386027648,imap_idex_l1b_sci-10days_20251226_v003.cdf,15
remaining_nonpulser,820061592036160768,2025-12-26T22:52:02.852160768,imap_idex_l1b_sci-10days_20251226_v003.cdf,16
remaining_nonpulser,820068726661240832,2025-12-27T00:50:57.477240832,imap_idex_l1b_sci-10days_20251226_v003.cdf,17
remaining_nonpulser,820069574783044992,2025-12-27T01:05:05.599044992,imap_idex_l1b_sci-10days_20251226_v003.cdf,18
remaining_nonpulser,820078190122067968,2025-12-27T03:28:40.938067968,imap_idex_l1b_sci-10days_20251226_v003.cdf,19
remaining_nonpulser,820096483478466944,2025-12-27T08:33:34.294466944,imap_idex_l1b_sci-10days_20251226_v003.cdf,20
remaining_nonpulser,820098752537524992,2025-12-27T09:11:23.353524992,imap_idex_l1b_sci-10days_20251226_v003.cdf,21
remaining_nonpulser,820131475126126208,2025-12-27T18:16:45.942126208,imap_idex_l1b_sci-10days_20251226_v003.cdf,22
remaining_nonpulser,820133165981379456,2025-12-27T18:44:56.797379456,imap_idex_l1b_sci-10days_20251226_v003.cdf,23
remaining_nonpulser,820136072773509248,2025-12-27T19:33:23.589509248,imap_idex_l1b_sci-10days_20251226_v003.cdf,24
remaining_nonpulser,820145594666484352,2025-12-27T22:12:05.482484352,imap_idex_l1b_sci-10days_20251226_v003.cdf,25
remaining_nonpulser,820164990623500032,2025-12-28T03:35:21.439500032,imap_idex_l1b_sci-10days_20251226_v003.cdf,26
remaining_nonpulser,820177007299908224,2025-12-28T06:55:38.115908224,imap_idex_l1b_sci-10days_20251226_v003.cdf,27
remaining_nonpulser,820177782995296896,2025-12-28T07:08:33.811296896,imap_idex_l1b_sci-10days_20251226_v003.cdf,28
remaining_nonpulser,820189834242394496,2025-12-28T10:29:25.058394496,imap_idex_l1b_sci-10days_20251226_v003.cdf,29
remaining_nonpulser,820191325105765504,2025-12-28T10:54:15.921765504,imap_idex_l1b_sci-10days_20251226_v003.cdf,30
remaining_nonpulser,820192903775178368,2025-12-28T11:20:34.591178368,imap_idex_l1b_sci-10days_20251226_v003.cdf,31
remaining_nonpulser,820195893275073280,2025-12-28T12:10:24.091073280,imap_idex_l1b_sci-10days_20251226_v003.cdf,32
remaining_nonpulser,820197632967422592,2025-12-28T12:39:23.783422592,imap_idex_l1b_sci-10days_20251226_v003.cdf,33
remaining_nonpulser,820208630514959360,2025-12-28T15:42:41.330959360,imap_idex_l1b_sci-10days_20251226_v003.cdf,34
remaining_nonpulser,820220373839311360,2025-12-28T18:58:24.655311360,imap_idex_l1b_sci-10days_20251226_v003.cdf,35
remaining_nonpulser,820221155133035008,2025-12-28T19:11:25.949035008,imap_idex_l1b_sci-10days_20251226_v003.cdf,36
remaining_nonpulser,820227707948173440,2025-12-28T21:00:38.764173440,imap_idex_l1b_sci-10days_20251226_v003.cdf,37
remaining_nonpulser,820245360534446976,2025-12-29T01:54:51.350446976,imap_idex_l1b_sci-10days_20251226_v003.cdf,39
remaining_nonpulser,820258663433355648,2025-12-29T05:36:34.249355648,imap_idex_l1b_sci-10days_20251226_v003.cdf,40
remaining_nonpulser,820259510282121344,2025-12-29T05:50:41.098121344,imap_idex_l1b_sci-10days_20251226_v003.cdf,41
remaining_nonpulser,820261992469310080,2025-12-29T06:32:03.285310080,imap_idex_l1b_sci-10days_20251226_v003.cdf,42
remaining_nonpulser,820273238684930944,2025-12-29T09:39:29.500930944,imap_idex_l1b_sci-10days_20251226_v003.cdf,43
remaining_nonpulser,820292347272007424,2025-12-29T14:57:58.088007424,imap_idex_l1b_sci-10days_20251226_v003.cdf,44
remaining_nonpulser,820299008761072896,2025-12-29T16:48:59.577072896,imap_idex_l1b_sci-10days_20251226_v003.cdf,45
remaining_nonpulser,820299476318256256,2025-12-29T16:56:47.134256256,imap_idex_l1b_sci-10days_20251226_v003.cdf,46
remaining_nonpulser,820305227518952576,2025-12-29T18:32:38.334952576,imap_idex_l1b_sci-10days_20251226_v003.cdf,47
remaining_nonpulser,820310144799571968,2025-12-29T19:54:35.615571968,imap_idex_l1b_sci-10days_20251226_v003.cdf,48
remaining_nonpulser,820310288103504256,2025-12-29T19:56:58.919504256,imap_idex_l1b_sci-10days_20251226_v003.cdf,49
remaining_nonpulser,820311097451843200,2025-12-29T20:10:28.267843200,imap_idex_l1b_sci-10days_20251226_v003.cdf,50
remaining_nonpulser,820311109793632256,2025-12-29T20:10:40.609632256,imap_idex_l1b_sci-10days_20251226_v003.cdf,51
remaining_nonpulser,820311778661516416,2025-12-29T20:21:49.477516416,imap_idex_l1b_sci-10days_20251226_v003.cdf,52
remaining_nonpulser,820316026875931776,2025-12-29T21:32:37.691931776,imap_idex_l1b_sci-10days_20251226_v003.cdf,53
remaining_nonpulser,820318072815709056,2025-12-29T22:06:43.631709056,imap_idex_l1b_sci-10days_20251226_v003.cdf,54
remaining_nonpulser,820321879952737920,2025-12-29T23:10:10.768737920,imap_idex_l1b_sci-10days_20251226_v003.cdf,55
remaining_nonpulser,820329579077139968,2025-12-30T01:18:29.893139968,imap_idex_l1b_sci-10days_20251226_v003.cdf,56
remaining_nonpulser,820333417946360704,2025-12-30T02:22:28.762360704,imap_idex_l1b_sci-10days_20251226_v003.cdf,57
remaining_nonpulser,820341052592420224,2025-12-30T04:29:43.408420224,imap_idex_l1b_sci-10days_20251226_v003.cdf,58
remaining_nonpulser,820347770725796224,2025-12-30T06:21:41.541796224,imap_idex_l1b_sci-10days_20251226_v003.cdf,59
remaining_nonpulser,820350566655145728,2025-12-30T07:08:17.471145728,imap_idex_l1b_sci-10days_20251226_v003.cdf,60
remaining_nonpulser,820355117225292288,2025-12-30T08:24:08.041292288,imap_idex_l1b_sci-10days_20251226_v003.cdf,61
remaining_nonpulser,820359437520304256,2025-12-30T09:36:08.336304256,imap_idex_l1b_sci-10days_20251226_v003.cdf,62
remaining_nonpulser,820374659954565120,2025-12-30T13:49:50.770565120,imap_idex_l1b_sci-10days_20251226_v003.cdf,63
remaining_nonpulser,820376456944844544,2025-12-30T14:19:47.760844544,imap_idex_l1b_sci-10days_20251226_v003.cdf,64
remaining_nonpulser,820392171994126592,2025-12-30T18:41:42.810126592,imap_idex_l1b_sci-10days_20251226_v003.cdf,65
remaining_nonpulser,820407850002343936,2025-12-30T23:03:00.818343936,imap_idex_l1b_sci-10days_20251226_v003.cdf,66
remaining_nonpulser,820409559549961472,2025-12-30T23:31:30.365961472,imap_idex_l1b_sci-10days_20251226_v003.cdf,67
remaining_nonpulser,820421546042387072,2025-12-31T02:51:16.858387072,imap_idex_l1b_sci-10days_20251226_v003.cdf,68
remaining_nonpulser,820439204372061440,2025-12-31T07:45:35.188061440,imap_idex_l1b_sci-10days_20251226_v003.cdf,69
remaining_nonpulser,820444758349335424,2025-12-31T09:18:09.165335424,imap_idex_l1b_sci-10days_20251226_v003.cdf,70
remaining_nonpulser,820444823749977344,2025-12-31T09:19:14.565977344,imap_idex_l1b_sci-10days_20251226_v003.cdf,71
remaining_nonpulser,820460388923375872,2025-12-31T13:38:39.739375872,imap_idex_l1b_sci-10days_20251226_v003.cdf,72
remaining_nonpulser,820462354799125120,2025-12-31T14:11:25.615125120,imap_idex_l1b_sci-10days_20251226_v003.cdf,73
remaining_nonpulser,820463854039770112,2025-12-31T14:36:24.855770112,imap_idex_l1b_sci-10days_20251226_v003.cdf,74
remaining_nonpulser,820465752336159488,2025-12-31T15:08:03.152159488,imap_idex_l1b_sci-10days_20251226_v003.cdf,75
remaining_nonpulser,820470394550285440,2025-12-31T16:25:25.366285440,imap_idex_l1b_sci-10days_20251226_v003.cdf,76
remaining_nonpulser,820473887236435072,2025-12-31T17:23:38.052435072,imap_idex_l1b_sci-10days_20251226_v003.cdf,77
remaining_nonpulser,820483183146856704,2025-12-31T19:58:33.962856704,imap_idex_l1b_sci-10days_20251226_v003.cdf,78
remaining_nonpulser,820486130192312064,2025-12-31T20:47:41.008312064,imap_idex_l1b_sci-10days_20251226_v003.cdf,79
remaining_nonpulser,820500305160672128,2026-01-01T00:43:55.976672128,imap_idex_l1b_sci-10days_20260101_v003.cdf,0
remaining_nonpulser,820503339455751040,2026-01-01T01:34:30.271751040,imap_idex_l1b_sci-10days_20260101_v003.cdf,1
remaining_nonpulser,820512911535470336,2026-01-01T04:14:02.351470336,imap_idex_l1b_sci-10days_20260101_v003.cdf,2
remaining_nonpulser,820518154179863424,2026-01-01T05:41:24.995863424,imap_idex_l1b_sci-10days_20260101_v003.cdf,3
remaining_nonpulser,820540134213577344,2026-01-01T11:47:45.029577344,imap_idex_l1b_sci-10days_20260101_v003.cdf,4
remaining_nonpulser,820567017210907008,2026-01-01T19:15:48.026907008,imap_idex_l1b_sci-10days_20260101_v003.cdf,5
remaining_nonpulser,820584183801765760,2026-01-02T00:01:54.617765760,imap_idex_l1b_sci-10days_20260101_v003.cdf,6
remaining_nonpulser,820584235801419520,2026-01-02T00:02:46.617419520,imap_idex_l1b_sci-10days_20260101_v003.cdf,12
remaining_nonpulser,820584247801348864,2026-01-02T00:02:58.617348864,imap_idex_l1b_sci-10days_20260101_v003.cdf,13
remaining_nonpulser,820584259801258240,2026-01-02T00:03:10.617258240,imap_idex_l1b_sci-10days_20260101_v003.cdf,14
remaining_nonpulser,820584271801187456,2026-01-02T00:03:22.617187456,imap_idex_l1b_sci-10days_20260101_v003.cdf,15
remaining_nonpulser,820601604499518336,2026-01-02T04:52:15.315518336,imap_idex_l1b_sci-10days_20260101_v003.cdf,16
remaining_nonpulser,820614345977176320,2026-01-02T08:24:36.793176320,imap_idex_l1b_sci-10days_20260101_v003.cdf,17
remaining_nonpulser,820618096157257984,2026-01-02T09:27:06.973257984,imap_idex_l1b_sci-10days_20260101_v003.cdf,18
remaining_nonpulser,820618672199765248,2026-01-02T09:36:43.015765248,imap_idex_l1b_sci-10days_20260101_v003.cdf,19
remaining_nonpulser,820619566407609216,2026-01-02T09:51:37.223609216,imap_idex_l1b_sci-10days_20260101_v003.cdf,20
remaining_nonpulser,820621220945816576,2026-01-02T10:19:11.761816576,imap_idex_l1b_sci-10days_20260101_v003.cdf,21
remaining_nonpulser,820623193223980800,2026-01-02T10:52:04.039980800,imap_idex_l1b_sci-10days_20260101_v003.cdf,22
remaining_nonpulser,820623402712394368,2026-01-02T10:55:33.528394368,imap_idex_l1b_sci-10days_20260101_v003.cdf,23
remaining_nonpulser,820623633148669184,2026-01-02T10:59:23.964669184,imap_idex_l1b_sci-10days_20260101_v003.cdf,24
remaining_nonpulser,820623773534304256,2026-01-02T11:01:44.350304256,imap_idex_l1b_sci-10days_20260101_v003.cdf,25
remaining_nonpulser,820624100313893376,2026-01-02T11:07:11.129893376,imap_idex_l1b_sci-10days_20260101_v003.cdf,26
remaining_nonpulser,820624972108917248,2026-01-02T11:21:42.924917248,imap_idex_l1b_sci-10days_20260101_v003.cdf,27
remaining_nonpulser,820625094759548032,2026-01-02T11:23:45.575548032,imap_idex_l1b_sci-10days_20260101_v003.cdf,28
remaining_nonpulser,820625838245506304,2026-01-02T11:36:09.061506304,imap_idex_l1b_sci-10days_20260101_v003.cdf,29
remaining_nonpulser,820626020315384192,2026-01-02T11:39:11.131384192,imap_idex_l1b_sci-10days_20260101_v003.cdf,30
remaining_nonpulser,820627203608370944,2026-01-02T11:58:54.424370944,imap_idex_l1b_sci-10days_20260101_v003.cdf,31
remaining_nonpulser,820627395165140224,2026-01-02T12:02:05.981140224,imap_idex_l1b_sci-10days_20260101_v003.cdf,32
remaining_nonpulser,820628756039028864,2026-01-02T12:24:46.855028864,imap_idex_l1b_sci-10days_20260101_v003.cdf,33
remaining_nonpulser,820629209645065216,2026-01-02T12:32:20.461065216,imap_idex_l1b_sci-10days_20260101_v003.cdf,34
remaining_nonpulser,820630175490665344,2026-01-02T12:48:26.306665344,imap_idex_l1b_sci-10days_20260101_v003.cdf,35
remaining_nonpulser,820630214185250944,2026-01-02T12:49:05.001250944,imap_idex_l1b_sci-10days_20260101_v003.cdf,36
remaining_nonpulser,820630701174677504,2026-01-02T12:57:11.990677504,imap_idex_l1b_sci-10days_20260101_v003.cdf,37
remaining_nonpulser,820631560838952192,2026-01-02T13:11:31.654952192,imap_idex_l1b_sci-10days_20260101_v003.cdf,38
remaining_nonpulser,820631998136442880,2026-01-02T13:18:48.952442880,imap_idex_l1b_sci-10days_20260101_v003.cdf,39
remaining_nonpulser,820632511236126080,2026-01-02T13:27:22.052126080,imap_idex_l1b_sci-10days_20260101_v003.cdf,40
remaining_nonpulser,820632967182160256,2026-01-02T13:34:57.998160256,imap_idex_l1b_sci-10days_20260101_v003.cdf,41
remaining_nonpulser,820635359974910208,2026-01-02T14:14:50.790910208,imap_idex_l1b_sci-10days_20260101_v003.cdf,42
remaining_nonpulser,820636025743437568,2026-01-02T14:25:56.559437568,imap_idex_l1b_sci-10days_20260101_v003.cdf,43
remaining_nonpulser,820636879834797312,2026-01-02T14:40:10.650797312,imap_idex_l1b_sci-10days_20260101_v003.cdf,44
remaining_nonpulser,820637411521944064,2026-01-02T14:49:02.337944064,imap_idex_l1b_sci-10days_20260101_v003.cdf,45
remaining_nonpulser,820638116542476544,2026-01-02T15:00:47.358476544,imap_idex_l1b_sci-10days_20260101_v003.cdf,46
remaining_nonpulser,820638252669635328,2026-01-02T15:03:03.485635328,imap_idex_l1b_sci-10days_20260101_v003.cdf,47
remaining_nonpulser,820639284119117184,2026-01-02T15:20:14.935117184,imap_idex_l1b_sci-10days_20260101_v003.cdf,48
remaining_nonpulser,820639467626653696,2026-01-02T15:23:18.442653696,imap_idex_l1b_sci-10days_20260101_v003.cdf,49
remaining_nonpulser,820639576212837120,2026-01-02T15:25:07.028837120,imap_idex_l1b_sci-10days_20260101_v003.cdf,50
remaining_nonpulser,820640504172931072,2026-01-02T15:40:34.988931072,imap_idex_l1b_sci-10days_20260101_v003.cdf,51
remaining_nonpulser,820642901539797120,2026-01-02T16:20:32.355797120,imap_idex_l1b_sci-10days_20260101_v003.cdf,52
remaining_nonpulser,820643401667451904,2026-01-02T16:28:52.483451904,imap_idex_l1b_sci-10days_20260101_v003.cdf,53
remaining_nonpulser,820645940699131648,2026-01-02T17:11:11.515131648,imap_idex_l1b_sci-10days_20260101_v003.cdf,54
remaining_nonpulser,820646742371337984,2026-01-02T17:24:33.187337984,imap_idex_l1b_sci-10days_20260101_v003.cdf,55
remaining_nonpulser,820661681584701184,2026-01-02T21:33:32.400701184,imap_idex_l1b_sci-10days_20260101_v003.cdf,56
remaining_nonpulser,820662858182254080,2026-01-02T21:53:08.998254080,imap_idex_l1b_sci-10days_20260101_v003.cdf,57
remaining_nonpulser,820663427541487616,2026-01-02T22:02:38.357487616,imap_idex_l1b_sci-10days_20260101_v003.cdf,58
remaining_nonpulser,820666794628531456,2026-01-02T22:58:45.444531456,imap_idex_l1b_sci-10days_20260101_v003.cdf,59
remaining_nonpulser,820667508844656000,2026-01-02T23:10:39.660656000,imap_idex_l1b_sci-10days_20260101_v003.cdf,60
remaining_nonpulser,820668112741418624,2026-01-02T23:20:43.557418624,imap_idex_l1b_sci-10days_20260101_v003.cdf,61
remaining_nonpulser,820668256267310848,2026-01-02T23:23:07.083310848,imap_idex_l1b_sci-10days_20260101_v003.cdf,62
remaining_nonpulser,820675094996945664,2026-01-03T01:17:05.812945664,imap_idex_l1b_sci-10days_20260101_v003.cdf,63
remaining_nonpulser,820681404923971072,2026-01-03T03:02:15.739971072,imap_idex_l1b_sci-10days_20260101_v003.cdf,64
remaining_nonpulser,820682561691981696,2026-01-03T03:21:32.507981696,imap_idex_l1b_sci-10days_20260101_v003.cdf,65
remaining_nonpulser,820683816726064896,2026-01-03T03:42:27.542064896,imap_idex_l1b_sci-10days_20260101_v003.cdf,66
remaining_nonpulser,820693555022379776,2026-01-03T06:24:45.838379776,imap_idex_l1b_sci-10days_20260101_v003.cdf,67
remaining_nonpulser,820698537543186176,2026-01-03T07:47:48.359186176,imap_idex_l1b_sci-10days_20260101_v003.cdf,68
remaining_nonpulser,820698683516476416,2026-01-03T07:50:14.332476416,imap_idex_l1b_sci-10days_20260101_v003.cdf,69
remaining_nonpulser,820699042447496960,2026-01-03T07:56:13.263496960,imap_idex_l1b_sci-10days_20260101_v003.cdf,70
remaining_nonpulser,820705922015035392,2026-01-03T09:50:52.831035392,imap_idex_l1b_sci-10days_20260101_v003.cdf,71
remaining_nonpulser,820706415853216000,2026-01-03T09:59:06.669216000,imap_idex_l1b_sci-10days_20260101_v003.cdf,72
remaining_nonpulser,820708486408353664,2026-01-03T10:33:37.224353664,imap_idex_l1b_sci-10days_20260101_v003.cdf,73
remaining_nonpulser,820710583018228096,2026-01-03T11:08:33.834228096,imap_idex_l1b_sci-10days_20260101_v003.cdf,74
remaining_nonpulser,820723008165851904,2026-01-03T14:35:38.981851904,imap_idex_l1b_sci-10days_20260101_v003.cdf,75
remaining_nonpulser,820724542096847104,2026-01-03T15:01:12.912847104,imap_idex_l1b_sci-10days_20260101_v003.cdf,76
remaining_nonpulser,820726154121472896,2026-01-03T15:28:04.937472896,imap_idex_l1b_sci-10days_20260101_v003.cdf,77
remaining_nonpulser,820728012617378944,2026-01-03T15:59:03.433378944,imap_idex_l1b_sci-10days_20260101_v003.cdf,78
remaining_nonpulser,820729945858778752,2026-01-03T16:31:16.674778752,imap_idex_l1b_sci-10days_20260101_v003.cdf,79
remaining_nonpulser,820730319817466112,2026-01-03T16:37:30.633466112,imap_idex_l1b_sci-10days_20260101_v003.cdf,80
remaining_nonpulser,820734971779406848,2026-01-03T17:55:02.595406848,imap_idex_l1b_sci-10days_20260101_v003.cdf,81
remaining_nonpulser,820736656693307392,2026-01-03T18:23:07.509307392,imap_idex_l1b_sci-10days_20260101_v003.cdf,82
remaining_nonpulser,820741078856652672,2026-01-03T19:36:49.672652672,imap_idex_l1b_sci-10days_20260101_v003.cdf,83
remaining_nonpulser,820742441222820224,2026-01-03T19:59:32.038820224,imap_idex_l1b_sci-10days_20260101_v003.cdf,84
remaining_nonpulser,820743462011851904,2026-01-03T20:16:32.827851904,imap_idex_l1b_sci-10days_20260101_v003.cdf,85
remaining_nonpulser,820752128490880512,2026-01-03T22:40:59.306880512,imap_idex_l1b_sci-10days_20260101_v003.cdf,86
remaining_nonpulser,820762183838793216,2026-01-04T01:28:34.654793216,imap_idex_l1b_sci-10days_20260101_v003.cdf,87
remaining_nonpulser,820763448470547840,2026-01-04T01:49:39.286547840,imap_idex_l1b_sci-10days_20260101_v003.cdf,88
remaining_nonpulser,820766414685568512,2026-01-04T02:39:05.501568512,imap_idex_l1b_sci-10days_20260101_v003.cdf,89
remaining_nonpulser,820766661177029120,2026-01-04T02:43:11.993029120,imap_idex_l1b_sci-10days_20260101_v003.cdf,90
remaining_nonpulser,820768611252233984,2026-01-04T03:15:42.068233984,imap_idex_l1b_sci-10days_20260101_v003.cdf,91
remaining_nonpulser,820773969436226304,2026-01-04T04:45:00.252226304,imap_idex_l1b_sci-10days_20260101_v003.cdf,92
remaining_nonpulser,820777239829637120,2026-01-04T05:39:30.645637120,imap_idex_l1b_sci-10days_20260101_v003.cdf,93
remaining_nonpulser,820790053949817984,2026-01-04T09:13:04.765817984,imap_idex_l1b_sci-10days_20260101_v003.cdf,94
remaining_nonpulser,820791642239825280,2026-01-04T09:39:33.055825280,imap_idex_l1b_sci-10days_20260101_v003.cdf,95
remaining_nonpulser,820792921387227264,2026-01-04T10:00:52.203227264,imap_idex_l1b_sci-10days_20260101_v003.cdf,96
remaining_nonpulser,820793931269868928,2026-01-04T10:17:42.085868928,imap_idex_l1b_sci-10days_20260101_v003.cdf,97
remaining_nonpulser,820803001200600448,2026-01-04T12:48:52.016600448,imap_idex_l1b_sci-10days_20260101_v003.cdf,98
remaining_nonpulser,820805445612046080,2026-01-04T13:29:36.428046080,imap_idex_l1b_sci-10days_20260101_v003.cdf,99
remaining_nonpulser,820806492651334784,2026-01-04T13:47:03.467334784,imap_idex_l1b_sci-10days_20260101_v003.cdf,100
remaining_nonpulser,820810093275531648,2026-01-04T14:47:04.091531648,imap_idex_l1b_sci-10days_20260101_v003.cdf,101
remaining_nonpulser,820812459924886400,2026-01-04T15:26:30.740886400,imap_idex_l1b_sci-10days_20260101_v003.cdf,102
remaining_nonpulser,820817502691260416,2026-01-04T16:50:33.507260416,imap_idex_l1b_sci-10days_20260101_v003.cdf,103
remaining_nonpulser,820828242799466496,2026-01-04T19:49:33.615466496,imap_idex_l1b_sci-10days_20260101_v003.cdf,104
remaining_nonpulser,820835739282337664,2026-01-04T21:54:30.098337664,imap_idex_l1b_sci-10days_20260101_v003.cdf,105
remaining_nonpulser,820840619473296512,2026-01-04T23:15:50.289296512,imap_idex_l1b_sci-10days_20260101_v003.cdf,106
remaining_nonpulser,820842134134749056,2026-01-04T23:41:04.950749056,imap_idex_l1b_sci-10days_20260101_v003.cdf,107
remaining_nonpulser,820844193242337408,2026-01-05T00:15:24.058337408,imap_idex_l1b_sci-10days_20260101_v003.cdf,108
remaining_nonpulser,820848366794844672,2026-01-05T01:24:57.610844672,imap_idex_l1b_sci-10days_20260101_v003.cdf,109
remaining_nonpulser,821529163439270912,2026-01-12T22:31:34.255270912,imap_idex_l1b_sci-10days_20260110_v003.cdf,0
remaining_nonpulser,821531181540576640,2026-01-12T23:05:12.356576640,imap_idex_l1b_sci-10days_20260110_v003.cdf,1
remaining_nonpulser,821532265224645376,2026-01-12T23:23:16.040645376,imap_idex_l1b_sci-10days_20260110_v003.cdf,2
remaining_nonpulser,821553971127027200,2026-01-13T05:25:01.943027200,imap_idex_l1b_sci-10days_20260110_v003.cdf,3
remaining_nonpulser,821563106362159872,2026-01-13T07:57:17.178159872,imap_idex_l1b_sci-10days_20260110_v003.cdf,4
remaining_nonpulser,821579626334839040,2026-01-13T12:32:37.150839040,imap_idex_l1b_sci-10days_20260110_v003.cdf,5
remaining_nonpulser,821580237316076800,2026-01-13T12:42:48.132076800,imap_idex_l1b_sci-10days_20260110_v003.cdf,6
remaining_nonpulser,821589871203006848,2026-01-13T15:23:22.019006848,imap_idex_l1b_sci-10days_20260110_v003.cdf,7
remaining_nonpulser,821591802263593216,2026-01-13T15:55:33.079593216,imap_idex_l1b_sci-10days_20260110_v003.cdf,8
remaining_nonpulser,821598554202381056,2026-01-13T17:48:05.018381056,imap_idex_l1b_sci-10days_20260110_v003.cdf,9
remaining_nonpulser,821609302453442176,2026-01-13T20:47:13.269442176,imap_idex_l1b_sci-10days_20260110_v003.cdf,10
remaining_nonpulser,821613742913861376,2026-01-13T22:01:13.729861376,imap_idex_l1b_sci-10days_20260110_v003.cdf,11
remaining_nonpulser,821620983086915968,2026-01-14T00:01:53.902915968,imap_idex_l1b_sci-10days_20260110_v003.cdf,12
remaining_nonpulser,821621035086549888,2026-01-14T00:02:45.902549888,imap_idex_l1b_sci-10days_20260110_v003.cdf,18
remaining_nonpulser,821621047086459136,2026-01-14T00:02:57.902459136,imap_idex_l1b_sci-10days_20260110_v003.cdf,19
remaining_nonpulser,821621059086388608,2026-01-14T00:03:09.902388608,imap_idex_l1b_sci-10days_20260110_v003.cdf,20
remaining_nonpulser,821621071086297856,2026-01-14T00:03:21.902297856,imap_idex_l1b_sci-10days_20260110_v003.cdf,21
remaining_nonpulser,821665444479964416,2026-01-14T12:22:55.295964416,imap_idex_l1b_sci-10days_20260110_v003.cdf,22
remaining_nonpulser,821666672591094144,2026-01-14T12:43:23.407094144,imap_idex_l1b_sci-10days_20260110_v003.cdf,23
remaining_nonpulser,821666819050284032,2026-01-14T12:45:49.866284032,imap_idex_l1b_sci-10days_20260110_v003.cdf,24
remaining_nonpulser,821710687392778240,2026-01-15T00:56:58.208778240,imap_idex_l1b_sci-10days_20260110_v003.cdf,25
remaining_nonpulser,821712799096423424,2026-01-15T01:32:09.912423424,imap_idex_l1b_sci-10days_20260110_v003.cdf,26
remaining_nonpulser,821716622344689152,2026-01-15T02:35:53.160689152,imap_idex_l1b_sci-10days_20260110_v003.cdf,27
remaining_nonpulser,821743822464543488,2026-01-15T10:09:13.280543488,imap_idex_l1b_sci-10days_20260110_v003.cdf,28
remaining_nonpulser,821744082632692480,2026-01-15T10:13:33.448692480,imap_idex_l1b_sci-10days_20260110_v003.cdf,29
remaining_nonpulser,821748444838100224,2026-01-15T11:26:15.654100224,imap_idex_l1b_sci-10days_20260110_v003.cdf,30
remaining_nonpulser,821762636891401856,2026-01-15T15:22:47.707401856,imap_idex_l1b_sci-10days_20260110_v003.cdf,31
remaining_nonpulser,821767790970706560,2026-01-15T16:48:41.786706560,imap_idex_l1b_sci-10days_20260110_v003.cdf,32
remaining_nonpulser,821778056869493632,2026-01-15T19:39:47.685493632,imap_idex_l1b_sci-10days_20260110_v003.cdf,33
remaining_nonpulser,821781552761310336,2026-01-15T20:38:03.577310336,imap_idex_l1b_sci-10days_20260110_v003.cdf,34
remaining_nonpulser,821799210429841920,2026-01-16T01:32:21.245841920,imap_idex_l1b_sci-10days_20260110_v003.cdf,35
remaining_nonpulser,821800090324261248,2026-01-16T01:47:01.140261248,imap_idex_l1b_sci-10days_20260110_v003.cdf,36
remaining_nonpulser,821810232211623040,2026-01-16T04:36:03.027623040,imap_idex_l1b_sci-10days_20260110_v003.cdf,37
remaining_nonpulser,821818687323381632,2026-01-16T06:56:58.139381632,imap_idex_l1b_sci-10days_20260110_v003.cdf,38
remaining_nonpulser,821818728967184640,2026-01-16T06:57:39.783184640,imap_idex_l1b_sci-10days_20260110_v003.cdf,39
remaining_nonpulser,821818775190343680,2026-01-16T06:58:26.006343680,imap_idex_l1b_sci-10days_20260110_v003.cdf,40
remaining_nonpulser,821818811183631616,2026-01-16T06:59:01.999631616,imap_idex_l1b_sci-10days_20260110_v003.cdf,41
remaining_nonpulser,821818858421409664,2026-01-16T06:59:49.237409664,imap_idex_l1b_sci-10days_20260110_v003.cdf,42
remaining_nonpulser,821819481826936704,2026-01-16T07:10:12.642936704,imap_idex_l1b_sci-10days_20260110_v003.cdf,43
remaining_nonpulser,821819502283858560,2026-01-16T07:10:33.099858560,imap_idex_l1b_sci-10days_20260110_v003.cdf,44
remaining_nonpulser,821819682990478336,2026-01-16T07:13:33.806478336,imap_idex_l1b_sci-10days_20260110_v003.cdf,45
remaining_nonpulser,821820652434278144,2026-01-16T07:29:43.250278144,imap_idex_l1b_sci-10days_20260110_v003.cdf,46
remaining_nonpulser,821824018005732096,2026-01-16T08:25:48.821732096,imap_idex_l1b_sci-10days_20260110_v003.cdf,47
remaining_nonpulser,821846658303345024,2026-01-16T14:43:09.119345024,imap_idex_l1b_sci-10days_20260110_v003.cdf,48
remaining_nonpulser,821854762557634816,2026-01-16T16:58:13.373634816,imap_idex_l1b_sci-10days_20260110_v003.cdf,49
remaining_nonpulser,821859051111129984,2026-01-16T18:09:41.927129984,imap_idex_l1b_sci-10days_20260110_v003.cdf,50
remaining_nonpulser,821867710938746752,2026-01-16T20:34:01.754746752,imap_idex_l1b_sci-10days_20260110_v003.cdf,51
remaining_nonpulser,821876980935542656,2026-01-16T23:08:31.751542656,imap_idex_l1b_sci-10days_20260110_v003.cdf,52
remaining_nonpulser,821879179061092864,2026-01-16T23:45:09.877092864,imap_idex_l1b_sci-10days_20260110_v003.cdf,53
remaining_nonpulser,821883657206820480,2026-01-17T00:59:48.022820480,imap_idex_l1b_sci-10days_20260110_v003.cdf,54
remaining_nonpulser,821884423348641024,2026-01-17T01:12:34.164641024,imap_idex_l1b_sci-10days_20260110_v003.cdf,55
remaining_nonpulser,821898970212097152,2026-01-17T05:15:01.028097152,imap_idex_l1b_sci-10days_20260110_v003.cdf,56
remaining_nonpulser,821904791020453760,2026-01-17T06:52:01.836453760,imap_idex_l1b_sci-10days_20260110_v003.cdf,57
remaining_nonpulser,821908259054977536,2026-01-17T07:49:49.870977536,imap_idex_l1b_sci-10days_20260110_v003.cdf,58
remaining_nonpulser,821911621189515136,2026-01-17T08:45:52.005515136,imap_idex_l1b_sci-10days_20260110_v003.cdf,59
remaining_nonpulser,821914765911145600,2026-01-17T09:38:16.727145600,imap_idex_l1b_sci-10days_20260110_v003.cdf,60
remaining_nonpulser,821917399116249856,2026-01-17T10:22:09.932249856,imap_idex_l1b_sci-10days_20260110_v003.cdf,61
remaining_nonpulser,821920880831861248,2026-01-17T11:20:11.647861248,imap_idex_l1b_sci-10days_20260110_v003.cdf,62
remaining_nonpulser,821926020901941760,2026-01-17T12:45:51.717941760,imap_idex_l1b_sci-10days_20260110_v003.cdf,63
remaining_nonpulser,821926971152158848,2026-01-17T13:01:41.968158848,imap_idex_l1b_sci-10days_20260110_v003.cdf,64
remaining_nonpulser,821930314120893440,2026-01-17T13:57:24.936893440,imap_idex_l1b_sci-10days_20260110_v003.cdf,65
remaining_nonpulser,821932011786547712,2026-01-17T14:25:42.602547712,imap_idex_l1b_sci-10days_20260110_v003.cdf,66
remaining_nonpulser,821932858914656128,2026-01-17T14:39:49.730656128,imap_idex_l1b_sci-10days_20260110_v003.cdf,67
remaining_nonpulser,821951992362343936,2026-01-17T19:58:43.178343936,imap_idex_l1b_sci-10days_20260110_v003.cdf,68
remaining_nonpulser,821955130216320384,2026-01-17T20:51:01.032320384,imap_idex_l1b_sci-10days_20260110_v003.cdf,69
remaining_nonpulser,821958648121099776,2026-01-17T21:49:38.937099776,imap_idex_l1b_sci-10days_20260110_v003.cdf,70
remaining_nonpulser,821960488380727424,2026-01-17T22:20:19.196727424,imap_idex_l1b_sci-10days_20260110_v003.cdf,71
remaining_nonpulser,821962257441758208,2026-01-17T22:49:48.257758208,imap_idex_l1b_sci-10days_20260110_v003.cdf,72
remaining_nonpulser,821973248424448640,2026-01-18T01:52:59.240448640,imap_idex_l1b_sci-10days_20260110_v003.cdf,73
remaining_nonpulser,821981722114892032,2026-01-18T04:14:12.930892032,imap_idex_l1b_sci-10days_20260110_v003.cdf,74
remaining_nonpulser,821985649118688640,2026-01-18T05:19:39.934688640,imap_idex_l1b_sci-10days_20260110_v003.cdf,75
remaining_nonpulser,821987702140107520,2026-01-18T05:53:52.956107520,imap_idex_l1b_sci-10days_20260110_v003.cdf,76
remaining_nonpulser,821989942728499840,2026-01-18T06:31:13.544499840,imap_idex_l1b_sci-10days_20260110_v003.cdf,77
remaining_nonpulser,821998266464256384,2026-01-18T08:49:57.280256384,imap_idex_l1b_sci-10days_20260110_v003.cdf,78
remaining_nonpulser,822002338052004608,2026-01-18T09:57:48.868004608,imap_idex_l1b_sci-10days_20260110_v003.cdf,79
remaining_nonpulser,822005405320983936,2026-01-18T10:48:56.136983936,imap_idex_l1b_sci-10days_20260110_v003.cdf,80
remaining_nonpulser,822013070385344512,2026-01-18T12:56:41.201344512,imap_idex_l1b_sci-10days_20260110_v003.cdf,81
remaining_nonpulser,822018519472270976,2026-01-18T14:27:30.288270976,imap_idex_l1b_sci-10days_20260110_v003.cdf,82
remaining_nonpulser,822026097438048896,2026-01-18T16:33:48.254048896,imap_idex_l1b_sci-10days_20260110_v003.cdf,83
remaining_nonpulser,822028802805569024,2026-01-18T17:18:53.621569024,imap_idex_l1b_sci-10days_20260110_v003.cdf,84
remaining_nonpulser,822032221921596032,2026-01-18T18:15:52.737596032,imap_idex_l1b_sci-10days_20260110_v003.cdf,85
remaining_nonpulser,822033351298134272,2026-01-18T18:34:42.114134272,imap_idex_l1b_sci-10days_20260110_v003.cdf,86
remaining_nonpulser,822037989281500160,2026-01-18T19:52:00.097500160,imap_idex_l1b_sci-10days_20260110_v003.cdf,87
remaining_nonpulser,822040278214629760,2026-01-18T20:30:09.030629760,imap_idex_l1b_sci-10days_20260110_v003.cdf,88
remaining_nonpulser,822041576463358208,2026-01-18T20:51:47.279358208,imap_idex_l1b_sci-10days_20260110_v003.cdf,89
remaining_nonpulser,822045645581048576,2026-01-18T21:59:36.397048576,imap_idex_l1b_sci-10days_20260110_v003.cdf,90
remaining_nonpulser,822052840578066304,2026-01-18T23:59:31.394066304,imap_idex_l1b_sci-10days_20260110_v003.cdf,91
remaining_nonpulser,822054825323025664,2026-01-19T00:32:36.139025664,imap_idex_l1b_sci-10days_20260110_v003.cdf,92
remaining_nonpulser,822057338954217344,2026-01-19T01:14:29.770217344,imap_idex_l1b_sci-10days_20260110_v003.cdf,93
remaining_nonpulser,822059613261721088,2026-01-19T01:52:24.077721088,imap_idex_l1b_sci-10days_20260110_v003.cdf,94
remaining_nonpulser,822060368707711616,2026-01-19T02:04:59.523711616,imap_idex_l1b_sci-10days_20260110_v003.cdf,95
remaining_nonpulser,822065304780995712,2026-01-19T03:27:15.596995712,imap_idex_l1b_sci-10days_20260110_v003.cdf,96
remaining_nonpulser,822067138937989760,2026-01-19T03:57:49.753989760,imap_idex_l1b_sci-10days_20260110_v003.cdf,97
remaining_nonpulser,822068058407834752,2026-01-19T04:13:09.223834752,imap_idex_l1b_sci-10days_20260110_v003.cdf,98
remaining_nonpulser,822068830883369984,2026-01-19T04:26:01.699369984,imap_idex_l1b_sci-10days_20260110_v003.cdf,99
remaining_nonpulser,822069247832980224,2026-01-19T04:32:58.648980224,imap_idex_l1b_sci-10days_20260110_v003.cdf,100
remaining_nonpulser,822069428517220096,2026-01-19T04:35:59.333220096,imap_idex_l1b_sci-10days_20260110_v003.cdf,101
remaining_nonpulser,822070659629008640,2026-01-19T04:56:30.445008640,imap_idex_l1b_sci-10days_20260110_v003.cdf,102
remaining_nonpulser,822070667228141952,2026-01-19T04:56:38.044141952,imap_idex_l1b_sci-10days_20260110_v003.cdf,103
remaining_nonpulser,822070972139631744,2026-01-19T05:01:42.955631744,imap_idex_l1b_sci-10days_20260110_v003.cdf,104
remaining_nonpulser,822071345912680448,2026-01-19T05:07:56.728680448,imap_idex_l1b_sci-10days_20260110_v003.cdf,105
remaining_nonpulser,822073042474196352,2026-01-19T05:36:13.290196352,imap_idex_l1b_sci-10days_20260110_v003.cdf,106
remaining_nonpulser,822073341323271552,2026-01-19T05:41:12.139271552,imap_idex_l1b_sci-10days_20260110_v003.cdf,107
remaining_nonpulser,822073682967708416,2026-01-19T05:46:53.783708416,imap_idex_l1b_sci-10days_20260110_v003.cdf,108
remaining_nonpulser,822073935982664192,2026-01-19T05:51:06.798664192,imap_idex_l1b_sci-10days_20260110_v003.cdf,109
remaining_nonpulser,822073990779755648,2026-01-19T05:52:01.595755648,imap_idex_l1b_sci-10days_20260110_v003.cdf,110
remaining_nonpulser,822074027983702784,2026-01-19T05:52:38.799702784,imap_idex_l1b_sci-10days_20260110_v003.cdf,111
remaining_nonpulser,822074136912246144,2026-01-19T05:54:27.728246144,imap_idex_l1b_sci-10days_20260110_v003.cdf,112
remaining_nonpulser,822074163165102976,2026-01-19T05:54:53.981102976,imap_idex_l1b_sci-10days_20260110_v003.cdf,113
remaining_nonpulser,822074385985965312,2026-01-19T05:58:36.801965312,imap_idex_l1b_sci-10days_20260110_v003.cdf,114
remaining_nonpulser,822074446640651520,2026-01-19T05:59:37.456651520,imap_idex_l1b_sci-10days_20260110_v003.cdf,115
remaining_nonpulser,822074460452659200,2026-01-19T05:59:51.268659200,imap_idex_l1b_sci-10days_20260110_v003.cdf,116
remaining_nonpulser,822074488457014400,2026-01-19T06:00:19.273014400,imap_idex_l1b_sci-10days_20260110_v003.cdf,117
remaining_nonpulser,822074582362251264,2026-01-19T06:01:53.178251264,imap_idex_l1b_sci-10days_20260110_v003.cdf,118
remaining_nonpulser,822074828195573376,2026-01-19T06:05:59.011573376,imap_idex_l1b_sci-10days_20260110_v003.cdf,119
remaining_nonpulser,822074841276321664,2026-01-19T06:06:12.092321664,imap_idex_l1b_sci-10days_20260110_v003.cdf,120
remaining_nonpulser,822074914002877184,2026-01-19T06:07:24.818877184,imap_idex_l1b_sci-10days_20260110_v003.cdf,121
remaining_nonpulser,822075015281307520,2026-01-19T06:09:06.097307520,imap_idex_l1b_sci-10days_20260110_v003.cdf,122
remaining_nonpulser,822075087612623360,2026-01-19T06:10:18.428623360,imap_idex_l1b_sci-10days_20260110_v003.cdf,123
remaining_nonpulser,822075152818765696,2026-01-19T06:11:23.634765696,imap_idex_l1b_sci-10days_20260110_v003.cdf,124
remaining_nonpulser,822075166352833536,2026-01-19T06:11:37.168833536,imap_idex_l1b_sci-10days_20260110_v003.cdf,125
remaining_nonpulser,822075400263086208,2026-01-19T06:15:31.079086208,imap_idex_l1b_sci-10days_20260110_v003.cdf,126
remaining_nonpulser,822075681915396480,2026-01-19T06:20:12.731396480,imap_idex_l1b_sci-10days_20260110_v003.cdf,127
remaining_nonpulser,822075749418536704,2026-01-19T06:21:20.234536704,imap_idex_l1b_sci-10days_20260110_v003.cdf,128
remaining_nonpulser,822075785458224768,2026-01-19T06:21:56.274224768,imap_idex_l1b_sci-10days_20260110_v003.cdf,129
remaining_nonpulser,822075844184912640,2026-01-19T06:22:55.000912640,imap_idex_l1b_sci-10days_20260110_v003.cdf,130
remaining_nonpulser,822075920264145280,2026-01-19T06:24:11.080145280,imap_idex_l1b_sci-10days_20260110_v003.cdf,131
remaining_nonpulser,822076142325908352,2026-01-19T06:27:53.141908352,imap_idex_l1b_sci-10days_20260110_v003.cdf,132
remaining_nonpulser,822076240558181248,2026-01-19T06:29:31.374181248,imap_idex_l1b_sci-10days_20260110_v003.cdf,133
remaining_nonpulser,822076373387283456,2026-01-19T06:31:44.203283456,imap_idex_l1b_sci-10days_20260110_v003.cdf,134
remaining_nonpulser,822076761053979904,2026-01-19T06:38:11.869979904,imap_idex_l1b_sci-10days_20260110_v003.cdf,135
remaining_nonpulser,822076806307519744,2026-01-19T06:38:57.123519744,imap_idex_l1b_sci-10days_20260110_v003.cdf,136
remaining_nonpulser,822076828680920064,2026-01-19T06:39:19.496920064,imap_idex_l1b_sci-10days_20260110_v003.cdf,137
remaining_nonpulser,822076854400077056,2026-01-19T06:39:45.216077056,imap_idex_l1b_sci-10days_20260110_v003.cdf,138
remaining_nonpulser,822077060146754560,2026-01-19T06:43:10.962754560,imap_idex_l1b_sci-10days_20260110_v003.cdf,139
remaining_nonpulser,822077236848438144,2026-01-19T06:46:07.664438144,imap_idex_l1b_sci-10days_20260110_v003.cdf,140
remaining_nonpulser,822077427328009088,2026-01-19T06:49:18.144009088,imap_idex_l1b_sci-10days_20260110_v003.cdf,141
remaining_nonpulser,822077550035380352,2026-01-19T06:51:20.851380352,imap_idex_l1b_sci-10days_20260110_v003.cdf,142
remaining_nonpulser,822077588407246464,2026-01-19T06:51:59.223246464,imap_idex_l1b_sci-10days_20260110_v003.cdf,143
remaining_nonpulser,822077676723588096,2026-01-19T06:53:27.539588096,imap_idex_l1b_sci-10days_20260110_v003.cdf,144
remaining_nonpulser,822078123296632192,2026-01-19T07:00:54.112632192,imap_idex_l1b_sci-10days_20260110_v003.cdf,145
remaining_nonpulser,822078198438945664,2026-01-19T07:02:09.254945664,imap_idex_l1b_sci-10days_20260110_v003.cdf,146
remaining_nonpulser,822078286483807616,2026-01-19T07:03:37.299807616,imap_idex_l1b_sci-10days_20260110_v003.cdf,147
remaining_nonpulser,822078364860858112,2026-01-19T07:04:55.676858112,imap_idex_l1b_sci-10days_20260110_v003.cdf,148
remaining_nonpulser,822078371912271872,2026-01-19T07:05:02.728271872,imap_idex_l1b_sci-10days_20260110_v003.cdf,149
remaining_nonpulser,822078379043965568,2026-01-19T07:05:09.859965568,imap_idex_l1b_sci-10days_20260110_v003.cdf,150
remaining_nonpulser,822079237868284160,2026-01-19T07:19:28.684284160,imap_idex_l1b_sci-10days_20260110_v003.cdf,152
remaining_nonpulser,822079348940585728,2026-01-19T07:21:19.756585728,imap_idex_l1b_sci-10days_20260110_v003.cdf,153
remaining_nonpulser,822079434511789824,2026-01-19T07:22:45.327789824,imap_idex_l1b_sci-10days_20260110_v003.cdf,154
remaining_nonpulser,822079588396973312,2026-01-19T07:25:19.212973312,imap_idex_l1b_sci-10days_20260110_v003.cdf,155
remaining_nonpulser,822079687238065792,2026-01-19T07:26:58.054065792,imap_idex_l1b_sci-10days_20260110_v003.cdf,156
remaining_nonpulser,822080220048133504,2026-01-19T07:35:50.864133504,imap_idex_l1b_sci-10days_20260110_v003.cdf,157
remaining_nonpulser,822080465270396160,2026-01-19T07:39:56.086396160,imap_idex_l1b_sci-10days_20260110_v003.cdf,158
remaining_nonpulser,822080559809892352,2026-01-19T07:41:30.625892352,imap_idex_l1b_sci-10days_20260110_v003.cdf,159
remaining_nonpulser,822080741751590912,2026-01-19T07:44:32.567590912,imap_idex_l1b_sci-10days_20260110_v003.cdf,160
remaining_nonpulser,822080813404167552,2026-01-19T07:45:44.220167552,imap_idex_l1b_sci-10days_20260110_v003.cdf,161
remaining_nonpulser,822080928898005120,2026-01-19T07:47:39.714005120,imap_idex_l1b_sci-10days_20260110_v003.cdf,162
remaining_nonpulser,822080965421332736,2026-01-19T07:48:16.237332736,imap_idex_l1b_sci-10days_20260110_v003.cdf,163
remaining_nonpulser,822081119072816512,2026-01-19T07:50:49.888816512,imap_idex_l1b_sci-10days_20260110_v003.cdf,164
remaining_nonpulser,822081197379547136,2026-01-19T07:52:08.195547136,imap_idex_l1b_sci-10days_20260110_v003.cdf,165
remaining_nonpulser,822081382210303232,2026-01-19T07:55:13.026303232,imap_idex_l1b_sci-10days_20260110_v003.cdf,166
remaining_nonpulser,822081632000881792,2026-01-19T07:59:22.816881792,imap_idex_l1b_sci-10days_20260110_v003.cdf,167
remaining_nonpulser,822081679266699904,2026-01-19T08:00:10.082699904,imap_idex_l1b_sci-10days_20260110_v003.cdf,168
remaining_nonpulser,822081805597888000,2026-01-19T08:02:16.413888000,imap_idex_l1b_sci-10days_20260110_v003.cdf,169
remaining_nonpulser,822081872809768320,2026-01-19T08:03:23.625768320,imap_idex_l1b_sci-10days_20260110_v003.cdf,170
remaining_nonpulser,822081888102374784,2026-01-19T08:03:38.918374784,imap_idex_l1b_sci-10days_20260110_v003.cdf,171
remaining_nonpulser,822081899480944640,2026-01-19T08:03:50.296944640,imap_idex_l1b_sci-10days_20260110_v003.cdf,172
remaining_nonpulser,822082107478160384,2026-01-19T08:07:18.294160384,imap_idex_l1b_sci-10days_20260110_v003.cdf,173
remaining_nonpulser,822082152873420032,2026-01-19T08:08:03.689420032,imap_idex_l1b_sci-10days_20260110_v003.cdf,174
remaining_nonpulser,822082161638832384,2026-01-19T08:08:12.454832384,imap_idex_l1b_sci-10days_20260110_v003.cdf,175
remaining_nonpulser,822082174452200960,2026-01-19T08:08:25.268200960,imap_idex_l1b_sci-10days_20260110_v003.cdf,176
remaining_nonpulser,822082225659695488,2026-01-19T08:09:16.475695488,imap_idex_l1b_sci-10days_20260110_v003.cdf,177
remaining_nonpulser,822082240134962688,2026-01-19T08:09:30.950962688,imap_idex_l1b_sci-10days_20260110_v003.cdf,178
remaining_nonpulser,822082315839315712,2026-01-19T08:10:46.655315712,imap_idex_l1b_sci-10days_20260110_v003.cdf,179
remaining_nonpulser,822082339958914176,2026-01-19T08:11:10.774914176,imap_idex_l1b_sci-10days_20260110_v003.cdf,180
remaining_nonpulser,822082386183493248,2026-01-19T08:11:56.999493248,imap_idex_l1b_sci-10days_20260110_v003.cdf,181
remaining_nonpulser,822082532442063616,2026-01-19T08:14:23.258063616,imap_idex_l1b_sci-10days_20260110_v003.cdf,182
remaining_nonpulser,822082581947699712,2026-01-19T08:15:12.763699712,imap_idex_l1b_sci-10days_20260110_v003.cdf,183
remaining_nonpulser,822082614828390656,2026-01-19T08:15:45.644390656,imap_idex_l1b_sci-10days_20260110_v003.cdf,184
remaining_nonpulser,822082652850516864,2026-01-19T08:16:23.666516864,imap_idex_l1b_sci-10days_20260110_v003.cdf,185
remaining_nonpulser,822082694144420224,2026-01-19T08:17:04.960420224,imap_idex_l1b_sci-10days_20260110_v003.cdf,186
remaining_nonpulser,822082732457586304,2026-01-19T08:17:43.273586304,imap_idex_l1b_sci-10days_20260110_v003.cdf,187
remaining_nonpulser,822082815938552320,2026-01-19T08:19:06.754552320,imap_idex_l1b_sci-10days_20260110_v003.cdf,188
remaining_nonpulser,822082843808507520,2026-01-19T08:19:34.624507520,imap_idex_l1b_sci-10days_20260110_v003.cdf,189
remaining_nonpulser,822082932727308672,2026-01-19T08:21:03.543308672,imap_idex_l1b_sci-10days_20260110_v003.cdf,190
remaining_nonpulser,822082959075445376,2026-01-19T08:21:29.891445376,imap_idex_l1b_sci-10days_20260110_v003.cdf,191
remaining_nonpulser,822082994353854208,2026-01-19T08:22:05.169854208,imap_idex_l1b_sci-10days_20260110_v003.cdf,192
remaining_nonpulser,822083059993975936,2026-01-19T08:23:10.809975936,imap_idex_l1b_sci-10days_20260110_v003.cdf,193
remaining_nonpulser,822083121380921472,2026-01-19T08:24:12.196921472,imap_idex_l1b_sci-10days_20260110_v003.cdf,194
remaining_nonpulser,822083243868312832,2026-01-19T08:26:14.684312832,imap_idex_l1b_sci-10days_20260110_v003.cdf,195
remaining_nonpulser,822083274879225344,2026-01-19T08:26:45.695225344,imap_idex_l1b_sci-10days_20260110_v003.cdf,196
remaining_nonpulser,822083351824777088,2026-01-19T08:28:02.640777088,imap_idex_l1b_sci-10days_20260110_v003.cdf,197
remaining_nonpulser,822083366729184000,2026-01-19T08:28:17.545184000,imap_idex_l1b_sci-10days_20260110_v003.cdf,198
remaining_nonpulser,822083454141726464,2026-01-19T08:29:44.957726464,imap_idex_l1b_sci-10days_20260110_v003.cdf,199
remaining_nonpulser,822083462384179200,2026-01-19T08:29:53.200179200,imap_idex_l1b_sci-10days_20260110_v003.cdf,200
remaining_nonpulser,822083553418438400,2026-01-19T08:31:24.234438400,imap_idex_l1b_sci-10days_20260110_v003.cdf,201
remaining_nonpulser,822083596856320000,2026-01-19T08:32:07.672320000,imap_idex_l1b_sci-10days_20260110_v003.cdf,202
remaining_nonpulser,822083719157551616,2026-01-19T08:34:09.973551616,imap_idex_l1b_sci-10days_20260110_v003.cdf,203
remaining_nonpulser,822083728154143616,2026-01-19T08:34:18.970143616,imap_idex_l1b_sci-10days_20260110_v003.cdf,204
remaining_nonpulser,822083735758636800,2026-01-19T08:34:26.574636800,imap_idex_l1b_sci-10days_20260110_v003.cdf,205
remaining_nonpulser,822083834260709504,2026-01-19T08:36:05.076709504,imap_idex_l1b_sci-10days_20260110_v003.cdf,206
remaining_nonpulser,822083868243199360,2026-01-19T08:36:39.059199360,imap_idex_l1b_sci-10days_20260110_v003.cdf,207
remaining_nonpulser,822083904473247232,2026-01-19T08:37:15.289247232,imap_idex_l1b_sci-10days_20260110_v003.cdf,208
remaining_nonpulser,822083951818585216,2026-01-19T08:38:02.634585216,imap_idex_l1b_sci-10days_20260110_v003.cdf,209
remaining_nonpulser,822084124008652672,2026-01-19T08:40:54.824652672,imap_idex_l1b_sci-10days_20260110_v003.cdf,210
remaining_nonpulser,822084140069418368,2026-01-19T08:41:10.885418368,imap_idex_l1b_sci-10days_20260110_v003.cdf,211
remaining_nonpulser,822084180998302208,2026-01-19T08:41:51.814302208,imap_idex_l1b_sci-10days_20260110_v003.cdf,212
remaining_nonpulser,822084272126901248,2026-01-19T08:43:22.942901248,imap_idex_l1b_sci-10days_20260110_v003.cdf,213
remaining_nonpulser,822084336299904512,2026-01-19T08:44:27.115904512,imap_idex_l1b_sci-10days_20260110_v003.cdf,214
remaining_nonpulser,822084344085577472,2026-01-19T08:44:34.901577472,imap_idex_l1b_sci-10days_20260110_v003.cdf,215
remaining_nonpulser,822084396087911424,2026-01-19T08:45:26.903911424,imap_idex_l1b_sci-10days_20260110_v003.cdf,216
remaining_nonpulser,822084413360276096,2026-01-19T08:45:44.176276096,imap_idex_l1b_sci-10days_20260110_v003.cdf,217
remaining_nonpulser,822084472249443840,2026-01-19T08:46:43.065443840,imap_idex_l1b_sci-10days_20260110_v003.cdf,218
remaining_nonpulser,822084486768711040,2026-01-19T08:46:57.584711040,imap_idex_l1b_sci-10days_20260110_v003.cdf,219
remaining_nonpulser,822084580440328064,2026-01-19T08:48:31.256328064,imap_idex_l1b_sci-10days_20260110_v003.cdf,220
remaining_nonpulser,822084624552569088,2026-01-19T08:49:15.368569088,imap_idex_l1b_sci-10days_20260110_v003.cdf,221
remaining_nonpulser,822084661698676096,2026-01-19T08:49:52.514676096,imap_idex_l1b_sci-10days_20260110_v003.cdf,222
remaining_nonpulser,822084693050328192,2026-01-19T08:50:23.866328192,imap_idex_l1b_sci-10days_20260110_v003.cdf,223
remaining_nonpulser,822084706745776000,2026-01-19T08:50:37.561776000,imap_idex_l1b_sci-10days_20260110_v003.cdf,224
remaining_nonpulser,822084717172586752,2026-01-19T08:50:47.988586752,imap_idex_l1b_sci-10days_20260110_v003.cdf,225
remaining_nonpulser,822084757574651008,2026-01-19T08:51:28.390651008,imap_idex_l1b_sci-10days_20260110_v003.cdf,226
remaining_nonpulser,822084877792464512,2026-01-19T08:53:28.608464512,imap_idex_l1b_sci-10days_20260110_v003.cdf,227
remaining_nonpulser,822084888499754880,2026-01-19T08:53:39.315754880,imap_idex_l1b_sci-10days_20260110_v003.cdf,228
remaining_nonpulser,822084903140781824,2026-01-19T08:53:53.956781824,imap_idex_l1b_sci-10days_20260110_v003.cdf,229
remaining_nonpulser,822084920910466176,2026-01-19T08:54:11.726466176,imap_idex_l1b_sci-10days_20260110_v003.cdf,230
remaining_nonpulser,822085053036189056,2026-01-19T08:56:23.852189056,imap_idex_l1b_sci-10days_20260110_v003.cdf,231
remaining_nonpulser,822085073224211200,2026-01-19T08:56:44.040211200,imap_idex_l1b_sci-10days_20260110_v003.cdf,232
remaining_nonpulser,822085160466713856,2026-01-19T08:58:11.282713856,imap_idex_l1b_sci-10days_20260110_v003.cdf,233
remaining_nonpulser,822085186495190784,2026-01-19T08:58:37.311190784,imap_idex_l1b_sci-10days_20260110_v003.cdf,234
remaining_nonpulser,822085263191782784,2026-01-19T08:59:54.007782784,imap_idex_l1b_sci-10days_20260110_v003.cdf,235
remaining_nonpulser,822085349834845952,2026-01-19T09:01:20.650845952,imap_idex_l1b_sci-10days_20260110_v003.cdf,236
remaining_nonpulser,822085387644192512,2026-01-19T09:01:58.460192512,imap_idex_l1b_sci-10days_20260110_v003.cdf,237
remaining_nonpulser,822085455904531968,2026-01-19T09:03:06.720531968,imap_idex_l1b_sci-10days_20260110_v003.cdf,238
remaining_nonpulser,822085480126370560,2026-01-19T09:03:30.942370560,imap_idex_l1b_sci-10days_20260110_v003.cdf,239
remaining_nonpulser,822085591156152192,2026-01-19T09:05:21.972152192,imap_idex_l1b_sci-10days_20260110_v003.cdf,240
remaining_nonpulser,822085640801548032,2026-01-19T09:06:11.617548032,imap_idex_l1b_sci-10days_20260110_v003.cdf,241
remaining_nonpulser,822085768294615040,2026-01-19T09:08:19.110615040,imap_idex_l1b_sci-10days_20260110_v003.cdf,242
remaining_nonpulser,822085946140257408,2026-01-19T09:11:16.956257408,imap_idex_l1b_sci-10days_20260110_v003.cdf,243
remaining_nonpulser,822085991944476800,2026-01-19T09:12:02.760476800,imap_idex_l1b_sci-10days_20260110_v003.cdf,244
remaining_nonpulser,822086000243029376,2026-01-19T09:12:11.059029376,imap_idex_l1b_sci-10days_20260110_v003.cdf,245
remaining_nonpulser,822086025237427200,2026-01-19T09:12:36.053427200,imap_idex_l1b_sci-10days_20260110_v003.cdf,246
remaining_nonpulser,822086411962364416,2026-01-19T09:19:02.778364416,imap_idex_l1b_sci-10days_20260110_v003.cdf,247
remaining_nonpulser,822086505661821312,2026-01-19T09:20:36.477821312,imap_idex_l1b_sci-10days_20260110_v003.cdf,248
remaining_nonpulser,822086588880467584,2026-01-19T09:21:59.696467584,imap_idex_l1b_sci-10days_20260110_v003.cdf,249
remaining_nonpulser,822086618260441600,2026-01-19T09:22:29.076441600,imap_idex_l1b_sci-10days_20260110_v003.cdf,250
remaining_nonpulser,822087036015991168,2026-01-19T09:29:26.831991168,imap_idex_l1b_sci-10days_20260110_v003.cdf,251
remaining_nonpulser,822087117832738816,2026-01-19T09:30:48.648738816,imap_idex_l1b_sci-10days_20260110_v003.cdf,252
remaining_nonpulser,822087189371275136,2026-01-19T09:32:00.187275136,imap_idex_l1b_sci-10days_20260110_v003.cdf,253
remaining_nonpulser,822087365275939328,2026-01-19T09:34:56.091939328,imap_idex_l1b_sci-10days_20260110_v003.cdf,254
remaining_nonpulser,822087398762409600,2026-01-19T09:35:29.578409600,imap_idex_l1b_sci-10days_20260110_v003.cdf,255
remaining_nonpulser,822087413371996672,2026-01-19T09:35:44.187996672,imap_idex_l1b_sci-10days_20260110_v003.cdf,256
remaining_nonpulser,822087517748964096,2026-01-19T09:37:28.564964096,imap_idex_l1b_sci-10days_20260110_v003.cdf,257
remaining_nonpulser,822087532000491520,2026-01-19T09:37:42.816491520,imap_idex_l1b_sci-10days_20260110_v003.cdf,258
remaining_nonpulser,822087545340179712,2026-01-19T09:37:56.156179712,imap_idex_l1b_sci-10days_20260110_v003.cdf,259
remaining_nonpulser,822087553170552704,2026-01-19T09:38:03.986552704,imap_idex_l1b_sci-10days_20260110_v003.cdf,260
remaining_nonpulser,822087576892311680,2026-01-19T09:38:27.708311680,imap_idex_l1b_sci-10days_20260110_v003.cdf,261
remaining_nonpulser,822087598175052928,2026-01-19T09:38:48.991052928,imap_idex_l1b_sci-10days_20260110_v003.cdf,262
remaining_nonpulser,822087613580259200,2026-01-19T09:39:04.396259200,imap_idex_l1b_sci-10days_20260110_v003.cdf,263
remaining_nonpulser,822087688822572544,2026-01-19T09:40:19.638572544,imap_idex_l1b_sci-10days_20260110_v003.cdf,264
remaining_nonpulser,822087716431648000,2026-01-19T09:40:47.247648000,imap_idex_l1b_sci-10days_20260110_v003.cdf,265
remaining_nonpulser,822087737876029056,2026-01-19T09:41:08.692029056,imap_idex_l1b_sci-10days_20260110_v003.cdf,266
remaining_nonpulser,822087776871794432,2026-01-19T09:41:47.687794432,imap_idex_l1b_sci-10days_20260110_v003.cdf,267
remaining_nonpulser,822087785226147072,2026-01-19T09:41:56.042147072,imap_idex_l1b_sci-10days_20260110_v003.cdf,268
remaining_nonpulser,822087815110900480,2026-01-19T09:42:25.926900480,imap_idex_l1b_sci-10days_20260110_v003.cdf,269
remaining_nonpulser,822087903349362304,2026-01-19T09:43:54.165362304,imap_idex_l1b_sci-10days_20260110_v003.cdf,270
remaining_nonpulser,822087968026884864,2026-01-19T09:44:58.842884864,imap_idex_l1b_sci-10days_20260110_v003.cdf,271
remaining_nonpulser,822088008797868800,2026-01-19T09:45:39.613868800,imap_idex_l1b_sci-10days_20260110_v003.cdf,272
remaining_nonpulser,822088041930699520,2026-01-19T09:46:12.746699520,imap_idex_l1b_sci-10days_20260110_v003.cdf,273
remaining_nonpulser,822088057217465856,2026-01-19T09:46:28.033465856,imap_idex_l1b_sci-10days_20260110_v003.cdf,274
remaining_nonpulser,822088096473611136,2026-01-19T09:47:07.289611136,imap_idex_l1b_sci-10days_20260110_v003.cdf,275
remaining_nonpulser,822088113138916352,2026-01-19T09:47:23.954916352,imap_idex_l1b_sci-10days_20260110_v003.cdf,276
remaining_nonpulser,822088293172236800,2026-01-19T09:50:23.988236800,imap_idex_l1b_sci-10days_20260110_v003.cdf,277
remaining_nonpulser,822088322471630848,2026-01-19T09:50:53.287630848,imap_idex_l1b_sci-10days_20260110_v003.cdf,278
remaining_nonpulser,822088365014152960,2026-01-19T09:51:35.830152960,imap_idex_l1b_sci-10days_20260110_v003.cdf,279
remaining_nonpulser,822088487019684864,2026-01-19T09:53:37.835684864,imap_idex_l1b_sci-10days_20260110_v003.cdf,280
remaining_nonpulser,822088593709010304,2026-01-19T09:55:24.525010304,imap_idex_l1b_sci-10days_20260110_v003.cdf,281
remaining_nonpulser,822088635680533120,2026-01-19T09:56:06.496533120,imap_idex_l1b_sci-10days_20260110_v003.cdf,282
remaining_nonpulser,822088672271300736,2026-01-19T09:56:43.087300736,imap_idex_l1b_sci-10days_20260110_v003.cdf,283
remaining_nonpulser,822088711745225728,2026-01-19T09:57:22.561225728,imap_idex_l1b_sci-10days_20260110_v003.cdf,284
remaining_nonpulser,822088777886427008,2026-01-19T09:58:28.702427008,imap_idex_l1b_sci-10days_20260110_v003.cdf,285
remaining_nonpulser,822088870740764800,2026-01-19T10:00:01.556764800,imap_idex_l1b_sci-10days_20260110_v003.cdf,286
remaining_nonpulser,822089005214085504,2026-01-19T10:02:16.030085504,imap_idex_l1b_sci-10days_20260110_v003.cdf,287
remaining_nonpulser,822089077579041408,2026-01-19T10:03:28.395041408,imap_idex_l1b_sci-10days_20260110_v003.cdf,288
remaining_nonpulser,822089413037184000,2026-01-19T10:09:03.853184000,imap_idex_l1b_sci-10days_20260110_v003.cdf,289
remaining_nonpulser,822089452231389312,2026-01-19T10:09:43.047389312,imap_idex_l1b_sci-10days_20260110_v003.cdf,290
remaining_nonpulser,822089586611070080,2026-01-19T10:11:57.427070080,imap_idex_l1b_sci-10days_20260110_v003.cdf,291
remaining_nonpulser,822089693482035456,2026-01-19T10:13:44.298035456,imap_idex_l1b_sci-10days_20260110_v003.cdf,292
remaining_nonpulser,822089709503721216,2026-01-19T10:14:00.319721216,imap_idex_l1b_sci-10days_20260110_v003.cdf,293
remaining_nonpulser,822089908847704448,2026-01-19T10:17:19.663704448,imap_idex_l1b_sci-10days_20260110_v003.cdf,294
remaining_nonpulser,822089980275861120,2026-01-19T10:18:31.091861120,imap_idex_l1b_sci-10days_20260110_v003.cdf,295
remaining_nonpulser,822089992687370240,2026-01-19T10:18:43.503370240,imap_idex_l1b_sci-10days_20260110_v003.cdf,296
remaining_nonpulser,822090026646379904,2026-01-19T10:19:17.462379904,imap_idex_l1b_sci-10days_20260110_v003.cdf,297
remaining_nonpulser,822090177315746432,2026-01-19T10:21:48.131746432,imap_idex_l1b_sci-10days_20260110_v003.cdf,298
remaining_nonpulser,822090206754160384,2026-01-19T10:22:17.570160384,imap_idex_l1b_sci-10days_20260110_v003.cdf,299
remaining_nonpulser,822090336537445248,2026-01-19T10:24:27.353445248,imap_idex_l1b_sci-10days_20260110_v003.cdf,300
remaining_nonpulser,822090354415489408,2026-01-19T10:24:45.231489408,imap_idex_l1b_sci-10days_20260110_v003.cdf,301
remaining_nonpulser,822090490684388736,2026-01-19T10:27:01.500388736,imap_idex_l1b_sci-10days_20260110_v003.cdf,302
remaining_nonpulser,822090548144197760,2026-01-19T10:27:58.960197760,imap_idex_l1b_sci-10days_20260110_v003.cdf,303
remaining_nonpulser,822090557862349184,2026-01-19T10:28:08.678349184,imap_idex_l1b_sci-10days_20260110_v003.cdf,304
remaining_nonpulser,822090675578344704,2026-01-19T10:30:06.394344704,imap_idex_l1b_sci-10days_20260110_v003.cdf,305
remaining_nonpulser,822090703677759744,2026-01-19T10:30:34.493759744,imap_idex_l1b_sci-10days_20260110_v003.cdf,306
remaining_nonpulser,822090752136956800,2026-01-19T10:31:22.952956800,imap_idex_l1b_sci-10days_20260110_v003.cdf,307
remaining_nonpulser,822090760330469760,2026-01-19T10:31:31.146469760,imap_idex_l1b_sci-10days_20260110_v003.cdf,308
remaining_nonpulser,822090816931739392,2026-01-19T10:32:27.747739392,imap_idex_l1b_sci-10days_20260110_v003.cdf,309
remaining_nonpulser,822090863415338112,2026-01-19T10:33:14.231338112,imap_idex_l1b_sci-10days_20260110_v003.cdf,310
remaining_nonpulser,822090895619229696,2026-01-19T10:33:46.435229696,imap_idex_l1b_sci-10days_20260110_v003.cdf,311
remaining_nonpulser,822090950928020608,2026-01-19T10:34:41.744020608,imap_idex_l1b_sci-10days_20260110_v003.cdf,312
remaining_nonpulser,822091071624453632,2026-01-19T10:36:42.440453632,imap_idex_l1b_sci-10days_20260110_v003.cdf,313
remaining_nonpulser,822091137356195328,2026-01-19T10:37:48.172195328,imap_idex_l1b_sci-10days_20260110_v003.cdf,314
remaining_nonpulser,822091165645470336,2026-01-19T10:38:16.461470336,imap_idex_l1b_sci-10days_20260110_v003.cdf,315
remaining_nonpulser,822091242302362496,2026-01-19T10:39:33.118362496,imap_idex_l1b_sci-10days_20260110_v003.cdf,316
remaining_nonpulser,822091298742112256,2026-01-19T10:40:29.558112256,imap_idex_l1b_sci-10days_20260110_v003.cdf,317
remaining_nonpulser,822091310185902208,2026-01-19T10:40:41.001902208,imap_idex_l1b_sci-10days_20260110_v003.cdf,318
remaining_nonpulser,822091316810976384,2026-01-19T10:40:47.626976384,imap_idex_l1b_sci-10days_20260110_v003.cdf,319
remaining_nonpulser,822091324647169408,2026-01-19T10:40:55.463169408,imap_idex_l1b_sci-10days_20260110_v003.cdf,320
remaining_nonpulser,822091344274531968,2026-01-19T10:41:15.090531968,imap_idex_l1b_sci-10days_20260110_v003.cdf,321
remaining_nonpulser,822091527858469120,2026-01-19T10:44:18.674469120,imap_idex_l1b_sci-10days_20260110_v003.cdf,322
remaining_nonpulser,822091553215826688,2026-01-19T10:44:44.031826688,imap_idex_l1b_sci-10days_20260110_v003.cdf,323
remaining_nonpulser,822091579688583296,2026-01-19T10:45:10.504583296,imap_idex_l1b_sci-10days_20260110_v003.cdf,324
remaining_nonpulser,822091732819627520,2026-01-19T10:47:43.635627520,imap_idex_l1b_sci-10days_20260110_v003.cdf,325
remaining_nonpulser,822091778987366656,2026-01-19T10:48:29.803366656,imap_idex_l1b_sci-10days_20260110_v003.cdf,326
remaining_nonpulser,822091793398493824,2026-01-19T10:48:44.214493824,imap_idex_l1b_sci-10days_20260110_v003.cdf,327
remaining_nonpulser,822091801508086528,2026-01-19T10:48:52.324086528,imap_idex_l1b_sci-10days_20260110_v003.cdf,328
remaining_nonpulser,822091827813003264,2026-01-19T10:49:18.629003264,imap_idex_l1b_sci-10days_20260110_v003.cdf,329
remaining_nonpulser,822091894502324096,2026-01-19T10:50:25.318324096,imap_idex_l1b_sci-10days_20260110_v003.cdf,330
remaining_nonpulser,822091905036514816,2026-01-19T10:50:35.852514816,imap_idex_l1b_sci-10days_20260110_v003.cdf,331
remaining_nonpulser,822091913163507712,2026-01-19T10:50:43.979507712,imap_idex_l1b_sci-10days_20260110_v003.cdf,332
remaining_nonpulser,822091945197779200,2026-01-19T10:51:16.013779200,imap_idex_l1b_sci-10days_20260110_v003.cdf,333
remaining_nonpulser,822092019149273728,2026-01-19T10:52:29.965273728,imap_idex_l1b_sci-10days_20260110_v003.cdf,334
remaining_nonpulser,822092225547270784,2026-01-19T10:55:56.363270784,imap_idex_l1b_sci-10days_20260110_v003.cdf,335
remaining_nonpulser,822092241239816832,2026-01-19T10:56:12.055816832,imap_idex_l1b_sci-10days_20260110_v003.cdf,336
remaining_nonpulser,822092268609772544,2026-01-19T10:56:39.425772544,imap_idex_l1b_sci-10days_20260110_v003.cdf,337
remaining_nonpulser,822092395384820224,2026-01-19T10:58:46.200820224,imap_idex_l1b_sci-10days_20260110_v003.cdf,338
remaining_nonpulser,822092419698318592,2026-01-19T10:59:10.514318592,imap_idex_l1b_sci-10days_20260110_v003.cdf,339
remaining_nonpulser,822092443037297920,2026-01-19T10:59:33.853297920,imap_idex_l1b_sci-10days_20260110_v003.cdf,340
remaining_nonpulser,822092454993227264,2026-01-19T10:59:45.809227264,imap_idex_l1b_sci-10days_20260110_v003.cdf,341
remaining_nonpulser,822092472288851968,2026-01-19T11:00:03.104851968,imap_idex_l1b_sci-10days_20260110_v003.cdf,342
remaining_nonpulser,822092488556817664,2026-01-19T11:00:19.372817664,imap_idex_l1b_sci-10days_20260110_v003.cdf,343
remaining_nonpulser,822092575667680256,2026-01-19T11:01:46.483680256,imap_idex_l1b_sci-10days_20260110_v003.cdf,344
remaining_nonpulser,822092618368302464,2026-01-19T11:02:29.184302464,imap_idex_l1b_sci-10days_20260110_v003.cdf,345
remaining_nonpulser,822092700421049856,2026-01-19T11:03:51.237049856,imap_idex_l1b_sci-10days_20260110_v003.cdf,346
remaining_nonpulser,822092840878385152,2026-01-19T11:06:11.694385152,imap_idex_l1b_sci-10days_20260110_v003.cdf,347
remaining_nonpulser,822093004318160256,2026-01-19T11:08:55.134160256,imap_idex_l1b_sci-10days_20260110_v003.cdf,348
remaining_nonpulser,822093123926494208,2026-01-19T11:10:54.742494208,imap_idex_l1b_sci-10days_20260110_v003.cdf,349
remaining_nonpulser,822093238874292352,2026-01-19T11:12:49.690292352,imap_idex_l1b_sci-10days_20260110_v003.cdf,350
remaining_nonpulser,822093339309443456,2026-01-19T11:14:30.125443456,imap_idex_l1b_sci-10days_20260110_v003.cdf,351
remaining_nonpulser,822093442980691456,2026-01-19T11:16:13.796691456,imap_idex_l1b_sci-10days_20260110_v003.cdf,352
remaining_nonpulser,822093555897291264,2026-01-19T11:18:06.713291264,imap_idex_l1b_sci-10days_20260110_v003.cdf,353
remaining_nonpulser,822093568287280384,2026-01-19T11:18:19.103280384,imap_idex_l1b_sci-10days_20260110_v003.cdf,354
remaining_nonpulser,822093594999676672,2026-01-19T11:18:45.815676672,imap_idex_l1b_sci-10days_20260110_v003.cdf,355
remaining_nonpulser,822093608336624896,2026-01-19T11:18:59.152624896,imap_idex_l1b_sci-10days_20260110_v003.cdf,356
remaining_nonpulser,822093744680924032,2026-01-19T11:21:15.496924032,imap_idex_l1b_sci-10days_20260110_v003.cdf,357
remaining_nonpulser,822093890861274496,2026-01-19T11:23:41.677274496,imap_idex_l1b_sci-10days_20260110_v003.cdf,358
remaining_nonpulser,822093996792020608,2026-01-19T11:25:27.608020608,imap_idex_l1b_sci-10days_20260110_v003.cdf,359
remaining_nonpulser,822094038887963264,2026-01-19T11:26:09.703963264,imap_idex_l1b_sci-10days_20260110_v003.cdf,360
remaining_nonpulser,822094088977538816,2026-01-19T11:26:59.793538816,imap_idex_l1b_sci-10days_20260110_v003.cdf,361
remaining_nonpulser,822094265447182464,2026-01-19T11:29:56.263182464,imap_idex_l1b_sci-10days_20260110_v003.cdf,362
remaining_nonpulser,822094374303285888,2026-01-19T11:31:45.119285888,imap_idex_l1b_sci-10days_20260110_v003.cdf,363
remaining_nonpulser,822094400499882624,2026-01-19T11:32:11.315882624,imap_idex_l1b_sci-10days_20260110_v003.cdf,364
remaining_nonpulser,822094428592217728,2026-01-19T11:32:39.408217728,imap_idex_l1b_sci-10days_20260110_v003.cdf,365
remaining_nonpulser,822094433818852992,2026-01-19T11:32:44.634852992,imap_idex_l1b_sci-10days_20260110_v003.cdf,366
remaining_nonpulser,822094462450287744,2026-01-19T11:33:13.266287744,imap_idex_l1b_sci-10days_20260110_v003.cdf,367
remaining_nonpulser,822094532970065280,2026-01-19T11:34:23.786065280,imap_idex_l1b_sci-10days_20260110_v003.cdf,368
remaining_nonpulser,822095091813109888,2026-01-19T11:43:42.629109888,imap_idex_l1b_sci-10days_20260110_v003.cdf,369
remaining_nonpulser,822095112643391232,2026-01-19T11:44:03.459391232,imap_idex_l1b_sci-10days_20260110_v003.cdf,370
remaining_nonpulser,822095156253792640,2026-01-19T11:44:47.069792640,imap_idex_l1b_sci-10days_20260110_v003.cdf,371
remaining_nonpulser,822095161926507648,2026-01-19T11:44:52.742507648,imap_idex_l1b_sci-10days_20260110_v003.cdf,372
remaining_nonpulser,822095203637170688,2026-01-19T11:45:34.453170688,imap_idex_l1b_sci-10days_20260110_v003.cdf,373
remaining_nonpulser,822095228033369088,2026-01-19T11:45:58.849369088,imap_idex_l1b_sci-10days_20260110_v003.cdf,374
remaining_nonpulser,822095244682414336,2026-01-19T11:46:15.498414336,imap_idex_l1b_sci-10days_20260110_v003.cdf,375
remaining_nonpulser,822095363119189376,2026-01-19T11:48:13.935189376,imap_idex_l1b_sci-10days_20260110_v003.cdf,376
remaining_nonpulser,822095386184428928,2026-01-19T11:48:37.000428928,imap_idex_l1b_sci-10days_20260110_v003.cdf,377
remaining_nonpulser,822095484574321664,2026-01-19T11:50:15.390321664,imap_idex_l1b_sci-10days_20260110_v003.cdf,378
remaining_nonpulser,822095510269798784,2026-01-19T11:50:41.085798784,imap_idex_l1b_sci-10days_20260110_v003.cdf,379
remaining_nonpulser,822095516286913536,2026-01-19T11:50:47.102913536,imap_idex_l1b_sci-10days_20260110_v003.cdf,380
remaining_nonpulser,822095586458131328,2026-01-19T11:51:57.274131328,imap_idex_l1b_sci-10days_20260110_v003.cdf,381
remaining_nonpulser,822095624688537344,2026-01-19T11:52:35.504537344,imap_idex_l1b_sci-10days_20260110_v003.cdf,382
remaining_nonpulser,822095722986570240,2026-01-19T11:54:13.802570240,imap_idex_l1b_sci-10days_20260110_v003.cdf,383
remaining_nonpulser,822095849070418432,2026-01-19T11:56:19.886418432,imap_idex_l1b_sci-10days_20260110_v003.cdf,384
remaining_nonpulser,822095859012949760,2026-01-19T11:56:29.828949760,imap_idex_l1b_sci-10days_20260110_v003.cdf,385
remaining_nonpulser,822095870444339456,2026-01-19T11:56:41.260339456,imap_idex_l1b_sci-10days_20260110_v003.cdf,386
remaining_nonpulser,822095949931569152,2026-01-19T11:58:00.747569152,imap_idex_l1b_sci-10days_20260110_v003.cdf,387
remaining_nonpulser,822096069537583104,2026-01-19T12:00:00.353583104,imap_idex_l1b_sci-10days_20260110_v003.cdf,388
remaining_nonpulser,822096145413675776,2026-01-19T12:01:16.229675776,imap_idex_l1b_sci-10days_20260110_v003.cdf,389
remaining_nonpulser,822096152481589504,2026-01-19T12:01:23.297589504,imap_idex_l1b_sci-10days_20260110_v003.cdf,390
remaining_nonpulser,822096159316963584,2026-01-19T12:01:30.132963584,imap_idex_l1b_sci-10days_20260110_v003.cdf,391
remaining_nonpulser,822096163459219840,2026-01-19T12:01:34.275219840,imap_idex_l1b_sci-10days_20260110_v003.cdf,392
remaining_nonpulser,822096174454010112,2026-01-19T12:01:45.270010112,imap_idex_l1b_sci-10days_20260110_v003.cdf,393
remaining_nonpulser,822096208145480320,2026-01-19T12:02:18.961480320,imap_idex_l1b_sci-10days_20260110_v003.cdf,394
remaining_nonpulser,822096233827277440,2026-01-19T12:02:44.643277440,imap_idex_l1b_sci-10days_20260110_v003.cdf,395
remaining_nonpulser,822096295217723008,2026-01-19T12:03:46.033723008,imap_idex_l1b_sci-10days_20260110_v003.cdf,396
remaining_nonpulser,822096369181157504,2026-01-19T12:04:59.997157504,imap_idex_l1b_sci-10days_20260110_v003.cdf,397
remaining_nonpulser,822096415125176704,2026-01-19T12:05:45.941176704,imap_idex_l1b_sci-10days_20260110_v003.cdf,398
remaining_nonpulser,822139419483453824,2026-01-20T00:02:30.299453824,imap_idex_l1b_sci-10days_20260120_v003.cdf,0
remaining_nonpulser,822139445557730816,2026-01-20T00:02:56.373730816,imap_idex_l1b_sci-10days_20260120_v003.cdf,1
remaining_nonpulser,822139500362042240,2026-01-20T00:03:51.178042240,imap_idex_l1b_sci-10days_20260120_v003.cdf,2
remaining_nonpulser,822139664700936448,2026-01-20T00:06:35.516936448,imap_idex_l1b_sci-10days_20260120_v003.cdf,3
remaining_nonpulser,822139683726559616,2026-01-20T00:06:54.542559616,imap_idex_l1b_sci-10days_20260120_v003.cdf,4
remaining_nonpulser,822139723030924800,2026-01-20T00:07:33.846924800,imap_idex_l1b_sci-10days_20260120_v003.cdf,5
remaining_nonpulser,822139763303149056,2026-01-20T00:08:14.119149056,imap_idex_l1b_sci-10days_20260120_v003.cdf,6
remaining_nonpulser,822139769005543936,2026-01-20T00:08:19.821543936,imap_idex_l1b_sci-10days_20260120_v003.cdf,7
remaining_nonpulser,822139811888206080,2026-01-20T00:09:02.704206080,imap_idex_l1b_sci-10days_20260120_v003.cdf,8
remaining_nonpulser,822139914995094528,2026-01-20T00:10:45.811094528,imap_idex_l1b_sci-10days_20260120_v003.cdf,9
remaining_nonpulser,822140018756722560,2026-01-20T00:12:29.572722560,imap_idex_l1b_sci-10days_20260120_v003.cdf,10
remaining_nonpulser,822140075915591936,2026-01-20T00:13:26.731591936,imap_idex_l1b_sci-10days_20260120_v003.cdf,11
remaining_nonpulser,822140094512675456,2026-01-20T00:13:45.328675456,imap_idex_l1b_sci-10days_20260120_v003.cdf,12
remaining_nonpulser,822140384963677952,2026-01-20T00:18:35.779677952,imap_idex_l1b_sci-10days_20260120_v003.cdf,13
remaining_nonpulser,822140391084872576,2026-01-20T00:18:41.900872576,imap_idex_l1b_sci-10days_20260120_v003.cdf,14
remaining_nonpulser,822140551035910784,2026-01-20T00:21:21.851910784,imap_idex_l1b_sci-10days_20260120_v003.cdf,15
remaining_nonpulser,822140575245309312,2026-01-20T00:21:46.061309312,imap_idex_l1b_sci-10days_20260120_v003.cdf,16
remaining_nonpulser,822140598825968512,2026-01-20T00:22:09.641968512,imap_idex_l1b_sci-10days_20260120_v003.cdf,17
remaining_nonpulser,822140738952764160,2026-01-20T00:24:29.768764160,imap_idex_l1b_sci-10days_20260120_v003.cdf,18
remaining_nonpulser,822140750540994048,2026-01-20T00:24:41.356994048,imap_idex_l1b_sci-10days_20260120_v003.cdf,19
remaining_nonpulser,822140915284428032,2026-01-20T00:27:26.100428032,imap_idex_l1b_sci-10days_20260120_v003.cdf,20
remaining_nonpulser,822140946140960512,2026-01-20T00:27:56.956960512,imap_idex_l1b_sci-10days_20260120_v003.cdf,21
remaining_nonpulser,822141146870102528,2026-01-20T00:31:17.686102528,imap_idex_l1b_sci-10days_20260120_v003.cdf,22
remaining_nonpulser,822141297576828928,2026-01-20T00:33:48.392828928,imap_idex_l1b_sci-10days_20260120_v003.cdf,23
remaining_nonpulser,822141471394254976,2026-01-20T00:36:42.210254976,imap_idex_l1b_sci-10days_20260120_v003.cdf,24
remaining_nonpulser,822141957550163968,2026-01-20T00:44:48.366163968,imap_idex_l1b_sci-10days_20260120_v003.cdf,26
remaining_nonpulser,822141986199238528,2026-01-20T00:45:17.015238528,imap_idex_l1b_sci-10days_20260120_v003.cdf,27
remaining_nonpulser,822142847386815232,2026-01-20T00:59:38.202815232,imap_idex_l1b_sci-10days_20260120_v003.cdf,28
remaining_nonpulser,822142926173565312,2026-01-20T01:00:56.989565312,imap_idex_l1b_sci-10days_20260120_v003.cdf,29
remaining_nonpulser,822143137271678208,2026-01-20T01:04:28.087678208,imap_idex_l1b_sci-10days_20260120_v003.cdf,30
remaining_nonpulser,822143169475989760,2026-01-20T01:05:00.291989760,imap_idex_l1b_sci-10days_20260120_v003.cdf,31
remaining_nonpulser,822143266148524032,2026-01-20T01:06:36.964524032,imap_idex_l1b_sci-10days_20260120_v003.cdf,32
remaining_nonpulser,822143313357342080,2026-01-20T01:07:24.173342080,imap_idex_l1b_sci-10days_20260120_v003.cdf,33
remaining_nonpulser,822143611015478272,2026-01-20T01:12:21.831478272,imap_idex_l1b_sci-10days_20260120_v003.cdf,34
remaining_nonpulser,822143856543320704,2026-01-20T01:16:27.359320704,imap_idex_l1b_sci-10days_20260120_v003.cdf,35
remaining_nonpulser,822143908667734400,2026-01-20T01:17:19.483734400,imap_idex_l1b_sci-10days_20260120_v003.cdf,36
remaining_nonpulser,822144016373358848,2026-01-20T01:19:07.189358848,imap_idex_l1b_sci-10days_20260120_v003.cdf,37
remaining_nonpulser,822144051803227392,2026-01-20T01:19:42.619227392,imap_idex_l1b_sci-10days_20260120_v003.cdf,38
remaining_nonpulser,822144353936299648,2026-01-20T01:24:44.752299648,imap_idex_l1b_sci-10days_20260120_v003.cdf,39
remaining_nonpulser,822144454909070208,2026-01-20T01:26:25.725070208,imap_idex_l1b_sci-10days_20260120_v003.cdf,40
remaining_nonpulser,822144557060959744,2026-01-20T01:28:07.876959744,imap_idex_l1b_sci-10days_20260120_v003.cdf,41
remaining_nonpulser,822144639973826048,2026-01-20T01:29:30.789826048,imap_idex_l1b_sci-10days_20260120_v003.cdf,42
remaining_nonpulser,822144708411565568,2026-01-20T01:30:39.227565568,imap_idex_l1b_sci-10days_20260120_v003.cdf,43
remaining_nonpulser,822144911144725632,2026-01-20T01:34:01.960725632,imap_idex_l1b_sci-10days_20260120_v003.cdf,44
remaining_nonpulser,822145119071081344,2026-01-20T01:37:29.887081344,imap_idex_l1b_sci-10days_20260120_v003.cdf,45
remaining_nonpulser,822145238034315904,2026-01-20T01:39:28.850315904,imap_idex_l1b_sci-10days_20260120_v003.cdf,46
remaining_nonpulser,822145441422115712,2026-01-20T01:42:52.238115712,imap_idex_l1b_sci-10days_20260120_v003.cdf,47
remaining_nonpulser,822145461923957504,2026-01-20T01:43:12.739957504,imap_idex_l1b_sci-10days_20260120_v003.cdf,48
remaining_nonpulser,822145529594877440,2026-01-20T01:44:20.410877440,imap_idex_l1b_sci-10days_20260120_v003.cdf,49
remaining_nonpulser,822145596625698048,2026-01-20T01:45:27.441698048,imap_idex_l1b_sci-10days_20260120_v003.cdf,50
remaining_nonpulser,822145704615382400,2026-01-20T01:47:15.431382400,imap_idex_l1b_sci-10days_20260120_v003.cdf,51
remaining_nonpulser,822145801959696000,2026-01-20T01:48:52.775696000,imap_idex_l1b_sci-10days_20260120_v003.cdf,52
remaining_nonpulser,822146016275826048,2026-01-20T01:52:27.091826048,imap_idex_l1b_sci-10days_20260120_v003.cdf,53
remaining_nonpulser,822146087368183040,2026-01-20T01:53:38.184183040,imap_idex_l1b_sci-10days_20260120_v003.cdf,54
remaining_nonpulser,822146430647178752,2026-01-20T01:59:21.463178752,imap_idex_l1b_sci-10days_20260120_v003.cdf,55
remaining_nonpulser,822146449954961664,2026-01-20T01:59:40.770961664,imap_idex_l1b_sci-10days_20260120_v003.cdf,56
remaining_nonpulser,822146507211010944,2026-01-20T02:00:38.027010944,imap_idex_l1b_sci-10days_20260120_v003.cdf,57
remaining_nonpulser,822146922326462976,2026-01-20T02:07:33.142462976,imap_idex_l1b_sci-10days_20260120_v003.cdf,58
remaining_nonpulser,822147083704379776,2026-01-20T02:10:14.520379776,imap_idex_l1b_sci-10days_20260120_v003.cdf,59
remaining_nonpulser,822147150668380544,2026-01-20T02:11:21.484380544,imap_idex_l1b_sci-10days_20260120_v003.cdf,60
remaining_nonpulser,822147202123674880,2026-01-20T02:12:12.939674880,imap_idex_l1b_sci-10days_20260120_v003.cdf,61
remaining_nonpulser,822147292434574720,2026-01-20T02:13:43.250574720,imap_idex_l1b_sci-10days_20260120_v003.cdf,62
remaining_nonpulser,822147635552410624,2026-01-20T02:19:26.368410624,imap_idex_l1b_sci-10days_20260120_v003.cdf,63
remaining_nonpulser,822147650187717632,2026-01-20T02:19:41.003717632,imap_idex_l1b_sci-10days_20260120_v003.cdf,64
remaining_nonpulser,822147699703053824,2026-01-20T02:20:30.519053824,imap_idex_l1b_sci-10days_20260120_v003.cdf,65
remaining_nonpulser,822147940678460160,2026-01-20T02:24:31.494460160,imap_idex_l1b_sci-10days_20260120_v003.cdf,66
remaining_nonpulser,822148076978319360,2026-01-20T02:26:47.794319360,imap_idex_l1b_sci-10days_20260120_v003.cdf,67
remaining_nonpulser,822148254470242048,2026-01-20T02:29:45.286242048,imap_idex_l1b_sci-10days_20260120_v003.cdf,68
remaining_nonpulser,822148461108838784,2026-01-20T02:33:11.924838784,imap_idex_l1b_sci-10days_20260120_v003.cdf,69
remaining_nonpulser,822149309743766528,2026-01-20T02:47:20.559766528,imap_idex_l1b_sci-10days_20260120_v003.cdf,70
remaining_nonpulser,822149319108418176,2026-01-20T02:47:29.924418176,imap_idex_l1b_sci-10days_20260120_v003.cdf,71
remaining_nonpulser,822149399328627200,2026-01-20T02:48:50.144627200,imap_idex_l1b_sci-10days_20260120_v003.cdf,72
remaining_nonpulser,822149427422322176,2026-01-20T02:49:18.238322176,imap_idex_l1b_sci-10days_20260120_v003.cdf,73
remaining_nonpulser,822149520317299840,2026-01-20T02:50:51.133299840,imap_idex_l1b_sci-10days_20260120_v003.cdf,74
remaining_nonpulser,822149863753815552,2026-01-20T02:56:34.569815552,imap_idex_l1b_sci-10days_20260120_v003.cdf,75
remaining_nonpulser,822149930979835904,2026-01-20T02:57:41.795835904,imap_idex_l1b_sci-10days_20260120_v003.cdf,76
remaining_nonpulser,822149990096343552,2026-01-20T02:58:40.912343552,imap_idex_l1b_sci-10days_20260120_v003.cdf,77
remaining_nonpulser,822150200784876544,2026-01-20T03:02:11.600876544,imap_idex_l1b_sci-10days_20260120_v003.cdf,78
remaining_nonpulser,822150335068157568,2026-01-20T03:04:25.884157568,imap_idex_l1b_sci-10days_20260120_v003.cdf,79
remaining_nonpulser,822150605094158336,2026-01-20T03:08:55.910158336,imap_idex_l1b_sci-10days_20260120_v003.cdf,80
remaining_nonpulser,822150633747952896,2026-01-20T03:09:24.563952896,imap_idex_l1b_sci-10days_20260120_v003.cdf,81
remaining_nonpulser,822150715950520064,2026-01-20T03:10:46.766520064,imap_idex_l1b_sci-10days_20260120_v003.cdf,82
remaining_nonpulser,822150862833629696,2026-01-20T03:13:13.649629696,imap_idex_l1b_sci-10days_20260120_v003.cdf,83
remaining_nonpulser,822150928521331584,2026-01-20T03:14:19.337331584,imap_idex_l1b_sci-10days_20260120_v003.cdf,84
remaining_nonpulser,822150944301857536,2026-01-20T03:14:35.117857536,imap_idex_l1b_sci-10days_20260120_v003.cdf,85
remaining_nonpulser,822151043331729920,2026-01-20T03:16:14.147729920,imap_idex_l1b_sci-10days_20260120_v003.cdf,86
remaining_nonpulser,822151347116600576,2026-01-20T03:21:17.932600576,imap_idex_l1b_sci-10days_20260120_v003.cdf,87
remaining_nonpulser,822151381581509888,2026-01-20T03:21:52.397509888,imap_idex_l1b_sci-10days_20260120_v003.cdf,88
remaining_nonpulser,822151463919676928,2026-01-20T03:23:14.735676928,imap_idex_l1b_sci-10days_20260120_v003.cdf,89
remaining_nonpulser,822151623264495744,2026-01-20T03:25:54.080495744,imap_idex_l1b_sci-10days_20260120_v003.cdf,90
remaining_nonpulser,822151719960529920,2026-01-20T03:27:30.776529920,imap_idex_l1b_sci-10days_20260120_v003.cdf,91
remaining_nonpulser,822151766980788352,2026-01-20T03:28:17.796788352,imap_idex_l1b_sci-10days_20260120_v003.cdf,92
remaining_nonpulser,822151904524606464,2026-01-20T03:30:35.340606464,imap_idex_l1b_sci-10days_20260120_v003.cdf,93
remaining_nonpulser,822151992407328512,2026-01-20T03:32:03.223328512,imap_idex_l1b_sci-10days_20260120_v003.cdf,94
remaining_nonpulser,822152184885957888,2026-01-20T03:35:15.701957888,imap_idex_l1b_sci-10days_20260120_v003.cdf,95
remaining_nonpulser,822152380767084160,2026-01-20T03:38:31.583084160,imap_idex_l1b_sci-10days_20260120_v003.cdf,96
remaining_nonpulser,822152409658298624,2026-01-20T03:39:00.474298624,imap_idex_l1b_sci-10days_20260120_v003.cdf,97
remaining_nonpulser,822152472836342656,2026-01-20T03:40:03.652342656,imap_idex_l1b_sci-10days_20260120_v003.cdf,98
remaining_nonpulser,822152566148779904,2026-01-20T03:41:36.964779904,imap_idex_l1b_sci-10days_20260120_v003.cdf,99
remaining_nonpulser,822152652561303296,2026-01-20T03:43:03.377303296,imap_idex_l1b_sci-10days_20260120_v003.cdf,100
remaining_nonpulser,822152696850104064,2026-01-20T03:43:47.666104064,imap_idex_l1b_sci-10days_20260120_v003.cdf,101
remaining_nonpulser,822152796061376128,2026-01-20T03:45:26.877376128,imap_idex_l1b_sci-10days_20260120_v003.cdf,102
remaining_nonpulser,822152981166051968,2026-01-20T03:48:31.982051968,imap_idex_l1b_sci-10days_20260120_v003.cdf,103
remaining_nonpulser,822153082747681920,2026-01-20T03:50:13.563681920,imap_idex_l1b_sci-10days_20260120_v003.cdf,105
remaining_nonpulser,822153122931946240,2026-01-20T03:50:53.747946240,imap_idex_l1b_sci-10days_20260120_v003.cdf,106
remaining_nonpulser,822153258083946496,2026-01-20T03:53:08.899946496,imap_idex_l1b_sci-10days_20260120_v003.cdf,107
remaining_nonpulser,822153281048806144,2026-01-20T03:53:31.864806144,imap_idex_l1b_sci-10days_20260120_v003.cdf,108
remaining_nonpulser,822153617561887872,2026-01-20T03:59:08.377887872,imap_idex_l1b_sci-10days_20260120_v003.cdf,109
remaining_nonpulser,822153728616849280,2026-01-20T04:00:59.432849280,imap_idex_l1b_sci-10days_20260120_v003.cdf,110
remaining_nonpulser,822153921833938176,2026-01-20T04:04:12.649938176,imap_idex_l1b_sci-10days_20260120_v003.cdf,111
remaining_nonpulser,822154179985629312,2026-01-20T04:08:30.801629312,imap_idex_l1b_sci-10days_20260120_v003.cdf,112
remaining_nonpulser,822154226568328064,2026-01-20T04:09:17.384328064,imap_idex_l1b_sci-10days_20260120_v003.cdf,113
remaining_nonpulser,822154279603240960,2026-01-20T04:10:10.419240960,imap_idex_l1b_sci-10days_20260120_v003.cdf,114
remaining_nonpulser,822154346706721408,2026-01-20T04:11:17.522721408,imap_idex_l1b_sci-10days_20260120_v003.cdf,115
remaining_nonpulser,822154397733936128,2026-01-20T04:12:08.549936128,imap_idex_l1b_sci-10days_20260120_v003.cdf,116
remaining_nonpulser,822154407090967936,2026-01-20T04:12:17.906967936,imap_idex_l1b_sci-10days_20260120_v003.cdf,117
remaining_nonpulser,822154412178463488,2026-01-20T04:12:22.994463488,imap_idex_l1b_sci-10days_20260120_v003.cdf,118
remaining_nonpulser,822154902645048576,2026-01-20T04:20:33.461048576,imap_idex_l1b_sci-10days_20260120_v003.cdf,119
remaining_nonpulser,822155410824358144,2026-01-20T04:29:01.640358144,imap_idex_l1b_sci-10days_20260120_v003.cdf,120
remaining_nonpulser,822156124094265856,2026-01-20T04:40:54.910265856,imap_idex_l1b_sci-10days_20260120_v003.cdf,121
remaining_nonpulser,822156200511538176,2026-01-20T04:42:11.327538176,imap_idex_l1b_sci-10days_20260120_v003.cdf,122
remaining_nonpulser,822156268161238144,2026-01-20T04:43:18.977238144,imap_idex_l1b_sci-10days_20260120_v003.cdf,123
remaining_nonpulser,822156389242070784,2026-01-20T04:45:20.058070784,imap_idex_l1b_sci-10days_20260120_v003.cdf,124
remaining_nonpulser,822156417651085696,2026-01-20T04:45:48.467085696,imap_idex_l1b_sci-10days_20260120_v003.cdf,125
remaining_nonpulser,822157377637654656,2026-01-20T05:01:48.453654656,imap_idex_l1b_sci-10days_20260120_v003.cdf,126
remaining_nonpulser,822157427993990016,2026-01-20T05:02:38.809990016,imap_idex_l1b_sci-10days_20260120_v003.cdf,127
remaining_nonpulser,822157565928707712,2026-01-20T05:04:56.744707712,imap_idex_l1b_sci-10days_20260120_v003.cdf,128
remaining_nonpulser,822157601707356032,2026-01-20T05:05:32.523356032,imap_idex_l1b_sci-10days_20260120_v003.cdf,129
remaining_nonpulser,822157666279418880,2026-01-20T05:06:37.095418880,imap_idex_l1b_sci-10days_20260120_v003.cdf,130
remaining_nonpulser,822157678253388288,2026-01-20T05:06:49.069388288,imap_idex_l1b_sci-10days_20260120_v003.cdf,131
remaining_nonpulser,822157819632642816,2026-01-20T05:09:10.448642816,imap_idex_l1b_sci-10days_20260120_v003.cdf,132
remaining_nonpulser,822157958694779520,2026-01-20T05:11:29.510779520,imap_idex_l1b_sci-10days_20260120_v003.cdf,133
remaining_nonpulser,822158066651123840,2026-01-20T05:13:17.467123840,imap_idex_l1b_sci-10days_20260120_v003.cdf,134
remaining_nonpulser,822158128439629056,2026-01-20T05:14:19.255629056,imap_idex_l1b_sci-10days_20260120_v003.cdf,135
remaining_nonpulser,822158216864090624,2026-01-20T05:15:47.680090624,imap_idex_l1b_sci-10days_20260120_v003.cdf,136
remaining_nonpulser,822158372026613120,2026-01-20T05:18:22.842613120,imap_idex_l1b_sci-10days_20260120_v003.cdf,137
remaining_nonpulser,822158511133109760,2026-01-20T05:20:41.949109760,imap_idex_l1b_sci-10days_20260120_v003.cdf,138
remaining_nonpulser,822158559760806784,2026-01-20T05:21:30.576806784,imap_idex_l1b_sci-10days_20260120_v003.cdf,139
remaining_nonpulser,822158707691555712,2026-01-20T05:23:58.507555712,imap_idex_l1b_sci-10days_20260120_v003.cdf,140
remaining_nonpulser,822158846721432320,2026-01-20T05:26:17.537432320,imap_idex_l1b_sci-10days_20260120_v003.cdf,141
remaining_nonpulser,822158955328996096,2026-01-20T05:28:06.144996096,imap_idex_l1b_sci-10days_20260120_v003.cdf,142
remaining_nonpulser,822158984892129920,2026-01-20T05:28:35.708129920,imap_idex_l1b_sci-10days_20260120_v003.cdf,143
remaining_nonpulser,822159036693544064,2026-01-20T05:29:27.509544064,imap_idex_l1b_sci-10days_20260120_v003.cdf,144
remaining_nonpulser,822159076899908352,2026-01-20T05:30:07.715908352,imap_idex_l1b_sci-10days_20260120_v003.cdf,145
remaining_nonpulser,822159339294095744,2026-01-20T05:34:30.110095744,imap_idex_l1b_sci-10days_20260120_v003.cdf,146
remaining_nonpulser,822159388672252032,2026-01-20T05:35:19.488252032,imap_idex_l1b_sci-10days_20260120_v003.cdf,147
remaining_nonpulser,822159429241036032,2026-01-20T05:36:00.057036032,imap_idex_l1b_sci-10days_20260120_v003.cdf,148
remaining_nonpulser,822159439937306496,2026-01-20T05:36:10.753306496,imap_idex_l1b_sci-10days_20260120_v003.cdf,149
remaining_nonpulser,822159468242181504,2026-01-20T05:36:39.058181504,imap_idex_l1b_sci-10days_20260120_v003.cdf,150
remaining_nonpulser,822159586793056384,2026-01-20T05:38:37.609056384,imap_idex_l1b_sci-10days_20260120_v003.cdf,151
remaining_nonpulser,822159631474776704,2026-01-20T05:39:22.290776704,imap_idex_l1b_sci-10days_20260120_v003.cdf,152
remaining_nonpulser,822159650180900096,2026-01-20T05:39:40.996900096,imap_idex_l1b_sci-10days_20260120_v003.cdf,153
remaining_nonpulser,822159673296359680,2026-01-20T05:40:04.112359680,imap_idex_l1b_sci-10days_20260120_v003.cdf,154
remaining_nonpulser,822159691526523648,2026-01-20T05:40:22.342523648,imap_idex_l1b_sci-10days_20260120_v003.cdf,155
remaining_nonpulser,822159722163756416,2026-01-20T05:40:52.979756416,imap_idex_l1b_sci-10days_20260120_v003.cdf,156
remaining_nonpulser,822159730202829184,2026-01-20T05:41:01.018829184,imap_idex_l1b_sci-10days_20260120_v003.cdf,157
remaining_nonpulser,822159827448082944,2026-01-20T05:42:38.264082944,imap_idex_l1b_sci-10days_20260120_v003.cdf,158
remaining_nonpulser,822159865462909312,2026-01-20T05:43:16.278909312,imap_idex_l1b_sci-10days_20260120_v003.cdf,159
remaining_nonpulser,822159886373250688,2026-01-20T05:43:37.189250688,imap_idex_l1b_sci-10days_20260120_v003.cdf,160
remaining_nonpulser,822159931531730816,2026-01-20T05:44:22.347730816,imap_idex_l1b_sci-10days_20260120_v003.cdf,161
remaining_nonpulser,822160007584143360,2026-01-20T05:45:38.400143360,imap_idex_l1b_sci-10days_20260120_v003.cdf,162
remaining_nonpulser,822160044141910912,2026-01-20T05:46:14.957910912,imap_idex_l1b_sci-10days_20260120_v003.cdf,163
remaining_nonpulser,822160087663592320,2026-01-20T05:46:58.479592320,imap_idex_l1b_sci-10days_20260120_v003.cdf,164
remaining_nonpulser,822160197894214656,2026-01-20T05:48:48.710214656,imap_idex_l1b_sci-10days_20260120_v003.cdf,165
remaining_nonpulser,822160333120794752,2026-01-20T05:51:03.936794752,imap_idex_l1b_sci-10days_20260120_v003.cdf,166
remaining_nonpulser,822160352134897792,2026-01-20T05:51:22.950897792,imap_idex_l1b_sci-10days_20260120_v003.cdf,167
remaining_nonpulser,822160365555705984,2026-01-20T05:51:36.371705984,imap_idex_l1b_sci-10days_20260120_v003.cdf,168
remaining_nonpulser,822160387710026368,2026-01-20T05:51:58.526026368,imap_idex_l1b_sci-10days_20260120_v003.cdf,169
remaining_nonpulser,822160443421336832,2026-01-20T05:52:54.237336832,imap_idex_l1b_sci-10days_20260120_v003.cdf,170
remaining_nonpulser,822160527266082688,2026-01-20T05:54:18.082082688,imap_idex_l1b_sci-10days_20260120_v003.cdf,171
remaining_nonpulser,822160605751713152,2026-01-20T05:55:36.567713152,imap_idex_l1b_sci-10days_20260120_v003.cdf,172
remaining_nonpulser,822160638468584192,2026-01-20T05:56:09.284584192,imap_idex_l1b_sci-10days_20260120_v003.cdf,173
remaining_nonpulser,822160667671258240,2026-01-20T05:56:38.487258240,imap_idex_l1b_sci-10days_20260120_v003.cdf,174
remaining_nonpulser,822160673009813504,2026-01-20T05:56:43.825813504,imap_idex_l1b_sci-10days_20260120_v003.cdf,175
remaining_nonpulser,822160687822880256,2026-01-20T05:56:58.638880256,imap_idex_l1b_sci-10days_20260120_v003.cdf,176
remaining_nonpulser,822160718541013120,2026-01-20T05:57:29.357013120,imap_idex_l1b_sci-10days_20260120_v003.cdf,177
remaining_nonpulser,822160819630763392,2026-01-20T05:59:10.446763392,imap_idex_l1b_sci-10days_20260120_v003.cdf,178
remaining_nonpulser,822160834371330560,2026-01-20T05:59:25.187330560,imap_idex_l1b_sci-10days_20260120_v003.cdf,179
remaining_nonpulser,822160847373878784,2026-01-20T05:59:38.189878784,imap_idex_l1b_sci-10days_20260120_v003.cdf,180
remaining_nonpulser,822160851556155264,2026-01-20T05:59:42.372155264,imap_idex_l1b_sci-10days_20260120_v003.cdf,181
remaining_nonpulser,822160860871406976,2026-01-20T05:59:51.687406976,imap_idex_l1b_sci-10days_20260120_v003.cdf,182
remaining_nonpulser,822160879651330176,2026-01-20T06:00:10.467330176,imap_idex_l1b_sci-10days_20260120_v003.cdf,183
remaining_nonpulser,822160892146759168,2026-01-20T06:00:22.962759168,imap_idex_l1b_sci-10days_20260120_v003.cdf,184
remaining_nonpulser,822160914206479616,2026-01-20T06:00:45.022479616,imap_idex_l1b_sci-10days_20260120_v003.cdf,185
remaining_nonpulser,822161029423637504,2026-01-20T06:02:40.239637504,imap_idex_l1b_sci-10days_20260120_v003.cdf,186
remaining_nonpulser,822161064430086528,2026-01-20T06:03:15.246086528,imap_idex_l1b_sci-10days_20260120_v003.cdf,187
remaining_nonpulser,822161105882829696,2026-01-20T06:03:56.698829696,imap_idex_l1b_sci-10days_20260120_v003.cdf,188
remaining_nonpulser,822161223005105920,2026-01-20T06:05:53.821105920,imap_idex_l1b_sci-10days_20260120_v003.cdf,189
remaining_nonpulser,822161312271166848,2026-01-20T06:07:23.087166848,imap_idex_l1b_sci-10days_20260120_v003.cdf,190
remaining_nonpulser,822161339561382528,2026-01-20T06:07:50.377382528,imap_idex_l1b_sci-10days_20260120_v003.cdf,191
remaining_nonpulser,822161363151681664,2026-01-20T06:08:13.967681664,imap_idex_l1b_sci-10days_20260120_v003.cdf,192
remaining_nonpulser,822161377284509184,2026-01-20T06:08:28.100509184,imap_idex_l1b_sci-10days_20260120_v003.cdf,193
remaining_nonpulser,822161395708672768,2026-01-20T06:08:46.524672768,imap_idex_l1b_sci-10days_20260120_v003.cdf,194
remaining_nonpulser,822161431992200704,2026-01-20T06:09:22.808200704,imap_idex_l1b_sci-10days_20260120_v003.cdf,195
remaining_nonpulser,822161437769815424,2026-01-20T06:09:28.585815424,imap_idex_l1b_sci-10days_20260120_v003.cdf,196
remaining_nonpulser,822161445125169024,2026-01-20T06:09:35.941169024,imap_idex_l1b_sci-10days_20260120_v003.cdf,197
remaining_nonpulser,822161454836260352,2026-01-20T06:09:45.652260352,imap_idex_l1b_sci-10days_20260120_v003.cdf,198
remaining_nonpulser,822161479415818752,2026-01-20T06:10:10.231818752,imap_idex_l1b_sci-10days_20260120_v003.cdf,199
remaining_nonpulser,822161492011187456,2026-01-20T06:10:22.827187456,imap_idex_l1b_sci-10days_20260120_v003.cdf,200
remaining_nonpulser,822161543196282112,2026-01-20T06:11:14.012282112,imap_idex_l1b_sci-10days_20260120_v003.cdf,201
remaining_nonpulser,822161587399022848,2026-01-20T06:11:58.215022848,imap_idex_l1b_sci-10days_20260120_v003.cdf,202
remaining_nonpulser,822161634128581376,2026-01-20T06:12:44.944581376,imap_idex_l1b_sci-10days_20260120_v003.cdf,203
remaining_nonpulser,822161673156446976,2026-01-20T06:13:23.972446976,imap_idex_l1b_sci-10days_20260120_v003.cdf,204
remaining_nonpulser,822161689647412224,2026-01-20T06:13:40.463412224,imap_idex_l1b_sci-10days_20260120_v003.cdf,205
remaining_nonpulser,822161720173085184,2026-01-20T06:14:10.989085184,imap_idex_l1b_sci-10days_20260120_v003.cdf,206
remaining_nonpulser,822161741193046528,2026-01-20T06:14:32.009046528,imap_idex_l1b_sci-10days_20260120_v003.cdf,207
remaining_nonpulser,822161762988447232,2026-01-20T06:14:53.804447232,imap_idex_l1b_sci-10days_20260120_v003.cdf,208
remaining_nonpulser,822161778219293824,2026-01-20T06:15:09.035293824,imap_idex_l1b_sci-10days_20260120_v003.cdf,209
remaining_nonpulser,822161831868266112,2026-01-20T06:16:02.684266112,imap_idex_l1b_sci-10days_20260120_v003.cdf,210
remaining_nonpulser,822161868571453568,2026-01-20T06:16:39.387453568,imap_idex_l1b_sci-10days_20260120_v003.cdf,211
remaining_nonpulser,822161892674872320,2026-01-20T06:17:03.490872320,imap_idex_l1b_sci-10days_20260120_v003.cdf,212
remaining_nonpulser,822161899405686272,2026-01-20T06:17:10.221686272,imap_idex_l1b_sci-10days_20260120_v003.cdf,213
remaining_nonpulser,822161993869602560,2026-01-20T06:18:44.685602560,imap_idex_l1b_sci-10days_20260120_v003.cdf,214
remaining_nonpulser,822162043011619072,2026-01-20T06:19:33.827619072,imap_idex_l1b_sci-10days_20260120_v003.cdf,215
remaining_nonpulser,822162053598269568,2026-01-20T06:19:44.414269568,imap_idex_l1b_sci-10days_20260120_v003.cdf,216
remaining_nonpulser,822162060235963648,2026-01-20T06:19:51.051963648,imap_idex_l1b_sci-10days_20260120_v003.cdf,217
remaining_nonpulser,822162093868733824,2026-01-20T06:20:24.684733824,imap_idex_l1b_sci-10days_20260120_v003.cdf,218
remaining_nonpulser,822162103357885440,2026-01-20T06:20:34.173885440,imap_idex_l1b_sci-10days_20260120_v003.cdf,219
remaining_nonpulser,822162109136080384,2026-01-20T06:20:39.952080384,imap_idex_l1b_sci-10days_20260120_v003.cdf,220
remaining_nonpulser,822162129863961984,2026-01-20T06:21:00.679961984,imap_idex_l1b_sci-10days_20260120_v003.cdf,221
remaining_nonpulser,822162238398785792,2026-01-20T06:22:49.214785792,imap_idex_l1b_sci-10days_20260120_v003.cdf,222
remaining_nonpulser,822162243004161664,2026-01-20T06:22:53.820161664,imap_idex_l1b_sci-10days_20260120_v003.cdf,223
remaining_nonpulser,822162247890717440,2026-01-20T06:22:58.706717440,imap_idex_l1b_sci-10days_20260120_v003.cdf,224
remaining_nonpulser,822162258276868096,2026-01-20T06:23:09.092868096,imap_idex_l1b_sci-10days_20260120_v003.cdf,225
remaining_nonpulser,822162271378076544,2026-01-20T06:23:22.194076544,imap_idex_l1b_sci-10days_20260120_v003.cdf,226
remaining_nonpulser,822162306185305728,2026-01-20T06:23:57.001305728,imap_idex_l1b_sci-10days_20260120_v003.cdf,227
remaining_nonpulser,822162339709536128,2026-01-20T06:24:30.525536128,imap_idex_l1b_sci-10days_20260120_v003.cdf,228
remaining_nonpulser,822162356057641472,2026-01-20T06:24:46.873641472,imap_idex_l1b_sci-10days_20260120_v003.cdf,229
remaining_nonpulser,822162390129431424,2026-01-20T06:25:20.945431424,imap_idex_l1b_sci-10days_20260120_v003.cdf,230
remaining_nonpulser,822162430226815744,2026-01-20T06:26:01.042815744,imap_idex_l1b_sci-10days_20260120_v003.cdf,231
remaining_nonpulser,822162438255888640,2026-01-20T06:26:09.071888640,imap_idex_l1b_sci-10days_20260120_v003.cdf,232
remaining_nonpulser,822162482878369152,2026-01-20T06:26:53.694369152,imap_idex_l1b_sci-10days_20260120_v003.cdf,233
remaining_nonpulser,822162524402352384,2026-01-20T06:27:35.218352384,imap_idex_l1b_sci-10days_20260120_v003.cdf,234
remaining_nonpulser,822162541130637440,2026-01-20T06:27:51.946637440,imap_idex_l1b_sci-10days_20260120_v003.cdf,235
remaining_nonpulser,822162547541471744,2026-01-20T06:27:58.357471744,imap_idex_l1b_sci-10days_20260120_v003.cdf,236
remaining_nonpulser,822162556267224064,2026-01-20T06:28:07.083224064,imap_idex_l1b_sci-10days_20260120_v003.cdf,237
remaining_nonpulser,822162576535606144,2026-01-20T06:28:27.351606144,imap_idex_l1b_sci-10days_20260120_v003.cdf,238
remaining_nonpulser,822162600554684800,2026-01-20T06:28:51.370684800,imap_idex_l1b_sci-10days_20260120_v003.cdf,239
remaining_nonpulser,822162618534648832,2026-01-20T06:29:09.350648832,imap_idex_l1b_sci-10days_20260120_v003.cdf,240
remaining_nonpulser,822162626795841408,2026-01-20T06:29:17.611841408,imap_idex_l1b_sci-10days_20260120_v003.cdf,241
remaining_nonpulser,822162642537947520,2026-01-20T06:29:33.353947520,imap_idex_l1b_sci-10days_20260120_v003.cdf,242
remaining_nonpulser,822162680715913600,2026-01-20T06:30:11.531913600,imap_idex_l1b_sci-10days_20260120_v003.cdf,243
remaining_nonpulser,822162703775633152,2026-01-20T06:30:34.591633152,imap_idex_l1b_sci-10days_20260120_v003.cdf,244
remaining_nonpulser,822162721718097408,2026-01-20T06:30:52.534097408,imap_idex_l1b_sci-10days_20260120_v003.cdf,245
remaining_nonpulser,822162777489607936,2026-01-20T06:31:48.305607936,imap_idex_l1b_sci-10days_20260120_v003.cdf,246
remaining_nonpulser,822162783294562688,2026-01-20T06:31:54.110562688,imap_idex_l1b_sci-10days_20260120_v003.cdf,247
remaining_nonpulser,822162911810088832,2026-01-20T06:34:02.626088832,imap_idex_l1b_sci-10days_20260120_v003.cdf,248
remaining_nonpulser,822162940534183424,2026-01-20T06:34:31.350183424,imap_idex_l1b_sci-10days_20260120_v003.cdf,249
remaining_nonpulser,822163056097540992,2026-01-20T06:36:26.913540992,imap_idex_l1b_sci-10days_20260120_v003.cdf,250
remaining_nonpulser,822163158004410624,2026-01-20T06:38:08.820410624,imap_idex_l1b_sci-10days_20260120_v003.cdf,251
remaining_nonpulser,822163183655127936,2026-01-20T06:38:34.471127936,imap_idex_l1b_sci-10days_20260120_v003.cdf,252
remaining_nonpulser,822163213296021632,2026-01-20T06:39:04.112021632,imap_idex_l1b_sci-10days_20260120_v003.cdf,253
remaining_nonpulser,822163230992565888,2026-01-20T06:39:21.808565888,imap_idex_l1b_sci-10days_20260120_v003.cdf,254
remaining_nonpulser,822163285163997952,2026-01-20T06:40:15.979997952,imap_idex_l1b_sci-10days_20260120_v003.cdf,255
remaining_nonpulser,822163332130456192,2026-01-20T06:41:02.946456192,imap_idex_l1b_sci-10days_20260120_v003.cdf,256
remaining_nonpulser,822163344495405184,2026-01-20T06:41:15.311405184,imap_idex_l1b_sci-10days_20260120_v003.cdf,257
remaining_nonpulser,822163357832713472,2026-01-20T06:41:28.648713472,imap_idex_l1b_sci-10days_20260120_v003.cdf,258
remaining_nonpulser,822163470261753856,2026-01-20T06:43:21.077753856,imap_idex_l1b_sci-10days_20260120_v003.cdf,259
remaining_nonpulser,822163508439399936,2026-01-20T06:43:59.255399936,imap_idex_l1b_sci-10days_20260120_v003.cdf,260
remaining_nonpulser,822163513214175744,2026-01-20T06:44:04.030175744,imap_idex_l1b_sci-10days_20260120_v003.cdf,261
remaining_nonpulser,822163579685116928,2026-01-20T06:45:10.501116928,imap_idex_l1b_sci-10days_20260120_v003.cdf,262
remaining_nonpulser,822163628360793600,2026-01-20T06:45:59.176793600,imap_idex_l1b_sci-10days_20260120_v003.cdf,263
remaining_nonpulser,822163904491308800,2026-01-20T06:50:35.307308800,imap_idex_l1b_sci-10days_20260120_v003.cdf,264
remaining_nonpulser,822163955438503680,2026-01-20T06:51:26.254503680,imap_idex_l1b_sci-10days_20260120_v003.cdf,265
remaining_nonpulser,822164031727856128,2026-01-20T06:52:42.543856128,imap_idex_l1b_sci-10days_20260120_v003.cdf,266
remaining_nonpulser,822164057391653248,2026-01-20T06:53:08.207653248,imap_idex_l1b_sci-10days_20260120_v003.cdf,267
remaining_nonpulser,822164063409568000,2026-01-20T06:53:14.225568000,imap_idex_l1b_sci-10days_20260120_v003.cdf,268
remaining_nonpulser,822164075301897344,2026-01-20T06:53:26.117897344,imap_idex_l1b_sci-10days_20260120_v003.cdf,269
remaining_nonpulser,822164101500134272,2026-01-20T06:53:52.316134272,imap_idex_l1b_sci-10days_20260120_v003.cdf,270
remaining_nonpulser,822164155841606144,2026-01-20T06:54:46.657606144,imap_idex_l1b_sci-10days_20260120_v003.cdf,271
remaining_nonpulser,822164194073232128,2026-01-20T06:55:24.889232128,imap_idex_l1b_sci-10days_20260120_v003.cdf,272
remaining_nonpulser,822164238368912896,2026-01-20T06:56:09.184912896,imap_idex_l1b_sci-10days_20260120_v003.cdf,273
remaining_nonpulser,822164288384268544,2026-01-20T06:56:59.200268544,imap_idex_l1b_sci-10days_20260120_v003.cdf,274
remaining_nonpulser,822164334857927296,2026-01-20T06:57:45.673927296,imap_idex_l1b_sci-10days_20260120_v003.cdf,275
remaining_nonpulser,822164351941332224,2026-01-20T06:58:02.757332224,imap_idex_l1b_sci-10days_20260120_v003.cdf,276
remaining_nonpulser,822164395756313344,2026-01-20T06:58:46.572313344,imap_idex_l1b_sci-10days_20260120_v003.cdf,277
remaining_nonpulser,822164462162574592,2026-01-20T06:59:52.978574592,imap_idex_l1b_sci-10days_20260120_v003.cdf,278
remaining_nonpulser,822164524838098944,2026-01-20T07:00:55.654098944,imap_idex_l1b_sci-10days_20260120_v003.cdf,279
remaining_nonpulser,822164538275087104,2026-01-20T07:01:09.091087104,imap_idex_l1b_sci-10days_20260120_v003.cdf,280
remaining_nonpulser,822164622825892096,2026-01-20T07:02:33.641892096,imap_idex_l1b_sci-10days_20260120_v003.cdf,281
remaining_nonpulser,822164651989046272,2026-01-20T07:03:02.805046272,imap_idex_l1b_sci-10days_20260120_v003.cdf,282
remaining_nonpulser,822164735986151808,2026-01-20T07:04:26.802151808,imap_idex_l1b_sci-10days_20260120_v003.cdf,283
remaining_nonpulser,822164851125429632,2026-01-20T07:06:21.941429632,imap_idex_l1b_sci-10days_20260120_v003.cdf,284
remaining_nonpulser,822164869778813184,2026-01-20T07:06:40.594813184,imap_idex_l1b_sci-10days_20260120_v003.cdf,285
remaining_nonpulser,822164930663499264,2026-01-20T07:07:41.479499264,imap_idex_l1b_sci-10days_20260120_v003.cdf,286
remaining_nonpulser,822164977232897920,2026-01-20T07:08:28.048897920,imap_idex_l1b_sci-10days_20260120_v003.cdf,287
remaining_nonpulser,822165063252321664,2026-01-20T07:09:54.068321664,imap_idex_l1b_sci-10days_20260120_v003.cdf,288
remaining_nonpulser,822165075766350592,2026-01-20T07:10:06.582350592,imap_idex_l1b_sci-10days_20260120_v003.cdf,289
remaining_nonpulser,822165133681519232,2026-01-20T07:11:04.497519232,imap_idex_l1b_sci-10days_20260120_v003.cdf,290
remaining_nonpulser,822165142766491136,2026-01-20T07:11:13.582491136,imap_idex_l1b_sci-10days_20260120_v003.cdf,291
remaining_nonpulser,822165196727143424,2026-01-20T07:12:07.543143424,imap_idex_l1b_sci-10days_20260120_v003.cdf,292
remaining_nonpulser,822165539674079360,2026-01-20T07:17:50.490079360,imap_idex_l1b_sci-10days_20260120_v003.cdf,293
remaining_nonpulser,822165665490307840,2026-01-20T07:19:56.306307840,imap_idex_l1b_sci-10days_20260120_v003.cdf,294
remaining_nonpulser,822165676974877696,2026-01-20T07:20:07.790877696,imap_idex_l1b_sci-10days_20260120_v003.cdf,295
remaining_nonpulser,822165713483825152,2026-01-20T07:20:44.299825152,imap_idex_l1b_sci-10days_20260120_v003.cdf,296
remaining_nonpulser,822165810041819648,2026-01-20T07:22:20.857819648,imap_idex_l1b_sci-10days_20260120_v003.cdf,297
remaining_nonpulser,822165855526459392,2026-01-20T07:23:06.342459392,imap_idex_l1b_sci-10days_20260120_v003.cdf,298
remaining_nonpulser,822165870325746176,2026-01-20T07:23:21.141746176,imap_idex_l1b_sci-10days_20260120_v003.cdf,299
remaining_nonpulser,822165903205877248,2026-01-20T07:23:54.021877248,imap_idex_l1b_sci-10days_20260120_v003.cdf,300
remaining_nonpulser,822165977656791040,2026-01-20T07:25:08.472791040,imap_idex_l1b_sci-10days_20260120_v003.cdf,301
remaining_nonpulser,822166027033287424,2026-01-20T07:25:57.849287424,imap_idex_l1b_sci-10days_20260120_v003.cdf,302
remaining_nonpulser,822166078090922112,2026-01-20T07:26:48.906922112,imap_idex_l1b_sci-10days_20260120_v003.cdf,303
remaining_nonpulser,822166089571191936,2026-01-20T07:27:00.387191936,imap_idex_l1b_sci-10days_20260120_v003.cdf,304
remaining_nonpulser,822166223323833344,2026-01-20T07:29:14.139833344,imap_idex_l1b_sci-10days_20260120_v003.cdf,305
remaining_nonpulser,822166341138448896,2026-01-20T07:31:11.954448896,imap_idex_l1b_sci-10days_20260120_v003.cdf,306
remaining_nonpulser,822166400422656384,2026-01-20T07:32:11.238656384,imap_idex_l1b_sci-10days_20260120_v003.cdf,307
remaining_nonpulser,822166441630079744,2026-01-20T07:32:52.446079744,imap_idex_l1b_sci-10days_20260120_v003.cdf,308
remaining_nonpulser,822166465699518464,2026-01-20T07:33:16.515518464,imap_idex_l1b_sci-10days_20260120_v003.cdf,309
remaining_nonpulser,822166524428046336,2026-01-20T07:34:15.244046336,imap_idex_l1b_sci-10days_20260120_v003.cdf,310
remaining_nonpulser,822166538892593664,2026-01-20T07:34:29.708593664,imap_idex_l1b_sci-10days_20260120_v003.cdf,311
remaining_nonpulser,822166546415386880,2026-01-20T07:34:37.231386880,imap_idex_l1b_sci-10days_20260120_v003.cdf,312
remaining_nonpulser,822166650068795008,2026-01-20T07:36:20.884795008,imap_idex_l1b_sci-10days_20260120_v003.cdf,313
remaining_nonpulser,822166660206366080,2026-01-20T07:36:31.022366080,imap_idex_l1b_sci-10days_20260120_v003.cdf,314
remaining_nonpulser,822166738992116224,2026-01-20T07:37:49.808116224,imap_idex_l1b_sci-10days_20260120_v003.cdf,315
remaining_nonpulser,822166790170150784,2026-01-20T07:38:40.986150784,imap_idex_l1b_sci-10days_20260120_v003.cdf,316
remaining_nonpulser,822166817682226432,2026-01-20T07:39:08.498226432,imap_idex_l1b_sci-10days_20260120_v003.cdf,317
remaining_nonpulser,822166851228456576,2026-01-20T07:39:42.044456576,imap_idex_l1b_sci-10days_20260120_v003.cdf,318
remaining_nonpulser,822166935105942400,2026-01-20T07:41:05.921942400,imap_idex_l1b_sci-10days_20260120_v003.cdf,319
remaining_nonpulser,822166993527890560,2026-01-20T07:42:04.343890560,imap_idex_l1b_sci-10days_20260120_v003.cdf,320
remaining_nonpulser,822167053387157504,2026-01-20T07:43:04.203157504,imap_idex_l1b_sci-10days_20260120_v003.cdf,321
remaining_nonpulser,822167146886174720,2026-01-20T07:44:37.702174720,imap_idex_l1b_sci-10days_20260120_v003.cdf,322
remaining_nonpulser,822167233189378176,2026-01-20T07:46:04.005378176,imap_idex_l1b_sci-10days_20260120_v003.cdf,323
remaining_nonpulser,822167283623313408,2026-01-20T07:46:54.439313408,imap_idex_l1b_sci-10days_20260120_v003.cdf,324
remaining_nonpulser,822167501665260032,2026-01-20T07:50:32.481260032,imap_idex_l1b_sci-10days_20260120_v003.cdf,325
remaining_nonpulser,822312181975935232,2026-01-22T00:01:52.791935232,imap_idex_l1b_sci-10days_20260120_v003.cdf,326
remaining_nonpulser,822312233975609088,2026-01-22T00:02:44.791609088,imap_idex_l1b_sci-10days_20260120_v003.cdf,332
remaining_nonpulser,822312245975538432,2026-01-22T00:02:56.791538432,imap_idex_l1b_sci-10days_20260120_v003.cdf,333
remaining_nonpulser,822312257975447936,2026-01-22T00:03:08.791447936,imap_idex_l1b_sci-10days_20260120_v003.cdf,334
remaining_nonpulser,822312269975377280,2026-01-22T00:03:20.791377280,imap_idex_l1b_sci-10days_20260120_v003.cdf,335
remaining_nonpulser,822318177298923648,2026-01-22T01:41:48.114923648,imap_idex_l1b_sci-10days_20260120_v003.cdf,336
remaining_nonpulser,822318983356529536,2026-01-22T01:55:14.172529536,imap_idex_l1b_sci-10days_20260120_v003.cdf,337
remaining_nonpulser,822319035079843584,2026-01-22T01:56:05.895843584,imap_idex_l1b_sci-10days_20260120_v003.cdf,338
remaining_nonpulser,822319620501484928,2026-01-22T02:05:51.317484928,imap_idex_l1b_sci-10days_20260120_v003.cdf,339
remaining_nonpulser,822319755176765568,2026-01-22T02:08:05.992765568,imap_idex_l1b_sci-10days_20260120_v003.cdf,340
remaining_nonpulser,822319908547689856,2026-01-22T02:10:39.363689856,imap_idex_l1b_sci-10days_20260120_v003.cdf,341
remaining_nonpulser,822320321712883712,2026-01-22T02:17:32.528883712,imap_idex_l1b_sci-10days_20260120_v003.cdf,342
remaining_nonpulser,822320855267271040,2026-01-22T02:26:26.083271040,imap_idex_l1b_sci-10days_20260120_v003.cdf,343
remaining_nonpulser,822320885050344576,2026-01-22T02:26:55.866344576,imap_idex_l1b_sci-10days_20260120_v003.cdf,344
remaining_nonpulser,822320949237167744,2026-01-22T02:28:00.053167744,imap_idex_l1b_sci-10days_20260120_v003.cdf,345
remaining_nonpulser,822321762837166848,2026-01-22T02:41:33.653166848,imap_idex_l1b_sci-10days_20260120_v003.cdf,346
remaining_nonpulser,822321780650411136,2026-01-22T02:41:51.466411136,imap_idex_l1b_sci-10days_20260120_v003.cdf,347
remaining_nonpulser,822322353908283264,2026-01-22T02:51:24.724283264,imap_idex_l1b_sci-10days_20260120_v003.cdf,348
remaining_nonpulser,822322358207139328,2026-01-22T02:51:29.023139328,imap_idex_l1b_sci-10days_20260120_v003.cdf,349
remaining_nonpulser,822323238874899200,2026-01-22T03:06:09.690899200,imap_idex_l1b_sci-10days_20260120_v003.cdf,350
remaining_nonpulser,822323477896027264,2026-01-22T03:10:08.712027264,imap_idex_l1b_sci-10days_20260120_v003.cdf,351
remaining_nonpulser,822323575759780608,2026-01-22T03:11:46.575780608,imap_idex_l1b_sci-10days_20260120_v003.cdf,352
remaining_nonpulser,822323874152236288,2026-01-22T03:16:44.968236288,imap_idex_l1b_sci-10days_20260120_v003.cdf,353
remaining_nonpulser,822324031822696704,2026-01-22T03:19:22.638696704,imap_idex_l1b_sci-10days_20260120_v003.cdf,354
remaining_nonpulser,822324202345825408,2026-01-22T03:22:13.161825408,imap_idex_l1b_sci-10days_20260120_v003.cdf,355
remaining_nonpulser,822324390856718464,2026-01-22T03:25:21.672718464,imap_idex_l1b_sci-10days_20260120_v003.cdf,356
remaining_nonpulser,822325422660404352,2026-01-22T03:42:33.476404352,imap_idex_l1b_sci-10days_20260120_v003.cdf,357
remaining_nonpulser,822325481646392064,2026-01-22T03:43:32.462392064,imap_idex_l1b_sci-10days_20260120_v003.cdf,358
remaining_nonpulser,822325550621911040,2026-01-22T03:44:41.437911040,imap_idex_l1b_sci-10days_20260120_v003.cdf,359
remaining_nonpulser,822326155542494976,2026-01-22T03:54:46.358494976,imap_idex_l1b_sci-10days_20260120_v003.cdf,360
remaining_nonpulser,822326496124533248,2026-01-22T04:00:26.940533248,imap_idex_l1b_sci-10days_20260120_v003.cdf,361
remaining_nonpulser,822327105483953536,2026-01-22T04:10:36.299953536,imap_idex_l1b_sci-10days_20260120_v003.cdf,362
remaining_nonpulser,822327379277070848,2026-01-22T04:15:10.093070848,imap_idex_l1b_sci-10days_20260120_v003.cdf,363
remaining_nonpulser,822327460044979200,2026-01-22T04:16:30.860979200,imap_idex_l1b_sci-10days_20260120_v003.cdf,364
remaining_nonpulser,822328029407054720,2026-01-22T04:26:00.223054720,imap_idex_l1b_sci-10days_20260120_v003.cdf,365
remaining_nonpulser,822328081034909184,2026-01-22T04:26:51.850909184,imap_idex_l1b_sci-10days_20260120_v003.cdf,366
remaining_nonpulser,822328220330805632,2026-01-22T04:29:11.146805632,imap_idex_l1b_sci-10days_20260120_v003.cdf,367
remaining_nonpulser,822328411219076480,2026-01-22T04:32:22.035076480,imap_idex_l1b_sci-10days_20260120_v003.cdf,368
remaining_nonpulser,822328886721635200,2026-01-22T04:40:17.537635200,imap_idex_l1b_sci-10days_20260120_v003.cdf,369
remaining_nonpulser,822329226882233856,2026-01-22T04:45:57.698233856,imap_idex_l1b_sci-10days_20260120_v003.cdf,370
remaining_nonpulser,822329692797801088,2026-01-22T04:53:43.613801088,imap_idex_l1b_sci-10days_20260120_v003.cdf,371
remaining_nonpulser,822329856551216128,2026-01-22T04:56:27.367216128,imap_idex_l1b_sci-10days_20260120_v003.cdf,372
remaining_nonpulser,822329971702733952,2026-01-22T04:58:22.518733952,imap_idex_l1b_sci-10days_20260120_v003.cdf,373
remaining_nonpulser,822330036541556608,2026-01-22T04:59:27.357556608,imap_idex_l1b_sci-10days_20260120_v003.cdf,374
remaining_nonpulser,822330557316595200,2026-01-22T05:08:08.132595200,imap_idex_l1b_sci-10days_20260120_v003.cdf,375
remaining_nonpulser,822330664649220096,2026-01-22T05:09:55.465220096,imap_idex_l1b_sci-10days_20260120_v003.cdf,376
remaining_nonpulser,822331312221686400,2026-01-22T05:20:43.037686400,imap_idex_l1b_sci-10days_20260120_v003.cdf,377
remaining_nonpulser,822331540447744128,2026-01-22T05:24:31.263744128,imap_idex_l1b_sci-10days_20260120_v003.cdf,378
remaining_nonpulser,822331608773323648,2026-01-22T05:25:39.589323648,imap_idex_l1b_sci-10days_20260120_v003.cdf,379
remaining_nonpulser,822331993449602816,2026-01-22T05:32:04.265602816,imap_idex_l1b_sci-10days_20260120_v003.cdf,380
remaining_nonpulser,822332045080397184,2026-01-22T05:32:55.896397184,imap_idex_l1b_sci-10days_20260120_v003.cdf,381
remaining_nonpulser,822332077389188352,2026-01-22T05:33:28.205188352,imap_idex_l1b_sci-10days_20260120_v003.cdf,382
remaining_nonpulser,822332191759287296,2026-01-22T05:35:22.575287296,imap_idex_l1b_sci-10days_20260120_v003.cdf,383
remaining_nonpulser,822332377889022208,2026-01-22T05:38:28.705022208,imap_idex_l1b_sci-10days_20260120_v003.cdf,384
remaining_nonpulser,822332815215674880,2026-01-22T05:45:46.031674880,imap_idex_l1b_sci-10days_20260120_v003.cdf,385
remaining_nonpulser,822333077963101952,2026-01-22T05:50:08.779101952,imap_idex_l1b_sci-10days_20260120_v003.cdf,386
remaining_nonpulser,822333250294349312,2026-01-22T05:53:01.110349312,imap_idex_l1b_sci-10days_20260120_v003.cdf,387
remaining_nonpulser,822333451493010944,2026-01-22T05:56:22.309010944,imap_idex_l1b_sci-10days_20260120_v003.cdf,388
remaining_nonpulser,822333466081818240,2026-01-22T05:56:36.897818240,imap_idex_l1b_sci-10days_20260120_v003.cdf,389
remaining_nonpulser,822333659975166464,2026-01-22T05:59:50.791166464,imap_idex_l1b_sci-10days_20260120_v003.cdf,390
remaining_nonpulser,822334482449077632,2026-01-22T06:13:33.265077632,imap_idex_l1b_sci-10days_20260120_v003.cdf,391
remaining_nonpulser,822334905452642944,2026-01-22T06:20:36.268642944,imap_idex_l1b_sci-10days_20260120_v003.cdf,392
remaining_nonpulser,822335121194611712,2026-01-22T06:24:12.010611712,imap_idex_l1b_sci-10days_20260120_v003.cdf,393
remaining_nonpulser,822335272911617408,2026-01-22T06:26:43.727617408,imap_idex_l1b_sci-10days_20260120_v003.cdf,394
remaining_nonpulser,822335386599476608,2026-01-22T06:28:37.415476608,imap_idex_l1b_sci-10days_20260120_v003.cdf,395
remaining_nonpulser,822335849636026368,2026-01-22T06:36:20.452026368,imap_idex_l1b_sci-10days_20260120_v003.cdf,396
remaining_nonpulser,822336352820360576,2026-01-22T06:44:43.636360576,imap_idex_l1b_sci-10days_20260120_v003.cdf,397
remaining_nonpulser,822336373380242304,2026-01-22T06:45:04.196242304,imap_idex_l1b_sci-10days_20260120_v003.cdf,398
remaining_nonpulser,822336522339390336,2026-01-22T06:47:33.155390336,imap_idex_l1b_sci-10days_20260120_v003.cdf,399
remaining_nonpulser,822336629194935680,2026-01-22T06:49:20.010935680,imap_idex_l1b_sci-10days_20260120_v003.cdf,400
remaining_nonpulser,822337166080640128,2026-01-22T06:58:16.896640128,imap_idex_l1b_sci-10days_20260120_v003.cdf,401
remaining_nonpulser,822337720035209344,2026-01-22T07:07:30.851209344,imap_idex_l1b_sci-10days_20260120_v003.cdf,402
remaining_nonpulser,822337799126439040,2026-01-22T07:08:49.942439040,imap_idex_l1b_sci-10days_20260120_v003.cdf,403
remaining_nonpulser,822337958362478080,2026-01-22T07:11:29.178478080,imap_idex_l1b_sci-10days_20260120_v003.cdf,404
remaining_nonpulser,822338271658340480,2026-01-22T07:16:42.474340480,imap_idex_l1b_sci-10days_20260120_v003.cdf,405
remaining_nonpulser,822338888701733888,2026-01-22T07:26:59.517733888,imap_idex_l1b_sci-10days_20260120_v003.cdf,406
remaining_nonpulser,822338975856576512,2026-01-22T07:28:26.672576512,imap_idex_l1b_sci-10days_20260120_v003.cdf,407
remaining_nonpulser,822339674184377856,2026-01-22T07:40:05.000377856,imap_idex_l1b_sci-10days_20260120_v003.cdf,408
remaining_nonpulser,822340007247222912,2026-01-22T07:45:38.063222912,imap_idex_l1b_sci-10days_20260120_v003.cdf,409
remaining_nonpulser,822340530539419264,2026-01-22T07:54:21.355419264,imap_idex_l1b_sci-10days_20260120_v003.cdf,410
remaining_nonpulser,822340630041331072,2026-01-22T07:56:00.857331072,imap_idex_l1b_sci-10days_20260120_v003.cdf,411
remaining_nonpulser,822340652994390784,2026-01-22T07:56:23.810390784,imap_idex_l1b_sci-10days_20260120_v003.cdf,412
remaining_nonpulser,822340717240953856,2026-01-22T07:57:28.056953856,imap_idex_l1b_sci-10days_20260120_v003.cdf,413
remaining_nonpulser,822341031529955328,2026-01-22T08:02:42.345955328,imap_idex_l1b_sci-10days_20260120_v003.cdf,414
remaining_nonpulser,822341180398963456,2026-01-22T08:05:11.214963456,imap_idex_l1b_sci-10days_20260120_v003.cdf,415
remaining_nonpulser,822341546032279552,2026-01-22T08:11:16.848279552,imap_idex_l1b_sci-10days_20260120_v003.cdf,416
remaining_nonpulser,822341812143923712,2026-01-22T08:15:42.959923712,imap_idex_l1b_sci-10days_20260120_v003.cdf,417
remaining_nonpulser,822342246744058752,2026-01-22T08:22:57.560058752,imap_idex_l1b_sci-10days_20260120_v003.cdf,418
remaining_nonpulser,822343227927549312,2026-01-22T08:39:18.743549312,imap_idex_l1b_sci-10days_20260120_v003.cdf,419
remaining_nonpulser,822343420668378624,2026-01-22T08:42:31.484378624,imap_idex_l1b_sci-10days_20260120_v003.cdf,420
remaining_nonpulser,822343743988292224,2026-01-22T08:47:54.804292224,imap_idex_l1b_sci-10days_20260120_v003.cdf,421
remaining_nonpulser,822343904549469952,2026-01-22T08:50:35.365469952,imap_idex_l1b_sci-10days_20260120_v003.cdf,422
remaining_nonpulser,822344178569007104,2026-01-22T08:55:09.385007104,imap_idex_l1b_sci-10days_20260120_v003.cdf,423
remaining_nonpulser,822344450518766208,2026-01-22T08:59:41.334766208,imap_idex_l1b_sci-10days_20260120_v003.cdf,424
remaining_nonpulser,822344595393717888,2026-01-22T09:02:06.209717888,imap_idex_l1b_sci-10days_20260120_v003.cdf,425
remaining_nonpulser,822344784015910912,2026-01-22T09:05:14.831910912,imap_idex_l1b_sci-10days_20260120_v003.cdf,426
remaining_nonpulser,822345204631858048,2026-01-22T09:12:15.447858048,imap_idex_l1b_sci-10days_20260120_v003.cdf,427
remaining_nonpulser,822345335884881792,2026-01-22T09:14:26.700881792,imap_idex_l1b_sci-10days_20260120_v003.cdf,428
remaining_nonpulser,822346191221264128,2026-01-22T09:28:42.037264128,imap_idex_l1b_sci-10days_20260120_v003.cdf,429
remaining_nonpulser,822346446563557888,2026-01-22T09:32:57.379557888,imap_idex_l1b_sci-10days_20260120_v003.cdf,430
remaining_nonpulser,822347077493918720,2026-01-22T09:43:28.309918720,imap_idex_l1b_sci-10days_20260120_v003.cdf,431
remaining_nonpulser,822347901900888320,2026-01-22T09:57:12.716888320,imap_idex_l1b_sci-10days_20260120_v003.cdf,432
remaining_nonpulser,822348142647075072,2026-01-22T10:01:13.463075072,imap_idex_l1b_sci-10days_20260120_v003.cdf,433
remaining_nonpulser,822348321493376768,2026-01-22T10:04:12.309376768,imap_idex_l1b_sci-10days_20260120_v003.cdf,434
remaining_nonpulser,822348770908338432,2026-01-22T10:11:41.724338432,imap_idex_l1b_sci-10days_20260120_v003.cdf,435
remaining_nonpulser,822348809842823936,2026-01-22T10:12:20.658823936,imap_idex_l1b_sci-10days_20260120_v003.cdf,436
remaining_nonpulser,822349184809251840,2026-01-22T10:18:35.625251840,imap_idex_l1b_sci-10days_20260120_v003.cdf,437
remaining_nonpulser,822349328307924736,2026-01-22T10:20:59.123924736,imap_idex_l1b_sci-10days_20260120_v003.cdf,438
remaining_nonpulser,822349643646445312,2026-01-22T10:26:14.462445312,imap_idex_l1b_sci-10days_20260120_v003.cdf,439
remaining_nonpulser,822350014260376960,2026-01-22T10:32:25.076376960,imap_idex_l1b_sci-10days_20260120_v003.cdf,440
remaining_nonpulser,822350603724574720,2026-01-22T10:42:14.540574720,imap_idex_l1b_sci-10days_20260120_v003.cdf,441
remaining_nonpulser,822351095553838848,2026-01-22T10:50:26.369838848,imap_idex_l1b_sci-10days_20260120_v003.cdf,442
remaining_nonpulser,822351592296438912,2026-01-22T10:58:43.112438912,imap_idex_l1b_sci-10days_20260120_v003.cdf,443
remaining_nonpulser,822351817686379136,2026-01-22T11:02:28.502379136,imap_idex_l1b_sci-10days_20260120_v003.cdf,444
remaining_nonpulser,822352436601350912,2026-01-22T11:12:47.417350912,imap_idex_l1b_sci-10days_20260120_v003.cdf,445
remaining_nonpulser,822353050121947264,2026-01-22T11:23:00.937947264,imap_idex_l1b_sci-10days_20260120_v003.cdf,446
remaining_nonpulser,822353110336113792,2026-01-22T11:24:01.152113792,imap_idex_l1b_sci-10days_20260120_v003.cdf,447
remaining_nonpulser,822353529212222720,2026-01-22T11:31:00.028222720,imap_idex_l1b_sci-10days_20260120_v003.cdf,448
remaining_nonpulser,822353791479030400,2026-01-22T11:35:22.295030400,imap_idex_l1b_sci-10days_20260120_v003.cdf,449
remaining_nonpulser,822353804194839296,2026-01-22T11:35:35.010839296,imap_idex_l1b_sci-10days_20260120_v003.cdf,450
remaining_nonpulser,822353952593927680,2026-01-22T11:38:03.409927680,imap_idex_l1b_sci-10days_20260120_v003.cdf,451
remaining_nonpulser,822354046463704448,2026-01-22T11:39:37.279704448,imap_idex_l1b_sci-10days_20260120_v003.cdf,452
remaining_nonpulser,822354136482444800,2026-01-22T11:41:07.298444800,imap_idex_l1b_sci-10days_20260120_v003.cdf,453
remaining_nonpulser,822354985360952576,2026-01-22T11:55:16.176952576,imap_idex_l1b_sci-10days_20260120_v003.cdf,454
remaining_nonpulser,822355380644182400,2026-01-22T12:01:51.460182400,imap_idex_l1b_sci-10days_20260120_v003.cdf,455
remaining_nonpulser,822355718216943360,2026-01-22T12:07:29.032943360,imap_idex_l1b_sci-10days_20260120_v003.cdf,456
remaining_nonpulser,822355839419116032,2026-01-22T12:09:30.235116032,imap_idex_l1b_sci-10days_20260120_v003.cdf,457
remaining_nonpulser,822355889627651584,2026-01-22T12:10:20.443651584,imap_idex_l1b_sci-10days_20260120_v003.cdf,458
remaining_nonpulser,822355928005437440,2026-01-22T12:10:58.821437440,imap_idex_l1b_sci-10days_20260120_v003.cdf,459
remaining_nonpulser,822356024627971968,2026-01-22T12:12:35.443971968,imap_idex_l1b_sci-10days_20260120_v003.cdf,460
remaining_nonpulser,822356815870631040,2026-01-22T12:25:46.686631040,imap_idex_l1b_sci-10days_20260120_v003.cdf,461
remaining_nonpulser,822356859922811904,2026-01-22T12:26:30.738811904,imap_idex_l1b_sci-10days_20260120_v003.cdf,462
remaining_nonpulser,822357322288202240,2026-01-22T12:34:13.104202240,imap_idex_l1b_sci-10days_20260120_v003.cdf,463
remaining_nonpulser,822357330493194880,2026-01-22T12:34:21.309194880,imap_idex_l1b_sci-10days_20260120_v003.cdf,464
remaining_nonpulser,822357666243677440,2026-01-22T12:39:57.059677440,imap_idex_l1b_sci-10days_20260120_v003.cdf,465
remaining_nonpulser,822358452724880640,2026-01-22T12:53:03.540880640,imap_idex_l1b_sci-10days_20260120_v003.cdf,466
remaining_nonpulser,822358765736983424,2026-01-22T12:58:16.552983424,imap_idex_l1b_sci-10days_20260120_v003.cdf,467
remaining_nonpulser,822358798782194176,2026-01-22T12:58:49.598194176,imap_idex_l1b_sci-10days_20260120_v003.cdf,468
remaining_nonpulser,822358920796726016,2026-01-22T13:00:51.612726016,imap_idex_l1b_sci-10days_20260120_v003.cdf,469
remaining_nonpulser,822359119070570368,2026-01-22T13:04:09.886570368,imap_idex_l1b_sci-10days_20260120_v003.cdf,470
remaining_nonpulser,822359185460531584,2026-01-22T13:05:16.276531584,imap_idex_l1b_sci-10days_20260120_v003.cdf,471
remaining_nonpulser,822359855526037888,2026-01-22T13:16:26.342037888,imap_idex_l1b_sci-10days_20260120_v003.cdf,472
remaining_nonpulser,822359908031291264,2026-01-22T13:17:18.847291264,imap_idex_l1b_sci-10days_20260120_v003.cdf,473
remaining_nonpulser,822360034363779456,2026-01-22T13:19:25.179779456,imap_idex_l1b_sci-10days_20260120_v003.cdf,474
remaining_nonpulser,822360166702762240,2026-01-22T13:21:37.518762240,imap_idex_l1b_sci-10days_20260120_v003.cdf,475
remaining_nonpulser,822360464272878464,2026-01-22T13:26:35.088878464,imap_idex_l1b_sci-10days_20260120_v003.cdf,476
remaining_nonpulser,822360541688949888,2026-01-22T13:27:52.504949888,imap_idex_l1b_sci-10days_20260120_v003.cdf,477
remaining_nonpulser,822360777275241088,2026-01-22T13:31:48.091241088,imap_idex_l1b_sci-10days_20260120_v003.cdf,478
remaining_nonpulser,822360905364007680,2026-01-22T13:33:56.180007680,imap_idex_l1b_sci-10days_20260120_v003.cdf,479
remaining_nonpulser,822361113403243392,2026-01-22T13:37:24.219243392,imap_idex_l1b_sci-10days_20260120_v003.cdf,480
remaining_nonpulser,822361148082692736,2026-01-22T13:37:58.898692736,imap_idex_l1b_sci-10days_20260120_v003.cdf,481
remaining_nonpulser,822361736567291392,2026-01-22T13:47:47.383291392,imap_idex_l1b_sci-10days_20260120_v003.cdf,482
remaining_nonpulser,822361993539803648,2026-01-22T13:52:04.355803648,imap_idex_l1b_sci-10days_20260120_v003.cdf,483
remaining_nonpulser,822362537778241408,2026-01-22T14:01:08.594241408,imap_idex_l1b_sci-10days_20260120_v003.cdf,484
remaining_nonpulser,822362553869867264,2026-01-22T14:01:24.685867264,imap_idex_l1b_sci-10days_20260120_v003.cdf,485
remaining_nonpulser,822362771449914368,2026-01-22T14:05:02.265914368,imap_idex_l1b_sci-10days_20260120_v003.cdf,486
remaining_nonpulser,822362952589193984,2026-01-22T14:08:03.405193984,imap_idex_l1b_sci-10days_20260120_v003.cdf,487
remaining_nonpulser,822363230559127680,2026-01-22T14:12:41.375127680,imap_idex_l1b_sci-10days_20260120_v003.cdf,488
remaining_nonpulser,822363285497779072,2026-01-22T14:13:36.313779072,imap_idex_l1b_sci-10days_20260120_v003.cdf,489
remaining_nonpulser,822363501463327616,2026-01-22T14:17:12.279327616,imap_idex_l1b_sci-10days_20260120_v003.cdf,490
remaining_nonpulser,822364257462657920,2026-01-22T14:29:48.278657920,imap_idex_l1b_sci-10days_20260120_v003.cdf,491
remaining_nonpulser,822364315927186176,2026-01-22T14:30:46.743186176,imap_idex_l1b_sci-10days_20260120_v003.cdf,492
remaining_nonpulser,822364335648088576,2026-01-22T14:31:06.464088576,imap_idex_l1b_sci-10days_20260120_v003.cdf,493
remaining_nonpulser,822364355557050880,2026-01-22T14:31:26.373050880,imap_idex_l1b_sci-10days_20260120_v003.cdf,494
remaining_nonpulser,822364486881954560,2026-01-22T14:33:37.697954560,imap_idex_l1b_sci-10days_20260120_v003.cdf,495
remaining_nonpulser,822365729388233728,2026-01-22T14:54:20.204233728,imap_idex_l1b_sci-10days_20260120_v003.cdf,496
remaining_nonpulser,822366083915919744,2026-01-22T15:00:14.731919744,imap_idex_l1b_sci-10days_20260120_v003.cdf,497
remaining_nonpulser,822366204823352576,2026-01-22T15:02:15.639352576,imap_idex_l1b_sci-10days_20260120_v003.cdf,498
remaining_nonpulser,822366528543205760,2026-01-22T15:07:39.359205760,imap_idex_l1b_sci-10days_20260120_v003.cdf,499
remaining_nonpulser,822366617820826624,2026-01-22T15:09:08.636826624,imap_idex_l1b_sci-10days_20260120_v003.cdf,500
remaining_nonpulser,822366647353420544,2026-01-22T15:09:38.169420544,imap_idex_l1b_sci-10days_20260120_v003.cdf,501
remaining_nonpulser,822367217830775040,2026-01-22T15:19:08.646775040,imap_idex_l1b_sci-10days_20260120_v003.cdf,502
remaining_nonpulser,822367293602647936,2026-01-22T15:20:24.418647936,imap_idex_l1b_sci-10days_20260120_v003.cdf,503
remaining_nonpulser,822367487981575680,2026-01-22T15:23:38.797575680,imap_idex_l1b_sci-10days_20260120_v003.cdf,504
remaining_nonpulser,822367772847263360,2026-01-22T15:28:23.663263360,imap_idex_l1b_sci-10days_20260120_v003.cdf,505
remaining_nonpulser,822368392870713984,2026-01-22T15:38:43.686713984,imap_idex_l1b_sci-10days_20260120_v003.cdf,506
remaining_nonpulser,822368416753232896,2026-01-22T15:39:07.569232896,imap_idex_l1b_sci-10days_20260120_v003.cdf,507
remaining_nonpulser,822368616038896384,2026-01-22T15:42:26.854896384,imap_idex_l1b_sci-10days_20260120_v003.cdf,508
remaining_nonpulser,822370248381250176,2026-01-22T16:09:39.197250176,imap_idex_l1b_sci-10days_20260120_v003.cdf,509
remaining_nonpulser,822370530640260096,2026-01-22T16:14:21.456260096,imap_idex_l1b_sci-10days_20260120_v003.cdf,510
remaining_nonpulser,822370802074699520,2026-01-22T16:18:52.890699520,imap_idex_l1b_sci-10days_20260120_v003.cdf,511
remaining_nonpulser,822370861758446592,2026-01-22T16:19:52.574446592,imap_idex_l1b_sci-10days_20260120_v003.cdf,512
remaining_nonpulser,822371290675366656,2026-01-22T16:27:01.491366656,imap_idex_l1b_sci-10days_20260120_v003.cdf,513
remaining_nonpulser,822372108399842304,2026-01-22T16:40:39.215842304,imap_idex_l1b_sci-10days_20260120_v003.cdf,514
remaining_nonpulser,822372381431760256,2026-01-22T16:45:12.247760256,imap_idex_l1b_sci-10days_20260120_v003.cdf,515
remaining_nonpulser,822372420446305792,2026-01-22T16:45:51.262305792,imap_idex_l1b_sci-10days_20260120_v003.cdf,516
remaining_nonpulser,822372814058896896,2026-01-22T16:52:24.874896896,imap_idex_l1b_sci-10days_20260120_v003.cdf,517
remaining_nonpulser,822372950413976192,2026-01-22T16:54:41.229976192,imap_idex_l1b_sci-10days_20260120_v003.cdf,518
remaining_nonpulser,822374181104465792,2026-01-22T17:15:11.920465792,imap_idex_l1b_sci-10days_20260120_v003.cdf,519
remaining_nonpulser,822374333602870656,2026-01-22T17:17:44.418870656,imap_idex_l1b_sci-10days_20260120_v003.cdf,520
remaining_nonpulser,822375367040975104,2026-01-22T17:34:57.856975104,imap_idex_l1b_sci-10days_20260120_v003.cdf,521
remaining_nonpulser,822375616401834112,2026-01-22T17:39:07.217834112,imap_idex_l1b_sci-10days_20260120_v003.cdf,522
remaining_nonpulser,822375799744771712,2026-01-22T17:42:10.560771712,imap_idex_l1b_sci-10days_20260120_v003.cdf,523
remaining_nonpulser,822375994063999488,2026-01-22T17:45:24.879999488,imap_idex_l1b_sci-10days_20260120_v003.cdf,524
remaining_nonpulser,822376375642601472,2026-01-22T17:51:46.458601472,imap_idex_l1b_sci-10days_20260120_v003.cdf,525
remaining_nonpulser,822377632728087808,2026-01-22T18:12:43.544087808,imap_idex_l1b_sci-10days_20260120_v003.cdf,526
remaining_nonpulser,822377910175001984,2026-01-22T18:17:20.991001984,imap_idex_l1b_sci-10days_20260120_v003.cdf,527
remaining_nonpulser,822378123598572800,2026-01-22T18:20:54.414572800,imap_idex_l1b_sci-10days_20260120_v003.cdf,528
remaining_nonpulser,822378434869737088,2026-01-22T18:26:05.685737088,imap_idex_l1b_sci-10days_20260120_v003.cdf,529
remaining_nonpulser,822378721815522816,2026-01-22T18:30:52.631522816,imap_idex_l1b_sci-10days_20260120_v003.cdf,530
remaining_nonpulser,822379004064612736,2026-01-22T18:35:34.880612736,imap_idex_l1b_sci-10days_20260120_v003.cdf,531
remaining_nonpulser,822379011563766144,2026-01-22T18:35:42.379766144,imap_idex_l1b_sci-10days_20260120_v003.cdf,532
remaining_nonpulser,822379051731770624,2026-01-22T18:36:22.547770624,imap_idex_l1b_sci-10days_20260120_v003.cdf,533
remaining_nonpulser,822379056946825984,2026-01-22T18:36:27.762825984,imap_idex_l1b_sci-10days_20260120_v003.cdf,534
remaining_nonpulser,822379123765926656,2026-01-22T18:37:34.581926656,imap_idex_l1b_sci-10days_20260120_v003.cdf,535
remaining_nonpulser,822379247068717568,2026-01-22T18:39:37.884717568,imap_idex_l1b_sci-10days_20260120_v003.cdf,536
remaining_nonpulser,822379694190501376,2026-01-22T18:47:05.006501376,imap_idex_l1b_sci-10days_20260120_v003.cdf,537
remaining_nonpulser,822379943550340480,2026-01-22T18:51:14.366340480,imap_idex_l1b_sci-10days_20260120_v003.cdf,538
remaining_nonpulser,822380005401225728,2026-01-22T18:52:16.217225728,imap_idex_l1b_sci-10days_20260120_v003.cdf,539
remaining_nonpulser,822380102153720064,2026-01-22T18:53:52.969720064,imap_idex_l1b_sci-10days_20260120_v003.cdf,540
remaining_nonpulser,822380870543179136,2026-01-22T19:06:41.359179136,imap_idex_l1b_sci-10days_20260120_v003.cdf,541
remaining_nonpulser,822381040247548800,2026-01-22T19:09:31.063548800,imap_idex_l1b_sci-10days_20260120_v003.cdf,542
remaining_nonpulser,822381592890019200,2026-01-22T19:18:43.706019200,imap_idex_l1b_sci-10days_20260120_v003.cdf,543
remaining_nonpulser,822381630123386112,2026-01-22T19:19:20.939386112,imap_idex_l1b_sci-10days_20260120_v003.cdf,544
remaining_nonpulser,822382471179380992,2026-01-22T19:33:21.995380992,imap_idex_l1b_sci-10days_20260120_v003.cdf,545
remaining_nonpulser,822382570829732736,2026-01-22T19:35:01.645732736,imap_idex_l1b_sci-10days_20260120_v003.cdf,546
remaining_nonpulser,822382796239773056,2026-01-22T19:38:47.055773056,imap_idex_l1b_sci-10days_20260120_v003.cdf,547
remaining_nonpulser,822382854253261568,2026-01-22T19:39:45.069261568,imap_idex_l1b_sci-10days_20260120_v003.cdf,548
remaining_nonpulser,822383247653533056,2026-01-22T19:46:18.469533056,imap_idex_l1b_sci-10days_20260120_v003.cdf,549
remaining_nonpulser,822384401047471232,2026-01-22T20:05:31.863471232,imap_idex_l1b_sci-10days_20260120_v003.cdf,550
remaining_nonpulser,822384437014479360,2026-01-22T20:06:07.830479360,imap_idex_l1b_sci-10days_20260120_v003.cdf,551
remaining_nonpulser,822384964502172160,2026-01-22T20:14:55.318172160,imap_idex_l1b_sci-10days_20260120_v003.cdf,552
remaining_nonpulser,822385857145201152,2026-01-22T20:29:47.961201152,imap_idex_l1b_sci-10days_20260120_v003.cdf,553
remaining_nonpulser,822386016786139776,2026-01-22T20:32:27.602139776,imap_idex_l1b_sci-10days_20260120_v003.cdf,554
remaining_nonpulser,822386342352611328,2026-01-22T20:37:53.168611328,imap_idex_l1b_sci-10days_20260120_v003.cdf,555
remaining_nonpulser,822386896724900096,2026-01-22T20:47:07.540900096,imap_idex_l1b_sci-10days_20260120_v003.cdf,556
remaining_nonpulser,822387090812668160,2026-01-22T20:50:21.628668160,imap_idex_l1b_sci-10days_20260120_v003.cdf,557
remaining_nonpulser,822388443026130176,2026-01-22T21:12:53.842130176,imap_idex_l1b_sci-10days_20260120_v003.cdf,558
remaining_nonpulser,822388948697502080,2026-01-22T21:21:19.513502080,imap_idex_l1b_sci-10days_20260120_v003.cdf,559
remaining_nonpulser,822389442534124672,2026-01-22T21:29:33.350124672,imap_idex_l1b_sci-10days_20260120_v003.cdf,560
remaining_nonpulser,822389803022025344,2026-01-22T21:35:33.838025344,imap_idex_l1b_sci-10days_20260120_v003.cdf,561
remaining_nonpulser,822390150323377664,2026-01-22T21:41:21.139377664,imap_idex_l1b_sci-10days_20260120_v003.cdf,562
remaining_nonpulser,822390353406737536,2026-01-22T21:44:44.222737536,imap_idex_l1b_sci-10days_20260120_v003.cdf,563
remaining_nonpulser,822390647003117440,2026-01-22T21:49:37.819117440,imap_idex_l1b_sci-10days_20260120_v003.cdf,564
remaining_nonpulser,822390818358685696,2026-01-22T21:52:29.174685696,imap_idex_l1b_sci-10days_20260120_v003.cdf,565
remaining_nonpulser,822391047436862848,2026-01-22T21:56:18.252862848,imap_idex_l1b_sci-10days_20260120_v003.cdf,566
remaining_nonpulser,822391248966004224,2026-01-22T21:59:39.782004224,imap_idex_l1b_sci-10days_20260120_v003.cdf,567
remaining_nonpulser,822391821411616896,2026-01-22T22:09:12.227616896,imap_idex_l1b_sci-10days_20260120_v003.cdf,568
remaining_nonpulser,822392024932036608,2026-01-22T22:12:35.748036608,imap_idex_l1b_sci-10days_20260120_v003.cdf,569
remaining_nonpulser,822392060534585216,2026-01-22T22:13:11.350585216,imap_idex_l1b_sci-10days_20260120_v003.cdf,570
remaining_nonpulser,822392222551781632,2026-01-22T22:15:53.367781632,imap_idex_l1b_sci-10days_20260120_v003.cdf,571
remaining_nonpulser,822393835452752768,2026-01-22T22:42:46.268752768,imap_idex_l1b_sci-10days_20260120_v003.cdf,572
remaining_nonpulser,822394578889393920,2026-01-22T22:55:09.705393920,imap_idex_l1b_sci-10days_20260120_v003.cdf,573
remaining_nonpulser,822394901925507840,2026-01-22T23:00:32.741507840,imap_idex_l1b_sci-10days_20260120_v003.cdf,574
remaining_nonpulser,822395027373256704,2026-01-22T23:02:38.189256704,imap_idex_l1b_sci-10days_20260120_v003.cdf,575
remaining_nonpulser,822395598909330304,2026-01-22T23:12:09.725330304,imap_idex_l1b_sci-10days_20260120_v003.cdf,576
remaining_nonpulser,822395733810670720,2026-01-22T23:14:24.626670720,imap_idex_l1b_sci-10days_20260120_v003.cdf,577
remaining_nonpulser,822395986311027072,2026-01-22T23:18:37.127027072,imap_idex_l1b_sci-10days_20260120_v003.cdf,578
remaining_nonpulser,822397016538354304,2026-01-22T23:35:47.354354304,imap_idex_l1b_sci-10days_20260120_v003.cdf,579
remaining_nonpulser,822397306157277696,2026-01-22T23:40:36.973277696,imap_idex_l1b_sci-10days_20260120_v003.cdf,580
remaining_nonpulser,822397473953448960,2026-01-22T23:43:24.769448960,imap_idex_l1b_sci-10days_20260120_v003.cdf,581
remaining_nonpulser,822397557517374976,2026-01-22T23:44:48.333374976,imap_idex_l1b_sci-10days_20260120_v003.cdf,582
remaining_nonpulser,822397640391981440,2026-01-22T23:46:11.207981440,imap_idex_l1b_sci-10days_20260120_v003.cdf,583
remaining_nonpulser,822397731951460352,2026-01-22T23:47:42.767460352,imap_idex_l1b_sci-10days_20260120_v003.cdf,584
remaining_nonpulser,822398102102792448,2026-01-22T23:53:52.918792448,imap_idex_l1b_sci-10days_20260120_v003.cdf,585
remaining_nonpulser,822398381781684608,2026-01-22T23:58:32.597684608,imap_idex_l1b_sci-10days_20260120_v003.cdf,586
remaining_nonpulser,822398541948282752,2026-01-23T00:01:12.764282752,imap_idex_l1b_sci-10days_20260120_v003.cdf,587
remaining_nonpulser,822398966777866496,2026-01-23T00:08:17.593866496,imap_idex_l1b_sci-10days_20260120_v003.cdf,588
remaining_nonpulser,822399046346535936,2026-01-23T00:09:37.162535936,imap_idex_l1b_sci-10days_20260120_v003.cdf,589
remaining_nonpulser,822400034216880768,2026-01-23T00:26:05.032880768,imap_idex_l1b_sci-10days_20260120_v003.cdf,590
remaining_nonpulser,822400267215954304,2026-01-23T00:29:58.031954304,imap_idex_l1b_sci-10days_20260120_v003.cdf,591
remaining_nonpulser,822400407747549824,2026-01-23T00:32:18.563549824,imap_idex_l1b_sci-10days_20260120_v003.cdf,592
remaining_nonpulser,822401091937563520,2026-01-23T00:43:42.753563520,imap_idex_l1b_sci-10days_20260120_v003.cdf,593
remaining_nonpulser,822401513995909632,2026-01-23T00:50:44.811909632,imap_idex_l1b_sci-10days_20260120_v003.cdf,594
remaining_nonpulser,822401760770551040,2026-01-23T00:54:51.586551040,imap_idex_l1b_sci-10days_20260120_v003.cdf,595
remaining_nonpulser,822401805286911616,2026-01-23T00:55:36.102911616,imap_idex_l1b_sci-10days_20260120_v003.cdf,596
remaining_nonpulser,822401883455682304,2026-01-23T00:56:54.271682304,imap_idex_l1b_sci-10days_20260120_v003.cdf,597
remaining_nonpulser,822402984535527680,2026-01-23T01:15:15.351527680,imap_idex_l1b_sci-10days_20260120_v003.cdf,598
remaining_nonpulser,822403080860822400,2026-01-23T01:16:51.676822400,imap_idex_l1b_sci-10days_20260120_v003.cdf,599
remaining_nonpulser,822403434140289664,2026-01-23T01:22:44.956289664,imap_idex_l1b_sci-10days_20260120_v003.cdf,600
remaining_nonpulser,822404941957554688,2026-01-23T01:47:52.773554688,imap_idex_l1b_sci-10days_20260120_v003.cdf,601
remaining_nonpulser,822405268467585664,2026-01-23T01:53:19.283585664,imap_idex_l1b_sci-10days_20260120_v003.cdf,602
remaining_nonpulser,822405275952759040,2026-01-23T01:53:26.768759040,imap_idex_l1b_sci-10days_20260120_v003.cdf,603
remaining_nonpulser,822406108948061568,2026-01-23T02:07:19.764061568,imap_idex_l1b_sci-10days_20260120_v003.cdf,604
remaining_nonpulser,822406143298491136,2026-01-23T02:07:54.114491136,imap_idex_l1b_sci-10days_20260120_v003.cdf,605
remaining_nonpulser,822406246490399744,2026-01-23T02:09:37.306399744,imap_idex_l1b_sci-10days_20260120_v003.cdf,606
remaining_nonpulser,822406503354012416,2026-01-23T02:13:54.170012416,imap_idex_l1b_sci-10days_20260120_v003.cdf,607
remaining_nonpulser,822407138328030080,2026-01-23T02:24:29.144030080,imap_idex_l1b_sci-10days_20260120_v003.cdf,608
remaining_nonpulser,822407923141015296,2026-01-23T02:37:33.957015296,imap_idex_l1b_sci-10days_20260120_v003.cdf,609
remaining_nonpulser,822408657116145536,2026-01-23T02:49:47.932145536,imap_idex_l1b_sci-10days_20260120_v003.cdf,610
remaining_nonpulser,822410316055316736,2026-01-23T03:17:26.871316736,imap_idex_l1b_sci-10days_20260120_v003.cdf,611
remaining_nonpulser,822410716559622016,2026-01-23T03:24:07.375622016,imap_idex_l1b_sci-10days_20260120_v003.cdf,612
remaining_nonpulser,822412193147574784,2026-01-23T03:48:43.963574784,imap_idex_l1b_sci-10days_20260120_v003.cdf,613
remaining_nonpulser,822412354280492160,2026-01-23T03:51:25.096492160,imap_idex_l1b_sci-10days_20260120_v003.cdf,614
remaining_nonpulser,822413045866839808,2026-01-23T04:02:56.682839808,imap_idex_l1b_sci-10days_20260120_v003.cdf,615
remaining_nonpulser,822413151938065920,2026-01-23T04:04:42.754065920,imap_idex_l1b_sci-10days_20260120_v003.cdf,616
remaining_nonpulser,822413649140805632,2026-01-23T04:12:59.956805632,imap_idex_l1b_sci-10days_20260120_v003.cdf,617
remaining_nonpulser,822413727858316032,2026-01-23T04:14:18.674316032,imap_idex_l1b_sci-10days_20260120_v003.cdf,618
remaining_nonpulser,822413815316698496,2026-01-23T04:15:46.132698496,imap_idex_l1b_sci-10days_20260120_v003.cdf,619
remaining_nonpulser,822414096462029568,2026-01-23T04:20:27.278029568,imap_idex_l1b_sci-10days_20260120_v003.cdf,620
remaining_nonpulser,822415132609632256,2026-01-23T04:37:43.425632256,imap_idex_l1b_sci-10days_20260120_v003.cdf,621
remaining_nonpulser,822418157173634432,2026-01-23T05:28:07.989634432,imap_idex_l1b_sci-10days_20260120_v003.cdf,622
remaining_nonpulser,822418679006792448,2026-01-23T05:36:49.822792448,imap_idex_l1b_sci-10days_20260120_v003.cdf,623
remaining_nonpulser,822418980028165888,2026-01-23T05:41:50.844165888,imap_idex_l1b_sci-10days_20260120_v003.cdf,624
remaining_nonpulser,822419128077915008,2026-01-23T05:44:18.893915008,imap_idex_l1b_sci-10days_20260120_v003.cdf,625
remaining_nonpulser,822419289725711872,2026-01-23T05:47:00.541711872,imap_idex_l1b_sci-10days_20260120_v003.cdf,626
remaining_nonpulser,822419399543154432,2026-01-23T05:48:50.359154432,imap_idex_l1b_sci-10days_20260120_v003.cdf,627
remaining_nonpulser,822421146692547712,2026-01-23T06:17:57.508547712,imap_idex_l1b_sci-10days_20260120_v003.cdf,628
remaining_nonpulser,822421490757403008,2026-01-23T06:23:41.573403008,imap_idex_l1b_sci-10days_20260120_v003.cdf,629
remaining_nonpulser,822421923954159488,2026-01-23T06:30:54.770159488,imap_idex_l1b_sci-10days_20260120_v003.cdf,630
remaining_nonpulser,822422467590958080,2026-01-23T06:39:58.406958080,imap_idex_l1b_sci-10days_20260120_v003.cdf,631
remaining_nonpulser,822422581140537600,2026-01-23T06:41:51.956537600,imap_idex_l1b_sci-10days_20260120_v003.cdf,632
remaining_nonpulser,822423087752249088,2026-01-23T06:50:18.568249088,imap_idex_l1b_sci-10days_20260120_v003.cdf,633
remaining_nonpulser,822423759275934592,2026-01-23T07:01:30.091934592,imap_idex_l1b_sci-10days_20260120_v003.cdf,634
remaining_nonpulser,822425204737014784,2026-01-23T07:25:35.553014784,imap_idex_l1b_sci-10days_20260120_v003.cdf,635
remaining_nonpulser,822425261697824512,2026-01-23T07:26:32.513824512,imap_idex_l1b_sci-10days_20260120_v003.cdf,636
remaining_nonpulser,822426220743915264,2026-01-23T07:42:31.559915264,imap_idex_l1b_sci-10days_20260120_v003.cdf,637
remaining_nonpulser,822427302890637312,2026-01-23T08:00:33.706637312,imap_idex_l1b_sci-10days_20260120_v003.cdf,638
remaining_nonpulser,822427497573604864,2026-01-23T08:03:48.389604864,imap_idex_l1b_sci-10days_20260120_v003.cdf,639
remaining_nonpulser,822428017996384128,2026-01-23T08:12:28.812384128,imap_idex_l1b_sci-10days_20260120_v003.cdf,640
remaining_nonpulser,822432614657294336,2026-01-23T09:29:05.473294336,imap_idex_l1b_sci-10days_20260120_v003.cdf,642
remaining_nonpulser,822432722350459136,2026-01-23T09:30:53.166459136,imap_idex_l1b_sci-10days_20260120_v003.cdf,643
remaining_nonpulser,822432748192496000,2026-01-23T09:31:19.008496000,imap_idex_l1b_sci-10days_20260120_v003.cdf,644
remaining_nonpulser,822432963771705216,2026-01-23T09:34:54.587705216,imap_idex_l1b_sci-10days_20260120_v003.cdf,645
remaining_nonpulser,822433041701356288,2026-01-23T09:36:12.517356288,imap_idex_l1b_sci-10days_20260120_v003.cdf,646
remaining_nonpulser,822433054952084480,2026-01-23T09:36:25.768084480,imap_idex_l1b_sci-10days_20260120_v003.cdf,647
remaining_nonpulser,822433264055119488,2026-01-23T09:39:54.871119488,imap_idex_l1b_sci-10days_20260120_v003.cdf,648
remaining_nonpulser,822433759296440960,2026-01-23T09:48:10.112440960,imap_idex_l1b_sci-10days_20260120_v003.cdf,649
remaining_nonpulser,822435508645432192,2026-01-23T10:17:19.461432192,imap_idex_l1b_sci-10days_20260120_v003.cdf,650
remaining_nonpulser,822435750134618240,2026-01-23T10:21:20.950618240,imap_idex_l1b_sci-10days_20260120_v003.cdf,651
remaining_nonpulser,822436105806923392,2026-01-23T10:27:16.622923392,imap_idex_l1b_sci-10days_20260120_v003.cdf,652
remaining_nonpulser,822437107032756992,2026-01-23T10:43:57.848756992,imap_idex_l1b_sci-10days_20260120_v003.cdf,653
remaining_nonpulser,822437949334571264,2026-01-23T10:58:00.150571264,imap_idex_l1b_sci-10days_20260120_v003.cdf,654
remaining_nonpulser,822438371050317824,2026-01-23T11:05:01.866317824,imap_idex_l1b_sci-10days_20260120_v003.cdf,655
remaining_nonpulser,822439188886633728,2026-01-23T11:18:39.702633728,imap_idex_l1b_sci-10days_20260120_v003.cdf,656
remaining_nonpulser,822439306063370112,2026-01-23T11:20:36.879370112,imap_idex_l1b_sci-10days_20260120_v003.cdf,657
remaining_nonpulser,822439599349270400,2026-01-23T11:25:30.165270400,imap_idex_l1b_sci-10days_20260120_v003.cdf,658
remaining_nonpulser,822440307450103424,2026-01-23T11:37:18.266103424,imap_idex_l1b_sci-10days_20260120_v003.cdf,659
remaining_nonpulser,822441632009210880,2026-01-23T11:59:22.825210880,imap_idex_l1b_sci-10days_20260120_v003.cdf,660
remaining_nonpulser,822441773413585664,2026-01-23T12:01:44.229585664,imap_idex_l1b_sci-10days_20260120_v003.cdf,661
remaining_nonpulser,822485089293515392,2026-01-24T00:03:40.109515392,imap_idex_l1b_sci-10days_20260120_v003.cdf,662
remaining_nonpulser,822485377074880640,2026-01-24T00:08:27.890880640,imap_idex_l1b_sci-10days_20260120_v003.cdf,663
remaining_nonpulser,822486786946572288,2026-01-24T00:31:57.762572288,imap_idex_l1b_sci-10days_20260120_v003.cdf,664
remaining_nonpulser,822487728720118656,2026-01-24T00:47:39.536118656,imap_idex_l1b_sci-10days_20260120_v003.cdf,665
remaining_nonpulser,822488069880576512,2026-01-24T00:53:20.696576512,imap_idex_l1b_sci-10days_20260120_v003.cdf,666
remaining_nonpulser,822491756700212224,2026-01-24T01:54:47.516212224,imap_idex_l1b_sci-10days_20260120_v003.cdf,667
remaining_nonpulser,822492656758095360,2026-01-24T02:09:47.574095360,imap_idex_l1b_sci-10days_20260120_v003.cdf,668
remaining_nonpulser,822494195601752960,2026-01-24T02:35:26.417752960,imap_idex_l1b_sci-10days_20260120_v003.cdf,669
remaining_nonpulser,822495746463539968,2026-01-24T03:01:17.279539968,imap_idex_l1b_sci-10days_20260120_v003.cdf,670
remaining_nonpulser,822496526169909632,2026-01-24T03:14:16.985909632,imap_idex_l1b_sci-10days_20260120_v003.cdf,671
remaining_nonpulser,822497021623210880,2026-01-24T03:22:32.439210880,imap_idex_l1b_sci-10days_20260120_v003.cdf,672
remaining_nonpulser,822498916868093056,2026-01-24T03:54:07.684093056,imap_idex_l1b_sci-10days_20260120_v003.cdf,673
remaining_nonpulser,822499087807301632,2026-01-24T03:56:58.623301632,imap_idex_l1b_sci-10days_20260120_v003.cdf,674
remaining_nonpulser,822499647693445888,2026-01-24T04:06:18.509445888,imap_idex_l1b_sci-10days_20260120_v003.cdf,675
remaining_nonpulser,822500055024385280,2026-01-24T04:13:05.840385280,imap_idex_l1b_sci-10days_20260120_v003.cdf,676
remaining_nonpulser,822501680364226176,2026-01-24T04:40:11.180226176,imap_idex_l1b_sci-10days_20260120_v003.cdf,677
remaining_nonpulser,822502094360199680,2026-01-24T04:47:05.176199680,imap_idex_l1b_sci-10days_20260120_v003.cdf,678
remaining_nonpulser,822502594711456768,2026-01-24T04:55:25.527456768,imap_idex_l1b_sci-10days_20260120_v003.cdf,679
remaining_nonpulser,822504820948185856,2026-01-24T05:32:31.764185856,imap_idex_l1b_sci-10days_20260120_v003.cdf,680
remaining_nonpulser,822505519318387456,2026-01-24T05:44:10.134387456,imap_idex_l1b_sci-10days_20260120_v003.cdf,681
remaining_nonpulser,822506056771671552,2026-01-24T05:53:07.587671552,imap_idex_l1b_sci-10days_20260120_v003.cdf,682
remaining_nonpulser,822506233905454848,2026-01-24T05:56:04.721454848,imap_idex_l1b_sci-10days_20260120_v003.cdf,683
remaining_nonpulser,822508513840356224,2026-01-24T06:34:04.656356224,imap_idex_l1b_sci-10days_20260120_v003.cdf,684
remaining_nonpulser,822508750734606464,2026-01-24T06:38:01.550606464,imap_idex_l1b_sci-10days_20260120_v003.cdf,685
remaining_nonpulser,822510054299792256,2026-01-24T06:59:45.115792256,imap_idex_l1b_sci-10days_20260120_v003.cdf,686
remaining_nonpulser,822511618217127680,2026-01-24T07:25:49.033127680,imap_idex_l1b_sci-10days_20260120_v003.cdf,687
remaining_nonpulser,822512521283168256,2026-01-24T07:40:52.099168256,imap_idex_l1b_sci-10days_20260120_v003.cdf,688
remaining_nonpulser,822513746521543424,2026-01-24T08:01:17.337543424,imap_idex_l1b_sci-10days_20260120_v003.cdf,689
remaining_nonpulser,822513804757691904,2026-01-24T08:02:15.573691904,imap_idex_l1b_sci-10days_20260120_v003.cdf,690
remaining_nonpulser,822514735139868160,2026-01-24T08:17:45.955868160,imap_idex_l1b_sci-10days_20260120_v003.cdf,691
remaining_nonpulser,822515231455928704,2026-01-24T08:26:02.271928704,imap_idex_l1b_sci-10days_20260120_v003.cdf,692
remaining_nonpulser,822516353287355392,2026-01-24T08:44:44.103355392,imap_idex_l1b_sci-10days_20260120_v003.cdf,693
remaining_nonpulser,822516390440682496,2026-01-24T08:45:21.256682496,imap_idex_l1b_sci-10days_20260120_v003.cdf,694
remaining_nonpulser,822517422309269120,2026-01-24T09:02:33.125269120,imap_idex_l1b_sci-10days_20260120_v003.cdf,695
remaining_nonpulser,822518043503179008,2026-01-24T09:12:54.319179008,imap_idex_l1b_sci-10days_20260120_v003.cdf,696
remaining_nonpulser,822518297269594368,2026-01-24T09:17:08.085594368,imap_idex_l1b_sci-10days_20260120_v003.cdf,697
remaining_nonpulser,822518544406395520,2026-01-24T09:21:15.222395520,imap_idex_l1b_sci-10days_20260120_v003.cdf,698
remaining_nonpulser,822518763670041472,2026-01-24T09:24:54.486041472,imap_idex_l1b_sci-10days_20260120_v003.cdf,699
remaining_nonpulser,822518897338043136,2026-01-24T09:27:08.154043136,imap_idex_l1b_sci-10days_20260120_v003.cdf,700
remaining_nonpulser,822520884827343488,2026-01-24T10:00:15.643343488,imap_idex_l1b_sci-10days_20260120_v003.cdf,701
remaining_nonpulser,822523878257733248,2026-01-24T10:50:09.073733248,imap_idex_l1b_sci-10days_20260120_v003.cdf,702
remaining_nonpulser,822523948824890624,2026-01-24T10:51:19.640890624,imap_idex_l1b_sci-10days_20260120_v003.cdf,703
remaining_nonpulser,822524305121315200,2026-01-24T10:57:15.937315200,imap_idex_l1b_sci-10days_20260120_v003.cdf,704
remaining_nonpulser,822525314077602048,2026-01-24T11:14:04.893602048,imap_idex_l1b_sci-10days_20260120_v003.cdf,705
remaining_nonpulser,822527692363676288,2026-01-24T11:53:43.179676288,imap_idex_l1b_sci-10days_20260120_v003.cdf,706
remaining_nonpulser,822529043187200256,2026-01-24T12:16:14.003200256,imap_idex_l1b_sci-10days_20260120_v003.cdf,707
remaining_nonpulser,822532562777004288,2026-01-24T13:14:53.593004288,imap_idex_l1b_sci-10days_20260120_v003.cdf,708
remaining_nonpulser,822533748676854272,2026-01-24T13:34:39.492854272,imap_idex_l1b_sci-10days_20260120_v003.cdf,709
remaining_nonpulser,822536422386027136,2026-01-24T14:19:13.202027136,imap_idex_l1b_sci-10days_20260120_v003.cdf,710
remaining_nonpulser,822752945501397504,2026-01-27T02:27:56.317397504,imap_idex_l1b_sci-10days_20260120_v003.cdf,714
remaining_nonpulser,822772085122046848,2026-01-27T07:46:55.938046848,imap_idex_l1b_sci-10days_20260120_v003.cdf,715
remaining_nonpulser,823003381865938944,2026-01-30T00:01:52.681938944,imap_idex_l1b_sci-10days_20260130_v003.cdf,0
remaining_nonpulser,823003433865612800,2026-01-30T00:02:44.681612800,imap_idex_l1b_sci-10days_20260130_v003.cdf,6
remaining_nonpulser,823003445865542272,2026-01-30T00:02:56.681542272,imap_idex_l1b_sci-10days_20260130_v003.cdf,7
remaining_nonpulser,823003457865451648,2026-01-30T00:03:08.681451648,imap_idex_l1b_sci-10days_20260130_v003.cdf,8
remaining_nonpulser,823003469865380992,2026-01-30T00:03:20.681380992,imap_idex_l1b_sci-10days_20260130_v003.cdf,9
remaining_nonpulser,823321826137256576,2026-02-02T16:29:16.953256576,imap_idex_l1b_sci-10days_20260130_v003.cdf,10
remaining_nonpulser,823374007345156224,2026-02-03T06:58:58.161156224,imap_idex_l1b_sci-10days_20260130_v003.cdf,11
remaining_nonpulser,823532755161741056,2026-02-05T03:04:45.977741056,imap_idex_l1b_sci-10days_20260130_v003.cdf,12
remaining_nonpulser,823646584933374336,2026-02-06T10:41:55.749374336,imap_idex_l1b_sci-10days_20260130_v003.cdf,13
remaining_nonpulser,823656259303192704,2026-02-06T13:23:10.119192704,imap_idex_l1b_sci-10days_20260130_v003.cdf,14
remaining_nonpulser,823675637775943296,2026-02-06T18:46:08.591943296,imap_idex_l1b_sci-10days_20260130_v003.cdf,15
remaining_nonpulser,823681765721655936,2026-02-06T20:28:16.537655936,imap_idex_l1b_sci-10days_20260130_v003.cdf,16
remaining_nonpulser,823694580489208576,2026-02-07T00:01:51.305208576,imap_idex_l1b_sci-10days_20260130_v003.cdf,17
remaining_nonpulser,823694632488882560,2026-02-07T00:02:43.304882560,imap_idex_l1b_sci-10days_20260130_v003.cdf,23
remaining_nonpulser,823694644488812032,2026-02-07T00:02:55.304812032,imap_idex_l1b_sci-10days_20260130_v003.cdf,24
remaining_nonpulser,823694656488721408,2026-02-07T00:03:07.304721408,imap_idex_l1b_sci-10days_20260130_v003.cdf,25
remaining_nonpulser,823694668488650880,2026-02-07T00:03:19.304650880,imap_idex_l1b_sci-10days_20260130_v003.cdf,26
remaining_nonpulser,823705860918334976,2026-02-07T03:09:51.734334976,imap_idex_l1b_sci-10days_20260130_v003.cdf,27
remaining_nonpulser,823742579353035264,2026-02-07T13:21:50.169035264,imap_idex_l1b_sci-10days_20260130_v003.cdf,29
remaining_nonpulser,823863688533870848,2026-02-08T23:00:19.349870848,imap_idex_l1b_sci-10days_20260130_v003.cdf,30
remaining_nonpulser,823917174354775168,2026-02-09T13:51:45.170775168,imap_idex_l1b_sci-10days_20260209_v003.cdf,0
remaining_nonpulser,824076203355304832,2026-02-11T10:02:14.171304832,imap_idex_l1b_sci-10days_20260209_v003.cdf,1
remaining_nonpulser,824103518305623424,2026-02-11T17:37:29.121623424,imap_idex_l1b_sci-10days_20260209_v003.cdf,2
remaining_nonpulser,824164949253484544,2026-02-12T10:41:20.069484544,imap_idex_l1b_sci-10days_20260209_v003.cdf,3
remaining_nonpulser,824252776206056064,2026-02-13T11:05:07.022056064,imap_idex_l1b_sci-10days_20260209_v003.cdf,4
remaining_nonpulser,824385780185722496,2026-02-15T00:01:51.001722496,imap_idex_l1b_sci-10days_20260209_v003.cdf,5
remaining_nonpulser,824385832185396608,2026-02-15T00:02:43.001396608,imap_idex_l1b_sci-10days_20260209_v003.cdf,11
remaining_nonpulser,824385844185305984,2026-02-15T00:02:55.001305984,imap_idex_l1b_sci-10days_20260209_v003.cdf,12
remaining_nonpulser,824385856185235328,2026-02-15T00:03:07.001235328,imap_idex_l1b_sci-10days_20260209_v003.cdf,13
remaining_nonpulser,824385868185164928,2026-02-15T00:03:19.001164928,imap_idex_l1b_sci-10days_20260209_v003.cdf,14
remaining_nonpulser,824643233797224832,2026-02-17T23:32:44.613224832,imap_idex_l1b_sci-10days_20260209_v003.cdf,17
remaining_nonpulser,824695180842833280,2026-02-18T13:58:31.658833280,imap_idex_l1b_sci-10days_20260209_v003.cdf,18
remaining_nonpulser,825076980060782848,2026-02-23T00:01:50.876782848,imap_idex_l1b_sci-10days_20260219_v003.cdf,3
remaining_nonpulser,825077032060437376,2026-02-23T00:02:42.876437376,imap_idex_l1b_sci-10days_20260219_v003.cdf,9
remaining_nonpulser,825077044060366592,2026-02-23T00:02:54.876366592,imap_idex_l1b_sci-10days_20260219_v003.cdf,10
remaining_nonpulser,825077056060296192,2026-02-23T00:03:06.876296192,imap_idex_l1b_sci-10days_20260219_v003.cdf,11
remaining_nonpulser,825077068060205568,2026-02-23T00:03:18.876205568,imap_idex_l1b_sci-10days_20260219_v003.cdf,12
remaining_nonpulser,825145076969854464,2026-02-23T18:56:47.785854464,imap_idex_l1b_sci-10days_20260219_v003.cdf,13
remaining_nonpulser,825180858893886720,2026-02-24T04:53:09.709886720,imap_idex_l1b_sci-10days_20260219_v003.cdf,14
remaining_nonpulser,825228754937332224,2026-02-24T18:11:25.753332224,imap_idex_l1b_sci-10days_20260219_v003.cdf,15
remaining_nonpulser,825321529935155072,2026-02-25T19:57:40.751155072,imap_idex_l1b_sci-10days_20260219_v003.cdf,16
remaining_nonpulser,825356801246776192,2026-02-26T05:45:32.062776192,imap_idex_l1b_sci-10days_20260219_v003.cdf,17
remaining_nonpulser,825449955648698496,2026-02-27T07:38:06.464698496,imap_idex_l1b_sci-10days_20260219_v003.cdf,19
remaining_nonpulser,825768178648622848,2026-03-03T00:01:49.464622848,imap_idex_l1b_sci-10days_20260301_v003.cdf,3
remaining_nonpulser,825768230648277248,2026-03-03T00:02:41.464277248,imap_idex_l1b_sci-10days_20260301_v003.cdf,9
remaining_nonpulser,825768242648206720,2026-03-03T00:02:53.464206720,imap_idex_l1b_sci-10days_20260301_v003.cdf,10
remaining_nonpulser,825768254648116224,2026-03-03T00:03:05.464116224,imap_idex_l1b_sci-10days_20260301_v003.cdf,11
remaining_nonpulser,825768266648045824,2026-03-03T00:03:17.464045824,imap_idex_l1b_sci-10days_20260301_v003.cdf,12
remaining_nonpulser,825865318891700352,2026-03-04T03:00:49.707700352,imap_idex_l1b_sci-10days_20260301_v003.cdf,14
remaining_nonpulser,825920733097413120,2026-03-04T18:24:23.913413120,imap_idex_l1b_sci-10days_20260301_v003.cdf,15
remaining_nonpulser,825993045290285056,2026-03-05T14:29:36.106285056,imap_idex_l1b_sci-10days_20260301_v003.cdf,17
remaining_nonpulser,826122935909736960,2026-03-07T02:34:26.725736960,imap_idex_l1b_sci-10days_20260301_v003.cdf,18
remaining_nonpulser,826362611238473984,2026-03-09T21:09:02.054473984,imap_idex_l1b_sci-10days_20260301_v003.cdf,19
remaining_nonpulser,826459378129471616,2026-03-11T00:01:48.945471616,imap_idex_l1b_sci-10days_20260311_v003.cdf,0
remaining_nonpulser,826459430129106048,2026-03-11T00:02:40.945106048,imap_idex_l1b_sci-10days_20260311_v003.cdf,6
remaining_nonpulser,826459442129015552,2026-03-11T00:02:52.945015552,imap_idex_l1b_sci-10days_20260311_v003.cdf,7
remaining_nonpulser,826459454128945152,2026-03-11T00:03:04.944945152,imap_idex_l1b_sci-10days_20260311_v003.cdf,8
remaining_nonpulser,826459466128854656,2026-03-11T00:03:16.944854656,imap_idex_l1b_sci-10days_20260311_v003.cdf,9
remaining_nonpulser,826493113683860224,2026-03-11T09:24:04.499860224,imap_idex_l1b_sci-10days_20260311_v003.cdf,10
remaining_nonpulser,827123773423229184,2026-03-18T16:35:04.239229184,imap_idex_l1b_sci-10days_20260311_v003.cdf,13
remaining_nonpulser,827125927631545472,2026-03-18T17:10:58.447545472,imap_idex_l1b_sci-10days_20260311_v003.cdf,14
remaining_nonpulser,827150578100431104,2026-03-19T00:01:48.916431104,imap_idex_l1b_sci-10days_20260311_v003.cdf,16
remaining_nonpulser,827150630100085632,2026-03-19T00:02:40.916085632,imap_idex_l1b_sci-10days_20260311_v003.cdf,22
remaining_nonpulser,827150642100015104,2026-03-19T00:02:52.916015104,imap_idex_l1b_sci-10days_20260311_v003.cdf,23
remaining_nonpulser,827150654099924608,2026-03-19T00:03:04.915924608,imap_idex_l1b_sci-10days_20260311_v003.cdf,24
remaining_nonpulser,827150666099854208,2026-03-19T00:03:16.915854208,imap_idex_l1b_sci-10days_20260311_v003.cdf,25
remaining_nonpulser,827392649230603008,2026-03-21T19:16:20.046603008,imap_idex_l1b_sci-10days_20260321_v016.cdf,1
remaining_nonpulser,827442704141100928,2026-03-22T09:10:34.957100928,imap_idex_l1b_sci-10days_20260321_v016.cdf,2
remaining_nonpulser,827454121358063744,2026-03-22T12:20:52.174063744,imap_idex_l1b_sci-10days_20260321_v016.cdf,3
remaining_nonpulser,827471404229500544,2026-03-22T17:08:55.045500544,imap_idex_l1b_sci-10days_20260321_v016.cdf,4
remaining_nonpulser,827471771514619520,2026-03-22T17:15:02.330619520,imap_idex_l1b_sci-10days_20260321_v016.cdf,5
remaining_nonpulser,827476430388088064,2026-03-22T18:32:41.204088064,imap_idex_l1b_sci-10days_20260321_v016.cdf,6
remaining_nonpulser,827477215471882240,2026-03-22T18:45:46.287882240,imap_idex_l1b_sci-10days_20260321_v016.cdf,7
remaining_nonpulser,827488627394889472,2026-03-22T21:55:58.210889472,imap_idex_l1b_sci-10days_20260321_v016.cdf,8
remaining_nonpulser,827489487364297856,2026-03-22T22:10:18.180297856,imap_idex_l1b_sci-10days_20260321_v016.cdf,9
remaining_nonpulser,827490247445533696,2026-03-22T22:22:58.261533696,imap_idex_l1b_sci-10days_20260321_v016.cdf,10
remaining_nonpulser,827501437172356096,2026-03-23T01:29:27.988356096,imap_idex_l1b_sci-10days_20260321_v016.cdf,11
remaining_nonpulser,827516763398305792,2026-03-23T05:44:54.214305792,imap_idex_l1b_sci-10days_20260321_v016.cdf,12
remaining_nonpulser,827528280928282880,2026-03-23T08:56:51.744282880,imap_idex_l1b_sci-10days_20260321_v016.cdf,13
remaining_nonpulser,827547147881359104,2026-03-23T14:11:18.697359104,imap_idex_l1b_sci-10days_20260321_v016.cdf,14
remaining_nonpulser,827599262676533120,2026-03-24T04:39:53.492533120,imap_idex_l1b_sci-10days_20260321_v016.cdf,15
remaining_nonpulser,827612094895927936,2026-03-24T08:13:45.711927936,imap_idex_l1b_sci-10days_20260321_v016.cdf,16
remaining_nonpulser,827782641711986688,2026-03-26T07:36:12.527986688,imap_idex_l1b_sci-10days_20260321_v016.cdf,17
remaining_nonpulser,827793370988301184,2026-03-26T10:35:01.804301184,imap_idex_l1b_sci-10days_20260321_v016.cdf,18
remaining_nonpulser,827797997057303168,2026-03-26T11:52:07.873303168,imap_idex_l1b_sci-10days_20260321_v016.cdf,19
remaining_nonpulser,827841776826192640,2026-03-27T00:01:47.642192640,imap_idex_l1b_sci-10days_20260321_v016.cdf,20
remaining_nonpulser,827841826540949248,2026-03-27T00:02:37.356949248,imap_idex_l1b_sci-10days_20260321_v016.cdf,26
remaining_nonpulser,827841833148803584,2026-03-27T00:02:43.964803584,imap_idex_l1b_sci-10days_20260321_v016.cdf,27
remaining_nonpulser,827841840825776768,2026-03-27T00:02:51.641776768,imap_idex_l1b_sci-10days_20260321_v016.cdf,28
remaining_nonpulser,827841852825706368,2026-03-27T00:03:03.641706368,imap_idex_l1b_sci-10days_20260321_v016.cdf,29
remaining_nonpulser,827841864825615872,2026-03-27T00:03:15.641615872,imap_idex_l1b_sci-10days_20260321_v016.cdf,30
remaining_nonpulser,827990627496466048,2026-03-28T17:22:38.312466048,imap_idex_l1b_sci-10days_20260321_v016.cdf,31
remaining_nonpulser,828087573251437056,2026-03-29T20:18:24.067437056,imap_idex_l1b_sci-10days_20260321_v016.cdf,32
remaining_nonpulser,828216490454724608,2026-03-31T08:07:01.270724608,imap_idex_l1b_sci-10days_20260331_v016.cdf,0
remaining_nonpulser,828268290476372736,2026-03-31T22:30:21.292372736,imap_idex_l1b_sci-10days_20260331_v016.cdf,1
remaining_nonpulser,828274733088354560,2026-04-01T00:17:43.904354560,imap_idex_l1b_sci-10days_20260331_v016.cdf,2
remaining_nonpulser,828320201367907072,2026-04-01T12:55:32.183907072,imap_idex_l1b_sci-10days_20260331_v016.cdf,4
remaining_nonpulser,828323362895290240,2026-04-01T13:48:13.711290240,imap_idex_l1b_sci-10days_20260331_v016.cdf,5
remaining_nonpulser,828323661629609856,2026-04-01T13:53:12.445609856,imap_idex_l1b_sci-10days_20260331_v016.cdf,6
remaining_nonpulser,828325223583627648,2026-04-01T14:19:14.399627648,imap_idex_l1b_sci-10days_20260331_v016.cdf,8
remaining_nonpulser,828325583093314304,2026-04-01T14:25:13.909314304,imap_idex_l1b_sci-10days_20260331_v016.cdf,9
remaining_nonpulser,828339101007168896,2026-04-01T18:10:31.823168896,imap_idex_l1b_sci-10days_20260331_v016.cdf,10
remaining_nonpulser,828349090039142912,2026-04-01T20:57:00.855142912,imap_idex_l1b_sci-10days_20260331_v016.cdf,11
remaining_nonpulser,828351099434731648,2026-04-01T21:30:30.250731648,imap_idex_l1b_sci-10days_20260331_v016.cdf,12
remaining_nonpulser,828353121357009408,2026-04-01T22:04:12.173009408,imap_idex_l1b_sci-10days_20260331_v016.cdf,13
remaining_nonpulser,828358713176235776,2026-04-01T23:37:23.992235776,imap_idex_l1b_sci-10days_20260331_v016.cdf,14
remaining_nonpulser,828359814988695552,2026-04-01T23:55:45.804695552,imap_idex_l1b_sci-10days_20260331_v016.cdf,15
remaining_nonpulser,828360693338470144,2026-04-02T00:10:24.154470144,imap_idex_l1b_sci-10days_20260331_v016.cdf,16
remaining_nonpulser,828362003608947968,2026-04-02T00:32:14.424947968,imap_idex_l1b_sci-10days_20260331_v016.cdf,17
remaining_nonpulser,828362274178952192,2026-04-02T00:36:44.994952192,imap_idex_l1b_sci-10days_20260331_v016.cdf,18
remaining_nonpulser,828368809000516736,2026-04-02T02:25:39.816516736,imap_idex_l1b_sci-10days_20260331_v016.cdf,19
remaining_nonpulser,828370259070692992,2026-04-02T02:49:49.886692992,imap_idex_l1b_sci-10days_20260331_v016.cdf,20
remaining_nonpulser,828371789170219392,2026-04-02T03:15:19.986219392,imap_idex_l1b_sci-10days_20260331_v016.cdf,21
remaining_nonpulser,828371949198399872,2026-04-02T03:18:00.014399872,imap_idex_l1b_sci-10days_20260331_v016.cdf,22
remaining_nonpulser,828372323420953728,2026-04-02T03:24:14.236953728,imap_idex_l1b_sci-10days_20260331_v016.cdf,23
remaining_nonpulser,828374537336364288,2026-04-02T04:01:08.152364288,imap_idex_l1b_sci-10days_20260331_v016.cdf,24
remaining_nonpulser,828377198667624704,2026-04-02T04:45:29.483624704,imap_idex_l1b_sci-10days_20260331_v016.cdf,25
remaining_nonpulser,828377342063719808,2026-04-02T04:47:52.879719808,imap_idex_l1b_sci-10days_20260331_v016.cdf,26
remaining_nonpulser,828377553261455616,2026-04-02T04:51:24.077455616,imap_idex_l1b_sci-10days_20260331_v016.cdf,27
remaining_nonpulser,828378021258027776,2026-04-02T04:59:12.074027776,imap_idex_l1b_sci-10days_20260331_v016.cdf,28
remaining_nonpulser,828378897216904448,2026-04-02T05:13:48.032904448,imap_idex_l1b_sci-10days_20260331_v016.cdf,29
remaining_nonpulser,828379549748095616,2026-04-02T05:24:40.564095616,imap_idex_l1b_sci-10days_20260331_v016.cdf,30
remaining_nonpulser,828380995829855488,2026-04-02T05:48:46.645855488,imap_idex_l1b_sci-10days_20260331_v016.cdf,31
remaining_nonpulser,828381022088452480,2026-04-02T05:49:12.904452480,imap_idex_l1b_sci-10days_20260331_v016.cdf,32
remaining_nonpulser,828381223226597248,2026-04-02T05:52:34.042597248,imap_idex_l1b_sci-10days_20260331_v016.cdf,33
remaining_nonpulser,828381918054411520,2026-04-02T06:04:08.870411520,imap_idex_l1b_sci-10days_20260331_v016.cdf,34
remaining_nonpulser,828383147918439808,2026-04-02T06:24:38.734439808,imap_idex_l1b_sci-10days_20260331_v016.cdf,35
remaining_nonpulser,828383789594540416,2026-04-02T06:35:20.410540416,imap_idex_l1b_sci-10days_20260331_v016.cdf,36
remaining_nonpulser,828384102258627968,2026-04-02T06:40:33.074627968,imap_idex_l1b_sci-10days_20260331_v016.cdf,37
remaining_nonpulser,828385042426408576,2026-04-02T06:56:13.242408576,imap_idex_l1b_sci-10days_20260331_v016.cdf,38
remaining_nonpulser,828387456569624448,2026-04-02T07:36:27.385624448,imap_idex_l1b_sci-10days_20260331_v016.cdf,39
remaining_nonpulser,828387995160935040,2026-04-02T07:45:25.976935040,imap_idex_l1b_sci-10days_20260331_v016.cdf,40
remaining_nonpulser,828388446258801920,2026-04-02T07:52:57.074801920,imap_idex_l1b_sci-10days_20260331_v016.cdf,41
remaining_nonpulser,828388604510784000,2026-04-02T07:55:35.326784000,imap_idex_l1b_sci-10days_20260331_v016.cdf,42
remaining_nonpulser,828390356909416704,2026-04-02T08:24:47.725416704,imap_idex_l1b_sci-10days_20260331_v016.cdf,43
remaining_nonpulser,828390492674018432,2026-04-02T08:27:03.490018432,imap_idex_l1b_sci-10days_20260331_v016.cdf,44
remaining_nonpulser,828390817068795648,2026-04-02T08:32:27.884795648,imap_idex_l1b_sci-10days_20260331_v016.cdf,45
remaining_nonpulser,828391174910723712,2026-04-02T08:38:25.726723712,imap_idex_l1b_sci-10days_20260331_v016.cdf,46
remaining_nonpulser,828392561328315392,2026-04-02T09:01:32.144315392,imap_idex_l1b_sci-10days_20260331_v016.cdf,47
remaining_nonpulser,828392938581526656,2026-04-02T09:07:49.397526656,imap_idex_l1b_sci-10days_20260331_v016.cdf,48
remaining_nonpulser,828392975432834688,2026-04-02T09:08:26.248834688,imap_idex_l1b_sci-10days_20260331_v016.cdf,49
remaining_nonpulser,828393229206633344,2026-04-02T09:12:40.022633344,imap_idex_l1b_sci-10days_20260331_v016.cdf,50
remaining_nonpulser,828393888590038656,2026-04-02T09:23:39.406038656,imap_idex_l1b_sci-10days_20260331_v016.cdf,51
remaining_nonpulser,828394156368065408,2026-04-02T09:28:07.184065408,imap_idex_l1b_sci-10days_20260331_v016.cdf,52
remaining_nonpulser,828394190065955840,2026-04-02T09:28:40.881955840,imap_idex_l1b_sci-10days_20260331_v016.cdf,53
remaining_nonpulser,828394833627555072,2026-04-02T09:39:24.443555072,imap_idex_l1b_sci-10days_20260331_v016.cdf,54
remaining_nonpulser,828394888153567488,2026-04-02T09:40:18.969567488,imap_idex_l1b_sci-10days_20260331_v016.cdf,55
remaining_nonpulser,828395812998961408,2026-04-02T09:55:43.814961408,imap_idex_l1b_sci-10days_20260331_v016.cdf,56
remaining_nonpulser,828396867649762304,2026-04-02T10:13:18.465762304,imap_idex_l1b_sci-10days_20260331_v016.cdf,57
remaining_nonpulser,828397115281066368,2026-04-02T10:17:26.097066368,imap_idex_l1b_sci-10days_20260331_v016.cdf,58
remaining_nonpulser,828398157728597888,2026-04-02T10:34:48.544597888,imap_idex_l1b_sci-10days_20260331_v016.cdf,59
remaining_nonpulser,828398599278532992,2026-04-02T10:42:10.094532992,imap_idex_l1b_sci-10days_20260331_v016.cdf,60
remaining_nonpulser,828399825017144832,2026-04-02T11:02:35.833144832,imap_idex_l1b_sci-10days_20260331_v016.cdf,61
remaining_nonpulser,828399847034925568,2026-04-02T11:02:57.850925568,imap_idex_l1b_sci-10days_20260331_v016.cdf,62
remaining_nonpulser,828400349357487744,2026-04-02T11:11:20.173487744,imap_idex_l1b_sci-10days_20260331_v016.cdf,63
remaining_nonpulser,828400367094172416,2026-04-02T11:11:37.910172416,imap_idex_l1b_sci-10days_20260331_v016.cdf,64
remaining_nonpulser,828400523273276160,2026-04-02T11:14:14.089276160,imap_idex_l1b_sci-10days_20260331_v016.cdf,65
remaining_nonpulser,828400645954109184,2026-04-02T11:16:16.770109184,imap_idex_l1b_sci-10days_20260331_v016.cdf,66
remaining_nonpulser,828400734996371712,2026-04-02T11:17:45.812371712,imap_idex_l1b_sci-10days_20260331_v016.cdf,67
remaining_nonpulser,828401397061374720,2026-04-02T11:28:47.877374720,imap_idex_l1b_sci-10days_20260331_v016.cdf,68
remaining_nonpulser,828401887233707392,2026-04-02T11:36:58.049707392,imap_idex_l1b_sci-10days_20260331_v016.cdf,69
remaining_nonpulser,828401932626307968,2026-04-02T11:37:43.442307968,imap_idex_l1b_sci-10days_20260331_v016.cdf,70
remaining_nonpulser,828402198756215936,2026-04-02T11:42:09.572215936,imap_idex_l1b_sci-10days_20260331_v016.cdf,71
remaining_nonpulser,828402213833002752,2026-04-02T11:42:24.649002752,imap_idex_l1b_sci-10days_20260331_v016.cdf,72
remaining_nonpulser,828402753777912192,2026-04-02T11:51:24.593912192,imap_idex_l1b_sci-10days_20260331_v016.cdf,73
remaining_nonpulser,828402966819226624,2026-04-02T11:54:57.635226624,imap_idex_l1b_sci-10days_20260331_v016.cdf,74
remaining_nonpulser,828403725548905216,2026-04-02T12:07:36.364905216,imap_idex_l1b_sci-10days_20260331_v016.cdf,75
remaining_nonpulser,828403788592750336,2026-04-02T12:08:39.408750336,imap_idex_l1b_sci-10days_20260331_v016.cdf,76
remaining_nonpulser,828404479576788096,2026-04-02T12:20:10.392788096,imap_idex_l1b_sci-10days_20260331_v016.cdf,77
remaining_nonpulser,828405016046360576,2026-04-02T12:29:06.862360576,imap_idex_l1b_sci-10days_20260331_v016.cdf,78
remaining_nonpulser,828405242496643072,2026-04-02T12:32:53.312643072,imap_idex_l1b_sci-10days_20260331_v016.cdf,79
remaining_nonpulser,828405655764302976,2026-04-02T12:39:46.580302976,imap_idex_l1b_sci-10days_20260331_v016.cdf,80
remaining_nonpulser,828405926580626944,2026-04-02T12:44:17.396626944,imap_idex_l1b_sci-10days_20260331_v016.cdf,81
remaining_nonpulser,828406106760029952,2026-04-02T12:47:17.576029952,imap_idex_l1b_sci-10days_20260331_v016.cdf,82
remaining_nonpulser,828406715821659136,2026-04-02T12:57:26.637659136,imap_idex_l1b_sci-10days_20260331_v016.cdf,83
remaining_nonpulser,828406845268746240,2026-04-02T12:59:36.084746240,imap_idex_l1b_sci-10days_20260331_v016.cdf,84
remaining_nonpulser,828406906288733056,2026-04-02T13:00:37.104733056,imap_idex_l1b_sci-10days_20260331_v016.cdf,85
remaining_nonpulser,828407218004301440,2026-04-02T13:05:48.820301440,imap_idex_l1b_sci-10days_20260331_v016.cdf,86
remaining_nonpulser,828407313042578560,2026-04-02T13:07:23.858578560,imap_idex_l1b_sci-10days_20260331_v016.cdf,87
remaining_nonpulser,828408069481279232,2026-04-02T13:20:00.297279232,imap_idex_l1b_sci-10days_20260331_v016.cdf,88
remaining_nonpulser,828408654536849408,2026-04-02T13:29:45.352849408,imap_idex_l1b_sci-10days_20260331_v016.cdf,89
remaining_nonpulser,828408838166669312,2026-04-02T13:32:48.982669312,imap_idex_l1b_sci-10days_20260331_v016.cdf,90
remaining_nonpulser,828409100354440832,2026-04-02T13:37:11.170440832,imap_idex_l1b_sci-10days_20260331_v016.cdf,91
remaining_nonpulser,828409146930360320,2026-04-02T13:37:57.746360320,imap_idex_l1b_sci-10days_20260331_v016.cdf,92
remaining_nonpulser,828409772833274752,2026-04-02T13:48:23.649274752,imap_idex_l1b_sci-10days_20260331_v016.cdf,93
remaining_nonpulser,828410419308951424,2026-04-02T13:59:10.124951424,imap_idex_l1b_sci-10days_20260331_v016.cdf,94
remaining_nonpulser,828410886754743808,2026-04-02T14:06:57.570743808,imap_idex_l1b_sci-10days_20260331_v016.cdf,95
remaining_nonpulser,828411807547341440,2026-04-02T14:22:18.363341440,imap_idex_l1b_sci-10days_20260331_v016.cdf,96
remaining_nonpulser,828412547170976768,2026-04-02T14:34:37.986976768,imap_idex_l1b_sci-10days_20260331_v016.cdf,97
remaining_nonpulser,828412930372182784,2026-04-02T14:41:01.188182784,imap_idex_l1b_sci-10days_20260331_v016.cdf,98
remaining_nonpulser,828413360042248320,2026-04-02T14:48:10.858248320,imap_idex_l1b_sci-10days_20260331_v016.cdf,99
remaining_nonpulser,828413510085377408,2026-04-02T14:50:40.901377408,imap_idex_l1b_sci-10days_20260331_v016.cdf,100
remaining_nonpulser,828414682003636096,2026-04-02T15:10:12.819636096,imap_idex_l1b_sci-10days_20260331_v016.cdf,101
remaining_nonpulser,828414741715804160,2026-04-02T15:11:12.531804160,imap_idex_l1b_sci-10days_20260331_v016.cdf,102
remaining_nonpulser,828415122618992128,2026-04-02T15:17:33.434992128,imap_idex_l1b_sci-10days_20260331_v016.cdf,103
remaining_nonpulser,828415515561169792,2026-04-02T15:24:06.377169792,imap_idex_l1b_sci-10days_20260331_v016.cdf,104
remaining_nonpulser,828416532685483136,2026-04-02T15:41:03.501483136,imap_idex_l1b_sci-10days_20260331_v016.cdf,105
remaining_nonpulser,828416601515083136,2026-04-02T15:42:12.331083136,imap_idex_l1b_sci-10days_20260331_v016.cdf,106
remaining_nonpulser,828416785460542848,2026-04-02T15:45:16.276542848,imap_idex_l1b_sci-10days_20260331_v016.cdf,107
remaining_nonpulser,828417462773052544,2026-04-02T15:56:33.589052544,imap_idex_l1b_sci-10days_20260331_v016.cdf,108
remaining_nonpulser,828417767683286912,2026-04-02T16:01:38.499286912,imap_idex_l1b_sci-10days_20260331_v016.cdf,109
remaining_nonpulser,828417889641560576,2026-04-02T16:03:40.457560576,imap_idex_l1b_sci-10days_20260331_v016.cdf,110
remaining_nonpulser,828419010176663936,2026-04-02T16:22:20.992663936,imap_idex_l1b_sci-10days_20260331_v016.cdf,111
remaining_nonpulser,828419380858440832,2026-04-02T16:28:31.674440832,imap_idex_l1b_sci-10days_20260331_v016.cdf,112
remaining_nonpulser,828419544279498496,2026-04-02T16:31:15.095498496,imap_idex_l1b_sci-10days_20260331_v016.cdf,113
remaining_nonpulser,828419767282704000,2026-04-02T16:34:58.098704000,imap_idex_l1b_sci-10days_20260331_v016.cdf,114
remaining_nonpulser,828419881261344640,2026-04-02T16:36:52.077344640,imap_idex_l1b_sci-10days_20260331_v016.cdf,115
remaining_nonpulser,828420945180317440,2026-04-02T16:54:35.996317440,imap_idex_l1b_sci-10days_20260331_v016.cdf,116
remaining_nonpulser,828421058830258432,2026-04-02T16:56:29.646258432,imap_idex_l1b_sci-10days_20260331_v016.cdf,117
remaining_nonpulser,828421908079918208,2026-04-02T17:10:38.895918208,imap_idex_l1b_sci-10days_20260331_v016.cdf,118
remaining_nonpulser,828423146548498816,2026-04-02T17:31:17.364498816,imap_idex_l1b_sci-10days_20260331_v016.cdf,119
remaining_nonpulser,828424374624808576,2026-04-02T17:51:45.440808576,imap_idex_l1b_sci-10days_20260331_v016.cdf,120
remaining_nonpulser,828425467257736320,2026-04-02T18:09:58.073736320,imap_idex_l1b_sci-10days_20260331_v016.cdf,121
remaining_nonpulser,828426031339764736,2026-04-02T18:19:22.155764736,imap_idex_l1b_sci-10days_20260331_v016.cdf,122
remaining_nonpulser,828426166972906368,2026-04-02T18:21:37.788906368,imap_idex_l1b_sci-10days_20260331_v016.cdf,123
remaining_nonpulser,828426380938599936,2026-04-02T18:25:11.754599936,imap_idex_l1b_sci-10days_20260331_v016.cdf,124
remaining_nonpulser,828426981762396288,2026-04-02T18:35:12.578396288,imap_idex_l1b_sci-10days_20260331_v016.cdf,125
remaining_nonpulser,828427124954051456,2026-04-02T18:37:35.770051456,imap_idex_l1b_sci-10days_20260331_v016.cdf,126
remaining_nonpulser,828428357099397504,2026-04-02T18:58:07.915397504,imap_idex_l1b_sci-10days_20260331_v016.cdf,127
remaining_nonpulser,828428544144414720,2026-04-02T19:01:14.960414720,imap_idex_l1b_sci-10days_20260331_v016.cdf,128
remaining_nonpulser,828429028058872832,2026-04-02T19:09:18.874872832,imap_idex_l1b_sci-10days_20260331_v016.cdf,129
remaining_nonpulser,828430519325553024,2026-04-02T19:34:10.141553024,imap_idex_l1b_sci-10days_20260331_v016.cdf,130
remaining_nonpulser,828431101890645376,2026-04-02T19:43:52.706645376,imap_idex_l1b_sci-10days_20260331_v016.cdf,131
remaining_nonpulser,828431135211336192,2026-04-02T19:44:26.027336192,imap_idex_l1b_sci-10days_20260331_v016.cdf,132
remaining_nonpulser,828431319228815872,2026-04-02T19:47:30.044815872,imap_idex_l1b_sci-10days_20260331_v016.cdf,133
remaining_nonpulser,828432223816187648,2026-04-02T20:02:34.632187648,imap_idex_l1b_sci-10days_20260331_v016.cdf,134
remaining_nonpulser,828432516168672640,2026-04-02T20:07:26.984672640,imap_idex_l1b_sci-10days_20260331_v016.cdf,135
remaining_nonpulser,828432954353490816,2026-04-02T20:14:45.169490816,imap_idex_l1b_sci-10days_20260331_v016.cdf,136
remaining_nonpulser,828433707311074560,2026-04-02T20:27:18.127074560,imap_idex_l1b_sci-10days_20260331_v016.cdf,137
remaining_nonpulser,828434804947538048,2026-04-02T20:45:35.763538048,imap_idex_l1b_sci-10days_20260331_v016.cdf,138
remaining_nonpulser,828435590106533760,2026-04-02T20:58:40.922533760,imap_idex_l1b_sci-10days_20260331_v016.cdf,139
remaining_nonpulser,828435644097146624,2026-04-02T20:59:34.913146624,imap_idex_l1b_sci-10days_20260331_v016.cdf,140
remaining_nonpulser,828435882330878976,2026-04-02T21:03:33.146878976,imap_idex_l1b_sci-10days_20260331_v016.cdf,141
remaining_nonpulser,828437362715908736,2026-04-02T21:28:13.531908736,imap_idex_l1b_sci-10days_20260331_v016.cdf,142
remaining_nonpulser,828437401912894592,2026-04-02T21:28:52.728894592,imap_idex_l1b_sci-10days_20260331_v016.cdf,143
remaining_nonpulser,828437494508093952,2026-04-02T21:30:25.324093952,imap_idex_l1b_sci-10days_20260331_v016.cdf,144
remaining_nonpulser,828437682352970112,2026-04-02T21:33:33.168970112,imap_idex_l1b_sci-10days_20260331_v016.cdf,145
remaining_nonpulser,828438035408082432,2026-04-02T21:39:26.224082432,imap_idex_l1b_sci-10days_20260331_v016.cdf,146
remaining_nonpulser,828438214613686272,2026-04-02T21:42:25.429686272,imap_idex_l1b_sci-10days_20260331_v016.cdf,147
remaining_nonpulser,828438244921559808,2026-04-02T21:42:55.737559808,imap_idex_l1b_sci-10days_20260331_v016.cdf,148
remaining_nonpulser,828438540972481792,2026-04-02T21:47:51.788481792,imap_idex_l1b_sci-10days_20260331_v016.cdf,149
remaining_nonpulser,828438565234660608,2026-04-02T21:48:16.050660608,imap_idex_l1b_sci-10days_20260331_v016.cdf,150
remaining_nonpulser,828438622180631040,2026-04-02T21:49:12.996631040,imap_idex_l1b_sci-10days_20260331_v016.cdf,151
remaining_nonpulser,828439601709237376,2026-04-02T22:05:32.525237376,imap_idex_l1b_sci-10days_20260331_v016.cdf,152
remaining_nonpulser,828440340194493696,2026-04-02T22:17:51.010493696,imap_idex_l1b_sci-10days_20260331_v016.cdf,153
remaining_nonpulser,828440432890193024,2026-04-02T22:19:23.706193024,imap_idex_l1b_sci-10days_20260331_v016.cdf,154
remaining_nonpulser,828441095963774976,2026-04-02T22:30:26.779774976,imap_idex_l1b_sci-10days_20260331_v016.cdf,155
remaining_nonpulser,828441108227044352,2026-04-02T22:30:39.043044352,imap_idex_l1b_sci-10days_20260331_v016.cdf,156
remaining_nonpulser,828441773829084160,2026-04-02T22:41:44.645084160,imap_idex_l1b_sci-10days_20260331_v016.cdf,157
remaining_nonpulser,828442143970221696,2026-04-02T22:47:54.786221696,imap_idex_l1b_sci-10days_20260331_v016.cdf,158
remaining_nonpulser,828442269348412416,2026-04-02T22:50:00.164412416,imap_idex_l1b_sci-10days_20260331_v016.cdf,159
remaining_nonpulser,828443359341762304,2026-04-02T23:08:10.157762304,imap_idex_l1b_sci-10days_20260331_v016.cdf,160
remaining_nonpulser,828444577826260480,2026-04-02T23:28:28.642260480,imap_idex_l1b_sci-10days_20260331_v016.cdf,161
remaining_nonpulser,828446011387171072,2026-04-02T23:52:22.203171072,imap_idex_l1b_sci-10days_20260331_v016.cdf,162
remaining_nonpulser,828446349342436480,2026-04-02T23:58:00.158436480,imap_idex_l1b_sci-10days_20260331_v016.cdf,163
remaining_nonpulser,828447562533519104,2026-04-03T00:18:13.349519104,imap_idex_l1b_sci-10days_20260331_v016.cdf,164
remaining_nonpulser,828448251275418752,2026-04-03T00:29:42.091418752,imap_idex_l1b_sci-10days_20260331_v016.cdf,165
remaining_nonpulser,828449084627932416,2026-04-03T00:43:35.443932416,imap_idex_l1b_sci-10days_20260331_v016.cdf,166
remaining_nonpulser,828449172114336256,2026-04-03T00:45:02.930336256,imap_idex_l1b_sci-10days_20260331_v016.cdf,167
remaining_nonpulser,828449240979516288,2026-04-03T00:46:11.795516288,imap_idex_l1b_sci-10days_20260331_v016.cdf,168
remaining_nonpulser,828449729201390720,2026-04-03T00:54:20.017390720,imap_idex_l1b_sci-10days_20260331_v016.cdf,169
remaining_nonpulser,828450080812764288,2026-04-03T01:00:11.628764288,imap_idex_l1b_sci-10days_20260331_v016.cdf,170
remaining_nonpulser,828450299879633280,2026-04-03T01:03:50.695633280,imap_idex_l1b_sci-10days_20260331_v016.cdf,171
remaining_nonpulser,828450398354647680,2026-04-03T01:05:29.170647680,imap_idex_l1b_sci-10days_20260331_v016.cdf,172
remaining_nonpulser,828450914303617792,2026-04-03T01:14:05.119617792,imap_idex_l1b_sci-10days_20260331_v016.cdf,173
remaining_nonpulser,828453031118572928,2026-04-03T01:49:21.934572928,imap_idex_l1b_sci-10days_20260331_v016.cdf,174
remaining_nonpulser,828453607912110336,2026-04-03T01:58:58.728110336,imap_idex_l1b_sci-10days_20260331_v016.cdf,175
remaining_nonpulser,828453620630039040,2026-04-03T01:59:11.446039040,imap_idex_l1b_sci-10days_20260331_v016.cdf,176
remaining_nonpulser,828454341295051008,2026-04-03T02:11:12.111051008,imap_idex_l1b_sci-10days_20260331_v016.cdf,177
remaining_nonpulser,828454676473078784,2026-04-03T02:16:47.289078784,imap_idex_l1b_sci-10days_20260331_v016.cdf,178
remaining_nonpulser,828455073073953280,2026-04-03T02:23:23.889953280,imap_idex_l1b_sci-10days_20260331_v016.cdf,179
remaining_nonpulser,828456275195345536,2026-04-03T02:43:26.011345536,imap_idex_l1b_sci-10days_20260331_v016.cdf,180
remaining_nonpulser,828456420504878848,2026-04-03T02:45:51.320878848,imap_idex_l1b_sci-10days_20260331_v016.cdf,181
remaining_nonpulser,828456894737065728,2026-04-03T02:53:45.553065728,imap_idex_l1b_sci-10days_20260331_v016.cdf,182
remaining_nonpulser,828457136751454592,2026-04-03T02:57:47.567454592,imap_idex_l1b_sci-10days_20260331_v016.cdf,183
remaining_nonpulser,828457703799720448,2026-04-03T03:07:14.615720448,imap_idex_l1b_sci-10days_20260331_v016.cdf,184
remaining_nonpulser,828457959746317440,2026-04-03T03:11:30.562317440,imap_idex_l1b_sci-10days_20260331_v016.cdf,185
remaining_nonpulser,828457995802225920,2026-04-03T03:12:06.618225920,imap_idex_l1b_sci-10days_20260331_v016.cdf,186
remaining_nonpulser,828459063480115584,2026-04-03T03:29:54.296115584,imap_idex_l1b_sci-10days_20260331_v016.cdf,187
remaining_nonpulser,828459824150792448,2026-04-03T03:42:34.966792448,imap_idex_l1b_sci-10days_20260331_v016.cdf,188
remaining_nonpulser,828459860367201024,2026-04-03T03:43:11.183201024,imap_idex_l1b_sci-10days_20260331_v016.cdf,189
remaining_nonpulser,828460766821450880,2026-04-03T03:58:17.637450880,imap_idex_l1b_sci-10days_20260331_v016.cdf,190
remaining_nonpulser,828461476565492352,2026-04-03T04:10:07.381492352,imap_idex_l1b_sci-10days_20260331_v016.cdf,191
remaining_nonpulser,828461739738702848,2026-04-03T04:14:30.554702848,imap_idex_l1b_sci-10days_20260331_v016.cdf,192
remaining_nonpulser,828462106895122944,2026-04-03T04:20:37.711122944,imap_idex_l1b_sci-10days_20260331_v016.cdf,193
remaining_nonpulser,828462341475358464,2026-04-03T04:24:32.291358464,imap_idex_l1b_sci-10days_20260331_v016.cdf,194
remaining_nonpulser,828462558114529664,2026-04-03T04:28:08.930529664,imap_idex_l1b_sci-10days_20260331_v016.cdf,195
remaining_nonpulser,828462972400548608,2026-04-03T04:35:03.216548608,imap_idex_l1b_sci-10days_20260331_v016.cdf,196
remaining_nonpulser,828463191721857408,2026-04-03T04:38:42.537857408,imap_idex_l1b_sci-10days_20260331_v016.cdf,197
remaining_nonpulser,828463434382285952,2026-04-03T04:42:45.198285952,imap_idex_l1b_sci-10days_20260331_v016.cdf,199
remaining_nonpulser,828463771739811968,2026-04-03T04:48:22.555811968,imap_idex_l1b_sci-10days_20260331_v016.cdf,200
remaining_nonpulser,828465804896719872,2026-04-03T05:22:15.712719872,imap_idex_l1b_sci-10days_20260331_v016.cdf,201
remaining_nonpulser,828465837594671360,2026-04-03T05:22:48.410671360,imap_idex_l1b_sci-10days_20260331_v016.cdf,202
remaining_nonpulser,828466249886332032,2026-04-03T05:29:40.702332032,imap_idex_l1b_sci-10days_20260331_v016.cdf,203
remaining_nonpulser,828466784017266560,2026-04-03T05:38:34.833266560,imap_idex_l1b_sci-10days_20260331_v016.cdf,204
remaining_nonpulser,828467068440798720,2026-04-03T05:43:19.256798720,imap_idex_l1b_sci-10days_20260331_v016.cdf,205
remaining_nonpulser,828467509952593920,2026-04-03T05:50:40.768593920,imap_idex_l1b_sci-10days_20260331_v016.cdf,206
remaining_nonpulser,828469551348194688,2026-04-03T06:24:42.164194688,imap_idex_l1b_sci-10days_20260331_v016.cdf,207
remaining_nonpulser,828471293815276160,2026-04-03T06:53:44.631276160,imap_idex_l1b_sci-10days_20260331_v016.cdf,208
remaining_nonpulser,828471828670009984,2026-04-03T07:02:39.486009984,imap_idex_l1b_sci-10days_20260331_v016.cdf,209
remaining_nonpulser,828473076777582080,2026-04-03T07:23:27.593582080,imap_idex_l1b_sci-10days_20260331_v016.cdf,210
remaining_nonpulser,828473620142588544,2026-04-03T07:32:30.958588544,imap_idex_l1b_sci-10days_20260331_v016.cdf,211
remaining_nonpulser,828474457054299136,2026-04-03T07:46:27.870299136,imap_idex_l1b_sci-10days_20260331_v016.cdf,212
remaining_nonpulser,828474667902595456,2026-04-03T07:49:58.718595456,imap_idex_l1b_sci-10days_20260331_v016.cdf,213
remaining_nonpulser,828475258501060608,2026-04-03T07:59:49.317060608,imap_idex_l1b_sci-10days_20260331_v016.cdf,214
remaining_nonpulser,828476534159028864,2026-04-03T08:21:04.975028864,imap_idex_l1b_sci-10days_20260331_v016.cdf,215
remaining_nonpulser,828477274504943616,2026-04-03T08:33:25.320943616,imap_idex_l1b_sci-10days_20260331_v016.cdf,216
remaining_nonpulser,828478282061005440,2026-04-03T08:50:12.877005440,imap_idex_l1b_sci-10days_20260331_v016.cdf,217
remaining_nonpulser,828478775889375104,2026-04-03T08:58:26.705375104,imap_idex_l1b_sci-10days_20260331_v016.cdf,218
remaining_nonpulser,828479111336202752,2026-04-03T09:04:02.152202752,imap_idex_l1b_sci-10days_20260331_v016.cdf,219
remaining_nonpulser,828479619509259776,2026-04-03T09:12:30.325259776,imap_idex_l1b_sci-10days_20260331_v016.cdf,220
remaining_nonpulser,828479857758252288,2026-04-03T09:16:28.574252288,imap_idex_l1b_sci-10days_20260331_v016.cdf,221
remaining_nonpulser,828480117382445824,2026-04-03T09:20:48.198445824,imap_idex_l1b_sci-10days_20260331_v016.cdf,222
remaining_nonpulser,828480922850903936,2026-04-03T09:34:13.666903936,imap_idex_l1b_sci-10days_20260331_v016.cdf,223
remaining_nonpulser,828481331364827904,2026-04-03T09:41:02.180827904,imap_idex_l1b_sci-10days_20260331_v016.cdf,224
remaining_nonpulser,828481746474825984,2026-04-03T09:47:57.290825984,imap_idex_l1b_sci-10days_20260331_v016.cdf,225
remaining_nonpulser,828481809991110784,2026-04-03T09:49:00.807110784,imap_idex_l1b_sci-10days_20260331_v016.cdf,226
remaining_nonpulser,828482192344117376,2026-04-03T09:55:23.160117376,imap_idex_l1b_sci-10days_20260331_v016.cdf,227
remaining_nonpulser,828482300155663488,2026-04-03T09:57:10.971663488,imap_idex_l1b_sci-10days_20260331_v016.cdf,228
remaining_nonpulser,828483001628612096,2026-04-03T10:08:52.444612096,imap_idex_l1b_sci-10days_20260331_v016.cdf,229
remaining_nonpulser,828484647855717248,2026-04-03T10:36:18.671717248,imap_idex_l1b_sci-10days_20260331_v016.cdf,230
remaining_nonpulser,828485687657511168,2026-04-03T10:53:38.473511168,imap_idex_l1b_sci-10days_20260331_v016.cdf,231
remaining_nonpulser,828486587501946752,2026-04-03T11:08:38.317946752,imap_idex_l1b_sci-10days_20260331_v016.cdf,232
remaining_nonpulser,828488114525036032,2026-04-03T11:34:05.341036032,imap_idex_l1b_sci-10days_20260331_v016.cdf,233
remaining_nonpulser,828488383752641280,2026-04-03T11:38:34.568641280,imap_idex_l1b_sci-10days_20260331_v016.cdf,234
remaining_nonpulser,828488992101031168,2026-04-03T11:48:42.917031168,imap_idex_l1b_sci-10days_20260331_v016.cdf,235
remaining_nonpulser,828489195608553728,2026-04-03T11:52:06.424553728,imap_idex_l1b_sci-10days_20260331_v016.cdf,236
remaining_nonpulser,828489399923375616,2026-04-03T11:55:30.739375616,imap_idex_l1b_sci-10days_20260331_v016.cdf,237
remaining_nonpulser,828489949426256768,2026-04-03T12:04:40.242256768,imap_idex_l1b_sci-10days_20260331_v016.cdf,238
remaining_nonpulser,828490051941207424,2026-04-03T12:06:22.757207424,imap_idex_l1b_sci-10days_20260331_v016.cdf,239
remaining_nonpulser,828490124958863744,2026-04-03T12:07:35.774863744,imap_idex_l1b_sci-10days_20260331_v016.cdf,240
remaining_nonpulser,828494621712804608,2026-04-03T13:22:32.528804608,imap_idex_l1b_sci-10days_20260331_v016.cdf,241
remaining_nonpulser,828497960642974592,2026-04-03T14:18:11.458974592,imap_idex_l1b_sci-10days_20260331_v016.cdf,242
remaining_nonpulser,828499338650053504,2026-04-03T14:41:09.466053504,imap_idex_l1b_sci-10days_20260331_v016.cdf,243
remaining_nonpulser,828499741734042240,2026-04-03T14:47:52.550042240,imap_idex_l1b_sci-10days_20260331_v016.cdf,244
remaining_nonpulser,828500198894423808,2026-04-03T14:55:29.710423808,imap_idex_l1b_sci-10days_20260331_v016.cdf,245
remaining_nonpulser,828500733555017984,2026-04-03T15:04:24.371017984,imap_idex_l1b_sci-10days_20260331_v016.cdf,246
remaining_nonpulser,828504313473737856,2026-04-03T16:04:04.289737856,imap_idex_l1b_sci-10days_20260331_v016.cdf,247
remaining_nonpulser,828505148111810304,2026-04-03T16:17:58.927810304,imap_idex_l1b_sci-10days_20260331_v016.cdf,248
remaining_nonpulser,828505364623101696,2026-04-03T16:21:35.439101696,imap_idex_l1b_sci-10days_20260331_v016.cdf,249
remaining_nonpulser,828505830568475520,2026-04-03T16:29:21.384475520,imap_idex_l1b_sci-10days_20260331_v016.cdf,250
remaining_nonpulser,828508377987776256,2026-04-03T17:11:48.803776256,imap_idex_l1b_sci-10days_20260331_v016.cdf,251
remaining_nonpulser,828510129016010880,2026-04-03T17:40:59.832010880,imap_idex_l1b_sci-10days_20260331_v016.cdf,252
remaining_nonpulser,828511263088762880,2026-04-03T17:59:53.904762880,imap_idex_l1b_sci-10days_20260331_v016.cdf,253
remaining_nonpulser,828511385678556160,2026-04-03T18:01:56.494556160,imap_idex_l1b_sci-10days_20260331_v016.cdf,254
remaining_nonpulser,828512329915573632,2026-04-03T18:17:40.731573632,imap_idex_l1b_sci-10days_20260331_v016.cdf,255
remaining_nonpulser,828513239293401344,2026-04-03T18:32:50.109401344,imap_idex_l1b_sci-10days_20260331_v016.cdf,256
remaining_nonpulser,828515951517798656,2026-04-03T19:18:02.333798656,imap_idex_l1b_sci-10days_20260331_v016.cdf,257
remaining_nonpulser,828520500824855552,2026-04-03T20:33:51.640855552,imap_idex_l1b_sci-10days_20260331_v016.cdf,258
remaining_nonpulser,828523298989677952,2026-04-03T21:20:29.805677952,imap_idex_l1b_sci-10days_20260331_v016.cdf,259
remaining_nonpulser,828531287061838976,2026-04-03T23:33:37.877838976,imap_idex_l1b_sci-10days_20260331_v016.cdf,260
remaining_nonpulser,828532976255947648,2026-04-04T00:01:47.071947648,imap_idex_l1b_sci-10days_20260331_v016.cdf,261
remaining_nonpulser,828532981072083328,2026-04-04T00:01:51.888083328,imap_idex_l1b_sci-10days_20260331_v016.cdf,262
remaining_nonpulser,828533023454386432,2026-04-04T00:02:34.270386432,imap_idex_l1b_sci-10days_20260331_v016.cdf,267
remaining_nonpulser,828533027850462592,2026-04-04T00:02:38.666462592,imap_idex_l1b_sci-10days_20260331_v016.cdf,268
remaining_nonpulser,828533032492918656,2026-04-04T00:02:43.308918656,imap_idex_l1b_sci-10days_20260331_v016.cdf,269
remaining_nonpulser,828533040255511808,2026-04-04T00:02:51.071511808,imap_idex_l1b_sci-10days_20260331_v016.cdf,270
remaining_nonpulser,828533052255421312,2026-04-04T00:03:03.071421312,imap_idex_l1b_sci-10days_20260331_v016.cdf,271
remaining_nonpulser,828533064255350912,2026-04-04T00:03:15.071350912,imap_idex_l1b_sci-10days_20260331_v016.cdf,272
remaining_nonpulser,828544559454676736,2026-04-04T03:14:50.270676736,imap_idex_l1b_sci-10days_20260331_v016.cdf,273
remaining_nonpulser,828544881517916288,2026-04-04T03:20:12.333916288,imap_idex_l1b_sci-10days_20260331_v016.cdf,274
remaining_nonpulser,828545522739337600,2026-04-04T03:30:53.555337600,imap_idex_l1b_sci-10days_20260331_v016.cdf,275
remaining_nonpulser,828547579880285440,2026-04-04T04:05:10.696285440,imap_idex_l1b_sci-10days_20260331_v016.cdf,276
remaining_nonpulser,828562559803875840,2026-04-04T08:14:50.619875840,imap_idex_l1b_sci-10days_20260331_v016.cdf,277
remaining_nonpulser,828563740938886784,2026-04-04T08:34:31.754886784,imap_idex_l1b_sci-10days_20260331_v016.cdf,278
remaining_nonpulser,828563790295883776,2026-04-04T08:35:21.111883776,imap_idex_l1b_sci-10days_20260331_v016.cdf,279
remaining_nonpulser,828565139510868480,2026-04-04T08:57:50.326868480,imap_idex_l1b_sci-10days_20260331_v016.cdf,280
remaining_nonpulser,828572837741522048,2026-04-04T11:06:08.557522048,imap_idex_l1b_sci-10days_20260331_v016.cdf,281
remaining_nonpulser,828583445301601280,2026-04-04T14:02:56.117601280,imap_idex_l1b_sci-10days_20260331_v016.cdf,282
remaining_nonpulser,828601795603695488,2026-04-04T19:08:46.419695488,imap_idex_l1b_sci-10days_20260331_v016.cdf,283
remaining_nonpulser,828615365540953984,2026-04-04T22:54:56.356953984,imap_idex_l1b_sci-10days_20260331_v016.cdf,284
remaining_nonpulser,828618938899081088,2026-04-04T23:54:29.715081088,imap_idex_l1b_sci-10days_20260331_v016.cdf,285
remaining_nonpulser,828625591211745920,2026-04-05T01:45:22.027745920,imap_idex_l1b_sci-10days_20260331_v016.cdf,286
remaining_nonpulser,828634446695571456,2026-04-05T04:12:57.511571456,imap_idex_l1b_sci-10days_20260331_v016.cdf,287
remaining_nonpulser,828637670725462784,2026-04-05T05:06:41.541462784,imap_idex_l1b_sci-10days_20260331_v016.cdf,288
remaining_nonpulser,828648269870729344,2026-04-05T08:03:20.686729344,imap_idex_l1b_sci-10days_20260331_v016.cdf,289
remaining_nonpulser,828649962053595136,2026-04-05T08:31:32.869595136,imap_idex_l1b_sci-10days_20260331_v016.cdf,290
remaining_nonpulser,828669195190600320,2026-04-05T13:52:06.006600320,imap_idex_l1b_sci-10days_20260331_v016.cdf,292
remaining_nonpulser,828682221115032960,2026-04-05T17:29:11.931032960,imap_idex_l1b_sci-10days_20260331_v016.cdf,293
remaining_nonpulser,828683933082441984,2026-04-05T17:57:43.898441984,imap_idex_l1b_sci-10days_20260331_v016.cdf,294
remaining_nonpulser,828699153812985728,2026-04-05T22:11:24.628985728,imap_idex_l1b_sci-10days_20260331_v016.cdf,295
remaining_nonpulser,828714051054251520,2026-04-06T02:19:41.870251520,imap_idex_l1b_sci-10days_20260331_v016.cdf,296
remaining_nonpulser,828810062071573632,2026-04-07T04:59:52.887573632,imap_idex_l1b_sci-10days_20260331_v016.cdf,297
remaining_nonpulser,828811722866547072,2026-04-07T05:27:33.682547072,imap_idex_l1b_sci-10days_20260331_v016.cdf,298
remaining_nonpulser,828833134133119744,2026-04-07T11:24:24.949119744,imap_idex_l1b_sci-10days_20260331_v016.cdf,299
remaining_nonpulser,828876309145037568,2026-04-07T23:23:59.961037568,imap_idex_l1b_sci-10days_20260331_v016.cdf,301
remaining_nonpulser,828890818233321088,2026-04-08T03:25:49.049321088,imap_idex_l1b_sci-10days_20260331_v016.cdf,303
remaining_nonpulser,828893247623246464,2026-04-08T04:06:18.439246464,imap_idex_l1b_sci-10days_20260331_v016.cdf,304
remaining_nonpulser,828917197514198400,2026-04-08T10:45:28.330198400,imap_idex_l1b_sci-10days_20260331_v016.cdf,305
remaining_nonpulser,829119067861713408,2026-04-10T18:49:58.677713408,imap_idex_l1b_sci-10days_20260410_v016.cdf,0
remaining_nonpulser,829224175711690368,2026-04-12T00:01:46.527690368,imap_idex_l1b_sci-10days_20260410_v016.cdf,1
remaining_nonpulser,829224227711345024,2026-04-12T00:02:38.527345024,imap_idex_l1b_sci-10days_20260410_v016.cdf,7
remaining_nonpulser,829224239711254656,2026-04-12T00:02:50.527254656,imap_idex_l1b_sci-10days_20260410_v016.cdf,8
remaining_nonpulser,829224251711184128,2026-04-12T00:03:02.527184128,imap_idex_l1b_sci-10days_20260410_v016.cdf,9
remaining_nonpulser,829224263711093760,2026-04-12T00:03:14.527093760,imap_idex_l1b_sci-10days_20260410_v016.cdf,10
remaining_nonpulser,829319402624125312,2026-04-13T02:28:53.440125312,imap_idex_l1b_sci-10days_20260410_v016.cdf,11
remaining_nonpulser,829343897371378176,2026-04-13T09:17:08.187378176,imap_idex_l1b_sci-10days_20260410_v016.cdf,13
remaining_nonpulser,829351837221678080,2026-04-13T11:29:28.037678080,imap_idex_l1b_sci-10days_20260410_v016.cdf,14
remaining_nonpulser,829708030963655296,2026-04-17T14:26:01.779655296,imap_idex_l1b_sci-10days_20260410_v016.cdf,16
remaining_nonpulser,829779806322264704,2026-04-18T10:22:17.138264704,imap_idex_l1b_sci-10days_20260410_v016.cdf,17
remaining_nonpulser,829817689970915584,2026-04-18T20:53:40.786915584,imap_idex_l1b_sci-10days_20260410_v016.cdf,19
remaining_nonpulser,829818376350679296,2026-04-18T21:05:07.166679296,imap_idex_l1b_sci-10days_20260410_v016.cdf,20
remaining_nonpulser,829823447277794304,2026-04-18T22:29:38.093794304,imap_idex_l1b_sci-10days_20260410_v016.cdf,21
remaining_nonpulser,829868580193550080,2026-04-19T11:01:51.009550080,imap_idex_l1b_sci-10days_20260410_v016.cdf,22
remaining_nonpulser,829874430518908288,2026-04-19T12:39:21.334908288,imap_idex_l1b_sci-10days_20260410_v016.cdf,23
remaining_nonpulser,829915375079932928,2026-04-20T00:01:45.895932928,imap_idex_l1b_sci-10days_20260420_v016.cdf,0
remaining_nonpulser,829915427079587840,2026-04-20T00:02:37.895587840,imap_idex_l1b_sci-10days_20260420_v016.cdf,6
remaining_nonpulser,829915439079497472,2026-04-20T00:02:49.895497472,imap_idex_l1b_sci-10days_20260420_v016.cdf,7
remaining_nonpulser,829915451079426944,2026-04-20T00:03:01.895426944,imap_idex_l1b_sci-10days_20260420_v016.cdf,8
remaining_nonpulser,829915463079336576,2026-04-20T00:03:13.895336576,imap_idex_l1b_sci-10days_20260420_v016.cdf,9
remaining_nonpulser,830340855160887296,2026-04-24T22:13:05.976887296,imap_idex_l1b_sci-10days_20260420_v016.cdf,10
remaining_nonpulser,830372482242013696,2026-04-25T07:00:13.058013696,imap_idex_l1b_sci-10days_20260420_v016.cdf,11
remaining_nonpulser,830468832133131648,2026-04-26T09:46:02.949131648,imap_idex_l1b_sci-10days_20260420_v016.cdf,13
remaining_nonpulser,830471536862646656,2026-04-26T10:31:07.678646656,imap_idex_l1b_sci-10days_20260420_v016.cdf,14
remaining_nonpulser,830493523985104256,2026-04-26T16:37:34.801104256,imap_idex_l1b_sci-10days_20260420_v016.cdf,15
remaining_nonpulser,830493712449920768,2026-04-26T16:40:43.265920768,imap_idex_l1b_sci-10days_20260420_v016.cdf,16
remaining_nonpulser,830497256603648128,2026-04-26T17:39:47.419648128,imap_idex_l1b_sci-10days_20260420_v016.cdf,17
remaining_nonpulser,830567543833190400,2026-04-27T13:11:14.649190400,imap_idex_l1b_sci-10days_20260420_v016.cdf,18
remaining_nonpulser,830606574674751360,2026-04-28T00:01:45.490751360,imap_idex_l1b_sci-10days_20260420_v016.cdf,19
remaining_nonpulser,830606626674386432,2026-04-28T00:02:37.490386432,imap_idex_l1b_sci-10days_20260420_v016.cdf,25
remaining_nonpulser,830606638674296064,2026-04-28T00:02:49.490296064,imap_idex_l1b_sci-10days_20260420_v016.cdf,26
remaining_nonpulser,830606650674225536,2026-04-28T00:03:01.490225536,imap_idex_l1b_sci-10days_20260420_v016.cdf,27
remaining_nonpulser,830606662674135168,2026-04-28T00:03:13.490135168,imap_idex_l1b_sci-10days_20260420_v016.cdf,28
remaining_nonpulser,830617523593400960,2026-04-28T03:04:14.409400960,imap_idex_l1b_sci-10days_20260420_v016.cdf,29
remaining_nonpulser,830642932801878656,2026-04-28T10:07:43.617878656,imap_idex_l1b_sci-10days_20260420_v016.cdf,30
remaining_nonpulser,830660849561030272,2026-04-28T15:06:20.377030272,imap_idex_l1b_sci-10days_20260420_v016.cdf,31
remaining_nonpulser,830836757696196224,2026-04-30T15:58:08.512196224,imap_idex_l1b_sci-10days_20260430_v016.cdf,0
remaining_nonpulser,830947951255369344,2026-05-01T22:51:22.071369344,imap_idex_l1b_sci-10days_20260430_v016.cdf,1
remaining_nonpulser,830948432881712256,2026-05-01T22:59:23.697712256,imap_idex_l1b_sci-10days_20260430_v016.cdf,2
remaining_nonpulser,830950641128839552,2026-05-01T23:36:11.944839552,imap_idex_l1b_sci-10days_20260430_v016.cdf,3
remaining_nonpulser,830950754702401280,2026-05-01T23:38:05.518401280,imap_idex_l1b_sci-10days_20260430_v016.cdf,4
remaining_nonpulser,830952710184387456,2026-05-02T00:10:41.000387456,imap_idex_l1b_sci-10days_20260430_v016.cdf,5
remaining_nonpulser,831002731298203264,2026-05-02T14:04:22.114203264,imap_idex_l1b_sci-10days_20260430_v016.cdf,6
remaining_nonpulser,831114246817369984,2026-05-03T21:02:57.633369984,imap_idex_l1b_sci-10days_20260430_v016.cdf,9
remaining_nonpulser,831167888401194496,2026-05-04T11:56:59.217194496,imap_idex_l1b_sci-10days_20260430_v016.cdf,11
remaining_nonpulser,831270570154620928,2026-05-05T16:28:20.970620928,imap_idex_l1b_sci-10days_20260430_v016.cdf,12
remaining_nonpulser,831297773973600512,2026-05-06T00:01:44.789600512,imap_idex_l1b_sci-10days_20260430_v016.cdf,13
remaining_nonpulser,831297825973255552,2026-05-06T00:02:36.789255552,imap_idex_l1b_sci-10days_20260430_v016.cdf,19
remaining_nonpulser,831297837973165056,2026-05-06T00:02:48.789165056,imap_idex_l1b_sci-10days_20260430_v016.cdf,20
remaining_nonpulser,831297849973074688,2026-05-06T00:03:00.789074688,imap_idex_l1b_sci-10days_20260430_v016.cdf,21
remaining_nonpulser,831297861973004288,2026-05-06T00:03:12.789004288,imap_idex_l1b_sci-10days_20260430_v016.cdf,22
remaining_nonpulser,831358027824348800,2026-05-06T16:45:58.640348800,imap_idex_l1b_sci-10days_20260430_v016.cdf,23
remaining_nonpulser,831413549119891584,2026-05-07T08:11:19.935891584,imap_idex_l1b_sci-10days_20260430_v016.cdf,24
remaining_nonpulser,831540362389805056,2026-05-08T19:24:53.205805056,imap_idex_l1b_sci-10days_20260430_v016.cdf,25
remaining_nonpulser,831657241385427584,2026-05-10T03:52:52.201427584,imap_idex_l1b_sci-10days_20260510_v016.cdf,1
remaining_nonpulser,831888718204757760,2026-05-12T20:10:49.020757760,imap_idex_l1b_sci-10days_20260510_v016.cdf,4
remaining_nonpulser,831894212664369792,2026-05-12T21:42:23.480369792,imap_idex_l1b_sci-10days_20260510_v016.cdf,5
remaining_nonpulser,831932203535500288,2026-05-13T08:15:34.351500288,imap_idex_l1b_sci-10days_20260510_v016.cdf,6
remaining_nonpulser,831988973238536960,2026-05-14T00:01:44.054536960,imap_idex_l1b_sci-10days_20260510_v016.cdf,7
remaining_nonpulser,831989025238172032,2026-05-14T00:02:36.054172032,imap_idex_l1b_sci-10days_20260510_v016.cdf,13
remaining_nonpulser,831989037238081664,2026-05-14T00:02:48.054081664,imap_idex_l1b_sci-10days_20260510_v016.cdf,14
remaining_nonpulser,831989049237991296,2026-05-14T00:03:00.053991296,imap_idex_l1b_sci-10days_20260510_v016.cdf,15
remaining_nonpulser,831989061237920896,2026-05-14T00:03:12.053920896,imap_idex_l1b_sci-10days_20260510_v016.cdf,16
remaining_nonpulser,832000652714189696,2026-05-14T03:16:23.530189696,imap_idex_l1b_sci-10days_20260510_v016.cdf,17
remaining_nonpulser,832144301924100736,2026-05-15T19:10:32.740100736,imap_idex_l1b_sci-10days_20260510_v016.cdf,18
remaining_nonpulser,832156145611093760,2026-05-15T22:27:56.427093760,imap_idex_l1b_sci-10days_20260510_v016.cdf,19
remaining_nonpulser,832179898810942976,2026-05-16T05:03:49.626942976,imap_idex_l1b_sci-10days_20260510_v016.cdf,20
remaining_nonpulser,832186194339387008,2026-05-16T06:48:45.155387008,imap_idex_l1b_sci-10days_20260510_v016.cdf,21
remaining_nonpulser,832253178048727168,2026-05-17T01:25:08.864727168,imap_idex_l1b_sci-10days_20260510_v016.cdf,22
remaining_nonpulser,832382555401974016,2026-05-18T13:21:26.217974016,imap_idex_l1b_sci-10days_20260510_v016.cdf,23
remaining_nonpulser,832384347827206912,2026-05-18T13:51:18.643206912,imap_idex_l1b_sci-10days_20260510_v016.cdf,24
remaining_nonpulser,832588379366370944,2026-05-20T22:31:50.182370944,imap_idex_l1b_sci-10days_20260520_v016.cdf,2
remaining_nonpulser,832680173471916672,2026-05-22T00:01:44.287916672,imap_idex_l1b_sci-10days_20260520_v016.cdf,4
remaining_nonpulser,832680225471551872,2026-05-22T00:02:36.287551872,imap_idex_l1b_sci-10days_20260520_v016.cdf,10
remaining_nonpulser,832680237471481472,2026-05-22T00:02:48.287481472,imap_idex_l1b_sci-10days_20260520_v016.cdf,11
remaining_nonpulser,832680249471391232,2026-05-22T00:03:00.287391232,imap_idex_l1b_sci-10days_20260520_v016.cdf,12
remaining_nonpulser,832680261471300864,2026-05-22T00:03:12.287300864,imap_idex_l1b_sci-10days_20260520_v016.cdf,13
remaining_nonpulser,832785638971414144,2026-05-23T05:19:29.787414144,imap_idex_l1b_sci-10days_20260520_v016.cdf,14
remaining_nonpulser,832912706669163904,2026-05-24T16:37:17.485163904,imap_idex_l1b_sci-10days_20260520_v016.cdf,15
remaining_nonpulser,833062440018846208,2026-05-26T10:12:50.834846208,imap_idex_l1b_sci-10days_20260520_v016.cdf,18
remaining_nonpulser,833093967289254400,2026-05-26T18:58:18.105254400,imap_idex_l1b_sci-10days_20260520_v016.cdf,19
remaining_nonpulser,833094822116477696,2026-05-26T19:12:32.932477696,imap_idex_l1b_sci-10days_20260520_v016.cdf,20
remaining_nonpulser,833119576429663232,2026-05-27T02:05:07.245663232,imap_idex_l1b_sci-10days_20260520_v016.cdf,21
remaining_nonpulser,833249125523736576,2026-05-28T14:04:16.339736576,imap_idex_l1b_sci-10days_20260520_v016.cdf,24
remaining_nonpulser,833284349303340928,2026-05-28T23:51:20.119340928,imap_idex_l1b_sci-10days_20260520_v016.cdf,25
remaining_nonpulser,833301490885247744,2026-05-29T04:37:01.701247744,imap_idex_l1b_sci-10days_20260520_v016.cdf,26
remaining_nonpulser,833354054778686464,2026-05-29T19:13:05.594686464,imap_idex_l1b_sci-10days_20260520_v016.cdf,27
remaining_nonpulser,833371372624296320,2026-05-30T00:01:43.440296320,imap_idex_l1b_sci-10days_20260530_v022.cdf,0
remaining_nonpulser,833371424623931648,2026-05-30T00:02:35.439931648,imap_idex_l1b_sci-10days_20260530_v022.cdf,6
remaining_nonpulser,833371436623841280,2026-05-30T00:02:47.439841280,imap_idex_l1b_sci-10days_20260530_v022.cdf,7
remaining_nonpulser,833371448623750912,2026-05-30T00:02:59.439750912,imap_idex_l1b_sci-10days_20260530_v022.cdf,8
remaining_nonpulser,833371460623680768,2026-05-30T00:03:11.439680768,imap_idex_l1b_sci-10days_20260530_v022.cdf,9
remaining_nonpulser,833387241629153792,2026-05-30T04:26:12.445153792,imap_idex_l1b_sci-10days_20260530_v022.cdf,10
remaining_nonpulser,833478246703082112,2026-05-31T05:42:57.519082112,imap_idex_l1b_sci-10days_20260530_v022.cdf,11
remaining_nonpulser,833575826447696768,2026-06-01T08:49:17.263696768,imap_idex_l1b_sci-10days_20260530_v022.cdf,13
remaining_nonpulser,833584447606978304,2026-06-01T11:12:58.422978304,imap_idex_l1b_sci-10days_20260530_v022.cdf,14
remaining_nonpulser,833586210641781248,2026-06-01T11:42:21.457781248,imap_idex_l1b_sci-10days_20260530_v022.cdf,15
remaining_nonpulser,833590528876805248,2026-06-01T12:54:19.692805248,imap_idex_l1b_sci-10days_20260530_v022.cdf,16
remaining_nonpulser,833591821621732992,2026-06-01T13:15:52.437732992,imap_idex_l1b_sci-10days_20260530_v022.cdf,17
remaining_nonpulser,833600382306726400,2026-06-01T15:38:33.122726400,imap_idex_l1b_sci-10days_20260530_v022.cdf,18
remaining_nonpulser,833633752653791360,2026-06-02T00:54:43.469791360,imap_idex_l1b_sci-10days_20260530_v022.cdf,19
remaining_nonpulser,833648083123419904,2026-06-02T04:53:33.939419904,imap_idex_l1b_sci-10days_20260530_v022.cdf,20
remaining_nonpulser,833681603088377088,2026-06-02T14:12:13.904377088,imap_idex_l1b_sci-10days_20260530_v022.cdf,21
remaining_nonpulser,833741841425016448,2026-06-03T06:56:12.241016448,imap_idex_l1b_sci-10days_20260530_v022.cdf,22
remaining_nonpulser,833878681511891456,2026-06-04T20:56:52.327891456,imap_idex_l1b_sci-10days_20260530_v022.cdf,23
remaining_nonpulser,833879318908683392,2026-06-04T21:07:29.724683392,imap_idex_l1b_sci-10days_20260530_v022.cdf,24
remaining_nonpulser,833888525576146304,2026-06-04T23:40:56.392146304,imap_idex_l1b_sci-10days_20260530_v022.cdf,25
remaining_nonpulser,833898764595461120,2026-06-05T02:31:35.411461120,imap_idex_l1b_sci-10days_20260530_v022.cdf,26
remaining_nonpulser,833904848472769408,2026-06-05T04:12:59.288769408,imap_idex_l1b_sci-10days_20260530_v022.cdf,27
remaining_nonpulser,833913403963692160,2026-06-05T06:35:34.779692160,imap_idex_l1b_sci-10days_20260530_v022.cdf,28
remaining_nonpulser,833913959532614528,2026-06-05T06:44:50.348614528,imap_idex_l1b_sci-10days_20260530_v022.cdf,29
remaining_nonpulser,833916464654400128,2026-06-05T07:26:35.470400128,imap_idex_l1b_sci-10days_20260530_v022.cdf,30
remaining_nonpulser,833922477388309632,2026-06-05T09:06:48.204309632,imap_idex_l1b_sci-10days_20260530_v022.cdf,31
remaining_nonpulser,833937495148435200,2026-06-05T13:17:05.964435200,imap_idex_l1b_sci-10days_20260530_v022.cdf,32
remaining_nonpulser,833942573332128256,2026-06-05T14:41:44.148128256,imap_idex_l1b_sci-10days_20260530_v022.cdf,33
remaining_nonpulser,834060245685328000,2026-06-06T23:22:56.501328000,imap_idex_l1b_sci-10days_20260530_v022.cdf,35
remaining_nonpulser,834062182792443136,2026-06-06T23:55:13.608443136,imap_idex_l1b_sci-10days_20260530_v022.cdf,36
remaining_nonpulser,834062571798468864,2026-06-07T00:01:42.614468864,imap_idex_l1b_sci-10days_20260530_v022.cdf,37
remaining_nonpulser,834062623798104192,2026-06-07T00:02:34.614104192,imap_idex_l1b_sci-10days_20260530_v022.cdf,43
remaining_nonpulser,834062635798013824,2026-06-07T00:02:46.614013824,imap_idex_l1b_sci-10days_20260530_v022.cdf,44
remaining_nonpulser,834062647797923584,2026-06-07T00:02:58.613923584,imap_idex_l1b_sci-10days_20260530_v022.cdf,45
remaining_nonpulser,834062659797833216,2026-06-07T00:03:10.613833216,imap_idex_l1b_sci-10days_20260530_v022.cdf,46
remaining_nonpulser,834074656498462720,2026-06-07T03:23:07.314462720,imap_idex_l1b_sci-10days_20260530_v022.cdf,47
remaining_nonpulser,834077737203155072,2026-06-07T04:14:28.019155072,imap_idex_l1b_sci-10days_20260530_v022.cdf,48
remaining_nonpulser,834111113907869696,2026-06-07T13:30:44.723869696,imap_idex_l1b_sci-10days_20260530_v022.cdf,49
remaining_nonpulser,834143413685729920,2026-06-07T22:29:04.501729920,imap_idex_l1b_sci-10days_20260530_v022.cdf,50
remaining_nonpulser,834152773797025536,2026-06-08T01:05:04.613025536,imap_idex_l1b_sci-10days_20260530_v022.cdf,51
remaining_nonpulser,834155796503447808,2026-06-08T01:55:27.319447808,imap_idex_l1b_sci-10days_20260530_v022.cdf,52
remaining_nonpulser,834157302257913600,2026-06-08T02:20:33.073913600,imap_idex_l1b_sci-10days_20260530_v022.cdf,53
remaining_nonpulser,834163254985957504,2026-06-08T03:59:45.801957504,imap_idex_l1b_sci-10days_20260530_v022.cdf,54
remaining_nonpulser,834167634269173888,2026-06-08T05:12:45.085173888,imap_idex_l1b_sci-10days_20260530_v022.cdf,55
remaining_nonpulser,834188410170498176,2026-06-08T10:59:00.986498176,imap_idex_l1b_sci-10days_20260530_v022.cdf,56
remaining_nonpulser,834188857660133632,2026-06-08T11:06:28.476133632,imap_idex_l1b_sci-10days_20260530_v022.cdf,57
remaining_nonpulser,834192667574379264,2026-06-08T12:09:58.390379264,imap_idex_l1b_sci-10days_20260530_v022.cdf,58
remaining_nonpulser,834215457236572800,2026-06-08T18:29:48.052572800,imap_idex_l1b_sci-10days_20260530_v022.cdf,59
remaining_nonpulser,834250641072754560,2026-06-09T04:16:11.888754560,imap_idex_l1b_sci-10days_20260609_v011.cdf,0
remaining_nonpulser,834259505465236096,2026-06-09T06:43:56.281236096,imap_idex_l1b_sci-10days_20260609_v011.cdf,1
remaining_nonpulser,834284626303206144,2026-06-09T13:42:37.119206144,imap_idex_l1b_sci-10days_20260609_v011.cdf,2
remaining_nonpulser,834286168162741120,2026-06-09T14:08:18.978741120,imap_idex_l1b_sci-10days_20260609_v011.cdf,3
remaining_nonpulser,834308680358513024,2026-06-09T20:23:31.174513024,imap_idex_l1b_sci-10days_20260609_v011.cdf,4
remaining_nonpulser,834388803634289408,2026-06-10T18:38:54.450289408,imap_idex_l1b_sci-10days_20260609_v011.cdf,6
remaining_nonpulser,834427710750834688,2026-06-11T05:27:21.566834688,imap_idex_l1b_sci-10days_20260609_v011.cdf,7
remaining_nonpulser,834438221901527424,2026-06-11T08:22:32.717527424,imap_idex_l1b_sci-10days_20260609_v011.cdf,8
remaining_nonpulser,834469383799164672,2026-06-11T17:01:54.615164672,imap_idex_l1b_sci-10days_20260609_v011.cdf,9
remaining_nonpulser,834569610428396544,2026-06-12T20:52:21.244396544,imap_idex_l1b_sci-10days_20260609_v011.cdf,10
remaining_nonpulser,834614706462952320,2026-06-13T09:23:57.278952320,imap_idex_l1b_sci-10days_20260609_v011.cdf,11
remaining_nonpulser,834653865695432320,2026-06-13T20:16:36.511432320,imap_idex_l1b_sci-10days_20260609_v011.cdf,13
remaining_nonpulser,834723528218079488,2026-06-14T15:37:39.034079488,imap_idex_l1b_sci-10days_20260609_v011.cdf,14
remaining_nonpulser,834734322719834240,2026-06-14T18:37:33.535834240,imap_idex_l1b_sci-10days_20260609_v011.cdf,15
remaining_nonpulser,834753770946561408,2026-06-15T00:01:41.762561408,imap_idex_l1b_sci-10days_20260609_v011.cdf,16
remaining_nonpulser,834753822946176768,2026-06-15T00:02:33.762176768,imap_idex_l1b_sci-10days_20260609_v011.cdf,22
remaining_nonpulser,834753834946106496,2026-06-15T00:02:45.762106496,imap_idex_l1b_sci-10days_20260609_v011.cdf,23
remaining_nonpulser,834753846946016256,2026-06-15T00:02:57.762016256,imap_idex_l1b_sci-10days_20260609_v011.cdf,24
remaining_nonpulser,834753858945925888,2026-06-15T00:03:09.761925888,imap_idex_l1b_sci-10days_20260609_v011.cdf,25
remaining_nonpulser,834796441230920192,2026-06-15T11:52:52.046920192,imap_idex_l1b_sci-10days_20260609_v011.cdf,26
remaining_nonpulser,834812919108998272,2026-06-15T16:27:29.924998272,imap_idex_l1b_sci-10days_20260609_v011.cdf,27
remaining_nonpulser,834858685837599232,2026-06-16T05:10:16.653599232,imap_idex_l1b_sci-10days_20260609_v011.cdf,28
remaining_nonpulser,834960228151411584,2026-06-17T09:22:38.967411584,imap_idex_l1b_sci-10days_20260609_v011.cdf,30
remaining_nonpulser,834981263506046848,2026-06-17T15:13:14.322046848,imap_idex_l1b_sci-10days_20260609_v011.cdf,31
remaining_nonpulser,835012291711474176,2026-06-17T23:50:22.527474176,imap_idex_l1b_sci-10days_20260609_v011.cdf,32
remaining_nonpulser,835041917160505856,2026-06-18T08:04:07.976505856,imap_idex_l1b_sci-10days_20260609_v011.cdf,33
remaining_nonpulser,835065524629438976,2026-06-18T14:37:35.445438976,imap_idex_l1b_sci-10days_20260609_v011.cdf,34
remaining_nonpulser,835089723834424448,2026-06-18T21:20:54.650424448,imap_idex_l1b_sci-10days_20260609_v011.cdf,35
remaining_nonpulser,835104498329993088,2026-06-19T01:27:09.145993088,imap_idex_l1b_sci-10days_20260619_v015.cdf,0
remaining_nonpulser,835111294604784256,2026-06-19T03:20:25.420784256,imap_idex_l1b_sci-10days_20260619_v015.cdf,1
remaining_nonpulser,835124228742731264,2026-06-19T06:55:59.558731264,imap_idex_l1b_sci-10days_20260619_v015.cdf,2
remaining_nonpulser,835131265747895936,2026-06-19T08:53:16.563895936,imap_idex_l1b_sci-10days_20260619_v015.cdf,3
remaining_nonpulser,835240400578631936,2026-06-20T15:12:11.394631936,imap_idex_l1b_sci-10days_20260619_v015.cdf,4
remaining_nonpulser,835444971087960960,2026-06-23T00:01:41.903960960,imap_idex_l1b_sci-10days_20260619_v015.cdf,6
remaining_nonpulser,835445023087576448,2026-06-23T00:02:33.903576448,imap_idex_l1b_sci-10days_20260619_v015.cdf,12
remaining_nonpulser,835445035087506048,2026-06-23T00:02:45.903506048,imap_idex_l1b_sci-10days_20260619_v015.cdf,13
remaining_nonpulser,835445047087415808,2026-06-23T00:02:57.903415808,imap_idex_l1b_sci-10days_20260619_v015.cdf,14
remaining_nonpulser,835445059087325568,2026-06-23T00:03:09.903325568,imap_idex_l1b_sci-10days_20260619_v015.cdf,15
remaining_nonpulser,835756322517404416,2026-06-26T14:30:53.333404416,imap_idex_l1b_sci-10days_20260619_v015.cdf,16
remaining_nonpulser,835854145795405056,2026-06-27T17:41:16.611405056,imap_idex_l1b_sci-10days_20260619_v015.cdf,17
remaining_nonpulser,835878059905378688,2026-06-28T00:19:50.721378688,imap_idex_l1b_sci-10days_20260619_v015.cdf,18
remaining_nonpulser,835879678458053504,2026-06-28T00:46:49.274053504,imap_idex_l1b_sci-10days_20260619_v015.cdf,19
remaining_nonpulser,835885718932843776,2026-06-28T02:27:29.748843776,imap_idex_l1b_sci-10days_20260619_v015.cdf,20
remaining_nonpulser,835890878360688384,2026-06-28T03:53:29.176688384,imap_idex_l1b_sci-10days_20260619_v015.cdf,21
remaining_nonpulser,836034957375440896,2026-06-29T19:54:48.191440896,imap_idex_l1b_sci-10days_20260629_v011.cdf,0
remaining_nonpulser,836064899784418176,2026-06-30T04:13:50.600418176,imap_idex_l1b_sci-10days_20260629_v011.cdf,1
remaining_nonpulser,836136170246229504,2026-07-01T00:01:41.062229504,imap_idex_l1b_sci-10days_20260629_v011.cdf,2
remaining_nonpulser,836136222245845120,2026-07-01T00:02:33.061845120,imap_idex_l1b_sci-10days_20260629_v011.cdf,8
remaining_nonpulser,836136234245755008,2026-07-01T00:02:45.061755008,imap_idex_l1b_sci-10days_20260629_v011.cdf,9
remaining_nonpulser,836136246245664768,2026-07-01T00:02:57.061664768,imap_idex_l1b_sci-10days_20260629_v011.cdf,10
remaining_nonpulser,836136258245574400,2026-07-01T00:03:09.061574400,imap_idex_l1b_sci-10days_20260629_v011.cdf,11
