source_file,record_index,epoch_tt2000,epoch_utc,channel,cdf_variable,baseline_method,baseline,robust_sigma,mean,std,sample_count
imap_idex_l1b_sci-10days_20250927_v003.cdf,0,812608874320989312,2025-10-01T16:40:05.136989312,TOF H,TOF_High,mean,0.14775413505922577,0.0009683380388081564,0.14775413505922577,0.0008118534356970978,8189
imap_idex_l1b_sci-10days_20250927_v003.cdf,0,812608874320989312,2025-10-01T16:40:05.136989312,TOF M,TOF_Mid,mean,5.796026523385029,0.015458363570644533,5.796026523385029,0.011499070131406922,8189
imap_idex_l1b_sci-10days_20250927_v003.cdf,0,812608874320989312,2025-10-01T16:40:05.136989312,TOF L,TOF_Low,mean,263.8301304188546,1.3044946410061482,263.8301304188546,0.9399977138942103,8189
imap_idex_l1b_sci-10days_20250927_v003.cdf,0,812608874320989312,2025-10-01T16:40:05.136989312,Target H,Target_High,mean,333.02682812500007,0.02643197812507551,333.02682812500007,0.10633012488935527,512
imap_idex_l1b_sci-10days_20250927_v003.cdf,0,812608874320989312,2025-10-01T16:40:05.136989312,Target L,Target_Low,mean,32603.701171875007,12.30731742188363,32603.701171875007,9.148906963495763,512
imap_idex_l1b_sci-10days_20250927_v003.cdf,0,812608874320989312,2025-10-01T16:40:05.136989312,Ion Grid,Ion_Grid,mean,1.5100613593749999,0.00023330100937458712,1.5100613593749999,0.0004676684478341467,512
imap_idex_l1b_sci-10days_20251027_v003.cdf,0,815539305676580736,2025-11-04T14:40:36.492580736,TOF H,TOF_High,mean,0.14778752057638297,0.0010178354065454253,0.14778752057638297,0.0008205184409138548,8189
imap_idex_l1b_sci-10days_20251027_v003.cdf,0,815539305676580736,2025-11-04T14:40:36.492580736,TOF M,TOF_Mid,mean,5.793476468433264,0.01167765209915746,5.793476468433264,0.011649463640439194,8189
imap_idex_l1b_sci-10days_20251027_v003.cdf,0,815539305676580736,2025-11-04T14:40:36.492580736,TOF L,TOF_Low,mean,263.9449942605935,1.151971690755898,263.9449942605935,0.95808738861418,8189
imap_idex_l1b_sci-10days_20251027_v003.cdf,0,815539305676580736,2025-11-04T14:40:36.492580736,Target H,Target_High,mean,332.98002929687505,0.04295196445307915,332.98002929687505,0.10607388492729783,512
imap_idex_l1b_sci-10days_20251027_v003.cdf,0,815539305676580736,2025-11-04T14:40:36.492580736,Target L,Target_Low,mean,32600.584375000006,7.686354375006472,32600.584375000006,8.633568547209673,512
imap_idex_l1b_sci-10days_20251027_v003.cdf,0,815539305676580736,2025-11-04T14:40:36.492580736,Ion Grid,Ion_Grid,mean,1.5097641249999998,0.00020737867500051087,1.5097641249999998,0.0004731920692224557,512
imap_idex_l1b_sci-10days_20251106_v003.cdf,0,815732731485125120,2025-11-06T20:24:22.301125120,TOF H,TOF_High,mean,0.14774873549883988,0.0009603326505800304,0.14774873549883988,0.0007681898977625009,8189
imap_idex_l1b_sci-10days_20251106_v003.cdf,0,815732731485125120,2025-11-06T20:24:22.301125120,TOF M,TOF_Mid,mean,5.7916950177066795,0.009036473251923562,5.7916950177066795,0.011709016373839568,8189
imap_idex_l1b_sci-10days_20251106_v003.cdf,0,815732731485125120,2025-11-06T20:24:22.301125120,TOF L,TOF_Low,mean,263.79918622542436,1.350372502185807,263.79918622542436,0.9161765491250631,8189
imap_idex_l1b_sci-10days_20251106_v003.cdf,0,815732731485125120,2025-11-06T20:24:22.301125120,Target H,Target_High,mean,333.20765625,0.05286395624998247,333.20765625,0.11332878313093592,512
imap_idex_l1b_sci-10days_20251106_v003.cdf,0,815732731485125120,2025-11-06T20:24:22.301125120,Target L,Target_Low,mean,32606.632812500007,6.771312187490291,32606.632812500007,8.975357839096798,512
imap_idex_l1b_sci-10days_20251106_v003.cdf,0,815732731485125120,2025-11-06T20:24:22.301125120,Ion Grid,Ion_Grid,mean,1.5096635898437496,0.00035643209765704576,1.5096635898437496,0.0005019784565440896,512
imap_idex_l1b_sci-10days_20251106_v003.cdf,21,815734487567478016,2025-11-06T20:53:38.383478016,TOF H,TOF_High,mean,0.14774312419098792,0.0009520133255587222,0.14774312419098792,0.000779829494899917,8189
imap_idex_l1b_sci-10days_20251106_v003.cdf,21,815734487567478016,2025-11-06T20:53:38.383478016,TOF M,TOF_Mid,mean,5.792190401758456,0.009770929647086765,5.792190401758456,0.011622123861211073,8189
imap_idex_l1b_sci-10days_20251106_v003.cdf,21,815734487567478016,2025-11-06T20:53:38.383478016,TOF L,TOF_Low,mean,263.84965099523754,1.2755534344607942,263.84965099523754,0.9170645161187857,8189
imap_idex_l1b_sci-10days_20251106_v003.cdf,21,815734487567478016,2025-11-06T20:53:38.383478016,Target H,Target_High,mean,333.19555859375004,0.034927971093765504,333.19555859375004,0.1216766032790343,512
imap_idex_l1b_sci-10days_20251106_v003.cdf,21,815734487567478016,2025-11-06T20:53:38.383478016,Target L,Target_Low,mean,32604.19492187501,10.385728828113134,32604.19492187501,9.006233387917451,512
imap_idex_l1b_sci-10days_20251106_v003.cdf,21,815734487567478016,2025-11-06T20:53:38.383478016,Ion Grid,Ion_Grid,mean,1.5097393554687497,0.00024410198203187876,1.5097393554687497,0.0004686456702744618,512
imap_idex_l1b_sci-10days_20251106_v003.cdf,22,815734746564904064,2025-11-06T20:57:57.380904064,TOF H,TOF_High,mean,0.14770758590792527,0.000899324267090025,0.14770758590792527,0.0007726425923448746,8189
imap_idex_l1b_sci-10days_20251106_v003.cdf,22,815734746564904064,2025-11-06T20:57:57.380904064,TOF M,TOF_Mid,mean,5.792452582732934,0.010159639159848258,5.792452582732934,0.011676980421494959,8189
imap_idex_l1b_sci-10days_20251106_v003.cdf,22,815734746564904064,2025-11-06T20:57:57.380904064,TOF L,TOF_Low,mean,263.84575943338626,1.281323064061496,263.84575943338626,0.9279405645317058,8189
imap_idex_l1b_sci-10days_20251106_v003.cdf,22,815734746564904064,2025-11-06T20:57:57.380904064,Target H,Target_High,mean,333.2283496093751,0.15811986914057105,333.2283496093751,0.11700345898267567,512
imap_idex_l1b_sci-10days_20251106_v003.cdf,22,815734746564904064,2025-11-06T20:57:57.380904064,Target L,Target_Low,mean,32605.707031250007,8.14387546874029,32605.707031250007,9.423181883605732,512
imap_idex_l1b_sci-10days_20251106_v003.cdf,22,815734746564904064,2025-11-06T20:57:57.380904064,Ion Grid,Ion_Grid,mean,1.5098049218749996,0.0001468932281258008,1.5098049218749996,0.00047200616735537394,512
imap_idex_l1b_sci-10days_20251106_v003.cdf,23,815734931563056768,2025-11-06T21:01:02.379056768,TOF H,TOF_High,mean,0.1477544173891806,0.0007451289788008372,0.1477544173891806,0.0007658771428525896,8189
imap_idex_l1b_sci-10days_20251106_v003.cdf,23,815734931563056768,2025-11-06T21:01:02.379056768,TOF M,TOF_Mid,mean,5.791080962266454,0.008627305343755094,5.791080962266454,0.011578359147108244,8189
imap_idex_l1b_sci-10days_20251106_v003.cdf,23,815734931563056768,2025-11-06T21:01:02.379056768,TOF L,TOF_Low,mean,263.8222845280254,1.316126958749481,263.8222845280254,0.920842205908746,8189
imap_idex_l1b_sci-10days_20251106_v003.cdf,23,815734931563056768,2025-11-06T21:01:02.379056768,Target H,Target_High,mean,333.19874218750005,0.03964796718752899,333.19874218750005,0.119289219578786,512
imap_idex_l1b_sci-10days_20251106_v003.cdf,23,815734931563056768,2025-11-06T21:01:02.379056768,Target L,Target_Low,mean,32604.318359375007,10.20272039061529,32604.318359375007,9.312733577384334,512
imap_idex_l1b_sci-10days_20251106_v003.cdf,23,815734931563056768,2025-11-06T21:01:02.379056768,Ion Grid,Ion_Grid,mean,1.5098981718749998,8.640778125569958e-06,1.5098981718749998,0.00047085334947199553,512
imap_idex_l1b_sci-10days_20251106_v003.cdf,24,815735090561493120,2025-11-06T21:03:41.377493120,TOF H,TOF_High,mean,0.14773627768958358,0.0009418627025766485,0.14773627768958358,0.0007703784003863881,8189
imap_idex_l1b_sci-10days_20251106_v003.cdf,24,815735090561493120,2025-11-06T21:03:41.377493120,TOF M,TOF_Mid,mean,5.791977897179143,0.009455870357797493,5.791977897179143,0.011654771503112825,8189
imap_idex_l1b_sci-10days_20251106_v003.cdf,24,815735090561493120,2025-11-06T21:03:41.377493120,TOF L,TOF_Low,mean,263.83239003541337,1.3011445334961096,263.83239003541337,0.9239542812096501,8189
imap_idex_l1b_sci-10days_20251106_v003.cdf,24,815735090561493120,2025-11-06T21:03:41.377493120,Target H,Target_High,mean,333.17391015625003,0.00283199765625809,333.17391015625003,0.12095477805507329,512
imap_idex_l1b_sci-10days_20251106_v003.cdf,24,815735090561493120,2025-11-06T21:03:41.377493120,Target L,Target_Low,mean,32604.935546875007,9.287678203115291,32604.935546875007,9.738614450714719,512
imap_idex_l1b_sci-10days_20251106_v003.cdf,24,815735090561493120,2025-11-06T21:03:41.377493120,Ion Grid,Ion_Grid,mean,1.5097714101562498,0.00019657770234420683,1.5097714101562498,0.0004578116464736125,512
imap_idex_l1b_sci-10days_20251126_v003.cdf,23,817732986008159104,2025-11-30T00:01:56.824159104,TOF H,TOF_High,mean,0.1476994336304799,0.0008872377005495406,0.1476994336304799,0.0007896565486283081,8189
imap_idex_l1b_sci-10days_20251126_v003.cdf,23,817732986008159104,2025-11-30T00:01:56.824159104,TOF M,TOF_Mid,mean,5.793023861277323,0.0110066167297597,5.793023861277323,0.011482368084831702,8189
imap_idex_l1b_sci-10days_20251126_v003.cdf,23,817732986008159104,2025-11-30T00:01:56.824159104,TOF L,TOF_Low,mean,263.75976846989863,1.4088132665282587,263.75976846989863,0.8949463963096,8189
imap_idex_l1b_sci-10days_20251126_v003.cdf,23,817732986008159104,2025-11-30T00:01:56.824159104,Target H,Target_High,mean,333.149078125,0.20767982812500335,333.149078125,0.12179815586241874,512
imap_idex_l1b_sci-10days_20251126_v003.cdf,23,817732986008159104,2025-11-30T00:01:56.824159104,Target L,Target_Low,mean,32604.873828125008,9.379182421864213,32604.873828125008,8.967237382993247,512
imap_idex_l1b_sci-10days_20251126_v003.cdf,23,817732986008159104,2025-11-30T00:01:56.824159104,Ion Grid,Ion_Grid,mean,1.50950040234375,0.0005076457148436563,1.50950040234375,0.0004581824680812777,512
imap_idex_l1b_sci-10days_20251126_v003.cdf,29,817733038007812352,2025-11-30T00:02:48.823812352,TOF H,TOF_High,mean,0.14772741958725116,0.0009287296800586013,0.14772741958725116,0.0008367032658875731,8189
imap_idex_l1b_sci-10days_20251126_v003.cdf,29,817733038007812352,2025-11-30T00:02:48.823812352,TOF M,TOF_Mid,mean,5.792235938454024,0.009838442351935971,5.792235938454024,0.011521313762592064,8189
imap_idex_l1b_sci-10days_20251126_v003.cdf,29,817733038007812352,2025-11-30T00:02:48.823812352,TOF L,TOF_Low,mean,263.7725729637318,1.3898293239711759,263.7725729637318,0.8847072388537192,8189
imap_idex_l1b_sci-10days_20251126_v003.cdf,29,817733038007812352,2025-11-30T00:02:48.823812352,Target H,Target_High,mean,333.26273242187506,0.1345198886719222,333.26273242187506,0.11488804283441303,512
imap_idex_l1b_sci-10days_20251126_v003.cdf,29,817733038007812352,2025-11-30T00:02:48.823812352,Target L,Target_Low,mean,32604.410937500008,10.065464062489212,32604.410937500008,9.302143858868545,512
imap_idex_l1b_sci-10days_20251126_v003.cdf,29,817733038007812352,2025-11-30T00:02:48.823812352,Ion Grid,Ion_Grid,mean,1.5097131289062498,0.00028298548359430997,1.5097131289062498,0.0004884315608488187,512
imap_idex_l1b_sci-10days_20251126_v003.cdf,30,817733050007721600,2025-11-30T00:03:00.823721600,TOF H,TOF_High,mean,0.1477478532177311,0.0009590245806081492,0.1477478532177311,0.00080757510506433,8189
imap_idex_l1b_sci-10days_20251126_v003.cdf,30,817733050007721600,2025-11-30T00:03:00.823721600,TOF M,TOF_Mid,mean,5.792972804982293,0.01093092066674823,5.792972804982293,0.011529427133717277,8189
imap_idex_l1b_sci-10days_20251126_v003.cdf,30,817733050007721600,2025-11-30T00:03:00.823721600,TOF L,TOF_Low,mean,263.733343509586,1.447990912687756,263.733343509586,0.8842980578743094,8189
imap_idex_l1b_sci-10days_20251126_v003.cdf,30,817733050007721600,2025-11-30T00:03:00.823721600,Target H,Target_High,mean,333.20765625,0.1887998437500337,333.20765625,0.12129116166662199,512
imap_idex_l1b_sci-10days_20251126_v003.cdf,30,817733050007721600,2025-11-30T00:03:00.823721600,Target L,Target_Low,mean,32607.188281250008,5.947774218739212,32607.188281250008,9.130829654028748,512
imap_idex_l1b_sci-10days_20251126_v003.cdf,30,817733050007721600,2025-11-30T00:03:00.823721600,Ion Grid,Ion_Grid,mean,1.5095353710937498,0.0005594903835934548,1.5095353710937498,0.00047774408333800615,512
imap_idex_l1b_sci-10days_20251126_v003.cdf,31,817733062007650816,2025-11-30T00:03:12.823650816,TOF H,TOF_High,mean,0.1477460886555135,0.0009564084406643454,0.1477460886555135,0.0007951502179137276,8189
imap_idex_l1b_sci-10days_20251126_v003.cdf,31,817733062007650816,2025-11-30T00:03:12.823650816,TOF M,TOF_Mid,mean,5.7937427891073385,0.012072499130540652,5.7937427891073385,0.011426064507958987,8189
imap_idex_l1b_sci-10days_20251126_v003.cdf,31,817733062007650816,2025-11-30T00:03:12.823650816,TOF L,TOF_Low,mean,263.78387104652586,1.3730787864207294,263.78387104652586,0.8955553271443846,8189
imap_idex_l1b_sci-10days_20251126_v003.cdf,31,817733062007650816,2025-11-30T00:03:12.823650816,Target H,Target_High,mean,333.166587890625,0.008023993359397923,333.166587890625,0.12020290499397125,512
imap_idex_l1b_sci-10days_20251126_v003.cdf,31,817733062007650816,2025-11-30T00:03:12.823650816,Target L,Target_Low,mean,32604.781250000007,9.516438749990291,32604.781250000007,9.090901615763553,512
imap_idex_l1b_sci-10days_20251126_v003.cdf,31,817733062007650816,2025-11-30T00:03:12.823650816,Ion Grid,Ion_Grid,mean,1.50979763671875,0.00015769420078144643,1.50979763671875,0.00048743956442235797,512
imap_idex_l1b_sci-10days_20251126_v003.cdf,32,817733074007560064,2025-11-30T00:03:24.823560064,TOF H,TOF_High,mean,0.1477262196849432,0.000926950704896823,0.1477262196849432,0.0007875310944894426,8189
imap_idex_l1b_sci-10days_20251126_v003.cdf,32,817733074007560064,2025-11-30T00:03:24.823560064,TOF M,TOF_Mid,mean,5.7932681035535465,0.011368730328488568,5.7932681035535465,0.01145966985974912,8189
imap_idex_l1b_sci-10days_20251126_v003.cdf,32,817733074007560064,2025-11-30T00:03:24.823560064,TOF L,TOF_Low,mean,263.7674260593479,1.3974601244107976,263.7674260593479,0.8934538791825047,8189
imap_idex_l1b_sci-10days_20251126_v003.cdf,32,817733074007560064,2025-11-30T00:03:24.823560064,Target H,Target_High,mean,333.16499609375006,0.010383991406195388,333.16499609375006,0.12119586414041893,512
imap_idex_l1b_sci-10days_20251126_v003.cdf,32,817733074007560064,2025-11-30T00:03:24.823560064,Target L,Target_Low,mean,32603.639453125004,11.71253999999946,32603.639453125004,9.15140475970329,512
imap_idex_l1b_sci-10days_20251126_v003.cdf,32,817733074007560064,2025-11-30T00:03:24.823560064,Ion Grid,Ion_Grid,mean,1.5093765546874998,0.000324029179687146,1.5093765546874998,0.0004890679002672464,512
imap_idex_l1b_sci-10days_20251206_v003.cdf,126,818510585907882368,2025-12-09T00:01:56.723882368,TOF H,TOF_High,mean,0.14771976138722678,0.0009173756327024561,0.14771976138722678,0.0007850192358181733,8189
imap_idex_l1b_sci-10days_20251206_v003.cdf,126,818510585907882368,2025-12-09T00:01:56.723882368,TOF M,TOF_Mid,mean,5.792411185736965,0.0100982639736247,5.792411185736965,0.011460159851226653,8189
imap_idex_l1b_sci-10days_20251206_v003.cdf,126,818510585907882368,2025-12-09T00:01:56.723882368,TOF L,TOF_Low,mean,263.7640994016363,1.4023922271339686,263.7640994016363,0.8905653858342403,8189
imap_idex_l1b_sci-10days_20251206_v003.cdf,126,818510585907882368,2025-12-09T00:01:56.723882368,Target H,Target_High,mean,333.132841796875,0.0580559519531223,333.132841796875,0.11647907692971324,512
imap_idex_l1b_sci-10days_20251206_v003.cdf,126,818510585907882368,2025-12-09T00:01:56.723882368,Target L,Target_Low,mean,32607.06484375001,6.130782656237055,32607.06484375001,9.340353394710391,512
imap_idex_l1b_sci-10days_20251206_v003.cdf,126,818510585907882368,2025-12-09T00:01:56.723882368,Ion Grid,Ion_Grid,mean,1.50958782421875,0.0006372573867186464,1.50958782421875,0.00046976775383001247,512
imap_idex_l1b_sci-10days_20251206_v003.cdf,132,818510637907555712,2025-12-09T00:02:48.723555712,TOF H,TOF_High,mean,0.1476781177188912,0.0008582508699719152,0.1476781177188912,0.000788666964390139,8189
imap_idex_l1b_sci-10days_20251206_v003.cdf,132,818510637907555712,2025-12-09T00:02:48.723555712,TOF M,TOF_Mid,mean,5.7917336549029175,0.009093756759065989,5.7917336549029175,0.01147747455305838,8189
imap_idex_l1b_sci-10days_20251206_v003.cdf,132,818510637907555712,2025-12-09T00:02:48.723555712,TOF L,TOF_Low,mean,263.7780337037489,1.3817332308218244,263.7780337037489,0.9004200259141572,8189
imap_idex_l1b_sci-10days_20251206_v003.cdf,132,818510637907555712,2025-12-09T00:02:48.723555712,Target H,Target_High,mean,333.1981054687501,0.2029598320311556,333.1981054687501,0.12158327509404498,512
imap_idex_l1b_sci-10days_20251206_v003.cdf,132,818510637907555712,2025-12-09T00:02:48.723555712,Target L,Target_Low,mean,32607.064843750006,6.130782656242449,32607.064843750006,9.075594762222382,512
imap_idex_l1b_sci-10days_20251206_v003.cdf,132,818510637907555712,2025-12-09T00:02:48.723555712,Ion Grid,Ion_Grid,mean,1.5096125937499996,0.00043203890625084486,1.5096125937499996,0.00047762186660681497,512
imap_idex_l1b_sci-10days_20251206_v003.cdf,133,818510649907464960,2025-12-09T00:03:00.723464960,TOF H,TOF_High,mean,0.14771979667847113,0.0009174279555013197,0.14771979667847113,0.0007853486359378427,8189
imap_idex_l1b_sci-10days_20251206_v003.cdf,133,818510649907464960,2025-12-09T00:03:00.723464960,TOF M,TOF_Mid,mean,5.790661472707289,0.009249240564172694,5.790661472707289,0.011490230388790776,8189
imap_idex_l1b_sci-10days_20251206_v003.cdf,133,818510649907464960,2025-12-09T00:03:00.723464960,TOF L,TOF_Low,mean,263.77376553913786,1.3880612116741853,263.77376553913786,0.8934932774694087,8189
imap_idex_l1b_sci-10days_20251206_v003.cdf,133,818510649907464960,2025-12-09T00:03:00.723464960,Target H,Target_High,mean,333.1185156250001,0.07929593437488942,333.1185156250001,0.12660300181418035,512
imap_idex_l1b_sci-10days_20251206_v003.cdf,133,818510649907464960,2025-12-09T00:03:00.723464960,Target L,Target_Low,mean,32606.108203125004,7.549098046869606,32606.108203125004,9.099644303967743,512
imap_idex_l1b_sci-10days_20251206_v003.cdf,133,818510649907464960,2025-12-09T00:03:00.723464960,Ion Grid,Ion_Grid,mean,1.5095397421874999,0.0005659709671873031,1.5095397421874999,0.0004731113067056823,512
imap_idex_l1b_sci-10days_20251206_v003.cdf,134,818510661907394176,2025-12-09T00:03:12.723394176,TOF H,TOF_High,mean,0.14768404664794235,0.0008644249602393579,0.14768404664794235,0.0007940771948010018,8189
imap_idex_l1b_sci-10days_20251206_v003.cdf,134,818510661907394176,2025-12-09T00:03:12.723394176,TOF M,TOF_Mid,mean,5.791503211625351,0.008752101555745411,5.791503211625351,0.011438614994710834,8189
imap_idex_l1b_sci-10days_20251206_v003.cdf,134,818510661907394176,2025-12-09T00:03:12.723394176,TOF L,TOF_Low,mean,263.7865072658444,1.3691703276590317,263.7865072658444,0.8975908783428631,8189
imap_idex_l1b_sci-10days_20251206_v003.cdf,134,818510661907394176,2025-12-09T00:03:12.723394176,Target H,Target_High,mean,333.17008984375,0.00283199765625809,333.17008984375,0.1156919896075447,512
imap_idex_l1b_sci-10days_20251206_v003.cdf,134,818510661907394176,2025-12-09T00:03:12.723394176,Target L,Target_Low,mean,32606.04648437501,7.640602265613134,32606.04648437501,9.277490155094396,512
imap_idex_l1b_sci-10days_20251206_v003.cdf,134,818510661907394176,2025-12-09T00:03:12.723394176,Ion Grid,Ion_Grid,mean,1.5095601406249997,0.0005962136906244935,1.5095601406249997,0.0004629967557657974,512
imap_idex_l1b_sci-10days_20251206_v003.cdf,135,818510673907323520,2025-12-09T00:03:24.723323520,TOF H,TOF_High,mean,0.14767571791427525,0.0008618088202955131,0.14767571791427525,0.0007917454073948934,8189
imap_idex_l1b_sci-10days_20251206_v003.cdf,135,818510673907323520,2025-12-09T00:03:24.723323520,TOF M,TOF_Mid,mean,5.791915801685187,0.009363807578458862,5.791915801685187,0.011342573098574811,8189
imap_idex_l1b_sci-10days_20251206_v003.cdf,135,818510673907323520,2025-12-09T00:03:24.723323520,TOF L,TOF_Low,mean,263.7352892905117,1.4451060978873629,263.7352892905117,0.8908171547973924,8189
imap_idex_l1b_sci-10days_20251206_v003.cdf,135,818510673907323520,2025-12-09T00:03:24.723323520,Target H,Target_High,mean,333.1516250000001,0.030207974999917744,333.1516250000001,0.123096030856002,512
imap_idex_l1b_sci-10days_20251206_v003.cdf,135,818510673907323520,2025-12-09T00:03:24.723323520,Target L,Target_Low,mean,32606.50937500001,6.954320624988133,32606.50937500001,9.180962278506934,512
imap_idex_l1b_sci-10days_20251206_v003.cdf,135,818510673907323520,2025-12-09T00:03:24.723323520,Ion Grid,Ion_Grid,mean,1.5095499414062499,0.0005810923289060629,1.5095499414062499,0.0004751061440660557,512
imap_idex_l1b_sci-10days_20251216_v003.cdf,15,819201784692519680,2025-12-17T00:01:55.508519680,TOF H,TOF_High,mean,0.14774658273293442,0.0009571409598486022,0.14774658273293442,0.0007755892128471906,8189
imap_idex_l1b_sci-10days_20251216_v003.cdf,15,819201784692519680,2025-12-17T00:01:55.508519680,TOF M,TOF_Mid,mean,5.794053266577116,0.012532813027232482,5.794053266577116,0.01121987645590652,8189
imap_idex_l1b_sci-10days_20251216_v003.cdf,15,819201784692519680,2025-12-17T00:01:55.508519680,TOF L,TOF_Low,mean,263.9516475760166,1.16183589620224,263.9516475760166,0.9265925888599391,8189
imap_idex_l1b_sci-10days_20251216_v003.cdf,15,819201784692519680,2025-12-17T00:01:55.508519680,Target H,Target_High,mean,333.16817968750007,0.005663995312431905,333.16817968750007,0.11874420601614215,512
imap_idex_l1b_sci-10days_20251216_v003.cdf,15,819201784692519680,2025-12-17T00:01:55.508519680,Target L,Target_Low,mean,32607.496875000008,5.490253124989212,32607.496875000008,8.773619349183546,512
imap_idex_l1b_sci-10days_20251216_v003.cdf,15,819201784692519680,2025-12-17T00:01:55.508519680,Ion Grid,Ion_Grid,mean,1.50965193359375,0.00037371365390653967,1.50965193359375,0.0004622051292746005,512
imap_idex_l1b_sci-10days_20251216_v003.cdf,21,819201836692193024,2025-12-17T00:02:47.508193024,TOF H,TOF_High,mean,0.1477548055928685,0.0009693321719868553,0.1477548055928685,0.0007803964761396373,8189
imap_idex_l1b_sci-10days_20251216_v003.cdf,21,819201836692193024,2025-12-17T00:02:47.508193024,TOF M,TOF_Mid,mean,5.793958053486383,0.012391650098912372,5.793958053486383,0.011155522223289941,8189
imap_idex_l1b_sci-10days_20251216_v003.cdf,21,819201836692193024,2025-12-17T00:02:47.508193024,TOF L,TOF_Low,mean,263.9669627549152,1.1845421804372467,263.9669627549152,0.926187249984828,8189
imap_idex_l1b_sci-10days_20251216_v003.cdf,21,819201836692193024,2025-12-17T00:02:47.508193024,Target H,Target_High,mean,333.25477343750003,0.12271989843751348,333.25477343750003,0.11836120331715054,512
imap_idex_l1b_sci-10days_20251216_v003.cdf,21,819201836692193024,2025-12-17T00:02:47.508193024,Target L,Target_Low,mean,32608.021484375007,4.712467265615291,32608.021484375007,9.270918457554405,512
imap_idex_l1b_sci-10days_20251216_v003.cdf,21,819201836692193024,2025-12-17T00:02:47.508193024,Ion Grid,Ion_Grid,mean,1.5097335273437498,0.0002527427601567903,1.5097335273437498,0.0004618743099140749,512
imap_idex_l1b_sci-10days_20251216_v003.cdf,22,819201848692102400,2025-12-17T00:02:59.508102400,TOF H,TOF_High,mean,0.14774725326657712,0.00095813509302726,0.14774725326657712,0.0007691323352438999,8189
imap_idex_l1b_sci-10days_20251216_v003.cdf,22,819201848692102400,2025-12-17T00:02:59.508102400,TOF M,TOF_Mid,mean,5.792321492245694,0.009965284403466853,5.792321492245694,0.011323861195749609,8189
imap_idex_l1b_sci-10days_20251216_v003.cdf,22,819201848692102400,2025-12-17T00:02:59.508102400,TOF L,TOF_Low,mean,263.9823407009403,1.207341523214098,263.9823407009403,0.9320211228733098,8189
imap_idex_l1b_sci-10days_20251216_v003.cdf,22,819201848692102400,2025-12-17T00:02:59.508102400,Target H,Target_High,mean,333.22070898437505,0.16944785976560342,333.22070898437505,0.12336538746962973,512
imap_idex_l1b_sci-10days_20251216_v003.cdf,22,819201848692102400,2025-12-17T00:02:59.508102400,Target L,Target_Low,mean,32607.89804687501,4.895475703113133,32607.89804687501,8.683227146936545,512
imap_idex_l1b_sci-10days_20251216_v003.cdf,22,819201848692102400,2025-12-17T00:02:59.508102400,Ion Grid,Ion_Grid,mean,1.5096388203124997,0.00039315540468808443,1.5096388203124997,0.0004926661986958726,512
imap_idex_l1b_sci-10days_20251216_v003.cdf,23,819201860692031616,2025-12-17T00:03:11.508031616,TOF H,TOF_High,mean,0.14774513579191598,0.0009549957250946543,0.14774513579191598,0.0007813014793198732,8189
imap_idex_l1b_sci-10days_20251216_v003.cdf,23,819201860692031616,2025-12-17T00:03:11.508031616,TOF M,TOF_Mid,mean,5.793273623153009,0.011376913686652149,5.793273623153009,0.011284552981285011,8189
imap_idex_l1b_sci-10days_20251216_v003.cdf,23,819201860692031616,2025-12-17T00:03:11.508031616,TOF L,TOF_Low,mean,263.95692001465386,1.1696528137258042,263.95692001465386,0.9185671311240292,8189
imap_idex_l1b_sci-10days_20251216_v003.cdf,23,819201860692031616,2025-12-17T00:03:11.508031616,Target H,Target_High,mean,333.20192578125005,0.04436796328129247,333.20192578125005,0.11676630289419225,512
imap_idex_l1b_sci-10days_20251216_v003.cdf,23,819201860692031616,2025-12-17T00:03:11.508031616,Target L,Target_Low,mean,32607.219140625006,5.902022109367449,32607.219140625006,8.901151218323802,512
imap_idex_l1b_sci-10days_20251216_v003.cdf,23,819201860692031616,2025-12-17T00:03:11.508031616,Ion Grid,Ion_Grid,mean,1.50969855859375,0.00030458742890658884,1.50969855859375,0.00045940405571844956,512
imap_idex_l1b_sci-10days_20251216_v003.cdf,24,819201872691961088,2025-12-17T00:03:23.507961088,TOF H,TOF_High,mean,0.1477460180730248,0.0009563037950665767,0.1477460180730248,0.0007788531465408395,8189
imap_idex_l1b_sci-10days_20251216_v003.cdf,24,819201872691961088,2025-12-17T00:03:23.507961088,TOF M,TOF_Mid,mean,5.793602039321041,0.011863823497375286,5.793602039321041,0.011260927317813087,8189
imap_idex_l1b_sci-10days_20251216_v003.cdf,24,819201872691961088,2025-12-17T00:03:23.507961088,TOF L,TOF_Low,mean,263.9674648919282,1.185286648772764,263.9674648919282,0.9258932394045144,8189
imap_idex_l1b_sci-10days_20251216_v003.cdf,24,819201872691961088,2025-12-17T00:03:23.507961088,Target H,Target_High,mean,333.2296230468751,0.15623187070306566,333.2296230468751,0.11229695433633723,512
imap_idex_l1b_sci-10days_20251216_v003.cdf,24,819201872691961088,2025-12-17T00:03:23.507961088,Target L,Target_Low,mean,32606.725390625008,6.634055859364213,32606.725390625008,8.775301579783742,512
imap_idex_l1b_sci-10days_20251216_v003.cdf,24,819201872691961088,2025-12-17T00:03:23.507961088,Ion Grid,Ion_Grid,mean,1.5095120585937498,0.0005810923289067214,1.5095120585937498,0.0004974582941104851,512
imap_idex_l1b_sci-10days_20251216_v003.cdf,150,819892984236698624,2025-12-25T00:01:55.052698624,TOF H,TOF_High,mean,0.14778455611185737,0.0010134402914397608,0.14778455611185737,0.0007830188261114882,8189
imap_idex_l1b_sci-10days_20251216_v003.cdf,150,819892984236698624,2025-12-25T00:01:55.052698624,TOF M,TOF_Mid,mean,5.793854560996459,0.012238212133350185,5.793854560996459,0.011226068817488105,8189
imap_idex_l1b_sci-10days_20251216_v003.cdf,150,819892984236698624,2025-12-25T00:01:55.052698624,TOF L,TOF_Low,mean,264.0024889485896,1.237213315178912,264.0024889485896,0.9261053245719327,8189
imap_idex_l1b_sci-10days_20251216_v003.cdf,150,819892984236698624,2025-12-25T00:01:55.052698624,Target H,Target_High,mean,333.22675781250007,0.1604798671874528,333.22675781250007,0.12187136187478866,512
imap_idex_l1b_sci-10days_20251216_v003.cdf,150,819892984236698624,2025-12-25T00:01:55.052698624,Target L,Target_Low,mean,32609.657031250004,2.2876054687446064,32609.657031250004,9.134166488329177,512
imap_idex_l1b_sci-10days_20251216_v003.cdf,150,819892984236698624,2025-12-25T00:01:55.052698624,Ion Grid,Ion_Grid,mean,1.5097131289062498,0.00028298548359430997,1.5097131289062498,0.00047259724423467844,512
imap_idex_l1b_sci-10days_20251216_v003.cdf,156,819893036236352256,2025-12-25T00:02:47.052352256,TOF H,TOF_High,mean,0.14777467456343876,0.0009987899077543365,0.14777467456343876,0.000778479088830546,8189
imap_idex_l1b_sci-10days_20251216_v003.cdf,156,819893036236352256,2025-12-25T00:02:47.052352256,TOF M,TOF_Mid,mean,5.793626877518622,0.01190064860910942,5.793626877518622,0.011269555610400009,8189
imap_idex_l1b_sci-10days_20251216_v003.cdf,156,819893036236352256,2025-12-25T00:02:47.052352256,TOF L,TOF_Low,mean,264.002928318476,1.2378647249725003,264.002928318476,0.9271544378806985,8189
imap_idex_l1b_sci-10days_20251216_v003.cdf,156,819893036236352256,2025-12-25T00:02:47.052352256,Target H,Target_High,mean,333.16817968750007,0.005663995312431905,333.16817968750007,0.1221902930367374,512
imap_idex_l1b_sci-10days_20251216_v003.cdf,156,819893036236352256,2025-12-25T00:02:47.052352256,Target L,Target_Low,mean,32609.59531250001,2.3791096874881337,32609.59531250001,8.515398362809403,512
imap_idex_l1b_sci-10days_20251216_v003.cdf,156,819893036236352256,2025-12-25T00:02:47.052352256,Ion Grid,Ion_Grid,mean,1.5097480976562498,0.00023114081484418224,1.5097480976562498,0.00048075628716719653,512
imap_idex_l1b_sci-10days_20251216_v003.cdf,157,819893048236281472,2025-12-25T00:02:59.052281472,TOF H,TOF_High,mean,0.14777308645744291,0.0009964353818048925,0.14777308645744291,0.0007772239290422989,8189
imap_idex_l1b_sci-10days_20251216_v003.cdf,157,819893048236281472,2025-12-25T00:02:59.052281472,TOF M,TOF_Mid,mean,5.793868359995115,0.012258670528758476,5.793868359995115,0.011193643264772339,8189
imap_idex_l1b_sci-10days_20251216_v003.cdf,157,819893048236281472,2025-12-25T00:02:59.052281472,TOF L,TOF_Low,mean,263.99803248259866,1.2306061587007637,263.99803248259866,0.9300148621577815,8189
imap_idex_l1b_sci-10days_20251216_v003.cdf,157,819893048236281472,2025-12-25T00:02:59.052281472,Target H,Target_High,mean,333.2051093750001,0.04908795937514023,333.2051093750001,0.11318560078300818,512
imap_idex_l1b_sci-10days_20251216_v003.cdf,157,819893048236281472,2025-12-25T00:02:59.052281472,Target L,Target_Low,mean,32611.014843750003,0.2745126562467638,32611.014843750003,8.885571079738156,512
imap_idex_l1b_sci-10days_20251216_v003.cdf,157,819893048236281472,2025-12-25T00:02:59.052281472,Ion Grid,Ion_Grid,mean,1.5096679609374999,0.00034995151406286827,1.5096679609374999,0.0004647815498695711,512
imap_idex_l1b_sci-10days_20251216_v003.cdf,158,819893060236210944,2025-12-25T00:03:11.052210944,TOF H,TOF_High,mean,0.1477373011356698,0.000943380063744067,0.1477373011356698,0.0007839703192081772,8189
imap_idex_l1b_sci-10days_20251216_v003.cdf,158,819893060236210944,2025-12-25T00:03:11.052210944,TOF M,TOF_Mid,mean,5.793895957992428,0.012299587319573743,5.793895957992428,0.01127323736098408,8189
imap_idex_l1b_sci-10days_20251216_v003.cdf,158,819893060236210944,2025-12-25T00:03:11.052210944,TOF L,TOF_Low,mean,264.0178041274881,1.2599195994138344,264.0178041274881,0.9243697499299021,8189
imap_idex_l1b_sci-10days_20251216_v003.cdf,158,819893060236210944,2025-12-25T00:03:11.052210944,Target H,Target_High,mean,333.19651367187504,0.20531983007812163,333.19651367187504,0.13349511274043338,512
imap_idex_l1b_sci-10days_20251216_v003.cdf,158,819893060236210944,2025-12-25T00:03:11.052210944,Target L,Target_Low,mean,32609.317578125007,2.79087867186637,32609.317578125007,8.657746012070035,512
imap_idex_l1b_sci-10days_20251216_v003.cdf,158,819893060236210944,2025-12-25T00:03:11.052210944,Ion Grid,Ion_Grid,mean,1.5096242499999997,0.0004147573500006925,1.5096242499999997,0.00045920299500878893,512
imap_idex_l1b_sci-10days_20251216_v003.cdf,159,819893072236120192,2025-12-25T00:03:23.052120192,TOF H,TOF_High,mean,0.14777220417633413,0.0009951273118330112,0.14777220417633413,0.0007771924448307589,8189
imap_idex_l1b_sci-10days_20251216_v003.cdf,159,819893072236120192,2025-12-25T00:03:23.052120192,TOF M,TOF_Mid,mean,5.794228513860056,0.012792634648919894,5.794228513860056,0.011145289852551326,8189
imap_idex_l1b_sci-10days_20251216_v003.cdf,159,819893072236120192,2025-12-25T00:03:23.052120192,TOF L,TOF_Low,mean,263.9745575772377,1.19580226401261,263.9745575772377,0.9246366778195956,8189
imap_idex_l1b_sci-10days_20251216_v003.cdf,159,819893072236120192,2025-12-25T00:03:23.052120192,Target H,Target_High,mean,333.20288085937506,0.04578396210942152,333.20288085937506,0.11358561037225566,512
imap_idex_l1b_sci-10days_20251216_v003.cdf,159,819893072236120192,2025-12-25T00:03:23.052120192,Target L,Target_Low,mean,32609.502734375004,2.516366015619606,32609.502734375004,9.07994830784767,512
imap_idex_l1b_sci-10days_20251216_v003.cdf,159,819893072236120192,2025-12-25T00:03:23.052120192,Ion Grid,Ion_Grid,mean,1.5095572265625,0.000591893301562367,1.5095572265625,0.00047931677799705315,512
imap_idex_l1b_sci-10days_20260101_v003.cdf,6,820584183801765760,2026-01-02T00:01:54.617765760,TOF H,TOF_High,mean,0.14775289986567344,0.0009665067408474731,0.14775289986567344,0.0007757691455808867,8189
imap_idex_l1b_sci-10days_20260101_v003.cdf,6,820584183801765760,2026-01-02T00:01:54.617765760,TOF M,TOF_Mid,mean,5.793131493466846,0.011166192213946219,5.793131493466846,0.01125798812929592,8189
imap_idex_l1b_sci-10days_20260101_v003.cdf,6,820584183801765760,2026-01-02T00:01:54.617765760,TOF L,TOF_Low,mean,264.00606667480764,1.2425176520697998,264.00606667480764,0.926689036555431,8189
imap_idex_l1b_sci-10days_20260101_v003.cdf,6,820584183801765760,2026-01-02T00:01:54.617765760,Target H,Target_High,mean,333.22070898437505,0.16944785976560342,333.22070898437505,0.12420382094779543,512
imap_idex_l1b_sci-10days_20260101_v003.cdf,6,820584183801765760,2026-01-02T00:01:54.617765760,Target L,Target_Low,mean,32609.008984375007,3.24839976561637,32609.008984375007,9.241287986855404,512
imap_idex_l1b_sci-10days_20260101_v003.cdf,6,820584183801765760,2026-01-02T00:01:54.617765760,Ion Grid,Ion_Grid,mean,1.5095805390624997,0.0006264564140620131,1.5095805390624997,0.00047289587256251636,512
imap_idex_l1b_sci-10days_20260101_v003.cdf,12,820584235801419520,2026-01-02T00:02:46.617419520,TOF H,TOF_High,mean,0.14773772463060203,0.0009440079373305962,0.14773772463060203,0.0007765400450543991,8189
imap_idex_l1b_sci-10days_20260101_v003.cdf,12,820584235801419520,2026-01-02T00:02:46.617419520,TOF M,TOF_Mid,mean,5.793719330809622,0.012037719858345765,5.793719330809622,0.011228848992332938,8189
imap_idex_l1b_sci-10days_20260101_v003.cdf,12,820584235801419520,2026-01-02T00:02:46.617419520,TOF L,TOF_Low,mean,263.9439899865673,1.1504827540846945,263.9439899865673,0.9298976692722521,8189
imap_idex_l1b_sci-10days_20260101_v003.cdf,12,820584235801419520,2026-01-02T00:02:46.617419520,Target H,Target_High,mean,333.19874218750005,0.03964796718752899,333.19874218750005,0.1184159938319828,512
imap_idex_l1b_sci-10days_20260101_v003.cdf,12,820584235801419520,2026-01-02T00:02:46.617419520,Target L,Target_Low,mean,32608.237500000007,4.39220249999137,32608.237500000007,8.996553159404579,512
imap_idex_l1b_sci-10days_20260101_v003.cdf,12,820584235801419520,2026-01-02T00:02:46.617419520,Ion Grid,Ion_Grid,mean,1.5093066171874998,0.0002203398421872198,1.5093066171874998,0.00045882374443202137,512
imap_idex_l1b_sci-10days_20260101_v003.cdf,13,820584247801348864,2026-01-02T00:02:58.617348864,TOF H,TOF_High,mean,0.14775769947490539,0.000973622641494751,0.14775769947490539,0.0007820816388047322,8189
imap_idex_l1b_sci-10days_20260101_v003.cdf,13,820584247801348864,2026-01-02T00:02:58.617348864,TOF M,TOF_Mid,mean,5.793753828306263,0.012088865846866494,5.793753828306263,0.011327700115158497,8189
imap_idex_l1b_sci-10days_20260101_v003.cdf,13,820584247801348864,2026-01-02T00:02:58.617348864,TOF L,TOF_Low,mean,264.01228062034437,1.2517304477225537,264.01228062034437,0.9305622148981298,8189
imap_idex_l1b_sci-10days_20260101_v003.cdf,13,820584247801348864,2026-01-02T00:02:58.617348864,Target H,Target_High,mean,333.20256250000006,0.04531196250004517,333.20256250000006,0.11880564485747873,512
imap_idex_l1b_sci-10days_20260101_v003.cdf,13,820584247801348864,2026-01-02T00:02:58.617348864,Target L,Target_Low,mean,32608.422656250008,4.117689843739212,32608.422656250008,8.892427561938788,512
imap_idex_l1b_sci-10days_20260101_v003.cdf,13,820584247801348864,2026-01-02T00:02:58.617348864,Ion Grid,Ion_Grid,mean,1.5094435781249997,0.00042339812812461645,1.5094435781249997,0.0004603480953545117,512
imap_idex_l1b_sci-10days_20260101_v003.cdf,14,820584259801258240,2026-01-02T00:03:10.617258240,TOF H,TOF_High,mean,0.14772082012455734,0.0009189453166687383,0.14772082012455734,0.0007839234027227174,8189
imap_idex_l1b_sci-10days_20260101_v003.cdf,14,820584259801258240,2026-01-02T00:03:10.617258240,TOF M,TOF_Mid,mean,5.793882158993772,0.012279128924166768,5.793882158993772,0.011221019732970851,8189
imap_idex_l1b_sci-10days_20260101_v003.cdf,14,820584259801258240,2026-01-02T00:03:10.617258240,TOF L,TOF_Low,mean,263.9740554402247,1.1950577956770927,263.9740554402247,0.9262594535351127,8189
imap_idex_l1b_sci-10days_20260101_v003.cdf,14,820584259801258240,2026-01-02T00:03:10.617258240,Target H,Target_High,mean,333.09654882812504,0.12979989257815872,333.09654882812504,0.11952306572714792,512
imap_idex_l1b_sci-10days_20260101_v003.cdf,14,820584259801258240,2026-01-02T00:03:10.617258240,Target L,Target_Low,mean,32608.114062500004,4.575210937494606,32608.114062500004,9.328314879767177,512
imap_idex_l1b_sci-10days_20260101_v003.cdf,14,820584259801258240,2026-01-02T00:03:10.617258240,Ion Grid,Ion_Grid,mean,1.5095106015625,0.0005832525234377846,1.5095106015625,0.0004727521952594225,512
imap_idex_l1b_sci-10days_20260101_v003.cdf,15,820584271801187456,2026-01-02T00:03:22.617187456,TOF H,TOF_High,mean,0.14775999340578824,0.0009770236234216752,0.14775999340578824,0.0007744221756559853,8189
imap_idex_l1b_sci-10days_20260101_v003.cdf,15,820584271801187456,2026-01-02T00:03:22.617187456,TOF M,TOF_Mid,mean,5.79381592380022,0.012180928626206441,5.79381592380022,0.01126822309940034,8189
imap_idex_l1b_sci-10days_20260101_v003.cdf,15,820584271801187456,2026-01-02T00:03:22.617187456,TOF L,TOF_Low,mean,263.9672138234217,1.184914414604963,263.9672138234217,0.9263537881909524,8189
imap_idex_l1b_sci-10days_20260101_v003.cdf,15,820584271801187456,2026-01-02T00:03:22.617187456,Target H,Target_High,mean,333.19746875,0.03775996874993932,333.19746875,0.12299059526418604,512
imap_idex_l1b_sci-10days_20260101_v003.cdf,15,820584271801187456,2026-01-02T00:03:22.617187456,Target L,Target_Low,mean,32608.422656250008,4.117689843739212,32608.422656250008,9.268298748655466,512
imap_idex_l1b_sci-10days_20260101_v003.cdf,15,820584271801187456,2026-01-02T00:03:22.617187456,Ion Grid,Ion_Grid,mean,1.5097466406249997,0.00023330100937557472,1.5097466406249997,0.00045110591076225347,512
imap_idex_l1b_sci-10days_20260110_v003.cdf,12,821620983086915968,2026-01-14T00:01:53.902915968,TOF H,TOF_High,mean,0.14766611869581145,0.0008760406215899453,0.14766611869581145,0.0007790502199226436,8189
imap_idex_l1b_sci-10days_20260110_v003.cdf,12,821620983086915968,2026-01-14T00:01:53.902915968,TOF M,TOF_Mid,mean,5.792729942605934,0.010570852907558608,5.792729942605934,0.011350794771972204,8189
imap_idex_l1b_sci-10days_20260110_v003.cdf,12,821620983086915968,2026-01-14T00:01:53.902915968,TOF L,TOF_Low,mean,263.7877626083771,1.367309156820112,263.7877626083771,0.9126296655271111,8189
imap_idex_l1b_sci-10days_20260110_v003.cdf,12,821620983086915968,2026-01-14T00:01:53.902915968,Target H,Target_High,mean,333.2038359375,0.047199960937466284,333.2038359375,0.12486832297863698,512
imap_idex_l1b_sci-10days_20260110_v003.cdf,12,821620983086915968,2026-01-14T00:01:53.902915968,Target L,Target_Low,mean,32606.23164062501,7.3660896093609765,32606.23164062501,8.952357342948405,512
imap_idex_l1b_sci-10days_20260110_v003.cdf,12,821620983086915968,2026-01-14T00:01:53.902915968,Ion Grid,Ion_Grid,mean,1.50962425,0.0006912622499998375,1.50962425,0.0004890071254593751,512
imap_idex_l1b_sci-10days_20260110_v003.cdf,18,821621035086549888,2026-01-14T00:02:45.902549888,TOF H,TOF_High,mean,0.14767303577970448,0.0008657853530101441,0.14767303577970448,0.0007750257550911799,8189
imap_idex_l1b_sci-10days_20260110_v003.cdf,18,821621035086549888,2026-01-14T00:02:45.902549888,TOF M,TOF_Mid,mean,5.793355037245084,0.01149761821956265,5.793355037245084,0.011233618103200897,8189
imap_idex_l1b_sci-10days_20260110_v003.cdf,18,821621035086549888,2026-01-14T00:02:45.902549888,TOF L,TOF_Low,mean,263.790336060569,1.3634937566003433,263.790336060569,0.9175992384123877,8189
imap_idex_l1b_sci-10days_20260110_v003.cdf,18,821621035086549888,2026-01-14T00:02:45.902549888,Target H,Target_High,mean,333.123927734375,0.07127194101566005,333.123927734375,0.12403397283932503,512
imap_idex_l1b_sci-10days_20260110_v003.cdf,18,821621035086549888,2026-01-14T00:02:45.902549888,Target L,Target_Low,mean,32605.799609375008,8.006619140614212,32605.799609375008,9.502232459922475,512
imap_idex_l1b_sci-10days_20260110_v003.cdf,18,821621035086549888,2026-01-14T00:02:45.902549888,Ion Grid,Ion_Grid,mean,1.5097116718749999,0.00028514567812537323,1.5097116718749999,0.0004777285302177582,512
imap_idex_l1b_sci-10days_20260110_v003.cdf,19,821621047086459136,2026-01-14T00:02:57.902459136,TOF H,TOF_High,mean,0.1476457203565759,0.0009062831993405882,0.1476457203565759,0.0007806698125089294,8189
imap_idex_l1b_sci-10days_20260110_v003.cdf,19,821621047086459136,2026-01-14T00:02:57.902459136,TOF M,TOF_Mid,mean,5.792237318353889,0.009840488191476537,5.792237318353889,0.011301196585673997,8189
imap_idex_l1b_sci-10days_20260110_v003.cdf,19,821621047086459136,2026-01-14T00:02:57.902459136,TOF L,TOF_Low,mean,263.78462425204543,1.3719620839174114,263.78462425204543,0.9154933891960553,8189
imap_idex_l1b_sci-10days_20260110_v003.cdf,19,821621047086459136,2026-01-14T00:02:57.902459136,Target H,Target_High,mean,333.162767578125,0.12083190000000808,333.162767578125,0.125880037617959,512
imap_idex_l1b_sci-10days_20260110_v003.cdf,19,821621047086459136,2026-01-14T00:02:57.902459136,Target L,Target_Low,mean,32606.35507812501,7.183081171863133,32606.35507812501,8.910988519807393,512
imap_idex_l1b_sci-10days_20260110_v003.cdf,19,821621047086459136,2026-01-14T00:02:57.902459136,Ion Grid,Ion_Grid,mean,1.5095528554687498,0.0005854127179685187,1.5095528554687498,0.0004973387876847735,512
imap_idex_l1b_sci-10days_20260110_v003.cdf,20,821621059086388608,2026-01-14T00:03:09.902388608,TOF H,TOF_High,mean,0.1476663657345219,0.0008756743619978169,0.1476663657345219,0.0007786679635682322,8189
imap_idex_l1b_sci-10days_20260110_v003.cdf,20,821621059086388608,2026-01-14T00:03:09.902388608,TOF M,TOF_Mid,mean,5.792985224081083,0.010949333222614639,5.792985224081083,0.01133936121331679,8189
imap_idex_l1b_sci-10days_20260110_v003.cdf,20,821621059086388608,2026-01-14T00:03:09.902388608,TOF L,TOF_Low,mean,263.76811649774083,1.3964364804494085,263.76811649774083,0.908800989006335,8189
imap_idex_l1b_sci-10days_20260110_v003.cdf,20,821621059086388608,2026-01-14T00:03:09.902388608,Target H,Target_High,mean,333.25477343750003,0.12271989843751348,333.25477343750003,0.1243477649102855,512
imap_idex_l1b_sci-10days_20260110_v003.cdf,20,821621059086388608,2026-01-14T00:03:09.902388608,Target L,Target_Low,mean,32605.614453125007,8.28113179686637,32605.614453125007,9.02397988595776,512
imap_idex_l1b_sci-10days_20260110_v003.cdf,20,821621059086388608,2026-01-14T00:03:09.902388608,Ion Grid,Ion_Grid,mean,1.5097874374999998,0.00017281556250053545,1.5097874374999998,0.000441708822182416,512
imap_idex_l1b_sci-10days_20260110_v003.cdf,21,821621071086297856,2026-01-14T00:03:21.902297856,TOF H,TOF_High,mean,0.1476430382220051,0.0009102597320552194,0.1476430382220051,0.0007801979788446326,8189
imap_idex_l1b_sci-10days_20260110_v003.cdf,21,821621071086297856,2026-01-14T00:03:21.902297856,TOF M,TOF_Mid,mean,5.792235938454023,0.009838442351934654,5.792235938454023,0.011402960655031923,8189
imap_idex_l1b_sci-10days_20260110_v003.cdf,21,821621071086297856,2026-01-14T00:03:21.902297856,TOF L,TOF_Low,mean,263.79993943094394,1.349255799682489,263.79993943094394,0.9151990253874056,8189
imap_idex_l1b_sci-10days_20260110_v003.cdf,21,821621071086297856,2026-01-14T00:03:21.902297856,Target H,Target_High,mean,333.17900390625005,0.010383991406279665,333.17900390625005,0.11816065923560543,512
imap_idex_l1b_sci-10days_20260110_v003.cdf,21,821621071086297856,2026-01-14T00:03:21.902297856,Target L,Target_Low,mean,32606.04648437501,7.640602265613134,32606.04648437501,9.171777967105022,512
imap_idex_l1b_sci-10days_20260110_v003.cdf,21,821621071086297856,2026-01-14T00:03:21.902297856,Ion Grid,Ion_Grid,mean,1.5096096796874998,0.00043635929531297144,1.5096096796874998,0.0004781105460821209,512
imap_idex_l1b_sci-10days_20260120_v003.cdf,326,822312181975935232,2026-01-22T00:01:52.791935232,TOF H,TOF_High,mean,0.14776249908413727,0.0009807385421419464,0.14776249908413727,0.0008034868844188045,8189
imap_idex_l1b_sci-10days_20260120_v003.cdf,326,822312181975935232,2026-01-22T00:01:52.791935232,TOF M,TOF_Mid,mean,5.792034473073635,0.009539749778971226,5.792034473073635,0.011161704227255128,8189
imap_idex_l1b_sci-10days_20260120_v003.cdf,326,822312181975935232,2026-01-22T00:01:52.791935232,TOF L,TOF_Low,mean,263.79975112956413,1.3495349753081922,263.79975112956413,0.9025688975502145,8189
imap_idex_l1b_sci-10days_20260120_v003.cdf,326,822312181975935232,2026-01-22T00:01:52.791935232,Target H,Target_High,mean,333.19874218750005,0.03964796718752899,333.19874218750005,0.11303506411824617,512
imap_idex_l1b_sci-10days_20260120_v003.cdf,326,822312181975935232,2026-01-22T00:01:52.791935232,Target L,Target_Low,mean,32607.58945312501,5.352996796863134,32607.58945312501,9.057686550020383,512
imap_idex_l1b_sci-10days_20260120_v003.cdf,326,822312181975935232,2026-01-22T00:01:52.791935232,Ion Grid,Ion_Grid,mean,1.509618421875,0.0004233981281252749,1.509618421875,0.00048112928046578564,512
imap_idex_l1b_sci-10days_20260120_v003.cdf,332,822312233975609088,2026-01-22T00:02:44.791609088,TOF H,TOF_High,mean,0.14780502503358164,0.0010437875147881724,0.14780502503358164,0.000802949628696579,8189
imap_idex_l1b_sci-10days_20260120_v003.cdf,332,822312233975609088,2026-01-22T00:02:44.791609088,TOF M,TOF_Mid,mean,5.7916108438148735,0.008911677039931929,5.7916108438148735,0.011067087007574365,8189
imap_idex_l1b_sci-10days_20260120_v003.cdf,332,822312233975609088,2026-01-22T00:02:44.791609088,TOF L,TOF_Low,mean,263.82969104896813,1.3051460507998207,263.82969104896813,0.906575337271245,8189
imap_idex_l1b_sci-10days_20260120_v003.cdf,332,822312233975609088,2026-01-22T00:02:44.791609088,Target H,Target_High,mean,333.18059570312505,0.012743989453161407,333.18059570312505,0.12216001377665696,512
imap_idex_l1b_sci-10days_20260120_v003.cdf,332,822312233975609088,2026-01-22T00:02:44.791609088,Target L,Target_Low,mean,32607.311718750007,5.76476578124137,32607.311718750007,9.34198454135364,512
imap_idex_l1b_sci-10days_20260120_v003.cdf,332,822312233975609088,2026-01-22T00:02:44.791609088,Ion Grid,Ion_Grid,mean,1.5096606757812499,0.00036075248671917234,1.5096606757812499,0.0004783657934909642,512
imap_idex_l1b_sci-10days_20260120_v003.cdf,333,822312245975538432,2026-01-22T00:02:56.791538432,TOF H,TOF_High,mean,0.14777569800952498,0.0010003072689217548,0.14777569800952498,0.0007912767892206286,8189
imap_idex_l1b_sci-10days_20260120_v003.cdf,333,822312245975538432,2026-01-22T00:02:56.791538432,TOF M,TOF_Mid,mean,5.792331151544755,0.009979605280254765,5.792331151544755,0.011226131914553973,8189
imap_idex_l1b_sci-10days_20260120_v003.cdf,333,822312245975538432,2026-01-22T00:02:56.791538432,TOF L,TOF_Low,mean,263.8300048846013,1.3046807580900908,263.8300048846013,0.9028331769980578,8189
imap_idex_l1b_sci-10days_20260120_v003.cdf,333,822312245975538432,2026-01-22T00:02:56.791538432,Target H,Target_High,mean,333.2082929687501,0.05380795546881944,333.2082929687501,0.11806455178444752,512
imap_idex_l1b_sci-10days_20260120_v003.cdf,333,822312245975538432,2026-01-22T00:02:56.791538432,Target L,Target_Low,mean,32607.43515625001,5.581757343738134,32607.43515625001,9.392409583705227,512
imap_idex_l1b_sci-10days_20260120_v003.cdf,333,822312245975538432,2026-01-22T00:02:56.791538432,Ion Grid,Ion_Grid,mean,1.5095149726562496,0.0005767719398445947,1.5095149726562496,0.00047061658279576486,512
imap_idex_l1b_sci-10days_20260120_v003.cdf,334,822312257975447936,2026-01-22T00:03:08.791447936,TOF H,TOF_High,mean,0.14780467212113813,0.0010432642867994116,0.14780467212113813,0.0007982022045760509,8189
imap_idex_l1b_sci-10days_20260120_v003.cdf,334,822312257975447936,2026-01-22T00:03:08.791447936,TOF M,TOF_Mid,mean,5.792132445964098,0.009685004386372468,5.792132445964098,0.011172544157933116,8189
imap_idex_l1b_sci-10days_20260120_v003.cdf,334,822312257975447936,2026-01-22T00:03:08.791447936,TOF L,TOF_Low,mean,263.8219706923922,1.3165922514592954,263.8219706923922,0.9036852888873093,8189
imap_idex_l1b_sci-10days_20260120_v003.cdf,334,822312257975447936,2026-01-22T00:03:08.791447936,Target H,Target_High,mean,333.20319921875006,0.04625596171879787,333.20319921875006,0.11326974234384328,512
imap_idex_l1b_sci-10days_20260120_v003.cdf,334,822312257975447936,2026-01-22T00:03:08.791447936,Target L,Target_Low,mean,32607.527734375006,5.4445010156174485,32607.527734375006,8.97869942165545,512
imap_idex_l1b_sci-10days_20260120_v003.cdf,334,822312257975447936,2026-01-22T00:03:08.791447936,Ion Grid,Ion_Grid,mean,1.5095470273437497,0.000576771939843278,1.5095470273437497,0.0004774951726220511,512
imap_idex_l1b_sci-10days_20260120_v003.cdf,335,822312269975377280,2026-01-22T00:03:20.791377280,TOF H,TOF_High,mean,0.14781585944559777,0.0010598506140432878,0.14781585944559777,0.0007936726538707542,8189
imap_idex_l1b_sci-10days_20260120_v003.cdf,335,822312269975377280,2026-01-22T00:03:20.791377280,TOF M,TOF_Mid,mean,5.79216694346074,0.009736150374893195,5.79216694346074,0.01113901172982199,8189
imap_idex_l1b_sci-10days_20260120_v003.cdf,335,822312269975377280,2026-01-22T00:03:20.791377280,TOF L,TOF_Low,mean,263.80245011600925,1.3455334580046494,263.80245011600925,0.9073651516808645,8189
imap_idex_l1b_sci-10days_20260120_v003.cdf,335,822312269975377280,2026-01-22T00:03:20.791377280,Target H,Target_High,mean,333.16690625,0.007551993750021574,333.16690625,0.12086256964912385,512
imap_idex_l1b_sci-10days_20260120_v003.cdf,335,822312269975377280,2026-01-22T00:03:20.791377280,Target L,Target_Low,mean,32608.237500000007,4.39220249999137,32608.237500000007,8.552000862370937,512
imap_idex_l1b_sci-10days_20260120_v003.cdf,335,822312269975377280,2026-01-22T00:03:20.791377280,Ion Grid,Ion_Grid,mean,1.5096155078124998,0.00042771851718805985,1.5096155078124998,0.00045615085388663615,512
imap_idex_l1b_sci-10days_20260130_v003.cdf,0,823003381865938944,2026-01-30T00:01:52.681938944,TOF H,TOF_High,mean,0.14775035889608013,0.0009627394993284204,0.14775035889608013,0.0008132921005465285,8189
imap_idex_l1b_sci-10days_20260130_v003.cdf,0,823003381865938944,2026-01-30T00:01:52.681938944,TOF M,TOF_Mid,mean,5.79299902307974,0.010969791618022931,5.79299902307974,0.01142629014627476,8189
imap_idex_l1b_sci-10days_20260130_v003.cdf,0,823003381865938944,2026-01-30T00:01:52.681938944,TOF L,TOF_Low,mean,263.8306953229943,1.3036571141286175,263.8306953229943,0.9261638586556056,8189
imap_idex_l1b_sci-10days_20260130_v003.cdf,0,823003381865938944,2026-01-30T00:01:52.681938944,Target H,Target_High,mean,333.16244921875006,0.014159988281206176,333.16244921875006,0.12398697858552056,512
imap_idex_l1b_sci-10days_20260130_v003.cdf,0,823003381865938944,2026-01-30T00:01:52.681938944,Target L,Target_Low,mean,32606.29335937501,7.274585390612055,32606.29335937501,9.306186767526839,512
imap_idex_l1b_sci-10days_20260130_v003.cdf,0,823003381865938944,2026-01-30T00:01:52.681938944,Ion Grid,Ion_Grid,mean,1.5097976367187498,0.00015769420078177564,1.5097976367187498,0.00045990286090027705,512
imap_idex_l1b_sci-10days_20260130_v003.cdf,6,823003433865612800,2026-01-30T00:02:44.681612800,TOF H,TOF_High,mean,0.14774739443155452,0.000958344384222756,0.14774739443155452,0.0008474178156052446,8189
imap_idex_l1b_sci-10days_20260130_v003.cdf,6,823003433865612800,2026-01-30T00:02:44.681612800,TOF M,TOF_Mid,mean,5.7918992428867995,0.00933925750396944,5.7918992428867995,0.011495101428760006,8189
imap_idex_l1b_sci-10days_20260130_v003.cdf,6,823003433865612800,2026-01-30T00:02:44.681612800,TOF L,TOF_Low,mean,263.8301304188546,1.3044946410061482,263.8301304188546,0.9230618450054145,8189
imap_idex_l1b_sci-10days_20260130_v003.cdf,6,823003433865612800,2026-01-30T00:02:44.681612800,Target H,Target_High,mean,333.22070898437505,0.16944785976560342,333.22070898437505,0.123365387469629,512
imap_idex_l1b_sci-10days_20260130_v003.cdf,6,823003433865612800,2026-01-30T00:02:44.681612800,Target L,Target_Low,mean,32607.496875000008,5.490253124989212,32607.496875000008,9.260280920920655,512
imap_idex_l1b_sci-10days_20260130_v003.cdf,6,823003433865612800,2026-01-30T00:02:44.681612800,Ion Grid,Ion_Grid,mean,1.5098865156249999,2.5922334375393063e-05,1.5098865156249999,0.00046592205263420647,512
imap_idex_l1b_sci-10days_20260130_v003.cdf,7,823003445865542272,2026-01-30T00:02:56.681542272,TOF H,TOF_High,mean,0.14772590206374406,0.0009264797997069671,0.14772590206374406,0.0008249254591306338,8189
imap_idex_l1b_sci-10days_20260130_v003.cdf,7,823003445865542272,2026-01-30T00:02:56.681542272,TOF M,TOF_Mid,mean,5.792899670289413,0.010822491171083757,5.792899670289413,0.011569806445578637,8189
imap_idex_l1b_sci-10days_20260130_v003.cdf,7,823003445865542272,2026-01-30T00:02:56.681542272,TOF L,TOF_Low,mean,263.8528521186958,1.2708074488215657,263.8528521186958,0.9251102917428777,8189
imap_idex_l1b_sci-10days_20260130_v003.cdf,7,823003445865542272,2026-01-30T00:02:56.681542272,Target H,Target_High,mean,333.22070898437505,0.16944785976560342,333.22070898437505,0.12081518070189641,512
imap_idex_l1b_sci-10days_20260130_v003.cdf,7,823003445865542272,2026-01-30T00:02:56.681542272,Target L,Target_Low,mean,32606.75625000001,6.5883037499870545,32606.75625000001,9.561427635949146,512
imap_idex_l1b_sci-10days_20260130_v003.cdf,7,823003445865542272,2026-01-30T00:02:56.681542272,Ion Grid,Ion_Grid,mean,1.5096490195312497,0.0003780340429693246,1.5096490195312497,0.00047225572348947757,512
imap_idex_l1b_sci-10days_20260130_v003.cdf,8,823003457865451648,2026-01-30T00:03:08.681451648,TOF H,TOF_High,mean,0.1477431241909879,0.0009520133255586811,0.1477431241909879,0.0008079264873885677,8189
imap_idex_l1b_sci-10days_20260130_v003.cdf,8,823003457865451648,2026-01-30T00:03:08.681451648,TOF M,TOF_Mid,mean,5.792968665282696,0.010924783148125216,5.792968665282696,0.0114880450399045,8189
imap_idex_l1b_sci-10days_20260130_v003.cdf,8,823003457865451648,2026-01-30T00:03:08.681451648,TOF L,TOF_Low,mean,263.82674099401635,1.3095198022713328,263.82674099401635,0.924995578147887,8189
imap_idex_l1b_sci-10days_20260130_v003.cdf,8,823003457865451648,2026-01-30T00:03:08.681451648,Target H,Target_High,mean,333.1493964843751,0.033511972265552185,333.1493964843751,0.12417770559068651,512
imap_idex_l1b_sci-10days_20260130_v003.cdf,8,823003457865451648,2026-01-30T00:03:08.681451648,Target L,Target_Low,mean,32606.139062500006,7.5033459374924485,32606.139062500006,8.982145783223869,512
imap_idex_l1b_sci-10days_20260130_v003.cdf,8,823003457865451648,2026-01-30T00:03:08.681451648,Ion Grid,Ion_Grid,mean,1.5097728671874997,0.00019441750781314354,1.5097728671874997,0.0004936304898260127,512
imap_idex_l1b_sci-10days_20260130_v003.cdf,9,823003469865380992,2026-01-30T00:03:20.681380992,TOF H,TOF_High,mean,0.14776295787031385,0.0009814187385273397,0.14776295787031385,0.0008075857865247561,8189
imap_idex_l1b_sci-10days_20260130_v003.cdf,9,823003469865380992,2026-01-30T00:03:20.681380992,TOF M,TOF_Mid,mean,5.793012822078397,0.010990250013432538,5.793012822078397,0.011490854958247561,8189
imap_idex_l1b_sci-10days_20260130_v003.cdf,9,823003469865380992,2026-01-30T00:03:20.681380992,TOF L,TOF_Low,mean,263.8310719257541,1.3030987628769584,263.8310719257541,0.9248832314924507,8189
imap_idex_l1b_sci-10days_20260130_v003.cdf,9,823003469865380992,2026-01-30T00:03:20.681380992,Target H,Target_High,mean,333.251908203125,0.12319189804688982,333.251908203125,0.11923100514949497,512
imap_idex_l1b_sci-10days_20260130_v003.cdf,9,823003469865380992,2026-01-30T00:03:20.681380992,Target L,Target_Low,mean,32608.700390625007,3.70592085936637,32608.700390625007,9.001579713994909,512
imap_idex_l1b_sci-10days_20260130_v003.cdf,9,823003469865380992,2026-01-30T00:03:20.681380992,Ion Grid,Ion_Grid,mean,1.5097131289062498,0.00028298548359430997,1.5097131289062498,0.00047259724423468163,512
imap_idex_l1b_sci-10days_20260130_v003.cdf,17,823694580489208576,2026-02-07T00:01:51.305208576,TOF H,TOF_High,mean,0.14776045219196482,0.0009777038198070683,0.14776045219196482,0.0008051803627756223,8189
imap_idex_l1b_sci-10days_20260130_v003.cdf,17,823694580489208576,2026-02-07T00:01:51.305208576,TOF M,TOF_Mid,mean,5.792956246183905,0.01090637059225749,5.792956246183905,0.01151023454179767,8189
imap_idex_l1b_sci-10days_20260130_v003.cdf,17,823694580489208576,2026-02-07T00:01:51.305208576,TOF L,TOF_Low,mean,263.8118024178776,1.3316677352546804,263.8118024178776,0.9190317455938161,8189
imap_idex_l1b_sci-10days_20260130_v003.cdf,17,823694580489208576,2026-02-07T00:01:51.305208576,Target H,Target_High,mean,333.21943554687505,0.17133585820310882,333.21943554687505,0.12757554343719532,512
imap_idex_l1b_sci-10days_20260130_v003.cdf,17,823694580489208576,2026-02-07T00:01:51.305208576,Target L,Target_Low,mean,32605.953906250008,7.777858593739213,32605.953906250008,9.092368042276076,512
imap_idex_l1b_sci-10days_20260130_v003.cdf,17,823694580489208576,2026-02-07T00:01:51.305208576,Ion Grid,Ion_Grid,mean,1.5093794687499997,0.0003283495687496018,1.5093794687499997,0.0004718982103149731,512
imap_idex_l1b_sci-10days_20260130_v003.cdf,23,823694632488882560,2026-02-07T00:02:43.304882560,TOF H,TOF_High,mean,0.1477653576749298,0.0009849766888509375,0.1477653576749298,0.0008360549237677219,8189
imap_idex_l1b_sci-10days_20260130_v003.cdf,23,823694632488882560,2026-02-07T00:02:43.304882560,TOF M,TOF_Mid,mean,5.792913469288068,0.010842949566490732,5.792913469288068,0.011496167149118441,8189
imap_idex_l1b_sci-10days_20260130_v003.cdf,23,823694632488882560,2026-02-07T00:02:43.304882560,TOF L,TOF_Low,mean,263.76441323726954,1.4019269344241545,263.76441323726954,0.9223732090347315,8189
imap_idex_l1b_sci-10days_20260130_v003.cdf,23,823694632488882560,2026-02-07T00:02:43.304882560,Target H,Target_High,mean,333.2038359375001,0.04719996093763484,333.2038359375001,0.12192457500334829,512
imap_idex_l1b_sci-10days_20260130_v003.cdf,23,823694632488882560,2026-02-07T00:02:43.304882560,Target L,Target_Low,mean,32606.324218750007,7.228833281240291,32606.324218750007,8.866688415194321,512
imap_idex_l1b_sci-10days_20260130_v003.cdf,23,823694632488882560,2026-02-07T00:02:43.304882560,Ion Grid,Ion_Grid,mean,1.5097655820312497,0.00020521848046944758,1.5097655820312497,0.0004440074133555137,512
imap_idex_l1b_sci-10days_20260130_v003.cdf,24,823694644488812032,2026-02-07T00:02:55.304812032,TOF H,TOF_High,mean,0.1477193731835389,0.0009168000819147904,0.1477193731835389,0.0008182147437567087,8189
imap_idex_l1b_sci-10days_20260130_v003.cdf,24,823694644488812032,2026-02-07T00:02:55.304812032,TOF M,TOF_Mid,mean,5.7940394675784574,0.012512354631821557,5.7940394675784574,0.01136688692919854,8189
imap_idex_l1b_sci-10days_20260130_v003.cdf,24,823694644488812032,2026-02-07T00:02:55.304812032,TOF L,TOF_Low,mean,263.8228494321651,1.3152894318719504,263.8228494321651,0.9236421571446015,8189
imap_idex_l1b_sci-10days_20260130_v003.cdf,24,823694644488812032,2026-02-07T00:02:55.304812032,Target H,Target_High,mean,333.18155078125005,0.014159988281290451,333.18155078125005,0.11754145445338031,512
imap_idex_l1b_sci-10days_20260130_v003.cdf,24,823694644488812032,2026-02-07T00:02:55.304812032,Target L,Target_Low,mean,32606.69453125001,6.679807968735976,32606.69453125001,8.842597615676416,512
imap_idex_l1b_sci-10days_20260130_v003.cdf,24,823694644488812032,2026-02-07T00:02:55.304812032,Ion Grid,Ion_Grid,mean,1.5095484843749998,0.0005789321343746705,1.5095484843749998,0.0004659220526342397,512
imap_idex_l1b_sci-10days_20260130_v003.cdf,25,823694656488721408,2026-02-07T00:03:07.304721408,TOF H,TOF_High,mean,0.14774845316888507,0.0009599140681890383,0.14774845316888507,0.000809560933487994,8189
imap_idex_l1b_sci-10days_20260130_v003.cdf,25,823694656488721408,2026-02-07T00:03:07.304721408,TOF M,TOF_Mid,mean,5.7934723287336665,0.011671514580534446,5.7934723287336665,0.011539982208075008,8189
imap_idex_l1b_sci-10days_20260130_v003.cdf,25,823694656488721408,2026-02-07T00:03:07.304721408,TOF L,TOF_Low,mean,263.8003788008304,1.3486043898888165,263.8003788008304,0.9226382976955928,8189
imap_idex_l1b_sci-10days_20260130_v003.cdf,25,823694656488721408,2026-02-07T00:03:07.304721408,Target H,Target_High,mean,333.24904296875,0.12743989453127696,333.24904296875,0.11872201195413147,512
imap_idex_l1b_sci-10days_20260130_v003.cdf,25,823694656488721408,2026-02-07T00:03:07.304721408,Target L,Target_Low,mean,32606.848828125007,6.451047421866369,32606.848828125007,9.055162902411057,512
imap_idex_l1b_sci-10days_20260130_v003.cdf,25,823694656488721408,2026-02-07T00:03:07.304721408,Ion Grid,Ion_Grid,mean,1.5097655820312497,0.00020521848046944758,1.5097655820312497,0.0004655186341486823,512
imap_idex_l1b_sci-10days_20260130_v003.cdf,26,823694668488650880,2026-02-07T00:03:19.304650880,TOF H,TOF_High,mean,0.14774922957626085,0.0009610651697643695,0.14774922957626085,0.000818378199144117,8189
imap_idex_l1b_sci-10days_20260130_v003.cdf,26,823694668488650880,2026-02-07T00:03:19.304650880,TOF M,TOF_Mid,mean,5.792953486384174,0.010902278913176357,5.792953486384174,0.011427711032022118,8189
imap_idex_l1b_sci-10days_20260130_v003.cdf,26,823694668488650880,2026-02-07T00:03:19.304650880,TOF L,TOF_Low,mean,263.76140041519113,1.4063937444375956,263.76140041519113,0.921517805086814,8189
imap_idex_l1b_sci-10days_20260130_v003.cdf,26,823694668488650880,2026-02-07T00:03:19.304650880,Target H,Target_High,mean,333.238537109375,0.14301588164069645,333.238537109375,0.11917318751671838,512
imap_idex_l1b_sci-10days_20260130_v003.cdf,26,823694668488650880,2026-02-07T00:03:19.304650880,Target L,Target_Low,mean,32605.42929687501,8.555644453113134,32605.42929687501,8.514895100241022,512
imap_idex_l1b_sci-10days_20260130_v003.cdf,26,823694668488650880,2026-02-07T00:03:19.304650880,Ion Grid,Ion_Grid,mean,1.50952080078125,0.0005681311617190248,1.50952080078125,0.0004844338586813823,512
imap_idex_l1b_sci-10days_20260209_v003.cdf,5,824385780185722496,2026-02-15T00:01:51.001722496,TOF H,TOF_High,mean,0.147649637684699,0.000900475368665274,0.147649637684699,0.0007688287579533649,8189
imap_idex_l1b_sci-10days_20260209_v003.cdf,5,824385780185722496,2026-02-15T00:01:51.001722496,TOF M,TOF_Mid,mean,5.792623690316279,0.010413323262915289,5.792623690316279,0.011264917839284629,8189
imap_idex_l1b_sci-10days_20260209_v003.cdf,5,824385780185722496,2026-02-15T00:01:51.001722496,TOF L,TOF_Low,mean,263.78023055318107,1.3784761818537148,263.78023055318107,0.8999858712283986,8189
imap_idex_l1b_sci-10days_20260209_v003.cdf,5,824385780185722496,2026-02-15T00:01:51.001722496,Target H,Target_High,mean,333.16499609375,0.010383991406279665,333.16499609375,0.12499001516518372,512
imap_idex_l1b_sci-10days_20260209_v003.cdf,5,824385780185722496,2026-02-15T00:01:51.001722496,Target L,Target_Low,mean,32605.27500000001,8.784404999988134,32605.27500000001,8.88749999999959,512
imap_idex_l1b_sci-10days_20260209_v003.cdf,5,824385780185722496,2026-02-15T00:01:51.001722496,Ion Grid,Ion_Grid,mean,1.50963444921875,0.0003996359882816035,1.50963444921875,0.00046875437639562966,512
imap_idex_l1b_sci-10days_20260209_v003.cdf,11,824385832185396608,2026-02-15T00:02:43.001396608,TOF H,TOF_High,mean,0.14763262730492124,0.0009256949577237644,0.14763262730492124,0.0007957749935370075,8189
imap_idex_l1b_sci-10days_20260209_v003.cdf,11,824385832185396608,2026-02-15T00:02:43.001396608,TOF M,TOF_Mid,mean,5.791189974355842,0.00846568402002801,5.791189974355842,0.011211351746040947,8189
imap_idex_l1b_sci-10days_20260209_v003.cdf,11,824385832185396608,2026-02-15T00:02:43.001396608,TOF L,TOF_Low,mean,263.7866328000978,1.368984210575005,263.7866328000978,0.9021295669841676,8189
imap_idex_l1b_sci-10days_20260209_v003.cdf,11,824385832185396608,2026-02-15T00:02:43.001396608,Target H,Target_High,mean,333.19396679687503,0.2090958269531324,333.19396679687503,0.12595087115391013,512
imap_idex_l1b_sci-10days_20260209_v003.cdf,11,824385832185396608,2026-02-15T00:02:43.001396608,Target L,Target_Low,mean,32606.169921875007,7.457593828115291,32606.169921875007,9.133905842047465,512
imap_idex_l1b_sci-10days_20260209_v003.cdf,11,824385832185396608,2026-02-15T00:02:43.001396608,Ion Grid,Ion_Grid,mean,1.50965484765625,0.00036939326484408387,1.50965484765625,0.0004637824536260743,512
imap_idex_l1b_sci-10days_20260209_v003.cdf,12,824385844185305984,2026-02-15T00:02:55.001305984,TOF H,TOF_High,mean,0.14766527170594704,0.0008772963687629217,0.14766527170594704,0.0007777385624470419,8189
imap_idex_l1b_sci-10days_20260209_v003.cdf,12,824385844185305984,2026-02-15T00:02:55.001305984,TOF M,TOF_Mid,mean,5.791446635730858,0.008668222134570362,5.791446635730858,0.011400130575647979,8189
imap_idex_l1b_sci-10days_20260209_v003.cdf,12,824385844185305984,2026-02-15T00:02:55.001305984,TOF L,TOF_Low,mean,263.7833689095128,1.3738232547563312,263.7833689095128,0.90410935729345,8189
imap_idex_l1b_sci-10days_20260209_v003.cdf,12,824385844185305984,2026-02-15T00:02:55.001305984,Target H,Target_High,mean,333.249998046875,0.12602389570314793,333.249998046875,0.11610256946687617,512
imap_idex_l1b_sci-10days_20260209_v003.cdf,12,824385844185305984,2026-02-15T00:02:55.001305984,Target L,Target_Low,mean,32605.058984375006,9.104669765617448,32605.058984375006,9.616199169552248,512
imap_idex_l1b_sci-10days_20260209_v003.cdf,12,824385844185305984,2026-02-15T00:02:55.001305984,Ion Grid,Ion_Grid,mean,1.5096300781249998,0.00040611657187545176,1.5096300781249998,0.0004988752444464684,512
imap_idex_l1b_sci-10days_20260209_v003.cdf,13,824385856185235328,2026-02-15T00:03:07.001235328,TOF H,TOF_High,mean,0.147635909390646,0.000920828937428244,0.147635909390646,0.0007705346904687429,8189
imap_idex_l1b_sci-10days_20260209_v003.cdf,13,824385856185235328,2026-02-15T00:03:07.001235328,TOF M,TOF_Mid,mean,5.792873452191964,0.010783620219806422,5.792873452191964,0.011365510040328266,8189
imap_idex_l1b_sci-10days_20260209_v003.cdf,13,824385856185235328,2026-02-15T00:03:07.001235328,TOF L,TOF_Low,mean,263.7799794846746,1.3788484160214314,263.7799794846746,0.9036264802428003,8189
imap_idex_l1b_sci-10days_20260209_v003.cdf,13,824385856185235328,2026-02-15T00:03:07.001235328,Target H,Target_High,mean,333.16022070312505,0.017463985546840616,333.16022070312505,0.11667382469199031,512
imap_idex_l1b_sci-10days_20260209_v003.cdf,13,824385856185235328,2026-02-15T00:03:07.001235328,Target L,Target_Low,mean,32605.12070312501,9.013165546863133,32605.12070312501,9.029043907336352,512
imap_idex_l1b_sci-10days_20260209_v003.cdf,13,824385856185235328,2026-02-15T00:03:07.001235328,Ion Grid,Ion_Grid,mean,1.5093911249999996,0.0003456311249994249,1.5093911249999996,0.00045920299500878557,512
imap_idex_l1b_sci-10days_20260209_v003.cdf,14,824385868185164928,2026-02-15T00:03:19.001164928,TOF H,TOF_High,mean,0.1476574370497008,0.0008889120301135915,0.1476574370497008,0.0007793818999071859,8189
imap_idex_l1b_sci-10days_20260209_v003.cdf,14,824385868185164928,2026-02-15T00:03:19.001164928,TOF M,TOF_Mid,mean,5.791486652826962,0.00872755148125467,5.791486652826962,0.0113266409024415,8189
imap_idex_l1b_sci-10days_20260209_v003.cdf,14,824385868185164928,2026-02-15T00:03:19.001164928,TOF L,TOF_Low,mean,263.7825529368665,1.3750330158016626,263.7825529368665,0.9068903464120751,8189
imap_idex_l1b_sci-10days_20260209_v003.cdf,14,824385868185164928,2026-02-15T00:03:19.001164928,Target H,Target_High,mean,333.1538535156251,0.026903977734283307,333.1538535156251,0.12323386695306107,512
imap_idex_l1b_sci-10days_20260209_v003.cdf,14,824385868185164928,2026-02-15T00:03:19.001164928,Target L,Target_Low,mean,32605.151562500007,8.96741343749137,32605.151562500007,9.445187137298314,512
imap_idex_l1b_sci-10days_20260209_v003.cdf,14,824385868185164928,2026-02-15T00:03:19.001164928,Ion Grid,Ion_Grid,mean,1.5095513984374997,0.0005227670765630745,1.5095513984374997,0.00047504581752458677,512
imap_idex_l1b_sci-10days_20260219_v003.cdf,3,825076980060782848,2026-02-23T00:01:50.876782848,TOF H,TOF_High,mean,0.14774753559653192,0.0009585536754182522,0.14774753559653192,0.0007884764252998227,8189
imap_idex_l1b_sci-10days_20260219_v003.cdf,3,825076980060782848,2026-02-23T00:01:50.876782848,TOF M,TOF_Mid,mean,5.793177030162412,0.01123370491879279,5.793177030162412,0.011507901098270488,8189
imap_idex_l1b_sci-10days_20260219_v003.cdf,3,825076980060782848,2026-02-23T00:01:50.876782848,TOF L,TOF_Low,mean,263.8911400659421,1.2140417382341755,263.8911400659421,0.9182677547178365,8189
imap_idex_l1b_sci-10days_20260219_v003.cdf,3,825076980060782848,2026-02-23T00:01:50.876782848,Target H,Target_High,mean,333.13698046875004,0.05191995703122977,333.13698046875004,0.11623736326384869,512
imap_idex_l1b_sci-10days_20260219_v003.cdf,3,825076980060782848,2026-02-23T00:01:50.876782848,Target L,Target_Low,mean,32605.42929687501,8.555644453113134,32605.42929687501,9.28200549817265,512
imap_idex_l1b_sci-10days_20260219_v003.cdf,3,825076980060782848,2026-02-23T00:01:50.876782848,Ion Grid,Ion_Grid,mean,1.5099593671874998,8.208739218698894e-05,1.5099593671874998,0.0004534622085117402,512
imap_idex_l1b_sci-10days_20260219_v003.cdf,9,825077032060437376,2026-02-23T00:02:42.876437376,TOF H,TOF_High,mean,0.14774125375503724,0.000949240217218245,0.14774125375503724,0.0008183009449611097,8189
imap_idex_l1b_sci-10days_20260219_v003.cdf,9,825077032060437376,2026-02-23T00:02:42.876437376,TOF M,TOF_Mid,mean,5.792865172792769,0.010771345182560394,5.792865172792769,0.011631115640982773,8189
imap_idex_l1b_sci-10days_20260219_v003.cdf,9,825077032060437376,2026-02-23T00:02:42.876437376,TOF L,TOF_Low,mean,263.9053254365612,1.1930105077543147,263.9053254365612,0.9187568601077513,8189
imap_idex_l1b_sci-10days_20260219_v003.cdf,9,825077032060437376,2026-02-23T00:02:42.876437376,Target H,Target_High,mean,333.16117578125005,0.01604798671871157,333.16117578125005,0.12637062754930004,512
imap_idex_l1b_sci-10days_20260219_v003.cdf,9,825077032060437376,2026-02-23T00:02:42.876437376,Target L,Target_Low,mean,32605.491015625008,8.464140234364212,32605.491015625008,9.000733332956731,512
imap_idex_l1b_sci-10days_20260219_v003.cdf,9,825077032060437376,2026-02-23T00:02:42.876437376,Ion Grid,Ion_Grid,mean,1.5095455703124998,0.0005746117453122147,1.5095455703124998,0.00048432209684640126,512
imap_idex_l1b_sci-10days_20260219_v003.cdf,10,825077044060366592,2026-02-23T00:02:54.876366592,TOF H,TOF_High,mean,0.14775240578825255,0.0009657742216632575,0.14775240578825255,0.0008078623742017896,8189
imap_idex_l1b_sci-10days_20260219_v003.cdf,10,825077044060366592,2026-02-23T00:02:54.876366592,TOF M,TOF_Mid,mean,5.793454390035413,0.011644918666504458,5.793454390035413,0.011485190997344324,8189
imap_idex_l1b_sci-10days_20260219_v003.cdf,10,825077044060366592,2026-02-23T00:02:54.876366592,TOF L,TOF_Low,mean,263.9173767248748,1.17514326770055,263.9173767248748,0.9165534801306674,8189
imap_idex_l1b_sci-10days_20260219_v003.cdf,10,825077044060366592,2026-02-23T00:02:54.876366592,Target H,Target_High,mean,333.14398437500006,0.04153596562495011,333.14398437500006,0.11899658505966056,512
imap_idex_l1b_sci-10days_20260219_v003.cdf,10,825077044060366592,2026-02-23T00:02:54.876366592,Target L,Target_Low,mean,32605.151562500007,8.96741343749137,32605.151562500007,9.289030698010762,512
imap_idex_l1b_sci-10days_20260219_v003.cdf,10,825077044060366592,2026-02-23T00:02:54.876366592,Ion Grid,Ion_Grid,mean,1.5096708749999999,0.0003456311250004125,1.5096708749999999,0.0004639128925510042,512
imap_idex_l1b_sci-10days_20260219_v003.cdf,11,825077056060296192,2026-02-23T00:03:06.876296192,TOF H,TOF_High,mean,0.147758264134815,0.0009744598062767353,0.147758264134815,0.0007852263912336702,8189
imap_idex_l1b_sci-10days_20260219_v003.cdf,11,825077056060296192,2026-02-23T00:03:06.876296192,TOF M,TOF_Mid,mean,5.793510965929905,0.01172879808767819,5.793510965929905,0.011518945700771945,8189
imap_idex_l1b_sci-10days_20260219_v003.cdf,11,825077056060296192,2026-02-23T00:03:06.876296192,TOF L,TOF_Low,mean,263.88731127121747,1.2197183092929482,263.88731127121747,0.9172515750966536,8189
imap_idex_l1b_sci-10days_20260219_v003.cdf,11,825077056060296192,2026-02-23T00:03:06.876296192,Target H,Target_High,mean,333.18409765625006,0.017935985156301237,333.18409765625006,0.12036342361576609,512
imap_idex_l1b_sci-10days_20260219_v003.cdf,11,825077056060296192,2026-02-23T00:03:06.876296192,Target L,Target_Low,mean,32606.262500000008,7.320337499989212,32606.262500000008,8.832468511123762,512
imap_idex_l1b_sci-10days_20260219_v003.cdf,11,825077056060296192,2026-02-23T00:03:06.876296192,Ion Grid,Ion_Grid,mean,1.5097888945312499,0.00017065536796914297,1.5097888945312499,0.0004695146145237343,512
imap_idex_l1b_sci-10days_20260219_v003.cdf,12,825077068060205568,2026-02-23T00:03:18.876205568,TOF H,TOF_High,mean,0.14775949932836732,0.0009762911042374185,0.14775949932836732,0.0007815657346556196,8189
imap_idex_l1b_sci-10days_20260219_v003.cdf,12,825077068060205568,2026-02-23T00:03:18.876205568,TOF M,TOF_Mid,mean,5.792785138600561,0.010652686489191775,5.792785138600561,0.011455625342181192,8189
imap_idex_l1b_sci-10days_20260219_v003.cdf,12,825077068060205568,2026-02-23T00:03:18.876205568,TOF L,TOF_Low,mean,263.89327414824766,1.210877747807995,263.89327414824766,0.9213926987205179,8189
imap_idex_l1b_sci-10days_20260219_v003.cdf,12,825077068060205568,2026-02-23T00:03:18.876205568,Target H,Target_High,mean,333.239173828125,0.14207188242194377,333.239173828125,0.11968576638184082,512
imap_idex_l1b_sci-10days_20260219_v003.cdf,12,825077068060205568,2026-02-23T00:03:18.876205568,Target L,Target_Low,mean,32606.262500000008,7.320337499989212,32606.262500000008,9.263571125650847,512
imap_idex_l1b_sci-10days_20260219_v003.cdf,12,825077068060205568,2026-02-23T00:03:18.876205568,Ion Grid,Ion_Grid,mean,1.5096869023437498,0.0003218689851567411,1.5096869023437498,0.0004996045215600957,512
imap_idex_l1b_sci-10days_20260301_v003.cdf,3,825768178648622848,2026-03-03T00:01:49.464622848,TOF H,TOF_High,mean,0.14776444010257664,0.0009836162960801512,0.14776444010257664,0.0007912513009818369,8189
imap_idex_l1b_sci-10days_20260301_v003.cdf,3,825768178648622848,2026-03-03T00:01:49.464622848,TOF M,TOF_Mid,mean,5.792260776651605,0.009875267463670106,5.792260776651605,0.011463527415078282,8189
imap_idex_l1b_sci-10days_20260301_v003.cdf,3,825768178648622848,2026-03-03T00:01:49.464622848,TOF L,TOF_Low,mean,263.85875222859937,1.2620599458785415,263.85875222859937,0.921098586321653,8189
imap_idex_l1b_sci-10days_20260301_v003.cdf,3,825768178648622848,2026-03-03T00:01:49.464622848,Target H,Target_High,mean,333.15512695312503,0.02501597929686219,333.15512695312503,0.13076434514434987,512
imap_idex_l1b_sci-10days_20260301_v003.cdf,3,825768178648622848,2026-03-03T00:01:49.464622848,Target L,Target_Low,mean,32605.491015625008,8.464140234364212,32605.491015625008,8.946398397176289,512
imap_idex_l1b_sci-10days_20260301_v003.cdf,3,825768178648622848,2026-03-03T00:01:49.464622848,Ion Grid,Ion_Grid,mean,1.50967524609375,0.00033915054140656425,1.50967524609375,0.0004672483634940884,512
imap_idex_l1b_sci-10days_20260301_v003.cdf,9,825768230648277248,2026-03-03T00:02:41.464277248,TOF H,TOF_High,mean,0.14777019257540602,0.0009921449122969968,0.14777019257540602,0.00083516899392857,8189
imap_idex_l1b_sci-10days_20260301_v003.cdf,9,825768230648277248,2026-03-03T00:02:41.464277248,TOF M,TOF_Mid,mean,5.793247405055562,0.011338042735376131,5.793247405055562,0.01155946952138189,8189
imap_idex_l1b_sci-10days_20260301_v003.cdf,9,825768230648277248,2026-03-03T00:02:41.464277248,TOF L,TOF_Low,mean,263.88630699719135,1.2212072459640673,263.88630699719135,0.9172647782226299,8189
imap_idex_l1b_sci-10days_20260301_v003.cdf,9,825768230648277248,2026-03-03T00:02:41.464277248,Target H,Target_High,mean,333.13889062500004,0.04908795937497168,333.13889062500004,0.11899658505966124,512
imap_idex_l1b_sci-10days_20260301_v003.cdf,9,825768230648277248,2026-03-03T00:02:41.464277248,Target L,Target_Low,mean,32607.311718750007,5.76476578124137,32607.311718750007,8.85981201385736,512
imap_idex_l1b_sci-10days_20260301_v003.cdf,9,825768230648277248,2026-03-03T00:02:41.464277248,Ion Grid,Ion_Grid,mean,1.5096096796874998,0.0005530098000001004,1.5096096796874998,0.00045956345511250754,512
imap_idex_l1b_sci-10days_20260301_v003.cdf,10,825768242648206720,2026-03-03T00:02:53.464206720,TOF H,TOF_High,mean,0.1477608403956527,0.000978279370594734,0.1477608403956527,0.0008054133039057226,8189
imap_idex_l1b_sci-10days_20260301_v003.cdf,10,825768242648206720,2026-03-03T00:02:53.464206720,TOF M,TOF_Mid,mean,5.7920758700696044,0.009601124965196101,5.7920758700696044,0.011425227574197724,8189
imap_idex_l1b_sci-10days_20260301_v003.cdf,10,825768242648206720,2026-03-03T00:02:53.464206720,TOF L,TOF_Low,mean,263.88078349004763,1.229396397655348,263.88078349004763,0.9217035371105582,8189
imap_idex_l1b_sci-10days_20260301_v003.cdf,10,825768242648206720,2026-03-03T00:02:53.464206720,Target H,Target_High,mean,333.16149414062505,0.015575987109335221,333.16149414062505,0.1207279028566696,512
imap_idex_l1b_sci-10days_20260301_v003.cdf,10,825768242648206720,2026-03-03T00:02:53.464206720,Target L,Target_Low,mean,32606.108203125004,7.549098046869606,32606.108203125004,8.882730518187127,512
imap_idex_l1b_sci-10days_20260301_v003.cdf,10,825768242648206720,2026-03-03T00:02:53.464206720,Ion Grid,Ion_Grid,mean,1.5098675742187497,5.400486328184941e-05,1.5098675742187497,0.00044450439215810175,512
imap_idex_l1b_sci-10days_20260301_v003.cdf,11,825768254648116224,2026-03-03T00:03:05.464116224,TOF H,TOF_High,mean,0.14774979423617046,0.0009619023345463538,0.14774979423617046,0.0007950020820422902,8189
imap_idex_l1b_sci-10days_20260301_v003.cdf,11,825768254648116224,2026-03-03T00:03:05.464116224,TOF M,TOF_Mid,mean,5.792102088167053,0.009639995916473435,5.792102088167053,0.011565739692336544,8189
imap_idex_l1b_sci-10days_20260301_v003.cdf,11,825768254648116224,2026-03-03T00:03:05.464116224,TOF L,TOF_Low,mean,263.8728120649652,1.241214832482539,263.8728120649652,0.9187105132610851,8189
imap_idex_l1b_sci-10days_20260301_v003.cdf,11,825768254648116224,2026-03-03T00:03:05.464116224,Target H,Target_High,mean,333.14366601562506,0.042007965234326455,333.14366601562506,0.1100837739295119,512
imap_idex_l1b_sci-10days_20260301_v003.cdf,11,825768254648116224,2026-03-03T00:03:05.464116224,Target L,Target_Low,mean,32605.861328125007,7.915114921865291,32605.861328125007,9.330305366710993,512
imap_idex_l1b_sci-10days_20260301_v003.cdf,11,825768254648116224,2026-03-03T00:03:05.464116224,Ion Grid,Ion_Grid,mean,1.5095805390624997,0.0006264564140620131,1.5095805390624997,0.00047518880133233776,512
imap_idex_l1b_sci-10days_20260301_v003.cdf,12,825768266648045824,2026-03-03T00:03:17.464045824,TOF H,TOF_High,mean,0.14773719526193677,0.0009432230953474758,0.14773719526193677,0.0007854533765992158,8189
imap_idex_l1b_sci-10days_20260301_v003.cdf,12,825768266648045824,2026-03-03T00:03:17.464045824,TOF M,TOF_Mid,mean,5.791619123214067,0.00892395207717664,5.791619123214067,0.011461339632852393,8189
imap_idex_l1b_sci-10days_20260301_v003.cdf,12,825768266648045824,2026-03-03T00:03:17.464045824,TOF L,TOF_Low,mean,263.9078988887532,1.1891951075344618,263.9078988887532,0.9223520616960541,8189
imap_idex_l1b_sci-10days_20260301_v003.cdf,12,825768266648045824,2026-03-03T00:03:17.464045824,Target H,Target_High,mean,333.17582031250004,0.00566399531251618,333.17582031250004,0.12677580380795883,512
imap_idex_l1b_sci-10days_20260301_v003.cdf,12,825768266648045824,2026-03-03T00:03:17.464045824,Target L,Target_Low,mean,32605.52187500001,8.418388124987056,32605.52187500001,9.519904620549864,512
imap_idex_l1b_sci-10days_20260301_v003.cdf,12,825768266648045824,2026-03-03T00:03:17.464045824,Ion Grid,Ion_Grid,mean,1.5096053085937498,0.00044283987890681966,1.5096053085937498,0.0004409945242233079,512
imap_idex_l1b_sci-10days_20260311_v003.cdf,0,826459378129471616,2026-03-11T00:01:48.945471616,TOF H,TOF_High,mean,0.1477715336426914,0.0009941331786543122,0.1477715336426914,0.0007865403103371461,8189
imap_idex_l1b_sci-10days_20260311_v003.cdf,0,826459378129471616,2026-03-11T00:01:48.945471616,TOF M,TOF_Mid,mean,5.793007302478935,0.01098206665526896,5.793007302478935,0.011567436129890422,8189
imap_idex_l1b_sci-10days_20260311_v003.cdf,0,826459378129471616,2026-03-11T00:01:48.945471616,TOF L,TOF_Low,mean,263.89333691537433,1.2107846892659817,263.89333691537433,0.9254834522558291,8189
imap_idex_l1b_sci-10days_20260311_v003.cdf,0,826459378129471616,2026-03-11T00:01:48.945471616,Target H,Target_High,mean,333.1911015625001,0.028319976562580902,333.1911015625001,0.1132070896799753,512
imap_idex_l1b_sci-10days_20260311_v003.cdf,0,826459378129471616,2026-03-11T00:01:48.945471616,Target L,Target_Low,mean,32606.66367187501,6.7255600781131335,32606.66367187501,9.018068266947557,512
imap_idex_l1b_sci-10days_20260311_v003.cdf,0,826459378129471616,2026-03-11T00:01:48.945471616,Ion Grid,Ion_Grid,mean,1.5100511601562498,0.0002181796476558273,1.5100511601562498,0.0004604748968184574,512
imap_idex_l1b_sci-10days_20260311_v003.cdf,6,826459430129106048,2026-03-11T00:02:40.945106048,TOF H,TOF_High,mean,0.14776027573574307,0.0009774422058127085,0.14776027573574307,0.0008166747305428457,8189
imap_idex_l1b_sci-10days_20260311_v003.cdf,6,826459430129106048,2026-03-11T00:02:40.945106048,TOF M,TOF_Mid,mean,5.793252924655025,0.011346226093541028,5.793252924655025,0.011462332575596298,8189
imap_idex_l1b_sci-10days_20260311_v003.cdf,6,826459430129106048,2026-03-11T00:02:40.945106048,TOF L,TOF_Low,mean,263.9335706435462,1.151134163878367,263.9335706435462,0.9193928381886176,8189
imap_idex_l1b_sci-10days_20260311_v003.cdf,6,826459430129106048,2026-03-11T00:02:40.945106048,Target H,Target_High,mean,333.165314453125,0.009911991796903316,333.165314453125,0.1179593446006233,512
imap_idex_l1b_sci-10days_20260311_v003.cdf,6,826459430129106048,2026-03-11T00:02:40.945106048,Target L,Target_Low,mean,32606.015625000007,7.686354374990291,32606.015625000007,8.801362088300188,512
imap_idex_l1b_sci-10days_20260311_v003.cdf,6,826459430129106048,2026-03-11T00:02:40.945106048,Ion Grid,Ion_Grid,mean,1.5096096796874998,0.00043635929531297144,1.5096096796874998,0.0004937680919722755,512
imap_idex_l1b_sci-10days_20260311_v003.cdf,7,826459442129015552,2026-03-11T00:02:52.945015552,TOF H,TOF_High,mean,0.1477513823421663,0.0009642568604957978,0.1477513823421663,0.0008220148149964192,8189
imap_idex_l1b_sci-10days_20260311_v003.cdf,7,826459442129015552,2026-03-11T00:02:52.945015552,TOF M,TOF_Mid,mean,5.792783758700695,0.010650640649651209,5.792783758700695,0.01154529537911596,8189
imap_idex_l1b_sci-10days_20260311_v003.cdf,7,826459442129015552,2026-03-11T00:02:52.945015552,TOF L,TOF_Low,mean,263.9239672731713,1.1653721207962213,263.9239672731713,0.9266614148932133,8189
imap_idex_l1b_sci-10days_20260311_v003.cdf,7,826459442129015552,2026-03-11T00:02:52.945015552,Target H,Target_High,mean,333.14557617187506,0.03917596757806836,333.14557617187506,0.12342124124962146,512
imap_idex_l1b_sci-10days_20260311_v003.cdf,7,826459442129015552,2026-03-11T00:02:52.945015552,Target L,Target_Low,mean,32606.07734375001,7.594850156235976,32606.07734375001,8.837426757508586,512
imap_idex_l1b_sci-10days_20260311_v003.cdf,7,826459442129015552,2026-03-11T00:02:52.945015552,Ion Grid,Ion_Grid,mean,1.509618421875,0.0004233981281252749,1.509618421875,0.0004833831556296977,512
imap_idex_l1b_sci-10days_20260311_v003.cdf,8,826459454128945152,2026-03-11T00:03:04.944945152,TOF H,TOF_High,mean,0.14773585419465135,0.0009412348289901191,0.14773585419465135,0.0007937532622220341,8189
imap_idex_l1b_sci-10days_20260311_v003.cdf,8,826459454128945152,2026-03-11T00:03:04.944945152,TOF M,TOF_Mid,mean,5.7921572841616795,0.009721829498106602,5.7921572841616795,0.01144496618371424,8189
imap_idex_l1b_sci-10days_20260311_v003.cdf,8,826459454128945152,2026-03-11T00:03:04.944945152,TOF L,TOF_Low,mean,263.897667847112,1.2043636498716916,263.897667847112,0.92285963056905,8189
imap_idex_l1b_sci-10days_20260311_v003.cdf,8,826459454128945152,2026-03-11T00:03:04.944945152,Target H,Target_High,mean,333.201607421875,0.19776783632818432,333.201607421875,0.12807665316341685,512
imap_idex_l1b_sci-10days_20260311_v003.cdf,8,826459454128945152,2026-03-11T00:03:04.944945152,Target L,Target_Low,mean,32606.509375000005,6.954320624993527,32606.509375000005,9.180962278506934,512
imap_idex_l1b_sci-10days_20260311_v003.cdf,8,826459454128945152,2026-03-11T00:03:04.944945152,Ion Grid,Ion_Grid,mean,1.5094610624999998,0.00044932046249968033,1.5094610624999998,0.00045144462129235004,512
imap_idex_l1b_sci-10days_20260311_v003.cdf,9,826459466128854656,2026-03-11T00:03:16.944854656,TOF H,TOF_High,mean,0.14775229991451946,0.0009656172532665839,0.14775229991451946,0.0007882742509518081,8189
imap_idex_l1b_sci-10days_20260311_v003.cdf,9,826459466128854656,2026-03-11T00:03:16.944854656,TOF M,TOF_Mid,mean,5.7918150689949925,0.00921446129197649,5.7918150689949925,0.011513098088007392,8189
imap_idex_l1b_sci-10days_20260311_v003.cdf,9,826459466128854656,2026-03-11T00:03:16.944854656,TOF L,TOF_Low,mean,263.89164220295515,1.2132972698986582,263.89164220295515,0.9188206303704269,8189
imap_idex_l1b_sci-10days_20260311_v003.cdf,9,826459466128854656,2026-03-11T00:03:16.944854656,Target H,Target_High,mean,333.21911718750005,0.17180785781248517,333.21911718750005,0.11775682511362487,512
imap_idex_l1b_sci-10days_20260311_v003.cdf,9,826459466128854656,2026-03-11T00:03:16.944854656,Target L,Target_Low,mean,32606.879687500004,6.405295312494606,32606.879687500004,9.096765903459104,512
imap_idex_l1b_sci-10days_20260311_v003.cdf,9,826459466128854656,2026-03-11T00:03:16.944854656,Ion Grid,Ion_Grid,mean,1.5096402773437498,0.00039099521015669195,1.5096402773437498,0.0004856768404947719,512
imap_idex_l1b_sci-10days_20260311_v003.cdf,16,827150578100431104,2026-03-19T00:01:48.916431104,TOF H,TOF_High,mean,0.1476927988765417,0.0008774010143607316,0.1476927988765417,0.0008054008709454758,8189
imap_idex_l1b_sci-10days_20260311_v003.cdf,16,827150578100431104,2026-03-19T00:01:48.916431104,TOF M,TOF_Mid,mean,5.7927878984002925,0.010656778168274223,5.7927878984002925,0.011412980030116754,8189
imap_idex_l1b_sci-10days_20260311_v003.cdf,16,827150578100431104,2026-03-19T00:01:48.916431104,TOF L,TOF_Low,mean,263.8420561729149,1.2868135180363263,263.8420561729149,0.9163632003625414,8189
imap_idex_l1b_sci-10days_20260311_v003.cdf,16,827150578100431104,2026-03-19T00:01:48.916431104,Target H,Target_High,mean,333.13920898437505,0.19304784023442084,333.13920898437505,0.12441254645797553,512
imap_idex_l1b_sci-10days_20260311_v003.cdf,16,827150578100431104,2026-03-19T00:01:48.916431104,Target L,Target_Low,mean,32606.293359375006,7.274585390617449,32606.293359375006,8.766615632733792,512
imap_idex_l1b_sci-10days_20260311_v003.cdf,16,827150578100431104,2026-03-19T00:01:48.916431104,Ion Grid,Ion_Grid,mean,1.5094479492187498,0.00042987871171846473,1.5094479492187498,0.00047737066859392064,512
imap_idex_l1b_sci-10days_20260311_v003.cdf,22,827150630100085632,2026-03-19T00:02:40.916085632,TOF H,TOF_High,mean,0.14770751532543658,0.0008992196214922976,0.14770751532543658,0.0008117201275270258,8189
imap_idex_l1b_sci-10days_20260311_v003.cdf,22,827150630100085632,2026-03-19T00:02:40.916085632,TOF M,TOF_Mid,mean,5.792264916351202,0.00988140498229312,5.792264916351202,0.011397682205670648,8189
imap_idex_l1b_sci-10days_20260311_v003.cdf,22,827150630100085632,2026-03-19T00:02:40.916085632,TOF L,TOF_Low,mean,263.8740046403712,1.2394467201856327,263.8740046403712,0.9107545459334956,8189
imap_idex_l1b_sci-10days_20260311_v003.cdf,22,827150630100085632,2026-03-19T00:02:40.916085632,Target H,Target_High,mean,333.14557617187506,0.03917596757806836,333.14557617187506,0.12172782001907866,512
imap_idex_l1b_sci-10days_20260311_v003.cdf,22,827150630100085632,2026-03-19T00:02:40.916085632,Target L,Target_Low,mean,32608.391796875007,4.1634419531163696,32608.391796875007,8.910133533440053,512
imap_idex_l1b_sci-10days_20260311_v003.cdf,22,827150630100085632,2026-03-19T00:02:40.916085632,Ion Grid,Ion_Grid,mean,1.5098573749999997,6.912622500060922e-05,1.5098573749999997,0.000502166618265311,512
imap_idex_l1b_sci-10days_20260311_v003.cdf,23,827150642100015104,2026-03-19T00:02:52.916015104,TOF H,TOF_High,mean,0.14772082012455734,0.0009189453166687383,0.14772082012455734,0.0008184349693188621,8189
imap_idex_l1b_sci-10days_20260311_v003.cdf,23,827150642100015104,2026-03-19T00:02:52.916015104,TOF M,TOF_Mid,mean,5.792700964708755,0.010527890277200143,5.792700964708755,0.011432543920457897,8189
imap_idex_l1b_sci-10days_20260311_v003.cdf,23,827150642100015104,2026-03-19T00:02:52.916015104,TOF L,TOF_Low,mean,263.85122017340336,1.2732269709121444,263.85122017340336,0.917708351223523,8189
imap_idex_l1b_sci-10days_20260311_v003.cdf,23,827150642100015104,2026-03-19T00:02:52.916015104,Target H,Target_High,mean,333.17008984375,0.00283199765625809,333.17008984375,0.12138304449387534,512
imap_idex_l1b_sci-10days_20260311_v003.cdf,23,827150642100015104,2026-03-19T00:02:52.916015104,Target L,Target_Low,mean,32606.540234375007,6.90856851561637,32606.540234375007,9.483774298509012,512
imap_idex_l1b_sci-10days_20260311_v003.cdf,23,827150642100015104,2026-03-19T00:02:52.916015104,Ion Grid,Ion_Grid,mean,1.5096067656249996,0.0004406796843757564,1.5096067656249996,0.0004717182270099401,512
imap_idex_l1b_sci-10days_20260311_v003.cdf,24,827150654099924608,2026-03-19T00:03:04.915924608,TOF H,TOF_High,mean,0.14773656001953842,0.0009422812849676817,0.14773656001953842,0.0008014262796955142,8189
imap_idex_l1b_sci-10days_20260311_v003.cdf,24,827150654099924608,2026-03-19T00:03:04.915924608,TOF M,TOF_Mid,mean,5.793473708633532,0.011673560420075012,5.793473708633532,0.011351714521395419,8189
imap_idex_l1b_sci-10days_20260311_v003.cdf,24,827150654099924608,2026-03-19T00:03:04.915924608,TOF L,TOF_Low,mean,263.80696934912686,1.3388332429844878,263.80696934912686,0.9127823364640255,8189
imap_idex_l1b_sci-10days_20260311_v003.cdf,24,827150654099924608,2026-03-19T00:03:04.915924608,Target H,Target_High,mean,333.20956640625,0.05569595390624056,333.20956640625,0.11453683685374316,512
imap_idex_l1b_sci-10days_20260311_v003.cdf,24,827150654099924608,2026-03-19T00:03:04.915924608,Target L,Target_Low,mean,32606.20078125001,7.411841718738134,32606.20078125001,8.85293027136446,512
imap_idex_l1b_sci-10days_20260311_v003.cdf,24,827150654099924608,2026-03-19T00:03:04.915924608,Ion Grid,Ion_Grid,mean,1.5096985585937497,0.00030458742890691805,1.5096985585937497,0.0004522503892044315,512
imap_idex_l1b_sci-10days_20260311_v003.cdf,25,827150666099854208,2026-03-19T00:03:16.915854208,TOF H,TOF_High,mean,0.14772202002686532,0.0009207242918305578,0.14772202002686532,0.0007888519899503032,8189
imap_idex_l1b_sci-10days_20260311_v003.cdf,25,827150666099854208,2026-03-19T00:03:16.915854208,TOF M,TOF_Mid,mean,5.792574013921112,0.010339673039441753,5.792574013921112,0.01145474901081519,8189
imap_idex_l1b_sci-10days_20260311_v003.cdf,25,827150666099854208,2026-03-19T00:03:16.915854208,TOF L,TOF_Low,mean,263.8281218708023,1.3074725143484704,263.8281218708023,0.9145348483305333,8189
imap_idex_l1b_sci-10days_20260311_v003.cdf,25,827150666099854208,2026-03-19T00:03:16.915854208,Target H,Target_High,mean,333.20192578125,0.0443679632812082,333.20192578125,0.12450904506933666,512
imap_idex_l1b_sci-10days_20260311_v003.cdf,25,827150666099854208,2026-03-19T00:03:16.915854208,Target L,Target_Low,mean,32607.58945312501,5.352996796863134,32607.58945312501,9.42697084902778,512
imap_idex_l1b_sci-10days_20260311_v003.cdf,25,827150666099854208,2026-03-19T00:03:16.915854208,Ion Grid,Ion_Grid,mean,1.5099389687499998,5.184466874946931e-05,1.5099389687499998,0.00047419596320872053,512
imap_idex_l1b_sci-10days_20260321_v016.cdf,20,827841776826192640,2026-03-27T00:01:47.642192640,TOF H,TOF_High,mean,0.14771393833190866,0.0009087423708878008,0.14771393833190866,0.0008155936830243254,8189
imap_idex_l1b_sci-10days_20260321_v016.cdf,20,827841776826192640,2026-03-27T00:01:47.642192640,TOF M,TOF_Mid,mean,5.791999975576993,0.009488603790450497,5.791999975576993,0.011283552156693388,8189
imap_idex_l1b_sci-10days_20260321_v016.cdf,20,827841776826192640,2026-03-27T00:01:47.642192640,TOF L,TOF_Low,mean,263.93790157528395,1.1447131244839928,263.93790157528395,0.9196187307380385,8189
imap_idex_l1b_sci-10days_20260321_v016.cdf,20,827841776826192640,2026-03-27T00:01:47.642192640,Target H,Target_High,mean,333.18377929687506,0.017463985546924892,333.18377929687506,0.1107410237310774,512
imap_idex_l1b_sci-10days_20260321_v016.cdf,20,827841776826192640,2026-03-27T00:01:47.642192640,Target L,Target_Low,mean,32606.293359375006,7.274585390617449,32606.293359375006,8.598144038226668,512
imap_idex_l1b_sci-10days_20260321_v016.cdf,20,827841776826192640,2026-03-27T00:01:47.642192640,Ion Grid,Ion_Grid,mean,1.5094625195312497,0.00045148065703074365,1.5094625195312497,0.00046588332139047754,512
imap_idex_l1b_sci-10days_20260321_v016.cdf,28,827841840825776768,2026-03-27T00:02:51.641776768,TOF H,TOF_High,mean,0.14775332336060568,0.0009671346144340025,0.14775332336060568,0.0008263650468103991,8189
imap_idex_l1b_sci-10days_20260321_v016.cdf,28,827841840825776768,2026-03-27T00:02:51.641776768,TOF M,TOF_Mid,mean,5.79162464281353,0.008932135435340221,5.79162464281353,0.011220547977718742,8189
imap_idex_l1b_sci-10days_20260321_v016.cdf,28,827841840825776768,2026-03-27T00:02:51.641776768,TOF L,TOF_Low,mean,263.9119787519844,1.1831463023078883,263.9119787519844,0.9227253812671884,8189
imap_idex_l1b_sci-10days_20260321_v016.cdf,28,827841840825776768,2026-03-27T00:02:51.641776768,Target H,Target_High,mean,333.17518359375003,0.2369438039062527,333.17518359375003,0.1284200318275411,512
imap_idex_l1b_sci-10days_20260321_v016.cdf,28,827841840825776768,2026-03-27T00:02:51.641776768,Target L,Target_Low,mean,32605.36757812501,8.647148671862055,32605.36757812501,9.295948146747243,512
imap_idex_l1b_sci-10days_20260321_v016.cdf,28,827841840825776768,2026-03-27T00:02:51.641776768,Ion Grid,Ion_Grid,mean,1.5097757812499997,0.00019009711875068777,1.5097757812499997,0.0004741959632087415,512
imap_idex_l1b_sci-10days_20260321_v016.cdf,29,827841852825706368,2026-03-27T00:03:03.641706368,TOF H,TOF_High,mean,0.14773447783612162,0.0009391942398339398,0.14773447783612162,0.000800713781220678,8189
imap_idex_l1b_sci-10days_20260321_v016.cdf,29,827841852825706368,2026-03-27T00:03:03.641706368,TOF M,TOF_Mid,mean,5.791871644889485,0.00929834071315154,5.791871644889485,0.011226256750714576,8189
imap_idex_l1b_sci-10days_20260321_v016.cdf,29,827841852825706368,2026-03-27T00:03:03.641706368,TOF L,TOF_Low,mean,263.90375625839545,1.19533697130288,263.90375625839545,0.915214776368821,8189
imap_idex_l1b_sci-10days_20260321_v016.cdf,29,827841852825706368,2026-03-27T00:03:03.641706368,Target H,Target_High,mean,333.1926933593751,0.030679974609462646,333.1926933593751,0.11765306567256519,512
imap_idex_l1b_sci-10days_20260321_v016.cdf,29,827841852825706368,2026-03-27T00:03:03.641706368,Target L,Target_Low,mean,32605.953906250008,7.777858593739213,32605.953906250008,8.87527642477707,512
imap_idex_l1b_sci-10days_20260321_v016.cdf,29,827841852825706368,2026-03-27T00:03:03.641706368,Ion Grid,Ion_Grid,mean,1.5097903515624997,0.00016849517343807969,1.5097903515624997,0.00048242478510005643,512
imap_idex_l1b_sci-10days_20260321_v016.cdf,30,827841864825615872,2026-03-27T00:03:15.641615872,TOF H,TOF_High,mean,0.14773941861033094,0.0009465194316766725,0.14773941861033094,0.0008042080813144738,8189
imap_idex_l1b_sci-10days_20260321_v016.cdf,30,827841864825615872,2026-03-27T00:03:15.641615872,TOF M,TOF_Mid,mean,5.792262156551471,0.009877313303211989,5.792262156551471,0.01116573106279766,8189
imap_idex_l1b_sci-10days_20260321_v016.cdf,30,827841864825615872,2026-03-27T00:03:15.641615872,TOF L,TOF_Low,mean,263.9159330809623,1.1772836141652572,263.9159330809623,0.9230773892628723,8189
imap_idex_l1b_sci-10days_20260321_v016.cdf,30,827841864825615872,2026-03-27T00:03:15.641615872,Target H,Target_High,mean,333.200970703125,0.12083190000000808,333.200970703125,0.12659299447864114,512
imap_idex_l1b_sci-10days_20260321_v016.cdf,30,827841864825615872,2026-03-27T00:03:15.641615872,Target L,Target_Low,mean,32605.58359375001,8.326883906238134,32605.58359375001,9.085662446126499,512
imap_idex_l1b_sci-10days_20260321_v016.cdf,30,827841864825615872,2026-03-27T00:03:15.641615872,Ion Grid,Ion_Grid,mean,1.5097335273437498,0.0002527427601567903,1.5097335273437498,0.0004595149481068085,512
imap_idex_l1b_sci-10days_20260331_v016.cdf,261,828532976255947648,2026-04-04T00:01:47.071947648,TOF H,TOF_High,mean,0.14772809012089388,0.0009297238132373002,0.14772809012089388,0.0008055552935656687,8189
imap_idex_l1b_sci-10days_20260331_v016.cdf,261,828532976255947648,2026-04-04T00:01:47.071947648,TOF M,TOF_Mid,mean,5.792252497252412,0.009862992426426711,5.792252497252412,0.011145637005387116,8189
imap_idex_l1b_sci-10days_20260331_v016.cdf,261,828532976255947648,2026-04-04T00:01:47.071947648,TOF L,TOF_Low,mean,263.88768787397737,1.2191599580411205,263.88768787397737,0.9192402408345157,8189
imap_idex_l1b_sci-10days_20260331_v016.cdf,261,828532976255947648,2026-04-04T00:01:47.071947648,Target H,Target_High,mean,333.21434179687503,0.1788878519531304,333.21434179687503,0.11580888406345319,512
imap_idex_l1b_sci-10days_20260331_v016.cdf,261,828532976255947648,2026-04-04T00:01:47.071947648,Target L,Target_Low,mean,32605.861328125007,7.915114921865291,32605.861328125007,9.011307382176934,512
imap_idex_l1b_sci-10days_20260331_v016.cdf,261,828532976255947648,2026-04-04T00:01:47.071947648,Ion Grid,Ion_Grid,mean,1.5096038515624999,0.000445000073437883,1.5096038515624999,0.00047447345140834863,512
imap_idex_l1b_sci-10days_20260331_v016.cdf,270,828533040255511808,2026-04-04T00:02:51.071511808,TOF H,TOF_High,mean,0.14771347954573205,0.0009080621745023666,0.14771347954573205,0.0008251178304323801,8189
imap_idex_l1b_sci-10days_20260331_v016.cdf,270,828533040255511808,2026-04-04T00:02:51.071511808,TOF M,TOF_Mid,mean,5.793599279521309,0.011859731818292838,5.793599279521309,0.011084262274102466,8189
imap_idex_l1b_sci-10days_20260331_v016.cdf,270,828533040255511808,2026-04-04T00:02:51.071511808,TOF L,TOF_Low,mean,263.86377359873,1.2546152625228626,263.86377359873,0.9142818111597798,8189
imap_idex_l1b_sci-10days_20260331_v016.cdf,270,828533040255511808,2026-04-04T00:02:51.071511808,Target H,Target_High,mean,333.205109375,0.1925758406250445,333.205109375,0.12243556879379792,512
imap_idex_l1b_sci-10days_20260331_v016.cdf,270,828533040255511808,2026-04-04T00:02:51.071511808,Target L,Target_Low,mean,32605.73789062501,8.098123359363134,32605.73789062501,9.152653402185068,512
imap_idex_l1b_sci-10days_20260331_v016.cdf,270,828533040255511808,2026-04-04T00:02:51.071511808,Ion Grid,Ion_Grid,mean,1.5096971015624996,0.00030674762343831053,1.5096971015624996,0.0004874678729773836,512
imap_idex_l1b_sci-10days_20260331_v016.cdf,271,828533052255421312,2026-04-04T00:03:03.071421312,TOF H,TOF_High,mean,0.14776458126755407,0.0009838255872756884,0.14776458126755407,0.0008086775668657096,8189
imap_idex_l1b_sci-10days_20260331_v016.cdf,271,828533052255421312,2026-04-04T00:03:03.071421312,TOF M,TOF_Mid,mean,5.792442923433874,0.010145318283061663,5.792442923433874,0.011260594541427443,8189
imap_idex_l1b_sci-10days_20260331_v016.cdf,271,828533052255421312,2026-04-04T00:03:03.071421312,TOF L,TOF_Low,mean,263.8749461472707,1.238050842056443,263.8749461472707,0.9185457160182848,8189
imap_idex_l1b_sci-10days_20260331_v016.cdf,271,828533052255421312,2026-04-04T00:03:03.071421312,Target H,Target_High,mean,333.20383593750006,0.047199960937550564,333.20383593750006,0.11759145558775448,512
imap_idex_l1b_sci-10days_20260331_v016.cdf,271,828533052255421312,2026-04-04T00:03:03.071421312,Target L,Target_Low,mean,32606.416796875008,7.091576953114212,32606.416796875008,8.998617032076806,512
imap_idex_l1b_sci-10days_20260331_v016.cdf,271,828533052255421312,2026-04-04T00:03:03.071421312,Ion Grid,Ion_Grid,mean,1.5096388203124995,0.00039315540468841365,1.5096388203124995,0.0004607445220373689,512
imap_idex_l1b_sci-10days_20260331_v016.cdf,272,828533064255350912,2026-04-04T00:03:15.071350912,TOF H,TOF_High,mean,0.14773853632922213,0.0009452113617047501,0.14773853632922213,0.0008054586995911756,8189
imap_idex_l1b_sci-10days_20260331_v016.cdf,272,828533064255350912,2026-04-04T00:03:15.071350912,TOF M,TOF_Mid,mean,5.791834387593112,0.009243103045548363,5.791834387593112,0.011169779460226919,8189
imap_idex_l1b_sci-10days_20260331_v016.cdf,272,828533064255350912,2026-04-04T00:03:15.071350912,TOF L,TOF_Low,mean,263.92440664305775,1.1647207110025488,263.92440664305775,0.9276427564714588,8189
imap_idex_l1b_sci-10days_20260331_v016.cdf,272,828533064255350912,2026-04-04T00:03:15.071350912,Target H,Target_High,mean,333.20351757812506,0.046727961328174215,333.20351757812506,0.10968901211384215,512
imap_idex_l1b_sci-10days_20260331_v016.cdf,272,828533064255350912,2026-04-04T00:03:15.071350912,Target L,Target_Low,mean,32606.879687500008,6.405295312489212,32606.879687500008,8.824702184908938,512
imap_idex_l1b_sci-10days_20260331_v016.cdf,272,828533064255350912,2026-04-04T00:03:15.071350912,Ion Grid,Ion_Grid,mean,1.5097349843749996,0.00025058256562572704,1.5097349843749996,0.0004797152310286723,512
imap_idex_l1b_sci-10days_20260410_v016.cdf,1,829224175711690368,2026-04-12T00:01:46.527690368,TOF H,TOF_High,mean,0.1476620954939553,0.000882005420661892,0.1476620954939553,0.0008041503377483508,8189
imap_idex_l1b_sci-10days_20260410_v016.cdf,1,829224175711690368,2026-04-12T00:01:46.527690368,TOF M,TOF_Mid,mean,5.792202820857248,0.009789342202955808,5.792202820857248,0.011413975344773971,8189
imap_idex_l1b_sci-10days_20260410_v016.cdf,1,829224175711690368,2026-04-12T00:01:46.527690368,TOF L,TOF_Low,mean,263.91775332763467,1.1745849164488067,263.91775332763467,0.9511104210653966,8189
imap_idex_l1b_sci-10days_20260410_v016.cdf,1,829224175711690368,2026-04-12T00:01:46.527690368,Target H,Target_High,mean,333.17868554687504,0.23175180820311286,333.17868554687504,0.12099959947189463,512
imap_idex_l1b_sci-10days_20260410_v016.cdf,1,829224175711690368,2026-04-12T00:01:46.527690368,Target L,Target_Low,mean,32607.28085937501,5.810517890613133,32607.28085937501,9.355176168114983,512
imap_idex_l1b_sci-10days_20260410_v016.cdf,1,829224175711690368,2026-04-12T00:01:46.527690368,Ion Grid,Ion_Grid,mean,1.5096781601562497,0.0003348301523444377,1.5096781601562497,0.0004521377150963117,512
imap_idex_l1b_sci-10days_20260410_v016.cdf,7,829224227711345024,2026-04-12T00:02:38.527345024,TOF H,TOF_High,mean,0.14766975369397972,0.0008706513733056643,0.14766975369397972,0.0008660266948512554,8189
imap_idex_l1b_sci-10days_20260410_v016.cdf,7,829224227711345024,2026-04-12T00:02:38.527345024,TOF M,TOF_Mid,mean,5.793121834167785,0.011151871337158307,5.793121834167785,0.01137396005802245,8189
imap_idex_l1b_sci-10days_20260410_v016.cdf,7,829224227711345024,2026-04-12T00:02:38.527345024,TOF L,TOF_Low,mean,263.86302039321043,1.2557319650261807,263.86302039321043,0.9499403847581647,8189
imap_idex_l1b_sci-10days_20260410_v016.cdf,7,829224227711345024,2026-04-12T00:02:38.527345024,Target H,Target_High,mean,333.18409765625006,0.017935985156301237,333.18409765625006,0.1141681284641569,512
imap_idex_l1b_sci-10days_20260410_v016.cdf,7,829224227711345024,2026-04-12T00:02:38.527345024,Target L,Target_Low,mean,32605.89218750001,7.869362812488133,32605.89218750001,9.373938351346014,512
imap_idex_l1b_sci-10days_20260410_v016.cdf,7,829224227711345024,2026-04-12T00:02:38.527345024,Ion Grid,Ion_Grid,mean,1.5095863671874996,0.0006350971921869247,1.5095863671874996,0.0004903164534750824,512
imap_idex_l1b_sci-10days_20260410_v016.cdf,8,829224239711254656,2026-04-12T00:02:50.527254656,TOF H,TOF_High,mean,0.14764494394920014,0.0009074343009158783,0.14764494394920014,0.0008208723590657773,8189
imap_idex_l1b_sci-10days_20260410_v016.cdf,8,829224239711254656,2026-04-12T00:02:50.527254656,TOF M,TOF_Mid,mean,5.793883538893637,0.012281174763707334,5.793883538893637,0.011235971734501657,8189
imap_idex_l1b_sci-10days_20260410_v016.cdf,8,829224239711254656,2026-04-12T00:02:50.527254656,TOF L,TOF_Low,mean,263.84494346074,1.2825328251068275,263.84494346074,0.9430674489734325,8189
imap_idex_l1b_sci-10days_20260410_v016.cdf,8,829224239711254656,2026-04-12T00:02:50.527254656,Target H,Target_High,mean,333.11756054687504,0.16095186679691342,333.11756054687504,0.12433105476037754,512
imap_idex_l1b_sci-10days_20260410_v016.cdf,8,829224239711254656,2026-04-12T00:02:50.527254656,Target L,Target_Low,mean,32607.43515625001,5.581757343738134,32607.43515625001,8.802876747863666,512
imap_idex_l1b_sci-10days_20260410_v016.cdf,8,829224239711254656,2026-04-12T00:02:50.527254656,Ion Grid,Ion_Grid,mean,1.5096883593749997,0.00031970879062567786,1.5096883593749997,0.00045827744282219215,512
imap_idex_l1b_sci-10days_20260410_v016.cdf,9,829224251711184128,2026-04-12T00:03:02.527184128,TOF H,TOF_High,mean,0.14767480034192207,0.0008631692130663404,0.14767480034192207,0.0007891863239571492,8189
imap_idex_l1b_sci-10days_20260410_v016.cdf,9,829224251711184128,2026-04-12T00:03:02.527184128,TOF M,TOF_Mid,mean,5.7922745756502625,0.009895725859079715,5.7922745756502625,0.01142824271480381,8189
imap_idex_l1b_sci-10days_20260410_v016.cdf,9,829224251711184128,2026-04-12T00:03:02.527184128,TOF L,TOF_Low,mean,263.84218170716815,1.2866274009524679,263.84218170716815,0.9441215619320062,8189
imap_idex_l1b_sci-10days_20260410_v016.cdf,9,829224251711184128,2026-04-12T00:03:02.527184128,Target H,Target_High,mean,333.128384765625,0.06466394648439118,333.128384765625,0.12358865113670714,512
imap_idex_l1b_sci-10days_20260410_v016.cdf,9,829224251711184128,2026-04-12T00:03:02.527184128,Target L,Target_Low,mean,32607.00312500001,6.2222868749859765,32607.00312500001,8.938784326426477,512
imap_idex_l1b_sci-10days_20260410_v016.cdf,9,829224251711184128,2026-04-12T00:03:02.527184128,Ion Grid,Ion_Grid,mean,1.5095645117187497,0.0006026942742183418,1.5095645117187497,0.00048785749297972666,512
imap_idex_l1b_sci-10days_20260410_v016.cdf,10,829224263711093760,2026-04-12T00:03:14.527093760,TOF H,TOF_High,mean,0.14765239040175848,0.0008963941903528743,0.14765239040175848,0.0007976531014488809,8189
imap_idex_l1b_sci-10days_20260410_v016.cdf,10,829224263711093760,2026-04-12T00:03:14.527093760,TOF M,TOF_Mid,mean,5.792041372572963,0.009549978976675371,5.792041372572963,0.011378441431678031,8189
imap_idex_l1b_sci-10days_20260410_v016.cdf,10,829224263711093760,2026-04-12T00:03:14.527093760,TOF L,TOF_Low,mean,263.8880644767371,1.2186016067895458,263.8880644767371,0.9502548202798886,8189
imap_idex_l1b_sci-10days_20260410_v016.cdf,10,829224263711093760,2026-04-12T00:03:14.527093760,Target H,Target_High,mean,333.12551953125006,0.06891194296869403,333.12551953125006,0.1193215014667597,512
imap_idex_l1b_sci-10days_20260410_v016.cdf,10,829224263711093760,2026-04-12T00:03:14.527093760,Target L,Target_Low,mean,32607.805468750008,5.032732031239212,32607.805468750008,8.731621847787869,512
imap_idex_l1b_sci-10days_20260410_v016.cdf,10,829224263711093760,2026-04-12T00:03:14.527093760,Ion Grid,Ion_Grid,mean,1.5097247851562496,0.00026570392734448685,1.5097247851562496,0.0004748558505927843,512
imap_idex_l1b_sci-10days_20260420_v016.cdf,0,829915375079932928,2026-04-20T00:01:45.895932928,TOF H,TOF_High,mean,0.14769057552814752,0.0008741046780315347,0.14769057552814752,0.0007965033233376397,8189
imap_idex_l1b_sci-10days_20260420_v016.cdf,0,829915375079932928,2026-04-20T00:01:45.895932928,TOF M,TOF_Mid,mean,5.791788850897545,0.009175590340700472,5.791788850897545,0.011360298499002552,8189
imap_idex_l1b_sci-10days_20260420_v016.cdf,0,829915375079932928,2026-04-20T00:01:45.895932928,TOF L,TOF_Low,mean,263.8271803639028,1.3088683924776603,263.8271803639028,0.9476515259598882,8189
imap_idex_l1b_sci-10days_20260420_v016.cdf,0,829915375079932928,2026-04-20T00:01:45.895932928,Target H,Target_High,mean,333.25859375000005,0.12838389375002965,333.25859375000005,0.11825840268110933,512
imap_idex_l1b_sci-10days_20260420_v016.cdf,0,829915375079932928,2026-04-20T00:01:45.895932928,Target L,Target_Low,mean,32605.67617187501,8.189627578112054,32605.67617187501,9.431010734298354,512
imap_idex_l1b_sci-10days_20260420_v016.cdf,0,829915375079932928,2026-04-20T00:01:45.895932928,Ion Grid,Ion_Grid,mean,1.5096854453125,0.00032402917968780444,1.5096854453125,0.0004890679002672464,512
imap_idex_l1b_sci-10days_20260420_v016.cdf,6,829915427079587840,2026-04-20T00:02:37.895587840,TOF H,TOF_High,mean,0.1476995747954573,0.0008874469917450366,0.1476995747954573,0.0008425422526395574,8189
imap_idex_l1b_sci-10days_20260420_v016.cdf,6,829915427079587840,2026-04-20T00:02:37.895587840,TOF M,TOF_Mid,mean,5.793755208206129,0.01209091168640706,5.793755208206129,0.01144652947604812,8189
imap_idex_l1b_sci-10days_20260420_v016.cdf,6,829915427079587840,2026-04-20T00:02:37.895587840,TOF L,TOF_Low,mean,263.8357794602516,1.296119372230925,263.8357794602516,0.9438191544855475,8189
imap_idex_l1b_sci-10days_20260420_v016.cdf,6,829915427079587840,2026-04-20T00:02:37.895587840,Target H,Target_High,mean,333.23726367187504,0.14490388007811758,333.23726367187504,0.11319589805517642,512
imap_idex_l1b_sci-10days_20260420_v016.cdf,6,829915427079587840,2026-04-20T00:02:37.895587840,Target L,Target_Low,mean,32606.54023437501,6.908568515610976,32606.54023437501,9.1701165447916,512
imap_idex_l1b_sci-10days_20260420_v016.cdf,6,829915427079587840,2026-04-20T00:02:37.895587840,Ion Grid,Ion_Grid,mean,1.50963444921875,0.0003996359882816035,1.50963444921875,0.00048471424547361373,512
imap_idex_l1b_sci-10days_20260420_v016.cdf,7,829915439079497472,2026-04-20T00:02:49.895497472,TOF H,TOF_High,mean,0.14767741189400416,0.0008592973259494368,0.14767741189400416,0.0008042757068243483,8189
imap_idex_l1b_sci-10days_20260420_v016.cdf,7,829915439079497472,2026-04-20T00:02:49.895497472,TOF M,TOF_Mid,mean,5.793563402124801,0.011806539990230226,5.793563402124801,0.011405092353559038,8189
imap_idex_l1b_sci-10days_20260420_v016.cdf,7,829915439079497472,2026-04-20T00:02:49.895497472,TOF L,TOF_Low,mean,263.89139113444867,1.2136695040663747,263.89139113444867,0.9454924531799213,8189
imap_idex_l1b_sci-10days_20260420_v016.cdf,7,829915439079497472,2026-04-20T00:02:49.895497472,Target H,Target_High,mean,333.24267578125,0.13687988671880394,333.24267578125,0.10966175071419673,512
imap_idex_l1b_sci-10days_20260420_v016.cdf,7,829915439079497472,2026-04-20T00:02:49.895497472,Target L,Target_Low,mean,32605.58359375001,8.326883906238134,32605.58359375001,9.350136006227551,512
imap_idex_l1b_sci-10days_20260420_v016.cdf,7,829915439079497472,2026-04-20T00:02:49.895497472,Ion Grid,Ion_Grid,mean,1.5094639765624998,0.0006523787484380647,1.5094639765624998,0.00048439222493318893,512
imap_idex_l1b_sci-10days_20260420_v016.cdf,8,829915451079426944,2026-04-20T00:03:01.895426944,TOF H,TOF_High,mean,0.14767254170228356,0.0008665178721944009,0.14767254170228356,0.0007991115666838383,8189
imap_idex_l1b_sci-10days_20260420_v016.cdf,8,829915451079426944,2026-04-20T00:03:01.895426944,TOF M,TOF_Mid,mean,5.793748308706801,0.01208068248870423,5.793748308706801,0.011403000898351247,8189
imap_idex_l1b_sci-10days_20260420_v016.cdf,8,829915451079426944,2026-04-20T00:03:01.895426944,TOF L,TOF_Low,mean,263.8556138722677,1.266712872975841,263.8556138722677,0.945027136417597,8189
imap_idex_l1b_sci-10days_20260420_v016.cdf,8,829915451079426944,2026-04-20T00:03:01.895426944,Target H,Target_High,mean,333.19587695312504,0.03539997070314185,333.19587695312504,0.11837105035688705,512
imap_idex_l1b_sci-10days_20260420_v016.cdf,8,829915451079426944,2026-04-20T00:03:01.895426944,Target L,Target_Low,mean,32606.35507812501,7.183081171863133,32606.35507812501,9.127230762949889,512
imap_idex_l1b_sci-10days_20260420_v016.cdf,8,829915451079426944,2026-04-20T00:03:01.895426944,Ion Grid,Ion_Grid,mean,1.5095907382812497,0.00046444182421942774,1.5095907382812497,0.00047171597678405847,512
imap_idex_l1b_sci-10days_20260420_v016.cdf,9,829915463079336576,2026-04-20T00:03:13.895336576,TOF H,TOF_High,mean,0.14769191659543288,0.0008760929443888091,0.14769191659543288,0.0008052318657113932,8189
imap_idex_l1b_sci-10days_20260420_v016.cdf,9,829915463079336576,2026-04-20T00:03:13.895336576,TOF M,TOF_Mid,mean,5.792971425082428,0.010928874827207663,5.792971425082428,0.011335963482447382,8189
imap_idex_l1b_sci-10days_20260420_v016.cdf,9,829915463079336576,2026-04-20T00:03:13.895336576,TOF L,TOF_Low,mean,263.86885773598726,1.2470775206252542,263.86885773598726,0.9477036742323106,8189
imap_idex_l1b_sci-10days_20260420_v016.cdf,9,829915463079336576,2026-04-20T00:03:13.895336576,Target H,Target_High,mean,333.129658203125,0.06277594804688579,333.129658203125,0.11670161927121261,512
imap_idex_l1b_sci-10days_20260420_v016.cdf,9,829915463079336576,2026-04-20T00:03:13.895336576,Target L,Target_Low,mean,32604.380078125007,10.111216171866369,32604.380078125007,9.358025966724416,512
imap_idex_l1b_sci-10days_20260420_v016.cdf,9,829915463079336576,2026-04-20T00:03:13.895336576,Ion Grid,Ion_Grid,mean,1.5095834531249999,0.0005530098000001004,1.5095834531249999,0.0004632901166415899,512
imap_idex_l1b_sci-10days_20260420_v016.cdf,19,830606574674751360,2026-04-28T00:01:45.490751360,TOF H,TOF_High,mean,0.1477705807790939,0.0009927204630846623,0.1477705807790939,0.0007945148730386511,8189
imap_idex_l1b_sci-10days_20260420_v016.cdf,19,830606574674751360,2026-04-28T00:01:45.490751360,TOF M,TOF_Mid,mean,5.793083196971546,0.011094587830014564,5.793083196971546,0.011168648157282322,8189
imap_idex_l1b_sci-10days_20260420_v016.cdf,19,830606574674751360,2026-04-28T00:01:45.490751360,TOF L,TOF_Low,mean,263.7521108804494,1.42016640864572,263.7521108804494,0.8867818064885111,8189
imap_idex_l1b_sci-10days_20260420_v016.cdf,19,830606574674751360,2026-04-28T00:01:45.490751360,Target H,Target_High,mean,333.207974609375,0.18832784414065734,333.207974609375,0.11616889534614094,512
imap_idex_l1b_sci-10days_20260420_v016.cdf,19,830606574674751360,2026-04-28T00:01:45.490751360,Target L,Target_Low,mean,32606.66367187501,6.7255600781131335,32606.66367187501,9.125561230265586,512
imap_idex_l1b_sci-10days_20260420_v016.cdf,19,830606574674751360,2026-04-28T00:01:45.490751360,Ion Grid,Ion_Grid,mean,1.5094654335937499,0.0004558010460935286,1.5094654335937499,0.0004732436602813629,512
imap_idex_l1b_sci-10days_20260420_v016.cdf,25,830606626674386432,2026-04-28T00:02:37.490386432,TOF H,TOF_High,mean,0.14775159408963243,0.0009645707972890625,0.14775159408963243,0.0008916321787651809,8189
imap_idex_l1b_sci-10days_20260420_v016.cdf,25,830606626674386432,2026-04-28T00:02:37.490386432,TOF M,TOF_Mid,mean,5.792747881304188,0.010597448821589915,5.792747881304188,0.01113903395224459,8189
imap_idex_l1b_sci-10days_20260420_v016.cdf,25,830606626674386432,2026-04-28T00:02:37.490386432,TOF L,TOF_Low,mean,263.7430724142142,1.433566838685959,263.7430724142142,0.8785349533119239,8189
imap_idex_l1b_sci-10days_20260420_v016.cdf,25,830606626674386432,2026-04-28T00:02:37.490386432,Target H,Target_High,mean,333.2095664062501,0.18596784609369132,333.2095664062501,0.12284382347196388,512
imap_idex_l1b_sci-10days_20260420_v016.cdf,25,830606626674386432,2026-04-28T00:02:37.490386432,Target L,Target_Low,mean,32606.35507812501,7.183081171863133,32606.35507812501,8.745298602685871,512
imap_idex_l1b_sci-10days_20260420_v016.cdf,25,830606626674386432,2026-04-28T00:02:37.490386432,Ion Grid,Ion_Grid,mean,1.5097466406249997,0.00023330100937557472,1.5097466406249997,0.00047687455331527366,512
imap_idex_l1b_sci-10days_20260420_v016.cdf,26,830606638674296064,2026-04-28T00:02:49.490296064,TOF H,TOF_High,mean,0.14776825155696666,0.000989267158358792,0.14776825155696666,0.0008186246697701966,8189
imap_idex_l1b_sci-10days_20260420_v016.cdf,26,830606638674296064,2026-04-28T00:02:49.490296064,TOF M,TOF_Mid,mean,5.792140725363291,0.009697279423615862,5.792140725363291,0.011066712786342204,8189
imap_idex_l1b_sci-10days_20260420_v016.cdf,26,830606638674296064,2026-04-28T00:02:49.490296064,TOF L,TOF_Low,mean,263.80389375992183,1.343393111539858,263.80389375992183,0.8933573890339689,8189
imap_idex_l1b_sci-10days_20260420_v016.cdf,26,830606638674296064,2026-04-28T00:02:49.490296064,Target H,Target_High,mean,333.2114765625001,0.058527951562582926,333.2114765625001,0.11703853631148418,512
imap_idex_l1b_sci-10days_20260420_v016.cdf,26,830606638674296064,2026-04-28T00:02:49.490296064,Target L,Target_Low,mean,32605.552734375007,8.37263601561529,32605.552734375007,8.931057137074312,512
imap_idex_l1b_sci-10days_20260420_v016.cdf,26,830606638674296064,2026-04-28T00:02:49.490296064,Ion Grid,Ion_Grid,mean,1.5095120585937498,0.0005249272710934794,1.5095120585937498,0.0004658650938086221,512
imap_idex_l1b_sci-10days_20260420_v016.cdf,27,830606650674225536,2026-04-28T00:03:01.490225536,TOF H,TOF_High,mean,0.14773408963243376,0.0009386186890463153,0.14773408963243376,0.0007829334442611369,8189
imap_idex_l1b_sci-10days_20260420_v016.cdf,27,830606650674225536,2026-04-28T00:03:01.490225536,TOF M,TOF_Mid,mean,5.792542276224204,0.010292618730004787,5.792542276224204,0.011131185483312784,8189
imap_idex_l1b_sci-10days_20260420_v016.cdf,27,830606650674225536,2026-04-28T00:03:01.490225536,TOF L,TOF_Low,mean,263.7590780315057,1.4098369104896478,263.7590780315057,0.8858574948471811,8189
imap_idex_l1b_sci-10days_20260420_v016.cdf,27,830606650674225536,2026-04-28T00:03:01.490225536,Target H,Target_High,mean,333.17868554687504,0.23175180820311286,333.17868554687504,0.1264520071157785,512
imap_idex_l1b_sci-10days_20260420_v016.cdf,27,830606650674225536,2026-04-28T00:03:01.490225536,Target L,Target_Low,mean,32606.07734375001,7.594850156235976,32606.07734375001,9.215541516608132,512
imap_idex_l1b_sci-10days_20260420_v016.cdf,27,830606650674225536,2026-04-28T00:03:01.490225536,Ion Grid,Ion_Grid,mean,1.5094858320312496,0.0005530098000001004,1.5094858320312496,0.00048243138589756067,512
imap_idex_l1b_sci-10days_20260420_v016.cdf,28,830606662674135168,2026-04-28T00:03:13.490135168,TOF H,TOF_High,mean,0.14775794651361582,0.0009739889010868382,0.14775794651361582,0.0007780885869461063,8189
imap_idex_l1b_sci-10days_20260420_v016.cdf,28,830606662674135168,2026-04-28T00:03:13.490135168,TOF M,TOF_Mid,mean,5.792779619001098,0.010644503131028195,5.792779619001098,0.01109825041802096,8189
imap_idex_l1b_sci-10days_20260420_v016.cdf,28,830606662674135168,2026-04-28T00:03:13.490135168,TOF L,TOF_Low,mean,263.77489534741727,1.386386157919124,263.77489534741727,0.8885968475461096,8189
imap_idex_l1b_sci-10days_20260420_v016.cdf,28,830606662674135168,2026-04-28T00:03:13.490135168,Target H,Target_High,mean,333.266234375,0.13971188437497775,333.266234375,0.1278267403054179,512
imap_idex_l1b_sci-10days_20260420_v016.cdf,28,830606662674135168,2026-04-28T00:03:13.490135168,Target L,Target_Low,mean,32605.76875000001,8.052371249985976,32605.76875000001,8.982993915588086,512
imap_idex_l1b_sci-10days_20260420_v016.cdf,28,830606662674135168,2026-04-28T00:03:13.490135168,Ion Grid,Ion_Grid,mean,1.5096461054687498,0.0003823544320317804,1.5096461054687498,0.0004775485215544946,512
imap_idex_l1b_sci-10days_20260430_v016.cdf,13,831297773973600512,2026-05-06T00:01:44.789600512,TOF H,TOF_High,mean,0.14780015484186104,0.0010365669685432081,0.14780015484186104,0.0007886209953625379,8189
imap_idex_l1b_sci-10days_20260430_v016.cdf,13,831297773973600512,2026-05-06T00:01:44.789600512,TOF M,TOF_Mid,mean,5.792175222859933,0.00974842541213659,5.792175222859933,0.011101869262682366,8189
imap_idex_l1b_sci-10days_20260430_v016.cdf,13,831297773973600512,2026-05-06T00:01:44.789600512,TOF L,TOF_Low,mean,263.73503822200513,1.4454783320551636,263.73503822200513,0.883778323547462,8189
imap_idex_l1b_sci-10days_20260430_v016.cdf,13,831297773973600512,2026-05-06T00:01:44.789600512,Target H,Target_High,mean,333.1946035156251,0.03351197226572074,333.1946035156251,0.11949253469157235,512
imap_idex_l1b_sci-10days_20260430_v016.cdf,13,831297773973600512,2026-05-06T00:01:44.789600512,Target L,Target_Low,mean,32607.250000000007,5.856269999990291,32607.250000000007,9.316056367905468,512
imap_idex_l1b_sci-10days_20260430_v016.cdf,13,831297773973600512,2026-05-06T00:01:44.789600512,Ion Grid,Ion_Grid,mean,1.50965484765625,0.00036939326484408387,1.50965484765625,0.0004614328484908956,512
imap_idex_l1b_sci-10days_20260430_v016.cdf,19,831297825973255552,2026-05-06T00:02:36.789255552,TOF H,TOF_High,mean,0.14779990780315055,0.0010362007089510386,0.14779990780315055,0.0008730704742021709,8189
imap_idex_l1b_sci-10days_20260430_v016.cdf,19,831297825973255552,2026-05-06T00:02:36.789255552,TOF M,TOF_Mid,mean,5.791249310050066,0.008377712919771829,5.791249310050066,0.011154344237105464,8189
imap_idex_l1b_sci-10days_20260430_v016.cdf,19,831297825973255552,2026-05-06T00:02:36.789255552,TOF L,TOF_Low,mean,263.7303934546342,1.452364664159268,263.7303934546342,0.8829858651955861,8189
imap_idex_l1b_sci-10days_20260430_v016.cdf,19,831297825973255552,2026-05-06T00:02:36.789255552,Target H,Target_High,mean,333.22325585937506,0.07599193710942354,333.22325585937506,0.10790410494557777,512
imap_idex_l1b_sci-10days_20260430_v016.cdf,19,831297825973255552,2026-05-06T00:02:36.789255552,Target L,Target_Low,mean,32605.799609375008,8.006619140614212,32605.799609375008,9.24211233822681,512
imap_idex_l1b_sci-10days_20260430_v016.cdf,19,831297825973255552,2026-05-06T00:02:36.789255552,Ion Grid,Ion_Grid,mean,1.5095645117187497,0.0006026942742183418,1.5095645117187497,0.00048785749297972563,512
imap_idex_l1b_sci-10days_20260430_v016.cdf,20,831297837973165056,2026-05-06T00:02:48.789165056,TOF H,TOF_High,mean,0.14783879875442665,0.001048496566687019,0.14783879875442665,0.0008231616557720821,8189
imap_idex_l1b_sci-10days_20260430_v016.cdf,20,831297837973165056,2026-05-06T00:02:48.789165056,TOF M,TOF_Mid,mean,5.791795750396872,0.009185819538403302,5.791795750396872,0.011076416768966235,8189
imap_idex_l1b_sci-10days_20260430_v016.cdf,20,831297837973165056,2026-05-06T00:02:48.789165056,TOF L,TOF_Low,mean,263.78161142996703,1.3764288939308524,263.78161142996703,0.887959896378226,8189
imap_idex_l1b_sci-10days_20260430_v016.cdf,20,831297837973165056,2026-05-06T00:02:48.789165056,Target H,Target_High,mean,333.21975390625005,0.17086385859373246,333.21975390625005,0.12352836048502062,512
imap_idex_l1b_sci-10days_20260430_v016.cdf,20,831297837973165056,2026-05-06T00:02:48.789165056,Target L,Target_Low,mean,32606.262500000008,7.320337499989212,32606.262500000008,8.99655315940458,512
imap_idex_l1b_sci-10days_20260430_v016.cdf,20,831297837973165056,2026-05-06T00:02:48.789165056,Ion Grid,Ion_Grid,mean,1.5097888945312499,0.00017065536796914297,1.5097888945312499,0.0004695146145237327,512
imap_idex_l1b_sci-10days_20260430_v016.cdf,21,831297849973074688,2026-05-06T00:03:00.789074688,TOF H,TOF_High,mean,0.1478116950787642,0.001053676523775845,0.1478116950787642,0.000780873445316618,8189
imap_idex_l1b_sci-10days_20260430_v016.cdf,21,831297849973074688,2026-05-06T00:03:00.789074688,TOF M,TOF_Mid,mean,5.791587385517157,0.008876897767737044,5.791587385517157,0.011090345616625025,8189
imap_idex_l1b_sci-10days_20260430_v016.cdf,21,831297849973074688,2026-05-06T00:03:00.789074688,TOF L,TOF_Low,mean,263.7601450726584,1.4082549152765997,263.7601450726584,0.8825712258488013,8189
imap_idex_l1b_sci-10days_20260430_v016.cdf,21,831297849973074688,2026-05-06T00:03:00.789074688,Target H,Target_High,mean,333.18728125000007,0.21900781874995146,333.18728125000007,0.13847132416926267,512
imap_idex_l1b_sci-10days_20260430_v016.cdf,21,831297849973074688,2026-05-06T00:03:00.789074688,Target L,Target_Low,mean,32605.92304687501,7.823610703110976,32605.92304687501,8.993535878148554,512
imap_idex_l1b_sci-10days_20260430_v016.cdf,21,831297849973074688,2026-05-06T00:03:00.789074688,Ion Grid,Ion_Grid,mean,1.5097378984374998,0.0002462621765629421,1.5097378984374998,0.00048298772855538533,512
imap_idex_l1b_sci-10days_20260430_v016.cdf,22,831297861973004288,2026-05-06T00:03:12.789004288,TOF H,TOF_High,mean,0.1478035075100745,0.001041537634436497,0.1478035075100745,0.0007779584454668125,8189
imap_idex_l1b_sci-10days_20260430_v016.cdf,22,831297861973004288,2026-05-06T00:03:12.789004288,TOF M,TOF_Mid,mean,5.791334863841739,0.008502509131762145,5.791334863841739,0.011044442334542512,8189
imap_idex_l1b_sci-10days_20260430_v016.cdf,22,831297861973004288,2026-05-06T00:03:12.789004288,TOF L,TOF_Low,mean,263.75487263402124,1.4160718328000796,263.75487263402124,0.8861587422235649,8189
imap_idex_l1b_sci-10days_20260430_v016.cdf,22,831297861973004288,2026-05-06T00:03:12.789004288,Target H,Target_High,mean,333.162767578125,0.013687988671914104,333.162767578125,0.11645819178228162,512
imap_idex_l1b_sci-10days_20260430_v016.cdf,22,831297861973004288,2026-05-06T00:03:12.789004288,Target L,Target_Low,mean,32605.182421875008,8.921661328114212,32605.182421875008,9.123891392082317,512
imap_idex_l1b_sci-10days_20260430_v016.cdf,22,831297861973004288,2026-05-06T00:03:12.789004288,Ion Grid,Ion_Grid,mean,1.5097131289062498,0.00028298548359430997,1.5097131289062498,0.0004794474185280533,512
imap_idex_l1b_sci-10days_20260510_v016.cdf,7,831988973238536960,2026-05-14T00:01:44.054536960,TOF H,TOF_High,mean,0.14777001611918428,0.000991883298302637,0.14777001611918428,0.0008022189199280769,8189
imap_idex_l1b_sci-10days_20260510_v016.cdf,7,831988973238536960,2026-05-14T00:01:44.054536960,TOF M,TOF_Mid,mean,5.791574966418366,0.008858485211870635,5.791574966418366,0.011097743932671034,8189
imap_idex_l1b_sci-10days_20260510_v016.cdf,7,831988973238536960,2026-05-14T00:01:44.054536960,TOF L,TOF_Low,mean,263.7546843326414,1.416351008425867,263.7546843326414,0.8881561326893397,8189
imap_idex_l1b_sci-10days_20260510_v016.cdf,7,831988973238536960,2026-05-14T00:01:44.054536960,Target H,Target_High,mean,333.1939667968751,0.03256797304696804,333.1939667968751,0.1174219690663929,512
imap_idex_l1b_sci-10days_20260510_v016.cdf,7,831988973238536960,2026-05-14T00:01:44.054536960,Target L,Target_Low,mean,32604.750390625006,9.562190859367448,32604.750390625006,9.307823901691744,512
imap_idex_l1b_sci-10days_20260510_v016.cdf,7,831988973238536960,2026-05-14T00:01:44.054536960,Ion Grid,Ion_Grid,mean,1.5098530039062499,7.56068085941283e-05,1.5098530039062499,0.0004575518925321576,512
imap_idex_l1b_sci-10days_20260510_v016.cdf,13,831989025238172032,2026-05-14T00:02:36.054172032,TOF H,TOF_High,mean,0.1477749921846379,0.0009992608129441923,0.1477749921846379,0.0010049209572686678,8189
imap_idex_l1b_sci-10days_20260510_v016.cdf,13,831989025238172032,2026-05-14T00:02:36.054172032,TOF M,TOF_Mid,mean,5.791998595677128,0.00948655795090993,5.791998595677128,0.01112779468767732,8189
imap_idex_l1b_sci-10days_20260510_v016.cdf,13,831989025238172032,2026-05-14T00:02:36.054172032,TOF L,TOF_Low,mean,263.7731378678716,1.388991797093561,263.7731378678716,0.8867800960444722,8189
imap_idex_l1b_sci-10days_20260510_v016.cdf,13,831989025238172032,2026-05-14T00:02:36.054172032,Target H,Target_High,mean,333.230578125,0.15481587187502088,333.230578125,0.11612744611087927,512
imap_idex_l1b_sci-10days_20260510_v016.cdf,13,831989025238172032,2026-05-14T00:02:36.054172032,Target L,Target_Low,mean,32606.81796875001,6.496799531238134,32606.81796875001,9.013262221527562,512
imap_idex_l1b_sci-10days_20260510_v016.cdf,13,831989025238172032,2026-05-14T00:02:36.054172032,Ion Grid,Ion_Grid,mean,1.5097641249999998,0.00020737867500051087,1.5097641249999998,0.0004592029950087756,512
imap_idex_l1b_sci-10days_20260510_v016.cdf,14,831989037238081664,2026-05-14T00:02:48.054081664,TOF H,TOF_High,mean,0.14780820124557334,0.0010484965666870602,0.14780820124557334,0.0008445662822985924,8189
imap_idex_l1b_sci-10days_20260510_v016.cdf,14,831989037238081664,2026-05-14T00:02:48.054081664,TOF M,TOF_Mid,mean,5.79261955061668,0.010407185744290958,5.79261955061668,0.011128949990754929,8189
imap_idex_l1b_sci-10days_20260510_v016.cdf,14,831989037238081664,2026-05-14T00:02:48.054081664,TOF L,TOF_Low,mean,263.73259030406643,1.449107615191074,263.73259030406643,0.8831367506040302,8189
imap_idex_l1b_sci-10days_20260510_v016.cdf,14,831989037238081664,2026-05-14T00:02:48.054081664,Target H,Target_High,mean,333.19492187500003,0.03398397187501281,333.19492187500003,0.1234906125844625,512
imap_idex_l1b_sci-10days_20260510_v016.cdf,14,831989037238081664,2026-05-14T00:02:48.054081664,Target L,Target_Low,mean,32605.76875000001,8.052371249985976,32605.76875000001,8.818656980373646,512
imap_idex_l1b_sci-10days_20260510_v016.cdf,14,831989037238081664,2026-05-14T00:02:48.054081664,Ion Grid,Ion_Grid,mean,1.5099273125,3.456311249964621e-05,1.5099273125,0.0004514446212923125,512
imap_idex_l1b_sci-10days_20260510_v016.cdf,15,831989049237991296,2026-05-14T00:03:00.053991296,TOF H,TOF_High,mean,0.1478016017828795,0.001038712203297156,0.1478016017828795,0.0007825737778130562,8189
imap_idex_l1b_sci-10days_20260510_v016.cdf,15,831989049237991296,2026-05-14T00:03:00.053991296,TOF M,TOF_Mid,mean,5.791645341311516,0.008962823028453975,5.791645341311516,0.011204539986042303,8189
imap_idex_l1b_sci-10days_20260510_v016.cdf,15,831989049237991296,2026-05-14T00:03:00.053991296,TOF L,TOF_Low,mean,263.75286408596895,1.4190497061424017,263.75286408596895,0.8834048053038337,8189
imap_idex_l1b_sci-10days_20260510_v016.cdf,15,831989049237991296,2026-05-14T00:03:00.053991296,Target H,Target_High,mean,333.1525800781251,0.028791976171788698,333.1525800781251,0.11874719336155055,512
imap_idex_l1b_sci-10days_20260510_v016.cdf,15,831989049237991296,2026-05-14T00:03:00.053991296,Target L,Target_Low,mean,32605.89218750001,7.869362812488133,32605.89218750001,9.269326173721357,512
imap_idex_l1b_sci-10days_20260510_v016.cdf,15,831989049237991296,2026-05-14T00:03:00.053991296,Ion Grid,Ion_Grid,mean,1.5097830664062497,0.00017929614609438373,1.5097830664062497,0.00047951825952223797,512
imap_idex_l1b_sci-10days_20260510_v016.cdf,16,831989061237920896,2026-05-14T00:03:12.053920896,TOF H,TOF_High,mean,0.1477972256685798,0.0010322241762364488,0.1477972256685798,0.0007766561936918808,8189
imap_idex_l1b_sci-10days_20260510_v016.cdf,16,831989061237920896,2026-05-14T00:03:12.053920896,TOF M,TOF_Mid,mean,5.791889583587739,0.009324936627182846,5.791889583587739,0.011120579371757843,8189
imap_idex_l1b_sci-10days_20260510_v016.cdf,16,831989061237920896,2026-05-14T00:03:12.053920896,TOF L,TOF_Low,mean,263.79705214311883,1.3535364926119877,263.79705214311883,0.8948593038099318,8189
imap_idex_l1b_sci-10days_20260510_v016.cdf,16,831989061237920896,2026-05-14T00:03:12.053920896,Target H,Target_High,mean,333.21625195312504,0.1760558542968723,333.21625195312504,0.1250333900564116,512
imap_idex_l1b_sci-10days_20260510_v016.cdf,16,831989061237920896,2026-05-14T00:03:12.053920896,Target L,Target_Low,mean,32606.81796875001,6.496799531238134,32606.81796875001,9.067196486456874,512
imap_idex_l1b_sci-10days_20260510_v016.cdf,16,831989061237920896,2026-05-14T00:03:12.053920896,Ion Grid,Ion_Grid,mean,1.50972187109375,0.0002700243164066134,1.50972187109375,0.0005005215160916776,512
imap_idex_l1b_sci-10days_20260520_v016.cdf,4,832680173471916672,2026-05-22T00:01:44.287916672,TOF H,TOF_High,mean,0.14782528220783978,0.0010685361986567245,0.14782528220783978,0.0007846608476559434,8189
imap_idex_l1b_sci-10days_20260520_v016.cdf,4,832680173471916672,2026-05-22T00:01:44.287916672,TOF M,TOF_Mid,mean,5.792093808767859,0.009627720879228724,5.792093808767859,0.011057704947176327,8189
imap_idex_l1b_sci-10days_20260520_v016.cdf,4,832680173471916672,2026-05-22T00:01:44.287916672,TOF L,TOF_Low,mean,263.7775943338625,1.3823846406154126,263.7775943338625,0.8846894528925002,8189
imap_idex_l1b_sci-10days_20260520_v016.cdf,4,832680173471916672,2026-05-22T00:01:44.287916672,Target H,Target_High,mean,333.05166015625,0.06324794765626213,333.05166015625,0.10658717517824087,512
imap_idex_l1b_sci-10days_20260520_v016.cdf,4,832680173471916672,2026-05-22T00:01:44.287916672,Target L,Target_Low,mean,32606.416796875004,7.091576953119606,32606.416796875004,9.21280269461918,512
imap_idex_l1b_sci-10days_20260520_v016.cdf,4,832680173471916672,2026-05-22T00:01:44.287916672,Ion Grid,Ion_Grid,mean,1.5098428046874997,9.072817031321731e-05,1.5098428046874997,0.00046689610994101046,512
imap_idex_l1b_sci-10days_20260520_v016.cdf,10,832680225471551872,2026-05-22T00:02:36.287551872,TOF H,TOF_High,mean,0.14780604847966786,0.001045304875955591,0.14780604847966786,0.000801294137172572,8189
imap_idex_l1b_sci-10days_20260520_v016.cdf,10,832680225471551872,2026-05-22T00:02:36.287551872,TOF M,TOF_Mid,mean,5.793749688606667,0.012082728328244797,5.793749688606667,0.01110339648790883,8189
imap_idex_l1b_sci-10days_20260520_v016.cdf,10,832680225471551872,2026-05-22T00:02:36.287551872,TOF L,TOF_Low,mean,263.7538683599952,1.4175607694711143,263.7538683599952,0.8851844228525864,8189
imap_idex_l1b_sci-10days_20260520_v016.cdf,10,832680225471551872,2026-05-22T00:02:36.287551872,Target H,Target_High,mean,333.1888730468751,0.025015979296946465,333.1888730468751,0.11378887340610405,512
imap_idex_l1b_sci-10days_20260520_v016.cdf,10,832680225471551872,2026-05-22T00:02:36.287551872,Target L,Target_Low,mean,32607.867187500007,4.9412278124902915,32607.867187500007,9.34789506198244,512
imap_idex_l1b_sci-10days_20260520_v016.cdf,10,832680225471551872,2026-05-22T00:02:36.287551872,Ion Grid,Ion_Grid,mean,1.5094552343749998,0.0004406796843747688,1.5094552343749998,0.00046708704161366123,512
imap_idex_l1b_sci-10days_20260520_v016.cdf,11,832680237471481472,2026-05-22T00:02:48.287481472,TOF H,TOF_High,mean,0.14780093124923677,0.0010377180701184572,0.14780093124923677,0.0007894708455257845,8189
imap_idex_l1b_sci-10days_20260520_v016.cdf,11,832680237471481472,2026-05-22T00:02:48.287481472,TOF M,TOF_Mid,mean,5.792665087312248,0.010474698449138847,5.792665087312248,0.01109798997214061,8189
imap_idex_l1b_sci-10days_20260520_v016.cdf,11,832680237471481472,2026-05-22T00:02:48.287481472,TOF L,TOF_Low,mean,263.74024789351563,1.437754473073697,263.74024789351563,0.8825551020845248,8189
imap_idex_l1b_sci-10days_20260520_v016.cdf,11,832680237471481472,2026-05-22T00:02:48.287481472,Target H,Target_High,mean,333.19396679687503,0.03256797304688376,333.19396679687503,0.11917658933040913,512
imap_idex_l1b_sci-10days_20260520_v016.cdf,11,832680237471481472,2026-05-22T00:02:48.287481472,Target L,Target_Low,mean,32607.558593750007,5.398748906240291,32607.558593750007,9.284723906635781,512
imap_idex_l1b_sci-10days_20260520_v016.cdf,11,832680237471481472,2026-05-22T00:02:48.287481472,Ion Grid,Ion_Grid,mean,1.50985008984375,7.992719765658406e-05,1.50985008984375,0.0004915855880369361,512
imap_idex_l1b_sci-10days_20260520_v016.cdf,12,832680249471391232,2026-05-22T00:03:00.287391232,TOF H,TOF_High,mean,0.14780678959579924,0.001046403654731976,0.14780678959579924,0.0007808230600943999,8189
imap_idex_l1b_sci-10days_20260520_v016.cdf,12,832680249471391232,2026-05-22T00:03:00.287391232,TOF M,TOF_Mid,mean,5.792097948467456,0.009633858397850421,5.792097948467456,0.01112346910677514,8189
imap_idex_l1b_sci-10days_20260520_v016.cdf,12,832680249471391232,2026-05-22T00:03:00.287391232,TOF L,TOF_Low,mean,263.7806071559409,1.3779178306019715,263.7806071559409,0.8901765389582772,8189
imap_idex_l1b_sci-10days_20260520_v016.cdf,12,832680249471391232,2026-05-22T00:03:00.287391232,Target H,Target_High,mean,333.17932226562505,0.010855991015656014,333.17932226562505,0.11112475240914291,512
imap_idex_l1b_sci-10days_20260520_v016.cdf,12,832680249471391232,2026-05-22T00:03:00.287391232,Target L,Target_Low,mean,32606.66367187501,6.7255600781131335,32606.66367187501,9.071973959250899,512
imap_idex_l1b_sci-10days_20260520_v016.cdf,12,832680249471391232,2026-05-22T00:03:00.287391232,Ion Grid,Ion_Grid,mean,1.5097990937499997,0.00015553400625071236,1.5097990937499997,0.0004753406745019447,512
imap_idex_l1b_sci-10days_20260520_v016.cdf,13,832680261471300864,2026-05-22T00:03:12.287300864,TOF H,TOF_High,mean,0.14782439992673096,0.001069844268628647,0.14782439992673096,0.0007795373402995084,8189
imap_idex_l1b_sci-10days_20260520_v016.cdf,13,832680261471300864,2026-05-22T00:03:12.287300864,TOF M,TOF_Mid,mean,5.79382834289901,0.01219934118207285,5.79382834289901,0.011093832476421978,8189
imap_idex_l1b_sci-10days_20260520_v016.cdf,13,832680261471300864,2026-05-22T00:03:12.287300864,TOF L,TOF_Low,mean,263.74897252411773,1.4248193357430194,263.74897252411773,0.8862602169565984,8189
imap_idex_l1b_sci-10days_20260520_v016.cdf,13,832680261471300864,2026-05-22T00:03:12.287300864,Target H,Target_High,mean,333.20415429687506,0.04767196054692691,333.20415429687506,0.12120046354841368,512
imap_idex_l1b_sci-10days_20260520_v016.cdf,13,832680261471300864,2026-05-22T00:03:12.287300864,Target L,Target_Low,mean,32606.81796875001,6.496799531238134,32606.81796875001,9.174113833172973,512
imap_idex_l1b_sci-10days_20260520_v016.cdf,13,832680261471300864,2026-05-22T00:03:12.287300864,Ion Grid,Ion_Grid,mean,1.5098384335937498,9.720875390673638e-05,1.5098384335937498,0.0004533006636703507,512
imap_idex_l1b_sci-10days_20260530_v022.cdf,0,833371372624296320,2026-05-30T00:01:43.440296320,TOF H,TOF_High,mean,0.1477864618390524,0.0010162657225791017,0.1477864618390524,0.0008080584454448189,8189
imap_idex_l1b_sci-10days_20260530_v022.cdf,0,833371372624296320,2026-05-30T00:01:43.440296320,TOF M,TOF_Mid,mean,5.79382834289901,0.01219934118207285,5.79382834289901,0.011290274926983403,8189
imap_idex_l1b_sci-10days_20260530_v022.cdf,0,833371372624296320,2026-05-30T00:01:43.440296320,TOF L,TOF_Low,mean,263.8849888875321,1.223161475344916,263.8849888875321,0.9488277189756745,8189
imap_idex_l1b_sci-10days_20260530_v022.cdf,0,833371372624296320,2026-05-30T00:01:43.440296320,Target H,Target_High,mean,333.2522265625,0.12271989843751348,333.2522265625,0.12139139402953432,512
imap_idex_l1b_sci-10days_20260530_v022.cdf,0,833371372624296320,2026-05-30T00:01:43.440296320,Target L,Target_Low,mean,32606.108203125004,7.549098046869606,32606.108203125004,9.206184821017468,512
imap_idex_l1b_sci-10days_20260530_v022.cdf,0,833371372624296320,2026-05-30T00:01:43.440296320,Ion Grid,Ion_Grid,mean,1.50967816015625,0.00033483015234410846,1.50967816015625,0.0004778507196683016,512
imap_idex_l1b_sci-10days_20260530_v022.cdf,6,833371424623931648,2026-05-30T00:02:35.439931648,TOF H,TOF_High,mean,0.1478170240566614,0.0010615772664062024,0.1478170240566614,0.0008661534091624828,8189
imap_idex_l1b_sci-10days_20260530_v022.cdf,6,833371424623931648,2026-05-30T00:02:35.439931648,TOF M,TOF_Mid,mean,5.792972804982293,0.01093092066674823,5.792972804982293,0.011255689345342296,8189
imap_idex_l1b_sci-10days_20260530_v022.cdf,6,833371424623931648,2026-05-30T00:02:35.439931648,TOF L,TOF_Low,mean,263.88254096959344,1.2267907584807423,263.88254096959344,0.9520459833767858,8189
imap_idex_l1b_sci-10days_20260530_v022.cdf,6,833371424623931648,2026-05-30T00:02:35.439931648,Target H,Target_High,mean,333.21752539062504,0.1741678558593669,333.21752539062504,0.1181619458585003,512
imap_idex_l1b_sci-10days_20260530_v022.cdf,6,833371424623931648,2026-05-30T00:02:35.439931648,Target L,Target_Low,mean,32605.58359375001,8.326883906238134,32605.58359375001,9.19236501586796,512
imap_idex_l1b_sci-10days_20260530_v022.cdf,6,833371424623931648,2026-05-30T00:02:35.439931648,Ion Grid,Ion_Grid,mean,1.5095572265625,0.000591893301562367,1.5095572265625,0.000499309111968202,512
imap_idex_l1b_sci-10days_20260530_v022.cdf,7,833371436623841280,2026-05-30T00:02:47.439841280,TOF H,TOF_High,mean,0.14781437721333496,0.0010576530564904351,0.14781437721333496,0.0008231913182776711,8189
imap_idex_l1b_sci-10days_20260530_v022.cdf,7,833371436623841280,2026-05-30T00:02:47.439841280,TOF M,TOF_Mid,mean,5.79409328367322,0.01259214237391679,5.79409328367322,0.011259767123368517,8189
imap_idex_l1b_sci-10days_20260530_v022.cdf,7,833371436623841280,2026-05-30T00:02:47.439841280,TOF L,TOF_Low,mean,263.9102840395653,1.1856588829404804,263.9102840395653,0.9486043298140353,8189
imap_idex_l1b_sci-10days_20260530_v022.cdf,7,833371436623841280,2026-05-30T00:02:47.439841280,Target H,Target_High,mean,333.18505273437506,0.019351983984430284,333.18505273437506,0.11609209349569023,512
imap_idex_l1b_sci-10days_20260530_v022.cdf,7,833371436623841280,2026-05-30T00:02:47.439841280,Target L,Target_Low,mean,32605.12070312501,9.013165546863133,32605.12070312501,9.347436620839275,512
imap_idex_l1b_sci-10days_20260530_v022.cdf,7,833371436623841280,2026-05-30T00:02:47.439841280,Ion Grid,Ion_Grid,mean,1.5095324570312498,0.0005551699945309991,1.5095324570312498,0.000473189826005357,512
imap_idex_l1b_sci-10days_20260530_v022.cdf,8,833371448623750912,2026-05-30T00:02:59.439750912,TOF H,TOF_High,mean,0.1478020958603004,0.0010394447224814128,0.1478020958603004,0.0008041462101728829,8189
imap_idex_l1b_sci-10days_20260530_v022.cdf,8,833371448623750912,2026-05-30T00:02:59.439750912,TOF M,TOF_Mid,mean,5.792216619855903,0.009809800598362783,5.792216619855903,0.011273978329671357,8189
imap_idex_l1b_sci-10days_20260530_v022.cdf,8,833371448623750912,2026-05-30T00:02:59.439750912,TOF L,TOF_Low,mean,263.9564178776407,1.1689083453901183,263.9564178776407,0.9537286915825254,8189
imap_idex_l1b_sci-10days_20260530_v022.cdf,8,833371448623750912,2026-05-30T00:02:59.439750912,Target H,Target_High,mean,333.269099609375,0.14395988085936487,333.269099609375,0.1190915148366879,512
imap_idex_l1b_sci-10days_20260530_v022.cdf,8,833371448623750912,2026-05-30T00:02:59.439750912,Target L,Target_Low,mean,32605.645312500004,8.235379687494605,32605.645312500004,9.386932900438547,512
imap_idex_l1b_sci-10days_20260530_v022.cdf,8,833371448623750912,2026-05-30T00:02:59.439750912,Ion Grid,Ion_Grid,mean,1.5098384335937498,9.720875390673638e-05,1.5098384335937498,0.00047209386427275583,512
imap_idex_l1b_sci-10days_20260530_v022.cdf,9,833371460623680768,2026-05-30T00:03:11.439680768,TOF H,TOF_High,mean,0.14780509561607033,0.0010438921603859,0.14780509561607033,0.0008128110556600937,8189
imap_idex_l1b_sci-10days_20260530_v022.cdf,9,833371460623680768,2026-05-30T00:03:11.439680768,TOF M,TOF_Mid,mean,5.793533044327757,0.01176153152033251,5.793533044327757,0.011302742868948737,8189
imap_idex_l1b_sci-10days_20260530_v022.cdf,9,833371460623680768,2026-05-30T00:03:11.439680768,TOF L,TOF_Low,mean,263.91555647820246,1.1778419654170005,263.91555647820246,0.9457520905964727,8189
imap_idex_l1b_sci-10days_20260530_v022.cdf,9,833371460623680768,2026-05-30T00:03:11.439680768,Target H,Target_High,mean,333.241083984375,0.13923988476568566,333.241083984375,0.12289125487499221,512
imap_idex_l1b_sci-10days_20260530_v022.cdf,9,833371460623680768,2026-05-30T00:03:11.439680768,Target L,Target_Low,mean,32605.521875000006,8.418388124992449,32605.521875000006,9.364994139579956,512
imap_idex_l1b_sci-10days_20260530_v022.cdf,9,833371460623680768,2026-05-30T00:03:11.439680768,Ion Grid,Ion_Grid,mean,1.5096606757812499,0.00036075248671917234,1.5096606757812499,0.0004940152495189192,512
imap_idex_l1b_sci-10days_20260530_v022.cdf,37,834062571798468864,2026-06-07T00:01:42.614468864,TOF H,TOF_High,mean,0.14773758346562463,0.0009437986461351002,0.14773758346562463,0.0008056868175911825,8189
imap_idex_l1b_sci-10days_20260530_v022.cdf,37,834062571798468864,2026-06-07T00:01:42.614468864,TOF M,TOF_Mid,mean,5.794362364147027,0.01299108108438243,5.794362364147027,0.01126615322127261,8189
imap_idex_l1b_sci-10days_20260530_v022.cdf,37,834062571798468864,2026-06-07T00:01:42.614468864,TOF L,TOF_Low,mean,263.92534814995724,1.163324832873359,263.92534814995724,0.9543986952583585,8189
imap_idex_l1b_sci-10days_20260530_v022.cdf,37,834062571798468864,2026-06-07T00:01:42.614468864,Target H,Target_High,mean,333.18696289062507,0.022183981640688376,333.18696289062507,0.11939070818543986,512
imap_idex_l1b_sci-10days_20260530_v022.cdf,37,834062571798468864,2026-06-07T00:01:42.614468864,Target L,Target_Low,mean,32604.781250000007,9.516438749990291,32604.781250000007,9.14437796886657,512
imap_idex_l1b_sci-10days_20260530_v022.cdf,37,834062571798468864,2026-06-07T00:01:42.614468864,Ion Grid,Ion_Grid,mean,1.5097029296874998,0.0002981068453130698,1.5097029296874998,0.0004625104675098595,512
imap_idex_l1b_sci-10days_20260530_v022.cdf,43,834062623798104192,2026-06-07T00:02:34.614104192,TOF H,TOF_High,mean,0.14774608865551347,0.0009564084406643043,0.14774608865551347,0.000850459439783766,8189
imap_idex_l1b_sci-10days_20260530_v022.cdf,43,834062623798104192,2026-06-07T00:02:34.614104192,TOF M,TOF_Mid,mean,5.793080437171816,0.011090496150934749,5.793080437171816,0.011289905742457623,8189
imap_idex_l1b_sci-10days_20260530_v022.cdf,43,834062623798104192,2026-06-07T00:02:34.614104192,TOF L,TOF_Low,mean,263.9266662596166,1.1613706034924258,263.9266662596166,0.9501818486985649,8189
imap_idex_l1b_sci-10days_20260530_v022.cdf,43,834062623798104192,2026-06-07T00:02:34.614104192,Target H,Target_High,mean,333.20765625,0.05286395624998247,333.20765625,0.11648995312767796,512
imap_idex_l1b_sci-10days_20260530_v022.cdf,43,834062623798104192,2026-06-07T00:02:34.614104192,Target L,Target_Low,mean,32606.015625000007,7.686354374990291,32606.015625000007,9.28656991894031,512
imap_idex_l1b_sci-10days_20260530_v022.cdf,43,834062623798104192,2026-06-07T00:02:34.614104192,Ion Grid,Ion_Grid,mean,1.5096665039062498,0.0003521117085942608,1.5096665039062498,0.0004857817354697775,512
imap_idex_l1b_sci-10days_20260530_v022.cdf,44,834062635798013824,2026-06-07T00:02:46.614013824,TOF H,TOF_High,mean,0.1477378305043351,0.0009441649057272286,0.1477378305043351,0.0008346744086836624,8189
imap_idex_l1b_sci-10days_20260530_v022.cdf,44,834062635798013824,2026-06-07T00:02:46.614013824,TOF M,TOF_Mid,mean,5.794058786176578,0.012540996385394744,5.794058786176578,0.011298824016080887,8189
imap_idex_l1b_sci-10days_20260530_v022.cdf,44,834062635798013824,2026-06-07T00:02:46.614013824,TOF L,TOF_Low,mean,263.86408743436317,1.2541499698131326,263.86408743436317,0.9408456960043673,8189
imap_idex_l1b_sci-10days_20260530_v022.cdf,44,834062635798013824,2026-06-07T00:02:46.614013824,Target H,Target_High,mean,333.1688164062501,0.004719996093679208,333.1688164062501,0.12305485582997633,512
imap_idex_l1b_sci-10days_20260530_v022.cdf,44,834062635798013824,2026-06-07T00:02:46.614013824,Target L,Target_Low,mean,32604.472656250007,9.97395984374029,32604.472656250007,9.189049315317016,512
imap_idex_l1b_sci-10days_20260530_v022.cdf,44,834062635798013824,2026-06-07T00:02:46.614013824,Ion Grid,Ion_Grid,mean,1.5096956445312497,0.0003089078179693738,1.5096956445312497,0.00048123296094979093,512
imap_idex_l1b_sci-10days_20260530_v022.cdf,45,834062647797923584,2026-06-07T00:02:58.613923584,TOF H,TOF_High,mean,0.14777838014409572,0.0010042838016363449,0.14777838014409572,0.000801753857165478,8189
imap_idex_l1b_sci-10days_20260530_v022.cdf,45,834062647797923584,2026-06-07T00:02:58.613923584,TOF M,TOF_Mid,mean,5.793799365001831,0.0121563785517157,5.793799365001831,0.011271980964046623,8189
imap_idex_l1b_sci-10days_20260530_v022.cdf,45,834062647797923584,2026-06-07T00:02:58.613923584,TOF L,TOF_Low,mean,263.90614140920746,1.191800746708983,263.90614140920746,0.9481977099146156,8189
imap_idex_l1b_sci-10days_20260530_v022.cdf,45,834062647797923584,2026-06-07T00:02:58.613923584,Target H,Target_High,mean,333.2012890625,0.0434239640624555,333.2012890625,0.11603664240390779,512
imap_idex_l1b_sci-10days_20260530_v022.cdf,45,834062647797923584,2026-06-07T00:02:58.613923584,Target L,Target_Low,mean,32604.50351562501,9.928207734363133,32604.50351562501,9.290619604761186,512
imap_idex_l1b_sci-10days_20260530_v022.cdf,45,834062647797923584,2026-06-07T00:02:58.613923584,Ion Grid,Ion_Grid,mean,1.50993751171875,4.9684474218406026e-05,1.50993751171875,0.0004567903348571718,512
imap_idex_l1b_sci-10days_20260530_v022.cdf,46,834062659797833216,2026-06-07T00:03:10.613833216,TOF H,TOF_High,mean,0.14779066149713033,0.0010224921356454494,0.14779066149713033,0.0008049397137735682,8189
imap_idex_l1b_sci-10days_20260530_v022.cdf,46,834062659797833216,2026-06-07T00:03:10.613833216,TOF M,TOF_Mid,mean,5.793425412138234,0.01160195603614599,5.793425412138234,0.011354204331705059,8189
imap_idex_l1b_sci-10days_20260530_v022.cdf,46,834062659797833216,2026-06-07T00:03:10.613833216,TOF L,TOF_Low,mean,263.8871229698376,1.2199974849187356,263.8871229698376,0.9469728544946531,8189
imap_idex_l1b_sci-10days_20260530_v022.cdf,46,834062659797833216,2026-06-07T00:03:10.613833216,Target H,Target_High,mean,333.16435937500006,0.011327990624948086,333.16435937500006,0.11545521212080936,512
imap_idex_l1b_sci-10days_20260530_v022.cdf,46,834062659797833216,2026-06-07T00:03:10.613833216,Target L,Target_Low,mean,32604.22578125001,10.339976718735976,32604.22578125001,9.5293030478173,512
imap_idex_l1b_sci-10days_20260530_v022.cdf,46,834062659797833216,2026-06-07T00:03:10.613833216,Ion Grid,Ion_Grid,mean,1.5095397421874996,0.0005400486328132268,1.5095397421874996,0.00047311130670568224,512
imap_idex_l1b_sci-10days_20260609_v011.cdf,16,834753770946561408,2026-06-15T00:01:41.762561408,TOF H,TOF_High,mean,0.14777608621321286,0.0010008828197094206,0.14777608621321286,0.00081714609197943,8189
imap_idex_l1b_sci-10days_20260609_v011.cdf,16,834753770946561408,2026-06-15T00:01:41.762561408,TOF M,TOF_Mid,mean,5.792947966784711,0.010894095555012778,5.792947966784711,0.011208105824634603,8189
imap_idex_l1b_sci-10days_20260609_v011.cdf,16,834753770946561408,2026-06-15T00:01:41.762561408,TOF L,TOF_Low,mean,263.9618786176578,1.1770044385394698,263.9618786176578,0.9496807432745615,8189
imap_idex_l1b_sci-10days_20260609_v011.cdf,16,834753770946561408,2026-06-15T00:01:41.762561408,Target H,Target_High,mean,333.167224609375,0.0070799941406452255,333.167224609375,0.11936353977976358,512
imap_idex_l1b_sci-10days_20260609_v011.cdf,16,834753770946561408,2026-06-15T00:01:41.762561408,Target L,Target_Low,mean,32602.59023437501,10.660241484386866,32602.59023437501,9.393372743991385,512
imap_idex_l1b_sci-10days_20260609_v011.cdf,16,834753770946561408,2026-06-15T00:01:41.762561408,Ion Grid,Ion_Grid,mean,1.5096169648437499,0.0006804612773435334,1.5096169648437499,0.0004925519947316004,512
imap_idex_l1b_sci-10days_20260609_v011.cdf,22,834753822946176768,2026-06-15T00:02:33.762176768,TOF H,TOF_High,mean,0.14776606349981683,0.0009860231448284588,0.14776606349981683,0.0008404108674076739,8189
imap_idex_l1b_sci-10days_20260609_v011.cdf,22,834753822946176768,2026-06-15T00:02:33.762176768,TOF M,TOF_Mid,mean,5.793479228232995,0.011681743778238593,5.793479228232995,0.011216587166415382,8189
imap_idex_l1b_sci-10days_20260609_v011.cdf,22,834753822946176768,2026-06-15T00:02:33.762176768,TOF L,TOF_Low,mean,263.96796702894125,1.1860311171082814,263.96796702894125,0.9563196653675778,8189
imap_idex_l1b_sci-10days_20260609_v011.cdf,22,834753822946176768,2026-06-15T00:02:33.762176768,Target H,Target_High,mean,333.17454687500003,0.003775996875010787,333.17454687500003,0.11612744611088331,512
imap_idex_l1b_sci-10days_20260609_v011.cdf,22,834753822946176768,2026-06-15T00:02:33.762176768,Target L,Target_Low,mean,32603.855468750007,10.88900203124029,32603.855468750007,9.299481744579397,512
imap_idex_l1b_sci-10days_20260609_v011.cdf,22,834753822946176768,2026-06-15T00:02:33.762176768,Ion Grid,Ion_Grid,mean,1.5098573749999997,6.912622500060922e-05,1.5098573749999997,0.00046156395141953713,512
imap_idex_l1b_sci-10days_20260609_v011.cdf,23,834753834946106496,2026-06-15T00:02:45.762106496,TOF H,TOF_High,mean,0.1477704396141165,0.0009925111718891663,0.1477704396141165,0.0008228698486465522,8189
imap_idex_l1b_sci-10days_20260609_v011.cdf,23,834753834946106496,2026-06-15T00:02:45.762106496,TOF M,TOF_Mid,mean,5.793259824154353,0.011356455291243857,5.793259824154353,0.011253814279357177,8189
imap_idex_l1b_sci-10days_20260609_v011.cdf,23,834753834946106496,2026-06-15T00:02:45.762106496,TOF L,TOF_Low,mean,263.9341983148126,1.150203578458823,263.9341983148126,0.9477680698970401,8189
imap_idex_l1b_sci-10days_20260609_v011.cdf,23,834753834946106496,2026-06-15T00:02:45.762106496,Target H,Target_High,mean,333.27705859375,0.08590392890632685,333.27705859375,0.11952518564834785,512
imap_idex_l1b_sci-10days_20260609_v011.cdf,23,834753834946106496,2026-06-15T00:02:45.762106496,Target L,Target_Low,mean,32604.750390625006,9.562190859367448,32604.750390625006,9.61699138425857,512
imap_idex_l1b_sci-10days_20260609_v011.cdf,23,834753834946106496,2026-06-15T00:02:45.762106496,Ion Grid,Ion_Grid,mean,1.5098165781249997,0.0001296116718756485,1.5098165781249997,0.0004944984613439237,512
imap_idex_l1b_sci-10days_20260609_v011.cdf,24,834753846946016256,2026-06-15T00:02:57.762016256,TOF H,TOF_High,mean,0.14775628782513126,0.0009715297295396257,0.14775628782513126,0.0008105258903347505,8189
imap_idex_l1b_sci-10days_20260609_v011.cdf,24,834753846946016256,2026-06-15T00:02:57.762016256,TOF M,TOF_Mid,mean,5.793069397972889,0.011074129434606271,5.793069397972889,0.011301352268137409,8189
imap_idex_l1b_sci-10days_20260609_v011.cdf,24,834753846946016256,2026-06-15T00:02:57.762016256,TOF L,TOF_Low,mean,263.9357674929784,1.1478771149101732,263.9357674929784,0.9503582437507241,8189
imap_idex_l1b_sci-10days_20260609_v011.cdf,24,834753846946016256,2026-06-15T00:02:57.762016256,Target H,Target_High,mean,333.25732031250004,0.12649589531252425,333.25732031250004,0.12387739235793711,512
imap_idex_l1b_sci-10days_20260609_v011.cdf,24,834753846946016256,2026-06-15T00:02:57.762016256,Target L,Target_Low,mean,32605.028125000008,9.150421874989211,32605.028125000008,9.154370007508287,512
imap_idex_l1b_sci-10days_20260609_v011.cdf,24,834753846946016256,2026-06-15T00:02:57.762016256,Ion Grid,Ion_Grid,mean,1.5096810742187499,0.0003305097632816527,1.5096810742187499,0.0004769435508963442,512
imap_idex_l1b_sci-10days_20260609_v011.cdf,25,834753858945925888,2026-06-15T00:03:09.761925888,TOF H,TOF_High,mean,0.14775505263157893,0.0009696984315789425,0.14775505263157893,0.000809767830596837,8189
imap_idex_l1b_sci-10days_20260609_v011.cdf,25,834753858945925888,2026-06-15T00:03:09.761925888,TOF M,TOF_Mid,mean,5.793048699474904,0.011043441841493834,5.793048699474904,0.011343220570290689,8189
imap_idex_l1b_sci-10days_20260609_v011.cdf,25,834753858945925888,2026-06-15T00:03:09.761925888,TOF L,TOF_Low,mean,263.9580498229332,1.1713278674807814,263.9580498229332,0.9563662205157498,8189
imap_idex_l1b_sci-10days_20260609_v011.cdf,25,834753858945925888,2026-06-15T00:03:09.761925888,Target H,Target_High,mean,333.27387500000003,0.1510398750000101,333.27387500000003,0.1218247813203433,512
imap_idex_l1b_sci-10days_20260609_v011.cdf,25,834753858945925888,2026-06-15T00:03:09.761925888,Target L,Target_Low,mean,32605.12070312501,9.013165546863133,32605.12070312501,8.920387961328133,512
imap_idex_l1b_sci-10days_20260609_v011.cdf,25,834753858945925888,2026-06-15T00:03:09.761925888,Ion Grid,Ion_Grid,mean,1.5096359062499998,0.00039747579375054023,1.5096359062499998,0.0004821518730762913,512
imap_idex_l1b_sci-10days_20260619_v015.cdf,6,835444971087960960,2026-06-23T00:01:41.903960960,TOF H,TOF_High,mean,0.1477233258029063,0.0009226602353889273,0.1477233258029063,0.0008086931544130996,8189
imap_idex_l1b_sci-10days_20260619_v015.cdf,6,835444971087960960,2026-06-23T00:01:41.903960960,TOF M,TOF_Mid,mean,5.793382635242398,0.011538535010379233,5.793382635242398,0.011290729940000688,8189
imap_idex_l1b_sci-10days_20260619_v015.cdf,6,835444971087960960,2026-06-23T00:01:41.903960960,TOF L,TOF_Low,mean,263.9187576016608,1.1730959797776876,263.9187576016608,0.9530976479950293,8189
imap_idex_l1b_sci-10days_20260619_v015.cdf,6,835444971087960960,2026-06-23T00:01:41.903960960,Target H,Target_High,mean,333.22612109375007,0.16142386640620549,333.22612109375007,0.12550790945714962,512
imap_idex_l1b_sci-10days_20260619_v015.cdf,6,835444971087960960,2026-06-23T00:01:41.903960960,Target L,Target_Low,mean,32605.52187500001,8.418388124987056,32605.52187500001,8.938784326426477,512
imap_idex_l1b_sci-10days_20260619_v015.cdf,6,835444971087960960,2026-06-23T00:01:41.903960960,Ion Grid,Ion_Grid,mean,1.5098471757812497,8.424758671936905e-05,1.5098471757812497,0.0004686094292969077,512
imap_idex_l1b_sci-10days_20260619_v015.cdf,12,835445023087576448,2026-06-23T00:02:33.903576448,TOF H,TOF_High,mean,0.14774365355965316,0.0009527981675418015,0.14774365355965316,0.0008533474609663493,8189
imap_idex_l1b_sci-10days_20260619_v015.cdf,12,835445023087576448,2026-06-23T00:02:33.903576448,TOF M,TOF_Mid,mean,5.7932322261570395,0.011315538500427274,5.7932322261570395,0.011326367888219039,8189
imap_idex_l1b_sci-10days_20260619_v015.cdf,12,835445023087576448,2026-06-23T00:02:33.903576448,TOF L,TOF_Low,mean,263.8850516546587,1.223068416802987,263.8850516546587,0.9528012361056666,8189
imap_idex_l1b_sci-10days_20260619_v015.cdf,12,835445023087576448,2026-06-23T00:02:33.903576448,Target H,Target_High,mean,333.06789648437507,0.0873199277344559,333.06789648437507,0.10736926565079892,512
imap_idex_l1b_sci-10days_20260619_v015.cdf,12,835445023087576448,2026-06-23T00:02:33.903576448,Target L,Target_Low,mean,32606.20078125001,7.411841718738134,32606.20078125001,9.439337537117751,512
imap_idex_l1b_sci-10days_20260619_v015.cdf,12,835445023087576448,2026-06-23T00:02:33.903576448,Ion Grid,Ion_Grid,mean,1.5099214843749997,2.5922334374405453e-05,1.5099214843749997,0.0004909135932176568,512
imap_idex_l1b_sci-10days_20260619_v015.cdf,13,835445035087506048,2026-06-23T00:02:45.903506048,TOF H,TOF_High,mean,0.14771817328123094,0.000915021106753012,0.14771817328123094,0.0008271986576011402,8189
imap_idex_l1b_sci-10days_20260619_v015.cdf,13,835445035087506048,2026-06-23T00:02:45.903506048,TOF M,TOF_Mid,mean,5.792491219929172,0.010216922666990685,5.792491219929172,0.011299618242037696,8189
imap_idex_l1b_sci-10days_20260619_v015.cdf,13,835445035087506048,2026-06-23T00:02:45.903506048,TOF L,TOF_Low,mean,263.9117904506044,1.1834254779338442,263.9117904506044,0.9508227995493028,8189
imap_idex_l1b_sci-10days_20260619_v015.cdf,13,835445035087506048,2026-06-23T00:02:45.903506048,Target H,Target_High,mean,333.25732031250004,0.12649589531252425,333.25732031250004,0.11519507460131494,512
imap_idex_l1b_sci-10days_20260619_v015.cdf,13,835445035087506048,2026-06-23T00:02:45.903506048,Target L,Target_Low,mean,32604.65781250001,9.699447187488133,32604.65781250001,9.056477389958868,512
imap_idex_l1b_sci-10days_20260619_v015.cdf,13,835445035087506048,2026-06-23T00:02:45.903506048,Ion Grid,Ion_Grid,mean,1.5096431914062498,0.0003866748210942362,1.5096431914062498,0.0004850119788352536,512
imap_idex_l1b_sci-10days_20260619_v015.cdf,14,835445047087415808,2026-06-23T00:02:57.903415808,TOF H,TOF_High,mean,0.14776662815972647,0.0009868603096104844,0.14776662815972647,0.0008031296067963021,8189
imap_idex_l1b_sci-10days_20260619_v015.cdf,14,835445047087415808,2026-06-23T00:02:57.903415808,TOF M,TOF_Mid,mean,5.793248784955428,0.011340088574918014,5.793248784955428,0.011311057295682367,8189
imap_idex_l1b_sci-10days_20260619_v015.cdf,14,835445047087415808,2026-06-23T00:02:57.903415808,TOF L,TOF_Low,mean,263.9369600683844,1.1461090026132668,263.9369600683844,0.9531073246734126,8189
imap_idex_l1b_sci-10days_20260619_v015.cdf,14,835445047087415808,2026-06-23T00:02:57.903415808,Target H,Target_High,mean,333.18759960937507,0.02312798085944107,333.18759960937507,0.12189090376941031,512
imap_idex_l1b_sci-10days_20260619_v015.cdf,14,835445047087415808,2026-06-23T00:02:57.903415808,Target L,Target_Low,mean,32606.54023437501,6.908568515610976,32606.54023437501,9.275847667197914,512
imap_idex_l1b_sci-10days_20260619_v015.cdf,14,835445047087415808,2026-06-23T00:02:57.903415808,Ion Grid,Ion_Grid,mean,1.5098661171874999,5.6165057812912696e-05,1.5098661171874999,0.00047853662217964765,512
imap_idex_l1b_sci-10days_20260619_v015.cdf,15,835445059087325568,2026-06-23T00:03:09.903325568,TOF H,TOF_High,mean,0.14774418292831845,0.0009535830095249632,0.14774418292831845,0.000811356545173842,8189
imap_idex_l1b_sci-10days_20260619_v015.cdf,15,835445059087325568,2026-06-23T00:03:09.903325568,TOF M,TOF_Mid,mean,5.793356417144951,0.011499664059104533,5.793356417144951,0.011266624249985313,8189
imap_idex_l1b_sci-10days_20260619_v015.cdf,15,835445059087325568,2026-06-23T00:03:09.903325568,TOF L,TOF_Low,mean,263.89697740871907,1.2053872938330805,263.89697740871907,0.9484822894580716,8189
imap_idex_l1b_sci-10days_20260619_v015.cdf,15,835445059087325568,2026-06-23T00:03:09.903325568,Target H,Target_High,mean,333.22548437500006,0.07929593437505798,333.22548437500006,0.11318560078300757,512
imap_idex_l1b_sci-10days_20260619_v015.cdf,15,835445059087325568,2026-06-23T00:03:09.903325568,Target L,Target_Low,mean,32605.552734375007,8.37263601561529,32605.552734375007,9.252822222742962,512
imap_idex_l1b_sci-10days_20260619_v015.cdf,15,835445059087325568,2026-06-23T00:03:09.903325568,Ion Grid,Ion_Grid,mean,1.5096315351562497,0.0004039563773443885,1.5096315351562497,0.00046473358750775625,512
imap_idex_l1b_sci-10days_20260629_v011.cdf,2,836136170246229504,2026-07-01T00:01:41.062229504,TOF H,TOF_High,mean,0.147735218952253,0.000940293018610325,0.147735218952253,0.0008014960201803596,8189
imap_idex_l1b_sci-10days_20260629_v011.cdf,2,836136170246229504,2026-07-01T00:01:41.062229504,TOF M,TOF_Mid,mean,5.793803504701428,0.012162516070337397,5.793803504701428,0.011670691375135238,8189
imap_idex_l1b_sci-10days_20260629_v011.cdf,2,836136170246229504,2026-07-01T00:01:41.062229504,TOF L,TOF_Low,mean,263.8460732690194,1.2808577713517662,263.8460732690194,0.8985450018157198,8189
imap_idex_l1b_sci-10days_20260629_v011.cdf,2,836136170246229504,2026-07-01T00:01:41.062229504,Target H,Target_High,mean,333.19842382812504,0.03917596757815264,333.19842382812504,0.12425929785773294,512
imap_idex_l1b_sci-10days_20260629_v011.cdf,2,836136170246229504,2026-07-01T00:01:41.062229504,Target L,Target_Low,mean,32605.367578125006,8.647148671867448,32605.367578125006,8.866419905859086,512
imap_idex_l1b_sci-10days_20260629_v011.cdf,2,836136170246229504,2026-07-01T00:01:41.062229504,Ion Grid,Ion_Grid,mean,1.5094931171874997,0.0006091748578131777,1.5094931171874997,0.0004785366221796761,512
imap_idex_l1b_sci-10days_20260629_v011.cdf,8,836136222245845120,2026-07-01T00:02:33.061845120,TOF H,TOF_High,mean,0.14774153608499205,0.000949658799609237,0.14774153608499205,0.0008548306414972247,8189
imap_idex_l1b_sci-10days_20260629_v011.cdf,8,836136222245845120,2026-07-01T00:02:33.061845120,TOF M,TOF_Mid,mean,5.795263438759311,0.01432701430455494,5.795263438759311,0.011553293681511805,8189
imap_idex_l1b_sci-10days_20260629_v011.cdf,8,836136222245845120,2026-07-01T00:02:33.061845120,TOF L,TOF_Low,mean,263.83941995359623,1.2907219767981926,263.83941995359623,0.8992323234948609,8189
imap_idex_l1b_sci-10days_20260629_v011.cdf,8,836136222245845120,2026-07-01T00:02:33.061845120,Target H,Target_High,mean,333.21943554687505,0.07032794179690736,333.21943554687505,0.11740815786518095,512
imap_idex_l1b_sci-10days_20260629_v011.cdf,8,836136222245845120,2026-07-01T00:02:33.061845120,Target L,Target_Low,mean,32605.707031250007,8.14387546874029,32605.707031250007,8.890713937109672,512
imap_idex_l1b_sci-10days_20260629_v011.cdf,8,836136222245845120,2026-07-01T00:02:33.061845120,Ion Grid,Ion_Grid,mean,1.5098544609374998,7.3446614063065e-05,1.5098544609374998,0.0004842519586038237,512
imap_idex_l1b_sci-10days_20260629_v011.cdf,9,836136234245755008,2026-07-01T00:02:45.061755008,TOF H,TOF_High,mean,0.14775889937721334,0.0009754016166565293,0.14775889937721334,0.0008015148567471324,8189
imap_idex_l1b_sci-10days_20260629_v011.cdf,9,836136234245755008,2026-07-01T00:02:45.061755008,TOF M,TOF_Mid,mean,5.794923983392356,0.013823737777507276,5.794923983392356,0.011564998976497202,8189
imap_idex_l1b_sci-10days_20260629_v011.cdf,9,836136234245755008,2026-07-01T00:02:45.061755008,TOF L,TOF_Low,mean,263.8782728049823,1.2331187393331875,263.8782728049823,0.9014012864549104,8189
imap_idex_l1b_sci-10days_20260629_v011.cdf,9,836136234245755008,2026-07-01T00:02:45.061755008,Target H,Target_High,mean,333.16117578125005,0.01604798671871157,333.16117578125005,0.12304167691154094,512
imap_idex_l1b_sci-10days_20260629_v011.cdf,9,836136234245755008,2026-07-01T00:02:45.061755008,Target L,Target_Low,mean,32606.07734375001,7.594850156235976,32606.07734375001,8.89242756193879,512
imap_idex_l1b_sci-10days_20260629_v011.cdf,9,836136234245755008,2026-07-01T00:02:45.061755008,Ion Grid,Ion_Grid,mean,1.5096533906249996,0.00037155345937580557,1.5096533906249996,0.00048253918614154904,512
imap_idex_l1b_sci-10days_20260629_v011.cdf,10,836136246245664768,2026-07-01T00:02:57.061664768,TOF H,TOF_High,mean,0.1477418889974356,0.0009501820275980389,0.1477418889974356,0.0007961021616991709,8189
imap_idex_l1b_sci-10days_20260629_v011.cdf,10,836136246245664768,2026-07-01T00:02:57.061664768,TOF M,TOF_Mid,mean,5.793911136890951,0.012322091554523917,5.793911136890951,0.011630543626070203,8189
imap_idex_l1b_sci-10days_20260629_v011.cdf,10,836136246245664768,2026-07-01T00:02:57.061664768,TOF L,TOF_Low,mean,263.8798419831482,1.2307922757844534,263.8798419831482,0.9025071132420243,8189
imap_idex_l1b_sci-10days_20260629_v011.cdf,10,836136246245664768,2026-07-01T00:02:57.061664768,Target H,Target_High,mean,333.18346093750006,0.2246718140624676,333.18346093750006,0.1250759395792126,512
imap_idex_l1b_sci-10days_20260629_v011.cdf,10,836136246245664768,2026-07-01T00:02:57.061664768,Target L,Target_Low,mean,32605.923046875007,7.82361070311637,32605.923046875007,9.154734094529728,512
imap_idex_l1b_sci-10days_20260629_v011.cdf,10,836136246245664768,2026-07-01T00:02:57.061664768,Ion Grid,Ion_Grid,mean,1.5096155078124998,0.00042771851718805985,1.5096155078124998,0.0004861421393239895,512
imap_idex_l1b_sci-10days_20260629_v011.cdf,11,836136258245574400,2026-07-01T00:03:09.061574400,TOF H,TOF_High,mean,0.14776419306386618,0.0009832500364880229,0.14776419306386618,0.0007949365394893899,8189
imap_idex_l1b_sci-10days_20260629_v011.cdf,11,836136258245574400,2026-07-01T00:03:09.061574400,TOF M,TOF_Mid,mean,5.795162706069116,0.014177668018072567,5.795162706069116,0.01164685318912892,8189
imap_idex_l1b_sci-10days_20260629_v011.cdf,11,836136258245574400,2026-07-01T00:03:09.061574400,TOF L,TOF_Low,mean,263.87676639394306,1.2353521443399924,263.87676639394306,0.9022287345651846,8189
imap_idex_l1b_sci-10days_20260629_v011.cdf,11,836136258245574400,2026-07-01T00:03:09.061574400,Target H,Target_High,mean,333.2703730468751,0.14584787929695456,333.2703730468751,0.11356062316183219,512
imap_idex_l1b_sci-10days_20260629_v011.cdf,11,836136258245574400,2026-07-01T00:03:09.061574400,Target L,Target_Low,mean,32607.37343750001,5.673261562487055,32607.37343750001,8.493899321488753,512
imap_idex_l1b_sci-10days_20260629_v011.cdf,11,836136258245574400,2026-07-01T00:03:09.061574400,Ion Grid,Ion_Grid,mean,1.5095441132812497,0.0005724515507808222,1.5095441132812497,0.00047301033416818894,512
