source_file,record_index,epoch_tt2000,epoch_utc,channel,cdf_variable,baseline,robust_sigma,mean,std,sample_count
imap_idex_l1b_sci-10days_20250927_v003.cdf,0,812608874320989312,2025-10-01T16:40:05.136989312,TOF H,TOF_High,0.14767899999999998,0.000856942800000034,0.14775413505922577,0.0008118534356970978,8189
imap_idex_l1b_sci-10days_20250927_v003.cdf,0,812608874320989312,2025-10-01T16:40:05.136989312,TOF M,TOF_Mid,5.7969,0.01675337999999914,5.796026523385029,0.011499070131406922,8189
imap_idex_l1b_sci-10days_20250927_v003.cdf,0,812608874320989312,2025-10-01T16:40:05.136989312,TOF L,TOF_Low,263.682,1.5241127999999453,263.8301304188546,0.9399977138942103,8189
imap_idex_l1b_sci-10days_20250927_v003.cdf,0,812608874320989312,2025-10-01T16:40:05.136989312,Target H,Target_High,333.009,0.10633012488935527,333.02682812500007,0.10633012488935527,512
imap_idex_l1b_sci-10days_20250927_v003.cdf,0,812608874320989312,2025-10-01T16:40:05.136989312,Target L,Target_Low,32611.2,23.42507999999892,32603.701171875007,9.148906963495763,512
imap_idex_l1b_sci-10days_20250927_v003.cdf,0,812608874320989312,2025-10-01T16:40:05.136989312,Ion Grid,Ion_Grid,1.5099040000000001,0.0004676684478341467,1.5100613593749999,0.0004676684478341467,512
imap_idex_l1b_sci-10days_20251027_v003.cdf,0,815539305676580736,2025-11-04T14:40:36.492580736,TOF H,TOF_High,0.14767899999999998,0.000856942800000034,0.14778752057638297,0.0008205184409138548,8189
imap_idex_l1b_sci-10days_20251027_v003.cdf,0,815539305676580736,2025-11-04T14:40:36.492580736,TOF M,TOF_Mid,5.7969,0.01675337999999914,5.793476468433264,0.011649463640439194,8189
imap_idex_l1b_sci-10days_20251027_v003.cdf,0,815539305676580736,2025-11-04T14:40:36.492580736,TOF L,TOF_Low,264.196,1.5241127999999453,263.9449942605935,0.95808738861418,8189
imap_idex_l1b_sci-10days_20251027_v003.cdf,0,815539305676580736,2025-11-04T14:40:36.492580736,Target H,Target_High,333.009,0.10607388492729783,332.98002929687505,0.10607388492729783,512
imap_idex_l1b_sci-10days_20251027_v003.cdf,0,815539305676580736,2025-11-04T14:40:36.492580736,Target L,Target_Low,32595.4,8.633568547209673,32600.584375000006,8.633568547209673,512
imap_idex_l1b_sci-10days_20251027_v003.cdf,0,815539305676580736,2025-11-04T14:40:36.492580736,Ion Grid,Ion_Grid,1.5099040000000001,0.0004731920692224557,1.5097641249999998,0.0004731920692224557,512
imap_idex_l1b_sci-10days_20251106_v003.cdf,0,815732731485125120,2025-11-06T20:24:22.301125120,TOF H,TOF_High,0.14767899999999998,0.000856942800000034,0.14774873549883988,0.0007681898977625009,8189
imap_idex_l1b_sci-10days_20251106_v003.cdf,0,815732731485125120,2025-11-06T20:24:22.301125120,TOF M,TOF_Mid,5.7969,0.01675337999999914,5.7916950177066795,0.011709016373839568,8189
imap_idex_l1b_sci-10days_20251106_v003.cdf,0,815732731485125120,2025-11-06T20:24:22.301125120,TOF L,TOF_Low,263.682,1.5241127999999453,263.79918622542436,0.9161765491250631,8189
imap_idex_l1b_sci-10days_20251106_v003.cdf,0,815732731485125120,2025-11-06T20:24:22.301125120,Target H,Target_High,333.172,0.11332878313093592,333.20765625,0.11332878313093592,512
imap_idex_l1b_sci-10days_20251106_v003.cdf,0,815732731485125120,2025-11-06T20:24:22.301125120,Target L,Target_Low,32611.2,8.975357839096798,32606.632812500007,8.975357839096798,512
imap_idex_l1b_sci-10days_20251106_v003.cdf,0,815732731485125120,2025-11-06T20:24:22.301125120,Ion Grid,Ion_Grid,1.5099040000000001,0.0005019784565440896,1.5096635898437496,0.0005019784565440896,512
imap_idex_l1b_sci-10days_20251106_v003.cdf,21,815734487567478016,2025-11-06T20:53:38.383478016,TOF H,TOF_High,0.14767899999999998,0.000856942800000034,0.14774312419098792,0.000779829494899917,8189
imap_idex_l1b_sci-10days_20251106_v003.cdf,21,815734487567478016,2025-11-06T20:53:38.383478016,TOF M,TOF_Mid,5.7969,0.01675337999999914,5.792190401758456,0.011622123861211073,8189
imap_idex_l1b_sci-10days_20251106_v003.cdf,21,815734487567478016,2025-11-06T20:53:38.383478016,TOF L,TOF_Low,263.682,1.5241127999999453,263.84965099523754,0.9170645161187857,8189
imap_idex_l1b_sci-10days_20251106_v003.cdf,21,815734487567478016,2025-11-06T20:53:38.383478016,Target H,Target_High,333.172,0.1216766032790343,333.19555859375004,0.1216766032790343,512
imap_idex_l1b_sci-10days_20251106_v003.cdf,21,815734487567478016,2025-11-06T20:53:38.383478016,Target L,Target_Low,32611.2,9.006233387917451,32604.19492187501,9.006233387917451,512
imap_idex_l1b_sci-10days_20251106_v003.cdf,21,815734487567478016,2025-11-06T20:53:38.383478016,Ion Grid,Ion_Grid,1.5099040000000001,0.0004686456702744618,1.5097393554687497,0.0004686456702744618,512
imap_idex_l1b_sci-10days_20251106_v003.cdf,22,815734746564904064,2025-11-06T20:57:57.380904064,TOF H,TOF_High,0.14767899999999998,0.000856942800000034,0.14770758590792527,0.0007726425923448746,8189
imap_idex_l1b_sci-10days_20251106_v003.cdf,22,815734746564904064,2025-11-06T20:57:57.380904064,TOF M,TOF_Mid,5.7969,0.01675337999999914,5.792452582732934,0.011676980421494959,8189
imap_idex_l1b_sci-10days_20251106_v003.cdf,22,815734746564904064,2025-11-06T20:57:57.380904064,TOF L,TOF_Low,263.682,1.5241127999999453,263.84575943338626,0.9279405645317058,8189
imap_idex_l1b_sci-10days_20251106_v003.cdf,22,815734746564904064,2025-11-06T20:57:57.380904064,Target H,Target_High,333.172,0.24166380000001617,333.2283496093751,0.11700345898267567,512
imap_idex_l1b_sci-10days_20251106_v003.cdf,22,815734746564904064,2025-11-06T20:57:57.380904064,Target L,Target_Low,32611.2,9.423181883605732,32605.707031250007,9.423181883605732,512
imap_idex_l1b_sci-10days_20251106_v003.cdf,22,815734746564904064,2025-11-06T20:57:57.380904064,Ion Grid,Ion_Grid,1.5099040000000001,0.00047200616735537394,1.5098049218749996,0.00047200616735537394,512
imap_idex_l1b_sci-10days_20251106_v003.cdf,23,815734931563056768,2025-11-06T21:01:02.379056768,TOF H,TOF_High,0.14767899999999998,0.000856942800000034,0.1477544173891806,0.0007658771428525896,8189
imap_idex_l1b_sci-10days_20251106_v003.cdf,23,815734931563056768,2025-11-06T21:01:02.379056768,TOF M,TOF_Mid,5.7856,0.01675338000000046,5.791080962266454,0.011578359147108244,8189
imap_idex_l1b_sci-10days_20251106_v003.cdf,23,815734931563056768,2025-11-06T21:01:02.379056768,TOF L,TOF_Low,263.682,1.5241127999999453,263.8222845280254,0.920842205908746,8189
imap_idex_l1b_sci-10days_20251106_v003.cdf,23,815734931563056768,2025-11-06T21:01:02.379056768,Target H,Target_High,333.172,0.119289219578786,333.19874218750005,0.119289219578786,512
imap_idex_l1b_sci-10days_20251106_v003.cdf,23,815734931563056768,2025-11-06T21:01:02.379056768,Target L,Target_Low,32611.2,9.312733577384334,32604.318359375007,9.312733577384334,512
imap_idex_l1b_sci-10days_20251106_v003.cdf,23,815734931563056768,2025-11-06T21:01:02.379056768,Ion Grid,Ion_Grid,1.5099040000000001,0.00047085334947199553,1.5098981718749998,0.00047085334947199553,512
imap_idex_l1b_sci-10days_20251106_v003.cdf,24,815735090561493120,2025-11-06T21:03:41.377493120,TOF H,TOF_High,0.14767899999999998,0.000856942800000034,0.14773627768958358,0.0007703784003863881,8189
imap_idex_l1b_sci-10days_20251106_v003.cdf,24,815735090561493120,2025-11-06T21:03:41.377493120,TOF M,TOF_Mid,5.7969,0.01675337999999914,5.791977897179143,0.011654771503112825,8189
imap_idex_l1b_sci-10days_20251106_v003.cdf,24,815735090561493120,2025-11-06T21:03:41.377493120,TOF L,TOF_Low,263.682,1.5241127999999453,263.83239003541337,0.9239542812096501,8189
imap_idex_l1b_sci-10days_20251106_v003.cdf,24,815735090561493120,2025-11-06T21:03:41.377493120,Target H,Target_High,333.172,0.12095477805507329,333.17391015625003,0.12095477805507329,512
imap_idex_l1b_sci-10days_20251106_v003.cdf,24,815735090561493120,2025-11-06T21:03:41.377493120,Target L,Target_Low,32611.2,9.738614450714719,32604.935546875007,9.738614450714719,512
imap_idex_l1b_sci-10days_20251106_v003.cdf,24,815735090561493120,2025-11-06T21:03:41.377493120,Ion Grid,Ion_Grid,1.5099040000000001,0.0004578116464736125,1.5097714101562498,0.0004578116464736125,512
imap_idex_l1b_sci-10days_20251126_v003.cdf,23,817732986008159104,2025-11-30T00:01:56.824159104,TOF H,TOF_High,0.14767899999999998,0.000856942800000034,0.1476994336304799,0.0007896565486283081,8189
imap_idex_l1b_sci-10days_20251126_v003.cdf,23,817732986008159104,2025-11-30T00:01:56.824159104,TOF M,TOF_Mid,5.7969,0.01675337999999914,5.793023861277323,0.011482368084831702,8189
imap_idex_l1b_sci-10days_20251126_v003.cdf,23,817732986008159104,2025-11-30T00:01:56.824159104,TOF L,TOF_Low,263.682,1.5241127999999453,263.75976846989863,0.8949463963096,8189
imap_idex_l1b_sci-10days_20251126_v003.cdf,23,817732986008159104,2025-11-30T00:01:56.824159104,Target H,Target_High,333.172,0.24166380000001617,333.149078125,0.12179815586241874,512
imap_idex_l1b_sci-10days_20251126_v003.cdf,23,817732986008159104,2025-11-30T00:01:56.824159104,Target L,Target_Low,32611.2,8.967237382993247,32604.873828125008,8.967237382993247,512
imap_idex_l1b_sci-10days_20251126_v003.cdf,23,817732986008159104,2025-11-30T00:01:56.824159104,Ion Grid,Ion_Grid,1.509158,0.0004581824680812777,1.50950040234375,0.0004581824680812777,512
imap_idex_l1b_sci-10days_20251126_v003.cdf,31,817733062007650816,2025-11-30T00:03:12.823650816,TOF H,TOF_High,0.14767899999999998,0.000856942800000034,0.1477460886555135,0.0007951502179137276,8189
imap_idex_l1b_sci-10days_20251126_v003.cdf,31,817733062007650816,2025-11-30T00:03:12.823650816,TOF M,TOF_Mid,5.7969,0.01675337999999914,5.7937427891073385,0.011426064507958987,8189
imap_idex_l1b_sci-10days_20251126_v003.cdf,31,817733062007650816,2025-11-30T00:03:12.823650816,TOF L,TOF_Low,263.682,1.5241127999999453,263.78387104652586,0.8955553271443846,8189
imap_idex_l1b_sci-10days_20251126_v003.cdf,31,817733062007650816,2025-11-30T00:03:12.823650816,Target H,Target_High,333.172,0.12020290499397125,333.166587890625,0.12020290499397125,512
imap_idex_l1b_sci-10days_20251126_v003.cdf,31,817733062007650816,2025-11-30T00:03:12.823650816,Target L,Target_Low,32611.2,9.090901615763553,32604.781250000007,9.090901615763553,512
imap_idex_l1b_sci-10days_20251126_v003.cdf,31,817733062007650816,2025-11-30T00:03:12.823650816,Ion Grid,Ion_Grid,1.5099040000000001,0.00048743956442235797,1.50979763671875,0.00048743956442235797,512
imap_idex_l1b_sci-10days_20251126_v003.cdf,32,817733074007560064,2025-11-30T00:03:24.823560064,TOF H,TOF_High,0.14767899999999998,0.000856942800000034,0.1477262196849432,0.0007875310944894426,8189
imap_idex_l1b_sci-10days_20251126_v003.cdf,32,817733074007560064,2025-11-30T00:03:24.823560064,TOF M,TOF_Mid,5.7969,0.01675337999999914,5.7932681035535465,0.01145966985974912,8189
imap_idex_l1b_sci-10days_20251126_v003.cdf,32,817733074007560064,2025-11-30T00:03:24.823560064,TOF L,TOF_Low,263.682,1.5241127999999453,263.7674260593479,0.8934538791825047,8189
imap_idex_l1b_sci-10days_20251126_v003.cdf,32,817733074007560064,2025-11-30T00:03:24.823560064,Target H,Target_High,333.172,0.12119586414041893,333.16499609375006,0.12119586414041893,512
imap_idex_l1b_sci-10days_20251126_v003.cdf,32,817733074007560064,2025-11-30T00:03:24.823560064,Target L,Target_Low,32611.2,11.71253999999946,32603.639453125004,9.15140475970329,512
imap_idex_l1b_sci-10days_20251126_v003.cdf,32,817733074007560064,2025-11-30T00:03:24.823560064,Ion Grid,Ion_Grid,1.509158,0.0004890679002672464,1.5093765546874998,0.0004890679002672464,512
imap_idex_l1b_sci-10days_20251206_v003.cdf,126,818510585907882368,2025-12-09T00:01:56.723882368,TOF H,TOF_High,0.14767899999999998,0.000856942800000034,0.14771976138722678,0.0007850192358181733,8189
imap_idex_l1b_sci-10days_20251206_v003.cdf,126,818510585907882368,2025-12-09T00:01:56.723882368,TOF M,TOF_Mid,5.7969,0.01675337999999914,5.792411185736965,0.011460159851226653,8189
imap_idex_l1b_sci-10days_20251206_v003.cdf,126,818510585907882368,2025-12-09T00:01:56.723882368,TOF L,TOF_Low,263.682,1.5241127999999453,263.7640994016363,0.8905653858342403,8189
imap_idex_l1b_sci-10days_20251206_v003.cdf,126,818510585907882368,2025-12-09T00:01:56.723882368,Target H,Target_High,333.172,0.11647907692971324,333.132841796875,0.11647907692971324,512
imap_idex_l1b_sci-10days_20251206_v003.cdf,126,818510585907882368,2025-12-09T00:01:56.723882368,Target L,Target_Low,32611.2,9.340353394710391,32607.06484375001,9.340353394710391,512
imap_idex_l1b_sci-10days_20251206_v003.cdf,126,818510585907882368,2025-12-09T00:01:56.723882368,Ion Grid,Ion_Grid,1.5099040000000001,0.0011060195999998716,1.50958782421875,0.00046976775383001247,512
imap_idex_l1b_sci-10days_20251206_v003.cdf,132,818510637907555712,2025-12-09T00:02:48.723555712,TOF H,TOF_High,0.14767899999999998,0.000856942800000034,0.1476781177188912,0.000788666964390139,8189
imap_idex_l1b_sci-10days_20251206_v003.cdf,132,818510637907555712,2025-12-09T00:02:48.723555712,TOF M,TOF_Mid,5.7969,0.01675337999999914,5.7917336549029175,0.01147747455305838,8189
imap_idex_l1b_sci-10days_20251206_v003.cdf,132,818510637907555712,2025-12-09T00:02:48.723555712,TOF L,TOF_Low,263.682,1.5241127999999453,263.7780337037489,0.9004200259141572,8189
imap_idex_l1b_sci-10days_20251206_v003.cdf,132,818510637907555712,2025-12-09T00:02:48.723555712,Target H,Target_High,333.172,0.24166380000001617,333.1981054687501,0.12158327509404498,512
imap_idex_l1b_sci-10days_20251206_v003.cdf,132,818510637907555712,2025-12-09T00:02:48.723555712,Target L,Target_Low,32611.2,9.075594762222382,32607.064843750006,9.075594762222382,512
imap_idex_l1b_sci-10days_20251206_v003.cdf,132,818510637907555712,2025-12-09T00:02:48.723555712,Ion Grid,Ion_Grid,1.5099040000000001,0.00047762186660681497,1.5096125937499996,0.00047762186660681497,512
imap_idex_l1b_sci-10days_20251206_v003.cdf,133,818510649907464960,2025-12-09T00:03:00.723464960,TOF H,TOF_High,0.14767899999999998,0.000856942800000034,0.14771979667847113,0.0007853486359378427,8189
imap_idex_l1b_sci-10days_20251206_v003.cdf,133,818510649907464960,2025-12-09T00:03:00.723464960,TOF M,TOF_Mid,5.7856,0.01675338000000046,5.790661472707289,0.011490230388790776,8189
imap_idex_l1b_sci-10days_20251206_v003.cdf,133,818510649907464960,2025-12-09T00:03:00.723464960,TOF L,TOF_Low,263.682,1.5241127999999453,263.77376553913786,0.8934932774694087,8189
imap_idex_l1b_sci-10days_20251206_v003.cdf,133,818510649907464960,2025-12-09T00:03:00.723464960,Target H,Target_High,333.172,0.12660300181418035,333.1185156250001,0.12660300181418035,512
imap_idex_l1b_sci-10days_20251206_v003.cdf,133,818510649907464960,2025-12-09T00:03:00.723464960,Target L,Target_Low,32611.2,9.099644303967743,32606.108203125004,9.099644303967743,512
imap_idex_l1b_sci-10days_20251206_v003.cdf,133,818510649907464960,2025-12-09T00:03:00.723464960,Ion Grid,Ion_Grid,1.5099040000000001,0.0011060195999998716,1.5095397421874999,0.0004731113067056823,512
imap_idex_l1b_sci-10days_20251206_v003.cdf,134,818510661907394176,2025-12-09T00:03:12.723394176,TOF H,TOF_High,0.14767899999999998,0.000856942800000034,0.14768404664794235,0.0007940771948010018,8189
imap_idex_l1b_sci-10days_20251206_v003.cdf,134,818510661907394176,2025-12-09T00:03:12.723394176,TOF M,TOF_Mid,5.7969,0.01675337999999914,5.791503211625351,0.011438614994710834,8189
imap_idex_l1b_sci-10days_20251206_v003.cdf,134,818510661907394176,2025-12-09T00:03:12.723394176,TOF L,TOF_Low,263.682,1.5241127999999453,263.7865072658444,0.8975908783428631,8189
imap_idex_l1b_sci-10days_20251206_v003.cdf,134,818510661907394176,2025-12-09T00:03:12.723394176,Target H,Target_High,333.172,0.1156919896075447,333.17008984375,0.1156919896075447,512
imap_idex_l1b_sci-10days_20251206_v003.cdf,134,818510661907394176,2025-12-09T00:03:12.723394176,Target L,Target_Low,32611.2,9.277490155094396,32606.04648437501,9.277490155094396,512
imap_idex_l1b_sci-10days_20251206_v003.cdf,134,818510661907394176,2025-12-09T00:03:12.723394176,Ion Grid,Ion_Grid,1.5099040000000001,0.0011060195999998716,1.5095601406249997,0.0004629967557657974,512
imap_idex_l1b_sci-10days_20251206_v003.cdf,135,818510673907323520,2025-12-09T00:03:24.723323520,TOF H,TOF_High,0.14767899999999998,0.000856942800000034,0.14767571791427525,0.0007917454073948934,8189
imap_idex_l1b_sci-10days_20251206_v003.cdf,135,818510673907323520,2025-12-09T00:03:24.723323520,TOF M,TOF_Mid,5.7969,0.01675337999999914,5.791915801685187,0.011342573098574811,8189
imap_idex_l1b_sci-10days_20251206_v003.cdf,135,818510673907323520,2025-12-09T00:03:24.723323520,TOF L,TOF_Low,263.682,1.5241127999999453,263.7352892905117,0.8908171547973924,8189
imap_idex_l1b_sci-10days_20251206_v003.cdf,135,818510673907323520,2025-12-09T00:03:24.723323520,Target H,Target_High,333.172,0.123096030856002,333.1516250000001,0.123096030856002,512
imap_idex_l1b_sci-10days_20251206_v003.cdf,135,818510673907323520,2025-12-09T00:03:24.723323520,Target L,Target_Low,32611.2,9.180962278506934,32606.50937500001,9.180962278506934,512
imap_idex_l1b_sci-10days_20251206_v003.cdf,135,818510673907323520,2025-12-09T00:03:24.723323520,Ion Grid,Ion_Grid,1.5099040000000001,0.0011060195999998716,1.5095499414062499,0.0004751061440660557,512
imap_idex_l1b_sci-10days_20251216_v003.cdf,15,819201784692519680,2025-12-17T00:01:55.508519680,TOF H,TOF_High,0.14767899999999998,0.000856942800000034,0.14774658273293442,0.0007755892128471906,8189
imap_idex_l1b_sci-10days_20251216_v003.cdf,15,819201784692519680,2025-12-17T00:01:55.508519680,TOF M,TOF_Mid,5.7969,0.01675337999999914,5.794053266577116,0.01121987645590652,8189
imap_idex_l1b_sci-10days_20251216_v003.cdf,15,819201784692519680,2025-12-17T00:01:55.508519680,TOF L,TOF_Low,264.196,1.5241127999999453,263.9516475760166,0.9265925888599391,8189
imap_idex_l1b_sci-10days_20251216_v003.cdf,15,819201784692519680,2025-12-17T00:01:55.508519680,Target H,Target_High,333.172,0.11874420601614215,333.16817968750007,0.11874420601614215,512
imap_idex_l1b_sci-10days_20251216_v003.cdf,15,819201784692519680,2025-12-17T00:01:55.508519680,Target L,Target_Low,32611.2,8.773619349183546,32607.496875000008,8.773619349183546,512
imap_idex_l1b_sci-10days_20251216_v003.cdf,15,819201784692519680,2025-12-17T00:01:55.508519680,Ion Grid,Ion_Grid,1.5099040000000001,0.0004622051292746005,1.50965193359375,0.0004622051292746005,512
imap_idex_l1b_sci-10days_20251216_v003.cdf,21,819201836692193024,2025-12-17T00:02:47.508193024,TOF H,TOF_High,0.14767899999999998,0.000856942800000034,0.1477548055928685,0.0007803964761396373,8189
imap_idex_l1b_sci-10days_20251216_v003.cdf,21,819201836692193024,2025-12-17T00:02:47.508193024,TOF M,TOF_Mid,5.7969,0.01675337999999914,5.793958053486383,0.011155522223289941,8189
imap_idex_l1b_sci-10days_20251216_v003.cdf,21,819201836692193024,2025-12-17T00:02:47.508193024,TOF L,TOF_Low,264.196,1.5241127999999453,263.9669627549152,0.926187249984828,8189
imap_idex_l1b_sci-10days_20251216_v003.cdf,21,819201836692193024,2025-12-17T00:02:47.508193024,Target H,Target_High,333.33500000000004,0.2416637999999319,333.25477343750003,0.11836120331715054,512
imap_idex_l1b_sci-10days_20251216_v003.cdf,21,819201836692193024,2025-12-17T00:02:47.508193024,Target L,Target_Low,32611.2,9.270918457554405,32608.021484375007,9.270918457554405,512
imap_idex_l1b_sci-10days_20251216_v003.cdf,21,819201836692193024,2025-12-17T00:02:47.508193024,Ion Grid,Ion_Grid,1.5099040000000001,0.0004618743099140749,1.5097335273437498,0.0004618743099140749,512
imap_idex_l1b_sci-10days_20251216_v003.cdf,22,819201848692102400,2025-12-17T00:02:59.508102400,TOF H,TOF_High,0.14767899999999998,0.000856942800000034,0.14774725326657712,0.0007691323352438999,8189
imap_idex_l1b_sci-10days_20251216_v003.cdf,22,819201848692102400,2025-12-17T00:02:59.508102400,TOF M,TOF_Mid,5.7969,0.01675337999999914,5.792321492245694,0.011323861195749609,8189
imap_idex_l1b_sci-10days_20251216_v003.cdf,22,819201848692102400,2025-12-17T00:02:59.508102400,TOF L,TOF_Low,264.196,1.5241127999999453,263.9823407009403,0.9320211228733098,8189
imap_idex_l1b_sci-10days_20251216_v003.cdf,22,819201848692102400,2025-12-17T00:02:59.508102400,Target H,Target_High,333.172,0.24166380000001617,333.22070898437505,0.12336538746962973,512
imap_idex_l1b_sci-10days_20251216_v003.cdf,22,819201848692102400,2025-12-17T00:02:59.508102400,Target L,Target_Low,32611.2,8.683227146936545,32607.89804687501,8.683227146936545,512
imap_idex_l1b_sci-10days_20251216_v003.cdf,22,819201848692102400,2025-12-17T00:02:59.508102400,Ion Grid,Ion_Grid,1.5099040000000001,0.0004926661986958726,1.5096388203124997,0.0004926661986958726,512
imap_idex_l1b_sci-10days_20251216_v003.cdf,23,819201860692031616,2025-12-17T00:03:11.508031616,TOF H,TOF_High,0.14767899999999998,0.000856942800000034,0.14774513579191598,0.0007813014793198732,8189
imap_idex_l1b_sci-10days_20251216_v003.cdf,23,819201860692031616,2025-12-17T00:03:11.508031616,TOF M,TOF_Mid,5.7969,0.01675337999999914,5.793273623153009,0.011284552981285011,8189
imap_idex_l1b_sci-10days_20251216_v003.cdf,23,819201860692031616,2025-12-17T00:03:11.508031616,TOF L,TOF_Low,264.196,1.5241127999999453,263.95692001465386,0.9185671311240292,8189
imap_idex_l1b_sci-10days_20251216_v003.cdf,23,819201860692031616,2025-12-17T00:03:11.508031616,Target H,Target_High,333.172,0.11676630289419225,333.20192578125005,0.11676630289419225,512
imap_idex_l1b_sci-10days_20251216_v003.cdf,23,819201860692031616,2025-12-17T00:03:11.508031616,Target L,Target_Low,32611.2,8.901151218323802,32607.219140625006,8.901151218323802,512
imap_idex_l1b_sci-10days_20251216_v003.cdf,23,819201860692031616,2025-12-17T00:03:11.508031616,Ion Grid,Ion_Grid,1.5099040000000001,0.00045940405571844956,1.50969855859375,0.00045940405571844956,512
imap_idex_l1b_sci-10days_20251216_v003.cdf,24,819201872691961088,2025-12-17T00:03:23.507961088,TOF H,TOF_High,0.14767899999999998,0.000856942800000034,0.1477460180730248,0.0007788531465408395,8189
imap_idex_l1b_sci-10days_20251216_v003.cdf,24,819201872691961088,2025-12-17T00:03:23.507961088,TOF M,TOF_Mid,5.7969,0.01675337999999914,5.793602039321041,0.011260927317813087,8189
imap_idex_l1b_sci-10days_20251216_v003.cdf,24,819201872691961088,2025-12-17T00:03:23.507961088,TOF L,TOF_Low,264.196,1.5241127999999453,263.9674648919282,0.9258932394045144,8189
imap_idex_l1b_sci-10days_20251216_v003.cdf,24,819201872691961088,2025-12-17T00:03:23.507961088,Target H,Target_High,333.172,0.24166380000001617,333.2296230468751,0.11229695433633723,512
imap_idex_l1b_sci-10days_20251216_v003.cdf,24,819201872691961088,2025-12-17T00:03:23.507961088,Target L,Target_Low,32611.2,8.775301579783742,32606.725390625008,8.775301579783742,512
imap_idex_l1b_sci-10days_20251216_v003.cdf,24,819201872691961088,2025-12-17T00:03:23.507961088,Ion Grid,Ion_Grid,1.509158,0.0011060195999998716,1.5095120585937498,0.0004974582941104851,512
imap_idex_l1b_sci-10days_20251216_v003.cdf,150,819892984236698624,2025-12-25T00:01:55.052698624,TOF H,TOF_High,0.14767899999999998,0.000856942800000034,0.14778455611185737,0.0007830188261114882,8189
imap_idex_l1b_sci-10days_20251216_v003.cdf,150,819892984236698624,2025-12-25T00:01:55.052698624,TOF M,TOF_Mid,5.7969,0.01675337999999914,5.793854560996459,0.011226068817488105,8189
imap_idex_l1b_sci-10days_20251216_v003.cdf,150,819892984236698624,2025-12-25T00:01:55.052698624,TOF L,TOF_Low,264.196,1.5241127999999453,264.0024889485896,0.9261053245719327,8189
imap_idex_l1b_sci-10days_20251216_v003.cdf,150,819892984236698624,2025-12-25T00:01:55.052698624,Target H,Target_High,333.172,0.24166380000001617,333.22675781250007,0.12187136187478866,512
imap_idex_l1b_sci-10days_20251216_v003.cdf,150,819892984236698624,2025-12-25T00:01:55.052698624,Target L,Target_Low,32611.2,9.134166488329177,32609.657031250004,9.134166488329177,512
imap_idex_l1b_sci-10days_20251216_v003.cdf,150,819892984236698624,2025-12-25T00:01:55.052698624,Ion Grid,Ion_Grid,1.5099040000000001,0.00047259724423467844,1.5097131289062498,0.00047259724423467844,512
imap_idex_l1b_sci-10days_20251216_v003.cdf,156,819893036236352256,2025-12-25T00:02:47.052352256,TOF H,TOF_High,0.14767899999999998,0.000856942800000034,0.14777467456343876,0.000778479088830546,8189
imap_idex_l1b_sci-10days_20251216_v003.cdf,156,819893036236352256,2025-12-25T00:02:47.052352256,TOF M,TOF_Mid,5.7969,0.01675337999999914,5.793626877518622,0.011269555610400009,8189
imap_idex_l1b_sci-10days_20251216_v003.cdf,156,819893036236352256,2025-12-25T00:02:47.052352256,TOF L,TOF_Low,264.196,1.5241127999999453,264.002928318476,0.9271544378806985,8189
imap_idex_l1b_sci-10days_20251216_v003.cdf,156,819893036236352256,2025-12-25T00:02:47.052352256,Target H,Target_High,333.172,0.1221902930367374,333.16817968750007,0.1221902930367374,512
imap_idex_l1b_sci-10days_20251216_v003.cdf,156,819893036236352256,2025-12-25T00:02:47.052352256,Target L,Target_Low,32611.2,8.515398362809403,32609.59531250001,8.515398362809403,512
imap_idex_l1b_sci-10days_20251216_v003.cdf,156,819893036236352256,2025-12-25T00:02:47.052352256,Ion Grid,Ion_Grid,1.5099040000000001,0.00048075628716719653,1.5097480976562498,0.00048075628716719653,512
imap_idex_l1b_sci-10days_20251216_v003.cdf,157,819893048236281472,2025-12-25T00:02:59.052281472,TOF H,TOF_High,0.14767899999999998,0.000856942800000034,0.14777308645744291,0.0007772239290422989,8189
imap_idex_l1b_sci-10days_20251216_v003.cdf,157,819893048236281472,2025-12-25T00:02:59.052281472,TOF M,TOF_Mid,5.7969,0.01675337999999914,5.793868359995115,0.011193643264772339,8189
imap_idex_l1b_sci-10days_20251216_v003.cdf,157,819893048236281472,2025-12-25T00:02:59.052281472,TOF L,TOF_Low,264.196,1.5241127999999453,263.99803248259866,0.9300148621577815,8189
imap_idex_l1b_sci-10days_20251216_v003.cdf,157,819893048236281472,2025-12-25T00:02:59.052281472,Target H,Target_High,333.172,0.11318560078300818,333.2051093750001,0.11318560078300818,512
imap_idex_l1b_sci-10days_20251216_v003.cdf,157,819893048236281472,2025-12-25T00:02:59.052281472,Target L,Target_Low,32611.2,8.885571079738156,32611.014843750003,8.885571079738156,512
imap_idex_l1b_sci-10days_20251216_v003.cdf,157,819893048236281472,2025-12-25T00:02:59.052281472,Ion Grid,Ion_Grid,1.5099040000000001,0.0004647815498695711,1.5096679609374999,0.0004647815498695711,512
imap_idex_l1b_sci-10days_20251216_v003.cdf,158,819893060236210944,2025-12-25T00:03:11.052210944,TOF H,TOF_High,0.14767899999999998,0.000856942800000034,0.1477373011356698,0.0007839703192081772,8189
imap_idex_l1b_sci-10days_20251216_v003.cdf,158,819893060236210944,2025-12-25T00:03:11.052210944,TOF M,TOF_Mid,5.7969,0.01675337999999914,5.793895957992428,0.01127323736098408,8189
imap_idex_l1b_sci-10days_20251216_v003.cdf,158,819893060236210944,2025-12-25T00:03:11.052210944,TOF L,TOF_Low,264.196,1.5241127999999453,264.0178041274881,0.9243697499299021,8189
imap_idex_l1b_sci-10days_20251216_v003.cdf,158,819893060236210944,2025-12-25T00:03:11.052210944,Target H,Target_High,333.172,0.24166380000001617,333.19651367187504,0.13349511274043338,512
imap_idex_l1b_sci-10days_20251216_v003.cdf,158,819893060236210944,2025-12-25T00:03:11.052210944,Target L,Target_Low,32611.2,8.657746012070035,32609.317578125007,8.657746012070035,512
imap_idex_l1b_sci-10days_20251216_v003.cdf,158,819893060236210944,2025-12-25T00:03:11.052210944,Ion Grid,Ion_Grid,1.5099040000000001,0.00045920299500878893,1.5096242499999997,0.00045920299500878893,512
imap_idex_l1b_sci-10days_20251216_v003.cdf,159,819893072236120192,2025-12-25T00:03:23.052120192,TOF H,TOF_High,0.14767899999999998,0.000856942800000034,0.14777220417633413,0.0007771924448307589,8189
imap_idex_l1b_sci-10days_20251216_v003.cdf,159,819893072236120192,2025-12-25T00:03:23.052120192,TOF M,TOF_Mid,5.7969,0.01675337999999914,5.794228513860056,0.011145289852551326,8189
imap_idex_l1b_sci-10days_20251216_v003.cdf,159,819893072236120192,2025-12-25T00:03:23.052120192,TOF L,TOF_Low,264.196,1.5241127999999453,263.9745575772377,0.9246366778195956,8189
imap_idex_l1b_sci-10days_20251216_v003.cdf,159,819893072236120192,2025-12-25T00:03:23.052120192,Target H,Target_High,333.172,0.11358561037225566,333.20288085937506,0.11358561037225566,512
imap_idex_l1b_sci-10days_20251216_v003.cdf,159,819893072236120192,2025-12-25T00:03:23.052120192,Target L,Target_Low,32611.2,9.07994830784767,32609.502734375004,9.07994830784767,512
imap_idex_l1b_sci-10days_20251216_v003.cdf,159,819893072236120192,2025-12-25T00:03:23.052120192,Ion Grid,Ion_Grid,1.5099040000000001,0.0011060195999998716,1.5095572265625,0.00047931677799705315,512
imap_idex_l1b_sci-10days_20260101_v003.cdf,6,820584183801765760,2026-01-02T00:01:54.617765760,TOF H,TOF_High,0.14767899999999998,0.000856942800000034,0.14775289986567344,0.0007757691455808867,8189
imap_idex_l1b_sci-10days_20260101_v003.cdf,6,820584183801765760,2026-01-02T00:01:54.617765760,TOF M,TOF_Mid,5.7969,0.01675337999999914,5.793131493466846,0.01125798812929592,8189
imap_idex_l1b_sci-10days_20260101_v003.cdf,6,820584183801765760,2026-01-02T00:01:54.617765760,TOF L,TOF_Low,264.196,1.5241127999999453,264.00606667480764,0.926689036555431,8189
imap_idex_l1b_sci-10days_20260101_v003.cdf,6,820584183801765760,2026-01-02T00:01:54.617765760,Target H,Target_High,333.172,0.24166380000001617,333.22070898437505,0.12420382094779543,512
imap_idex_l1b_sci-10days_20260101_v003.cdf,6,820584183801765760,2026-01-02T00:01:54.617765760,Target L,Target_Low,32611.2,9.241287986855404,32609.008984375007,9.241287986855404,512
imap_idex_l1b_sci-10days_20260101_v003.cdf,6,820584183801765760,2026-01-02T00:01:54.617765760,Ion Grid,Ion_Grid,1.5099040000000001,0.0011060195999998716,1.5095805390624997,0.00047289587256251636,512
imap_idex_l1b_sci-10days_20260101_v003.cdf,12,820584235801419520,2026-01-02T00:02:46.617419520,TOF H,TOF_High,0.14767899999999998,0.000856942800000034,0.14773772463060203,0.0007765400450543991,8189
imap_idex_l1b_sci-10days_20260101_v003.cdf,12,820584235801419520,2026-01-02T00:02:46.617419520,TOF M,TOF_Mid,5.7969,0.01675337999999914,5.793719330809622,0.011228848992332938,8189
imap_idex_l1b_sci-10days_20260101_v003.cdf,12,820584235801419520,2026-01-02T00:02:46.617419520,TOF L,TOF_Low,264.196,1.5241127999999453,263.9439899865673,0.9298976692722521,8189
imap_idex_l1b_sci-10days_20260101_v003.cdf,12,820584235801419520,2026-01-02T00:02:46.617419520,Target H,Target_High,333.172,0.1184159938319828,333.19874218750005,0.1184159938319828,512
imap_idex_l1b_sci-10days_20260101_v003.cdf,12,820584235801419520,2026-01-02T00:02:46.617419520,Target L,Target_Low,32611.2,8.996553159404579,32608.237500000007,8.996553159404579,512
imap_idex_l1b_sci-10days_20260101_v003.cdf,12,820584235801419520,2026-01-02T00:02:46.617419520,Ion Grid,Ion_Grid,1.509158,0.00045882374443202137,1.5093066171874998,0.00045882374443202137,512
imap_idex_l1b_sci-10days_20260101_v003.cdf,13,820584247801348864,2026-01-02T00:02:58.617348864,TOF H,TOF_High,0.14767899999999998,0.000856942800000034,0.14775769947490539,0.0007820816388047322,8189
imap_idex_l1b_sci-10days_20260101_v003.cdf,13,820584247801348864,2026-01-02T00:02:58.617348864,TOF M,TOF_Mid,5.7969,0.01675337999999914,5.793753828306263,0.011327700115158497,8189
imap_idex_l1b_sci-10days_20260101_v003.cdf,13,820584247801348864,2026-01-02T00:02:58.617348864,TOF L,TOF_Low,264.196,1.5241127999999453,264.01228062034437,0.9305622148981298,8189
imap_idex_l1b_sci-10days_20260101_v003.cdf,13,820584247801348864,2026-01-02T00:02:58.617348864,Target H,Target_High,333.172,0.11880564485747873,333.20256250000006,0.11880564485747873,512
imap_idex_l1b_sci-10days_20260101_v003.cdf,13,820584247801348864,2026-01-02T00:02:58.617348864,Target L,Target_Low,32611.2,8.892427561938788,32608.422656250008,8.892427561938788,512
imap_idex_l1b_sci-10days_20260101_v003.cdf,13,820584247801348864,2026-01-02T00:02:58.617348864,Ion Grid,Ion_Grid,1.509158,0.0004603480953545117,1.5094435781249997,0.0004603480953545117,512
imap_idex_l1b_sci-10days_20260101_v003.cdf,14,820584259801258240,2026-01-02T00:03:10.617258240,TOF H,TOF_High,0.14767899999999998,0.000856942800000034,0.14772082012455734,0.0007839234027227174,8189
imap_idex_l1b_sci-10days_20260101_v003.cdf,14,820584259801258240,2026-01-02T00:03:10.617258240,TOF M,TOF_Mid,5.7969,0.01675337999999914,5.793882158993772,0.011221019732970851,8189
imap_idex_l1b_sci-10days_20260101_v003.cdf,14,820584259801258240,2026-01-02T00:03:10.617258240,TOF L,TOF_Low,264.196,1.5241127999999453,263.9740554402247,0.9262594535351127,8189
imap_idex_l1b_sci-10days_20260101_v003.cdf,14,820584259801258240,2026-01-02T00:03:10.617258240,Target H,Target_High,333.172,0.24166380000001617,333.09654882812504,0.11952306572714792,512
imap_idex_l1b_sci-10days_20260101_v003.cdf,14,820584259801258240,2026-01-02T00:03:10.617258240,Target L,Target_Low,32611.2,9.328314879767177,32608.114062500004,9.328314879767177,512
imap_idex_l1b_sci-10days_20260101_v003.cdf,14,820584259801258240,2026-01-02T00:03:10.617258240,Ion Grid,Ion_Grid,1.509158,0.0011060195999998716,1.5095106015625,0.0004727521952594225,512
imap_idex_l1b_sci-10days_20260101_v003.cdf,15,820584271801187456,2026-01-02T00:03:22.617187456,TOF H,TOF_High,0.14767899999999998,0.000856942800000034,0.14775999340578824,0.0007744221756559853,8189
imap_idex_l1b_sci-10days_20260101_v003.cdf,15,820584271801187456,2026-01-02T00:03:22.617187456,TOF M,TOF_Mid,5.7969,0.01675337999999914,5.79381592380022,0.01126822309940034,8189
imap_idex_l1b_sci-10days_20260101_v003.cdf,15,820584271801187456,2026-01-02T00:03:22.617187456,TOF L,TOF_Low,264.196,1.5241127999999453,263.9672138234217,0.9263537881909524,8189
imap_idex_l1b_sci-10days_20260101_v003.cdf,15,820584271801187456,2026-01-02T00:03:22.617187456,Target H,Target_High,333.172,0.12299059526418604,333.19746875,0.12299059526418604,512
imap_idex_l1b_sci-10days_20260101_v003.cdf,15,820584271801187456,2026-01-02T00:03:22.617187456,Target L,Target_Low,32611.2,9.268298748655466,32608.422656250008,9.268298748655466,512
imap_idex_l1b_sci-10days_20260101_v003.cdf,15,820584271801187456,2026-01-02T00:03:22.617187456,Ion Grid,Ion_Grid,1.5099040000000001,0.00045110591076225347,1.5097466406249997,0.00045110591076225347,512
imap_idex_l1b_sci-10days_20260110_v003.cdf,12,821620983086915968,2026-01-14T00:01:53.902915968,TOF H,TOF_High,0.14767899999999998,0.000856942800000034,0.14766611869581145,0.0007790502199226436,8189
imap_idex_l1b_sci-10days_20260110_v003.cdf,12,821620983086915968,2026-01-14T00:01:53.902915968,TOF M,TOF_Mid,5.7969,0.01675337999999914,5.792729942605934,0.011350794771972204,8189
imap_idex_l1b_sci-10days_20260110_v003.cdf,12,821620983086915968,2026-01-14T00:01:53.902915968,TOF L,TOF_Low,263.682,1.5241127999999453,263.7877626083771,0.9126296655271111,8189
imap_idex_l1b_sci-10days_20260110_v003.cdf,12,821620983086915968,2026-01-14T00:01:53.902915968,Target H,Target_High,333.172,0.12486832297863698,333.2038359375,0.12486832297863698,512
imap_idex_l1b_sci-10days_20260110_v003.cdf,12,821620983086915968,2026-01-14T00:01:53.902915968,Target L,Target_Low,32611.2,8.952357342948405,32606.23164062501,8.952357342948405,512
imap_idex_l1b_sci-10days_20260110_v003.cdf,12,821620983086915968,2026-01-14T00:01:53.902915968,Ion Grid,Ion_Grid,1.5099040000000001,0.0011060195999998716,1.50962425,0.0004890071254593751,512
imap_idex_l1b_sci-10days_20260110_v003.cdf,18,821621035086549888,2026-01-14T00:02:45.902549888,TOF H,TOF_High,0.14767899999999998,0.000856942800000034,0.14767303577970448,0.0007750257550911799,8189
imap_idex_l1b_sci-10days_20260110_v003.cdf,18,821621035086549888,2026-01-14T00:02:45.902549888,TOF M,TOF_Mid,5.7969,0.01675337999999914,5.793355037245084,0.011233618103200897,8189
imap_idex_l1b_sci-10days_20260110_v003.cdf,18,821621035086549888,2026-01-14T00:02:45.902549888,TOF L,TOF_Low,263.682,1.5241127999999453,263.790336060569,0.9175992384123877,8189
imap_idex_l1b_sci-10days_20260110_v003.cdf,18,821621035086549888,2026-01-14T00:02:45.902549888,Target H,Target_High,333.172,0.12403397283932503,333.123927734375,0.12403397283932503,512
imap_idex_l1b_sci-10days_20260110_v003.cdf,18,821621035086549888,2026-01-14T00:02:45.902549888,Target L,Target_Low,32611.2,9.502232459922475,32605.799609375008,9.502232459922475,512
imap_idex_l1b_sci-10days_20260110_v003.cdf,18,821621035086549888,2026-01-14T00:02:45.902549888,Ion Grid,Ion_Grid,1.5099040000000001,0.0004777285302177582,1.5097116718749999,0.0004777285302177582,512
imap_idex_l1b_sci-10days_20260110_v003.cdf,19,821621047086459136,2026-01-14T00:02:57.902459136,TOF H,TOF_High,0.14767899999999998,0.000856942800000034,0.1476457203565759,0.0007806698125089294,8189
imap_idex_l1b_sci-10days_20260110_v003.cdf,19,821621047086459136,2026-01-14T00:02:57.902459136,TOF M,TOF_Mid,5.7969,0.01675337999999914,5.792237318353889,0.011301196585673997,8189
imap_idex_l1b_sci-10days_20260110_v003.cdf,19,821621047086459136,2026-01-14T00:02:57.902459136,TOF L,TOF_Low,263.682,1.5241127999999453,263.78462425204543,0.9154933891960553,8189
imap_idex_l1b_sci-10days_20260110_v003.cdf,19,821621047086459136,2026-01-14T00:02:57.902459136,Target H,Target_High,333.172,0.12083190000000808,333.162767578125,0.125880037617959,512
imap_idex_l1b_sci-10days_20260110_v003.cdf,19,821621047086459136,2026-01-14T00:02:57.902459136,Target L,Target_Low,32611.2,8.910988519807393,32606.35507812501,8.910988519807393,512
imap_idex_l1b_sci-10days_20260110_v003.cdf,19,821621047086459136,2026-01-14T00:02:57.902459136,Ion Grid,Ion_Grid,1.5099040000000001,0.0011060195999998716,1.5095528554687498,0.0004973387876847735,512
imap_idex_l1b_sci-10days_20260110_v003.cdf,20,821621059086388608,2026-01-14T00:03:09.902388608,TOF H,TOF_High,0.14767899999999998,0.000856942800000034,0.1476663657345219,0.0007786679635682322,8189
imap_idex_l1b_sci-10days_20260110_v003.cdf,20,821621059086388608,2026-01-14T00:03:09.902388608,TOF M,TOF_Mid,5.7969,0.01675337999999914,5.792985224081083,0.01133936121331679,8189
imap_idex_l1b_sci-10days_20260110_v003.cdf,20,821621059086388608,2026-01-14T00:03:09.902388608,TOF L,TOF_Low,263.682,1.5241127999999453,263.76811649774083,0.908800989006335,8189
imap_idex_l1b_sci-10days_20260110_v003.cdf,20,821621059086388608,2026-01-14T00:03:09.902388608,Target H,Target_High,333.33500000000004,0.2416637999999319,333.25477343750003,0.1243477649102855,512
imap_idex_l1b_sci-10days_20260110_v003.cdf,20,821621059086388608,2026-01-14T00:03:09.902388608,Target L,Target_Low,32611.2,9.02397988595776,32605.614453125007,9.02397988595776,512
imap_idex_l1b_sci-10days_20260110_v003.cdf,20,821621059086388608,2026-01-14T00:03:09.902388608,Ion Grid,Ion_Grid,1.5099040000000001,0.000441708822182416,1.5097874374999998,0.000441708822182416,512
imap_idex_l1b_sci-10days_20260110_v003.cdf,21,821621071086297856,2026-01-14T00:03:21.902297856,TOF H,TOF_High,0.14767899999999998,0.000856942800000034,0.1476430382220051,0.0007801979788446326,8189
imap_idex_l1b_sci-10days_20260110_v003.cdf,21,821621071086297856,2026-01-14T00:03:21.902297856,TOF M,TOF_Mid,5.7969,0.01675337999999914,5.792235938454023,0.011402960655031923,8189
imap_idex_l1b_sci-10days_20260110_v003.cdf,21,821621071086297856,2026-01-14T00:03:21.902297856,TOF L,TOF_Low,263.682,1.5241127999999453,263.79993943094394,0.9151990253874056,8189
imap_idex_l1b_sci-10days_20260110_v003.cdf,21,821621071086297856,2026-01-14T00:03:21.902297856,Target H,Target_High,333.172,0.11816065923560543,333.17900390625005,0.11816065923560543,512
imap_idex_l1b_sci-10days_20260110_v003.cdf,21,821621071086297856,2026-01-14T00:03:21.902297856,Target L,Target_Low,32611.2,9.171777967105022,32606.04648437501,9.171777967105022,512
imap_idex_l1b_sci-10days_20260110_v003.cdf,21,821621071086297856,2026-01-14T00:03:21.902297856,Ion Grid,Ion_Grid,1.5099040000000001,0.0004781105460821209,1.5096096796874998,0.0004781105460821209,512
imap_idex_l1b_sci-10days_20260120_v003.cdf,326,822312181975935232,2026-01-22T00:01:52.791935232,TOF H,TOF_High,0.14767899999999998,0.000856942800000034,0.14776249908413727,0.0008034868844188045,8189
imap_idex_l1b_sci-10days_20260120_v003.cdf,326,822312181975935232,2026-01-22T00:01:52.791935232,TOF M,TOF_Mid,5.7969,0.01675337999999914,5.792034473073635,0.011161704227255128,8189
imap_idex_l1b_sci-10days_20260120_v003.cdf,326,822312181975935232,2026-01-22T00:01:52.791935232,TOF L,TOF_Low,263.682,1.5241127999999453,263.79975112956413,0.9025688975502145,8189
imap_idex_l1b_sci-10days_20260120_v003.cdf,326,822312181975935232,2026-01-22T00:01:52.791935232,Target H,Target_High,333.172,0.11303506411824617,333.19874218750005,0.11303506411824617,512
imap_idex_l1b_sci-10days_20260120_v003.cdf,326,822312181975935232,2026-01-22T00:01:52.791935232,Target L,Target_Low,32611.2,9.057686550020383,32607.58945312501,9.057686550020383,512
imap_idex_l1b_sci-10days_20260120_v003.cdf,326,822312181975935232,2026-01-22T00:01:52.791935232,Ion Grid,Ion_Grid,1.5099040000000001,0.00048112928046578564,1.509618421875,0.00048112928046578564,512
imap_idex_l1b_sci-10days_20260120_v003.cdf,332,822312233975609088,2026-01-22T00:02:44.791609088,TOF H,TOF_High,0.14767899999999998,0.000856942800000034,0.14780502503358164,0.000802949628696579,8189
imap_idex_l1b_sci-10days_20260120_v003.cdf,332,822312233975609088,2026-01-22T00:02:44.791609088,TOF M,TOF_Mid,5.7969,0.01675337999999914,5.7916108438148735,0.011067087007574365,8189
imap_idex_l1b_sci-10days_20260120_v003.cdf,332,822312233975609088,2026-01-22T00:02:44.791609088,TOF L,TOF_Low,263.682,1.5241127999999453,263.82969104896813,0.906575337271245,8189
imap_idex_l1b_sci-10days_20260120_v003.cdf,332,822312233975609088,2026-01-22T00:02:44.791609088,Target H,Target_High,333.172,0.12216001377665696,333.18059570312505,0.12216001377665696,512
imap_idex_l1b_sci-10days_20260120_v003.cdf,332,822312233975609088,2026-01-22T00:02:44.791609088,Target L,Target_Low,32611.2,9.34198454135364,32607.311718750007,9.34198454135364,512
imap_idex_l1b_sci-10days_20260120_v003.cdf,332,822312233975609088,2026-01-22T00:02:44.791609088,Ion Grid,Ion_Grid,1.5099040000000001,0.0004783657934909642,1.5096606757812499,0.0004783657934909642,512
imap_idex_l1b_sci-10days_20260120_v003.cdf,333,822312245975538432,2026-01-22T00:02:56.791538432,TOF H,TOF_High,0.14767899999999998,0.000856942800000034,0.14777569800952498,0.0007912767892206286,8189
imap_idex_l1b_sci-10days_20260120_v003.cdf,333,822312245975538432,2026-01-22T00:02:56.791538432,TOF M,TOF_Mid,5.7969,0.01675337999999914,5.792331151544755,0.011226131914553973,8189
imap_idex_l1b_sci-10days_20260120_v003.cdf,333,822312245975538432,2026-01-22T00:02:56.791538432,TOF L,TOF_Low,263.682,1.5241127999999453,263.8300048846013,0.9028331769980578,8189
imap_idex_l1b_sci-10days_20260120_v003.cdf,333,822312245975538432,2026-01-22T00:02:56.791538432,Target H,Target_High,333.172,0.11806455178444752,333.2082929687501,0.11806455178444752,512
imap_idex_l1b_sci-10days_20260120_v003.cdf,333,822312245975538432,2026-01-22T00:02:56.791538432,Target L,Target_Low,32611.2,9.392409583705227,32607.43515625001,9.392409583705227,512
imap_idex_l1b_sci-10days_20260120_v003.cdf,333,822312245975538432,2026-01-22T00:02:56.791538432,Ion Grid,Ion_Grid,1.509158,0.0011060195999998716,1.5095149726562496,0.00047061658279576486,512
imap_idex_l1b_sci-10days_20260120_v003.cdf,334,822312257975447936,2026-01-22T00:03:08.791447936,TOF H,TOF_High,0.14767899999999998,0.000856942800000034,0.14780467212113813,0.0007982022045760509,8189
imap_idex_l1b_sci-10days_20260120_v003.cdf,334,822312257975447936,2026-01-22T00:03:08.791447936,TOF M,TOF_Mid,5.7969,0.01675337999999914,5.792132445964098,0.011172544157933116,8189
imap_idex_l1b_sci-10days_20260120_v003.cdf,334,822312257975447936,2026-01-22T00:03:08.791447936,TOF L,TOF_Low,263.682,1.5241127999999453,263.8219706923922,0.9036852888873093,8189
imap_idex_l1b_sci-10days_20260120_v003.cdf,334,822312257975447936,2026-01-22T00:03:08.791447936,Target H,Target_High,333.172,0.11326974234384328,333.20319921875006,0.11326974234384328,512
imap_idex_l1b_sci-10days_20260120_v003.cdf,334,822312257975447936,2026-01-22T00:03:08.791447936,Target L,Target_Low,32611.2,8.97869942165545,32607.527734375006,8.97869942165545,512
imap_idex_l1b_sci-10days_20260120_v003.cdf,334,822312257975447936,2026-01-22T00:03:08.791447936,Ion Grid,Ion_Grid,1.5099040000000001,0.0011060195999998716,1.5095470273437497,0.0004774951726220511,512
imap_idex_l1b_sci-10days_20260120_v003.cdf,335,822312269975377280,2026-01-22T00:03:20.791377280,TOF H,TOF_High,0.14767899999999998,0.000856942800000034,0.14781585944559777,0.0007936726538707542,8189
imap_idex_l1b_sci-10days_20260120_v003.cdf,335,822312269975377280,2026-01-22T00:03:20.791377280,TOF M,TOF_Mid,5.7969,0.01675337999999914,5.79216694346074,0.01113901172982199,8189
imap_idex_l1b_sci-10days_20260120_v003.cdf,335,822312269975377280,2026-01-22T00:03:20.791377280,TOF L,TOF_Low,263.682,1.5241127999999453,263.80245011600925,0.9073651516808645,8189
imap_idex_l1b_sci-10days_20260120_v003.cdf,335,822312269975377280,2026-01-22T00:03:20.791377280,Target H,Target_High,333.172,0.12086256964912385,333.16690625,0.12086256964912385,512
imap_idex_l1b_sci-10days_20260120_v003.cdf,335,822312269975377280,2026-01-22T00:03:20.791377280,Target L,Target_Low,32611.2,8.552000862370937,32608.237500000007,8.552000862370937,512
imap_idex_l1b_sci-10days_20260120_v003.cdf,335,822312269975377280,2026-01-22T00:03:20.791377280,Ion Grid,Ion_Grid,1.5099040000000001,0.00045615085388663615,1.5096155078124998,0.00045615085388663615,512
imap_idex_l1b_sci-10days_20260130_v003.cdf,0,823003381865938944,2026-01-30T00:01:52.681938944,TOF H,TOF_High,0.14767899999999998,0.000856942800000034,0.14775035889608013,0.0008132921005465285,8189
imap_idex_l1b_sci-10days_20260130_v003.cdf,0,823003381865938944,2026-01-30T00:01:52.681938944,TOF M,TOF_Mid,5.7969,0.01675337999999914,5.79299902307974,0.01142629014627476,8189
imap_idex_l1b_sci-10days_20260130_v003.cdf,0,823003381865938944,2026-01-30T00:01:52.681938944,TOF L,TOF_Low,263.682,1.5241127999999453,263.8306953229943,0.9261638586556056,8189
imap_idex_l1b_sci-10days_20260130_v003.cdf,0,823003381865938944,2026-01-30T00:01:52.681938944,Target H,Target_High,333.172,0.12398697858552056,333.16244921875006,0.12398697858552056,512
imap_idex_l1b_sci-10days_20260130_v003.cdf,0,823003381865938944,2026-01-30T00:01:52.681938944,Target L,Target_Low,32611.2,9.306186767526839,32606.29335937501,9.306186767526839,512
imap_idex_l1b_sci-10days_20260130_v003.cdf,0,823003381865938944,2026-01-30T00:01:52.681938944,Ion Grid,Ion_Grid,1.5099040000000001,0.00045990286090027705,1.5097976367187498,0.00045990286090027705,512
imap_idex_l1b_sci-10days_20260130_v003.cdf,8,823003457865451648,2026-01-30T00:03:08.681451648,TOF H,TOF_High,0.14767899999999998,0.000856942800000034,0.1477431241909879,0.0008079264873885677,8189
imap_idex_l1b_sci-10days_20260130_v003.cdf,8,823003457865451648,2026-01-30T00:03:08.681451648,TOF M,TOF_Mid,5.7969,0.01675337999999914,5.792968665282696,0.0114880450399045,8189
imap_idex_l1b_sci-10days_20260130_v003.cdf,8,823003457865451648,2026-01-30T00:03:08.681451648,TOF L,TOF_Low,263.682,1.5241127999999453,263.82674099401635,0.924995578147887,8189
imap_idex_l1b_sci-10days_20260130_v003.cdf,8,823003457865451648,2026-01-30T00:03:08.681451648,Target H,Target_High,333.172,0.12417770559068651,333.1493964843751,0.12417770559068651,512
imap_idex_l1b_sci-10days_20260130_v003.cdf,8,823003457865451648,2026-01-30T00:03:08.681451648,Target L,Target_Low,32611.2,8.982145783223869,32606.139062500006,8.982145783223869,512
imap_idex_l1b_sci-10days_20260130_v003.cdf,8,823003457865451648,2026-01-30T00:03:08.681451648,Ion Grid,Ion_Grid,1.5099040000000001,0.0004936304898260127,1.5097728671874997,0.0004936304898260127,512
imap_idex_l1b_sci-10days_20260130_v003.cdf,9,823003469865380992,2026-01-30T00:03:20.681380992,TOF H,TOF_High,0.14767899999999998,0.000856942800000034,0.14776295787031385,0.0008075857865247561,8189
imap_idex_l1b_sci-10days_20260130_v003.cdf,9,823003469865380992,2026-01-30T00:03:20.681380992,TOF M,TOF_Mid,5.7969,0.01675337999999914,5.793012822078397,0.011490854958247561,8189
imap_idex_l1b_sci-10days_20260130_v003.cdf,9,823003469865380992,2026-01-30T00:03:20.681380992,TOF L,TOF_Low,263.682,1.5241127999999453,263.8310719257541,0.9248832314924507,8189
imap_idex_l1b_sci-10days_20260130_v003.cdf,9,823003469865380992,2026-01-30T00:03:20.681380992,Target H,Target_High,333.33500000000004,0.2416637999999319,333.251908203125,0.11923100514949497,512
imap_idex_l1b_sci-10days_20260130_v003.cdf,9,823003469865380992,2026-01-30T00:03:20.681380992,Target L,Target_Low,32611.2,9.001579713994909,32608.700390625007,9.001579713994909,512
imap_idex_l1b_sci-10days_20260130_v003.cdf,9,823003469865380992,2026-01-30T00:03:20.681380992,Ion Grid,Ion_Grid,1.5099040000000001,0.00047259724423468163,1.5097131289062498,0.00047259724423468163,512
imap_idex_l1b_sci-10days_20260130_v003.cdf,17,823694580489208576,2026-02-07T00:01:51.305208576,TOF H,TOF_High,0.14767899999999998,0.000856942800000034,0.14776045219196482,0.0008051803627756223,8189
imap_idex_l1b_sci-10days_20260130_v003.cdf,17,823694580489208576,2026-02-07T00:01:51.305208576,TOF M,TOF_Mid,5.7969,0.01675337999999914,5.792956246183905,0.01151023454179767,8189
imap_idex_l1b_sci-10days_20260130_v003.cdf,17,823694580489208576,2026-02-07T00:01:51.305208576,TOF L,TOF_Low,263.682,1.5241127999999453,263.8118024178776,0.9190317455938161,8189
imap_idex_l1b_sci-10days_20260130_v003.cdf,17,823694580489208576,2026-02-07T00:01:51.305208576,Target H,Target_High,333.172,0.24166380000001617,333.21943554687505,0.12757554343719532,512
imap_idex_l1b_sci-10days_20260130_v003.cdf,17,823694580489208576,2026-02-07T00:01:51.305208576,Target L,Target_Low,32611.2,9.092368042276076,32605.953906250008,9.092368042276076,512
imap_idex_l1b_sci-10days_20260130_v003.cdf,17,823694580489208576,2026-02-07T00:01:51.305208576,Ion Grid,Ion_Grid,1.509158,0.0004718982103149731,1.5093794687499997,0.0004718982103149731,512
imap_idex_l1b_sci-10days_20260130_v003.cdf,25,823694656488721408,2026-02-07T00:03:07.304721408,TOF H,TOF_High,0.14767899999999998,0.000856942800000034,0.14774845316888507,0.000809560933487994,8189
imap_idex_l1b_sci-10days_20260130_v003.cdf,25,823694656488721408,2026-02-07T00:03:07.304721408,TOF M,TOF_Mid,5.7969,0.01675337999999914,5.7934723287336665,0.011539982208075008,8189
imap_idex_l1b_sci-10days_20260130_v003.cdf,25,823694656488721408,2026-02-07T00:03:07.304721408,TOF L,TOF_Low,263.682,1.5241127999999453,263.8003788008304,0.9226382976955928,8189
imap_idex_l1b_sci-10days_20260130_v003.cdf,25,823694656488721408,2026-02-07T00:03:07.304721408,Target H,Target_High,333.33500000000004,0.2416637999999319,333.24904296875,0.11872201195413147,512
imap_idex_l1b_sci-10days_20260130_v003.cdf,25,823694656488721408,2026-02-07T00:03:07.304721408,Target L,Target_Low,32611.2,9.055162902411057,32606.848828125007,9.055162902411057,512
imap_idex_l1b_sci-10days_20260130_v003.cdf,25,823694656488721408,2026-02-07T00:03:07.304721408,Ion Grid,Ion_Grid,1.5099040000000001,0.0004655186341486823,1.5097655820312497,0.0004655186341486823,512
imap_idex_l1b_sci-10days_20260130_v003.cdf,26,823694668488650880,2026-02-07T00:03:19.304650880,TOF H,TOF_High,0.14767899999999998,0.000856942800000034,0.14774922957626085,0.000818378199144117,8189
imap_idex_l1b_sci-10days_20260130_v003.cdf,26,823694668488650880,2026-02-07T00:03:19.304650880,TOF M,TOF_Mid,5.7969,0.01675337999999914,5.792953486384174,0.011427711032022118,8189
imap_idex_l1b_sci-10days_20260130_v003.cdf,26,823694668488650880,2026-02-07T00:03:19.304650880,TOF L,TOF_Low,263.682,1.5241127999999453,263.76140041519113,0.921517805086814,8189
imap_idex_l1b_sci-10days_20260130_v003.cdf,26,823694668488650880,2026-02-07T00:03:19.304650880,Target H,Target_High,333.172,0.24166380000001617,333.238537109375,0.11917318751671838,512
imap_idex_l1b_sci-10days_20260130_v003.cdf,26,823694668488650880,2026-02-07T00:03:19.304650880,Target L,Target_Low,32611.2,8.514895100241022,32605.42929687501,8.514895100241022,512
imap_idex_l1b_sci-10days_20260130_v003.cdf,26,823694668488650880,2026-02-07T00:03:19.304650880,Ion Grid,Ion_Grid,1.509158,0.0011060195999998716,1.50952080078125,0.0004844338586813823,512
imap_idex_l1b_sci-10days_20260209_v003.cdf,5,824385780185722496,2026-02-15T00:01:51.001722496,TOF H,TOF_High,0.14767899999999998,0.000856942800000034,0.147649637684699,0.0007688287579533649,8189
imap_idex_l1b_sci-10days_20260209_v003.cdf,5,824385780185722496,2026-02-15T00:01:51.001722496,TOF M,TOF_Mid,5.7969,0.01675337999999914,5.792623690316279,0.011264917839284629,8189
imap_idex_l1b_sci-10days_20260209_v003.cdf,5,824385780185722496,2026-02-15T00:01:51.001722496,TOF L,TOF_Low,263.682,1.5241127999999453,263.78023055318107,0.8999858712283986,8189
imap_idex_l1b_sci-10days_20260209_v003.cdf,5,824385780185722496,2026-02-15T00:01:51.001722496,Target H,Target_High,333.172,0.12499001516518372,333.16499609375,0.12499001516518372,512
imap_idex_l1b_sci-10days_20260209_v003.cdf,5,824385780185722496,2026-02-15T00:01:51.001722496,Target L,Target_Low,32611.2,8.88749999999959,32605.27500000001,8.88749999999959,512
imap_idex_l1b_sci-10days_20260209_v003.cdf,5,824385780185722496,2026-02-15T00:01:51.001722496,Ion Grid,Ion_Grid,1.5099040000000001,0.00046875437639562966,1.50963444921875,0.00046875437639562966,512
imap_idex_l1b_sci-10days_20260209_v003.cdf,12,824385844185305984,2026-02-15T00:02:55.001305984,TOF H,TOF_High,0.14767899999999998,0.000856942800000034,0.14766527170594704,0.0007777385624470419,8189
imap_idex_l1b_sci-10days_20260209_v003.cdf,12,824385844185305984,2026-02-15T00:02:55.001305984,TOF M,TOF_Mid,5.7969,0.01675337999999914,5.791446635730858,0.011400130575647979,8189
imap_idex_l1b_sci-10days_20260209_v003.cdf,12,824385844185305984,2026-02-15T00:02:55.001305984,TOF L,TOF_Low,263.682,1.5241127999999453,263.7833689095128,0.90410935729345,8189
imap_idex_l1b_sci-10days_20260209_v003.cdf,12,824385844185305984,2026-02-15T00:02:55.001305984,Target H,Target_High,333.33500000000004,0.2416637999999319,333.249998046875,0.11610256946687617,512
imap_idex_l1b_sci-10days_20260209_v003.cdf,12,824385844185305984,2026-02-15T00:02:55.001305984,Target L,Target_Low,32611.2,9.616199169552248,32605.058984375006,9.616199169552248,512
imap_idex_l1b_sci-10days_20260209_v003.cdf,12,824385844185305984,2026-02-15T00:02:55.001305984,Ion Grid,Ion_Grid,1.5099040000000001,0.0004988752444464684,1.5096300781249998,0.0004988752444464684,512
imap_idex_l1b_sci-10days_20260209_v003.cdf,13,824385856185235328,2026-02-15T00:03:07.001235328,TOF H,TOF_High,0.14767899999999998,0.000856942800000034,0.147635909390646,0.0007705346904687429,8189
imap_idex_l1b_sci-10days_20260209_v003.cdf,13,824385856185235328,2026-02-15T00:03:07.001235328,TOF M,TOF_Mid,5.7969,0.01675337999999914,5.792873452191964,0.011365510040328266,8189
imap_idex_l1b_sci-10days_20260209_v003.cdf,13,824385856185235328,2026-02-15T00:03:07.001235328,TOF L,TOF_Low,263.682,1.5241127999999453,263.7799794846746,0.9036264802428003,8189
imap_idex_l1b_sci-10days_20260209_v003.cdf,13,824385856185235328,2026-02-15T00:03:07.001235328,Target H,Target_High,333.172,0.11667382469199031,333.16022070312505,0.11667382469199031,512
imap_idex_l1b_sci-10days_20260209_v003.cdf,13,824385856185235328,2026-02-15T00:03:07.001235328,Target L,Target_Low,32611.2,9.029043907336352,32605.12070312501,9.029043907336352,512
imap_idex_l1b_sci-10days_20260209_v003.cdf,13,824385856185235328,2026-02-15T00:03:07.001235328,Ion Grid,Ion_Grid,1.509158,0.00045920299500878557,1.5093911249999996,0.00045920299500878557,512
imap_idex_l1b_sci-10days_20260209_v003.cdf,14,824385868185164928,2026-02-15T00:03:19.001164928,TOF H,TOF_High,0.14767899999999998,0.000856942800000034,0.1476574370497008,0.0007793818999071859,8189
imap_idex_l1b_sci-10days_20260209_v003.cdf,14,824385868185164928,2026-02-15T00:03:19.001164928,TOF M,TOF_Mid,5.7969,0.01675337999999914,5.791486652826962,0.0113266409024415,8189
imap_idex_l1b_sci-10days_20260209_v003.cdf,14,824385868185164928,2026-02-15T00:03:19.001164928,TOF L,TOF_Low,263.682,1.5241127999999453,263.7825529368665,0.9068903464120751,8189
imap_idex_l1b_sci-10days_20260209_v003.cdf,14,824385868185164928,2026-02-15T00:03:19.001164928,Target H,Target_High,333.172,0.12323386695306107,333.1538535156251,0.12323386695306107,512
imap_idex_l1b_sci-10days_20260209_v003.cdf,14,824385868185164928,2026-02-15T00:03:19.001164928,Target L,Target_Low,32611.2,9.445187137298314,32605.151562500007,9.445187137298314,512
imap_idex_l1b_sci-10days_20260209_v003.cdf,14,824385868185164928,2026-02-15T00:03:19.001164928,Ion Grid,Ion_Grid,1.5099040000000001,0.00047504581752458677,1.5095513984374997,0.00047504581752458677,512
imap_idex_l1b_sci-10days_20260219_v003.cdf,10,825077044060366592,2026-02-23T00:02:54.876366592,TOF H,TOF_High,0.14767899999999998,0.000856942800000034,0.14775240578825255,0.0008078623742017896,8189
imap_idex_l1b_sci-10days_20260219_v003.cdf,10,825077044060366592,2026-02-23T00:02:54.876366592,TOF M,TOF_Mid,5.7969,0.01675337999999914,5.793454390035413,0.011485190997344324,8189
imap_idex_l1b_sci-10days_20260219_v003.cdf,10,825077044060366592,2026-02-23T00:02:54.876366592,TOF L,TOF_Low,264.196,1.5241127999999453,263.9173767248748,0.9165534801306674,8189
imap_idex_l1b_sci-10days_20260219_v003.cdf,10,825077044060366592,2026-02-23T00:02:54.876366592,Target H,Target_High,333.172,0.11899658505966056,333.14398437500006,0.11899658505966056,512
imap_idex_l1b_sci-10days_20260219_v003.cdf,10,825077044060366592,2026-02-23T00:02:54.876366592,Target L,Target_Low,32611.2,9.289030698010762,32605.151562500007,9.289030698010762,512
imap_idex_l1b_sci-10days_20260219_v003.cdf,10,825077044060366592,2026-02-23T00:02:54.876366592,Ion Grid,Ion_Grid,1.5099040000000001,0.0004639128925510042,1.5096708749999999,0.0004639128925510042,512
imap_idex_l1b_sci-10days_20260219_v003.cdf,11,825077056060296192,2026-02-23T00:03:06.876296192,TOF H,TOF_High,0.14767899999999998,0.000856942800000034,0.147758264134815,0.0007852263912336702,8189
imap_idex_l1b_sci-10days_20260219_v003.cdf,11,825077056060296192,2026-02-23T00:03:06.876296192,TOF M,TOF_Mid,5.7969,0.01675337999999914,5.793510965929905,0.011518945700771945,8189
imap_idex_l1b_sci-10days_20260219_v003.cdf,11,825077056060296192,2026-02-23T00:03:06.876296192,TOF L,TOF_Low,263.682,1.5241127999999453,263.88731127121747,0.9172515750966536,8189
imap_idex_l1b_sci-10days_20260219_v003.cdf,11,825077056060296192,2026-02-23T00:03:06.876296192,Target H,Target_High,333.172,0.12036342361576609,333.18409765625006,0.12036342361576609,512
imap_idex_l1b_sci-10days_20260219_v003.cdf,11,825077056060296192,2026-02-23T00:03:06.876296192,Target L,Target_Low,32611.2,8.832468511123762,32606.262500000008,8.832468511123762,512
imap_idex_l1b_sci-10days_20260219_v003.cdf,11,825077056060296192,2026-02-23T00:03:06.876296192,Ion Grid,Ion_Grid,1.5099040000000001,0.0004695146145237343,1.5097888945312499,0.0004695146145237343,512
imap_idex_l1b_sci-10days_20260219_v003.cdf,12,825077068060205568,2026-02-23T00:03:18.876205568,TOF H,TOF_High,0.14767899999999998,0.000856942800000034,0.14775949932836732,0.0007815657346556196,8189
imap_idex_l1b_sci-10days_20260219_v003.cdf,12,825077068060205568,2026-02-23T00:03:18.876205568,TOF M,TOF_Mid,5.7969,0.01675337999999914,5.792785138600561,0.011455625342181192,8189
imap_idex_l1b_sci-10days_20260219_v003.cdf,12,825077068060205568,2026-02-23T00:03:18.876205568,TOF L,TOF_Low,263.682,1.5241127999999453,263.89327414824766,0.9213926987205179,8189
imap_idex_l1b_sci-10days_20260219_v003.cdf,12,825077068060205568,2026-02-23T00:03:18.876205568,Target H,Target_High,333.172,0.24166380000001617,333.239173828125,0.11968576638184082,512
imap_idex_l1b_sci-10days_20260219_v003.cdf,12,825077068060205568,2026-02-23T00:03:18.876205568,Target L,Target_Low,32611.2,9.263571125650847,32606.262500000008,9.263571125650847,512
imap_idex_l1b_sci-10days_20260219_v003.cdf,12,825077068060205568,2026-02-23T00:03:18.876205568,Ion Grid,Ion_Grid,1.5099040000000001,0.0004996045215600957,1.5096869023437498,0.0004996045215600957,512
imap_idex_l1b_sci-10days_20260301_v003.cdf,3,825768178648622848,2026-03-03T00:01:49.464622848,TOF H,TOF_High,0.14767899999999998,0.000856942800000034,0.14776444010257664,0.0007912513009818369,8189
imap_idex_l1b_sci-10days_20260301_v003.cdf,3,825768178648622848,2026-03-03T00:01:49.464622848,TOF M,TOF_Mid,5.7969,0.01675337999999914,5.792260776651605,0.011463527415078282,8189
imap_idex_l1b_sci-10days_20260301_v003.cdf,3,825768178648622848,2026-03-03T00:01:49.464622848,TOF L,TOF_Low,263.682,1.5241127999999453,263.85875222859937,0.921098586321653,8189
imap_idex_l1b_sci-10days_20260301_v003.cdf,3,825768178648622848,2026-03-03T00:01:49.464622848,Target H,Target_High,333.172,0.13076434514434987,333.15512695312503,0.13076434514434987,512
imap_idex_l1b_sci-10days_20260301_v003.cdf,3,825768178648622848,2026-03-03T00:01:49.464622848,Target L,Target_Low,32611.2,8.946398397176289,32605.491015625008,8.946398397176289,512
imap_idex_l1b_sci-10days_20260301_v003.cdf,3,825768178648622848,2026-03-03T00:01:49.464622848,Ion Grid,Ion_Grid,1.5099040000000001,0.0004672483634940884,1.50967524609375,0.0004672483634940884,512
imap_idex_l1b_sci-10days_20260301_v003.cdf,10,825768242648206720,2026-03-03T00:02:53.464206720,TOF H,TOF_High,0.14767899999999998,0.000856942800000034,0.1477608403956527,0.0008054133039057226,8189
imap_idex_l1b_sci-10days_20260301_v003.cdf,10,825768242648206720,2026-03-03T00:02:53.464206720,TOF M,TOF_Mid,5.7969,0.01675337999999914,5.7920758700696044,0.011425227574197724,8189
imap_idex_l1b_sci-10days_20260301_v003.cdf,10,825768242648206720,2026-03-03T00:02:53.464206720,TOF L,TOF_Low,263.682,1.5241127999999453,263.88078349004763,0.9217035371105582,8189
imap_idex_l1b_sci-10days_20260301_v003.cdf,10,825768242648206720,2026-03-03T00:02:53.464206720,Target H,Target_High,333.172,0.1207279028566696,333.16149414062505,0.1207279028566696,512
imap_idex_l1b_sci-10days_20260301_v003.cdf,10,825768242648206720,2026-03-03T00:02:53.464206720,Target L,Target_Low,32611.2,8.882730518187127,32606.108203125004,8.882730518187127,512
imap_idex_l1b_sci-10days_20260301_v003.cdf,10,825768242648206720,2026-03-03T00:02:53.464206720,Ion Grid,Ion_Grid,1.5099040000000001,0.00044450439215810175,1.5098675742187497,0.00044450439215810175,512
imap_idex_l1b_sci-10days_20260301_v003.cdf,11,825768254648116224,2026-03-03T00:03:05.464116224,TOF H,TOF_High,0.14767899999999998,0.000856942800000034,0.14774979423617046,0.0007950020820422902,8189
imap_idex_l1b_sci-10days_20260301_v003.cdf,11,825768254648116224,2026-03-03T00:03:05.464116224,TOF M,TOF_Mid,5.7969,0.01675337999999914,5.792102088167053,0.011565739692336544,8189
imap_idex_l1b_sci-10days_20260301_v003.cdf,11,825768254648116224,2026-03-03T00:03:05.464116224,TOF L,TOF_Low,263.682,1.5241127999999453,263.8728120649652,0.9187105132610851,8189
imap_idex_l1b_sci-10days_20260301_v003.cdf,11,825768254648116224,2026-03-03T00:03:05.464116224,Target H,Target_High,333.172,0.1100837739295119,333.14366601562506,0.1100837739295119,512
imap_idex_l1b_sci-10days_20260301_v003.cdf,11,825768254648116224,2026-03-03T00:03:05.464116224,Target L,Target_Low,32611.2,9.330305366710993,32605.861328125007,9.330305366710993,512
imap_idex_l1b_sci-10days_20260301_v003.cdf,11,825768254648116224,2026-03-03T00:03:05.464116224,Ion Grid,Ion_Grid,1.5099040000000001,0.0011060195999998716,1.5095805390624997,0.00047518880133233776,512
imap_idex_l1b_sci-10days_20260301_v003.cdf,12,825768266648045824,2026-03-03T00:03:17.464045824,TOF H,TOF_High,0.14767899999999998,0.000856942800000034,0.14773719526193677,0.0007854533765992158,8189
imap_idex_l1b_sci-10days_20260301_v003.cdf,12,825768266648045824,2026-03-03T00:03:17.464045824,TOF M,TOF_Mid,5.7969,0.01675337999999914,5.791619123214067,0.011461339632852393,8189
imap_idex_l1b_sci-10days_20260301_v003.cdf,12,825768266648045824,2026-03-03T00:03:17.464045824,TOF L,TOF_Low,264.196,1.5241127999999453,263.9078988887532,0.9223520616960541,8189
imap_idex_l1b_sci-10days_20260301_v003.cdf,12,825768266648045824,2026-03-03T00:03:17.464045824,Target H,Target_High,333.172,0.12677580380795883,333.17582031250004,0.12677580380795883,512
imap_idex_l1b_sci-10days_20260301_v003.cdf,12,825768266648045824,2026-03-03T00:03:17.464045824,Target L,Target_Low,32611.2,9.519904620549864,32605.52187500001,9.519904620549864,512
imap_idex_l1b_sci-10days_20260301_v003.cdf,12,825768266648045824,2026-03-03T00:03:17.464045824,Ion Grid,Ion_Grid,1.5099040000000001,0.0004409945242233079,1.5096053085937498,0.0004409945242233079,512
imap_idex_l1b_sci-10days_20260311_v003.cdf,0,826459378129471616,2026-03-11T00:01:48.945471616,TOF H,TOF_High,0.14767899999999998,0.000856942800000034,0.1477715336426914,0.0007865403103371461,8189
imap_idex_l1b_sci-10days_20260311_v003.cdf,0,826459378129471616,2026-03-11T00:01:48.945471616,TOF M,TOF_Mid,5.7969,0.01675337999999914,5.793007302478935,0.011567436129890422,8189
imap_idex_l1b_sci-10days_20260311_v003.cdf,0,826459378129471616,2026-03-11T00:01:48.945471616,TOF L,TOF_Low,263.682,1.5241127999999453,263.89333691537433,0.9254834522558291,8189
imap_idex_l1b_sci-10days_20260311_v003.cdf,0,826459378129471616,2026-03-11T00:01:48.945471616,Target H,Target_High,333.172,0.1132070896799753,333.1911015625001,0.1132070896799753,512
imap_idex_l1b_sci-10days_20260311_v003.cdf,0,826459378129471616,2026-03-11T00:01:48.945471616,Target L,Target_Low,32611.2,9.018068266947557,32606.66367187501,9.018068266947557,512
imap_idex_l1b_sci-10days_20260311_v003.cdf,0,826459378129471616,2026-03-11T00:01:48.945471616,Ion Grid,Ion_Grid,1.5099040000000001,0.0004604748968184574,1.5100511601562498,0.0004604748968184574,512
imap_idex_l1b_sci-10days_20260311_v003.cdf,8,826459454128945152,2026-03-11T00:03:04.944945152,TOF H,TOF_High,0.14767899999999998,0.000856942800000034,0.14773585419465135,0.0007937532622220341,8189
imap_idex_l1b_sci-10days_20260311_v003.cdf,8,826459454128945152,2026-03-11T00:03:04.944945152,TOF M,TOF_Mid,5.7969,0.01675337999999914,5.7921572841616795,0.01144496618371424,8189
imap_idex_l1b_sci-10days_20260311_v003.cdf,8,826459454128945152,2026-03-11T00:03:04.944945152,TOF L,TOF_Low,264.196,1.5241127999999453,263.897667847112,0.92285963056905,8189
imap_idex_l1b_sci-10days_20260311_v003.cdf,8,826459454128945152,2026-03-11T00:03:04.944945152,Target H,Target_High,333.172,0.24166380000001617,333.201607421875,0.12807665316341685,512
imap_idex_l1b_sci-10days_20260311_v003.cdf,8,826459454128945152,2026-03-11T00:03:04.944945152,Target L,Target_Low,32611.2,9.180962278506934,32606.509375000005,9.180962278506934,512
imap_idex_l1b_sci-10days_20260311_v003.cdf,8,826459454128945152,2026-03-11T00:03:04.944945152,Ion Grid,Ion_Grid,1.509158,0.00045144462129235004,1.5094610624999998,0.00045144462129235004,512
imap_idex_l1b_sci-10days_20260311_v003.cdf,9,826459466128854656,2026-03-11T00:03:16.944854656,TOF H,TOF_High,0.14767899999999998,0.000856942800000034,0.14775229991451946,0.0007882742509518081,8189
imap_idex_l1b_sci-10days_20260311_v003.cdf,9,826459466128854656,2026-03-11T00:03:16.944854656,TOF M,TOF_Mid,5.7969,0.01675337999999914,5.7918150689949925,0.011513098088007392,8189
imap_idex_l1b_sci-10days_20260311_v003.cdf,9,826459466128854656,2026-03-11T00:03:16.944854656,TOF L,TOF_Low,263.682,1.5241127999999453,263.89164220295515,0.9188206303704269,8189
imap_idex_l1b_sci-10days_20260311_v003.cdf,9,826459466128854656,2026-03-11T00:03:16.944854656,Target H,Target_High,333.172,0.24166380000001617,333.21911718750005,0.11775682511362487,512
imap_idex_l1b_sci-10days_20260311_v003.cdf,9,826459466128854656,2026-03-11T00:03:16.944854656,Target L,Target_Low,32611.2,9.096765903459104,32606.879687500004,9.096765903459104,512
imap_idex_l1b_sci-10days_20260311_v003.cdf,9,826459466128854656,2026-03-11T00:03:16.944854656,Ion Grid,Ion_Grid,1.5099040000000001,0.0004856768404947719,1.5096402773437498,0.0004856768404947719,512
imap_idex_l1b_sci-10days_20260311_v003.cdf,16,827150578100431104,2026-03-19T00:01:48.916431104,TOF H,TOF_High,0.14767899999999998,0.000856942800000034,0.1476927988765417,0.0008054008709454758,8189
imap_idex_l1b_sci-10days_20260311_v003.cdf,16,827150578100431104,2026-03-19T00:01:48.916431104,TOF M,TOF_Mid,5.7969,0.01675337999999914,5.7927878984002925,0.011412980030116754,8189
imap_idex_l1b_sci-10days_20260311_v003.cdf,16,827150578100431104,2026-03-19T00:01:48.916431104,TOF L,TOF_Low,263.682,1.5241127999999453,263.8420561729149,0.9163632003625414,8189
imap_idex_l1b_sci-10days_20260311_v003.cdf,16,827150578100431104,2026-03-19T00:01:48.916431104,Target H,Target_High,333.172,0.24166380000001617,333.13920898437505,0.12441254645797553,512
imap_idex_l1b_sci-10days_20260311_v003.cdf,16,827150578100431104,2026-03-19T00:01:48.916431104,Target L,Target_Low,32611.2,8.766615632733792,32606.293359375006,8.766615632733792,512
imap_idex_l1b_sci-10days_20260311_v003.cdf,16,827150578100431104,2026-03-19T00:01:48.916431104,Ion Grid,Ion_Grid,1.509158,0.00047737066859392064,1.5094479492187498,0.00047737066859392064,512
imap_idex_l1b_sci-10days_20260311_v003.cdf,22,827150630100085632,2026-03-19T00:02:40.916085632,TOF H,TOF_High,0.14767899999999998,0.000856942800000034,0.14770751532543658,0.0008117201275270258,8189
imap_idex_l1b_sci-10days_20260311_v003.cdf,22,827150630100085632,2026-03-19T00:02:40.916085632,TOF M,TOF_Mid,5.7969,0.01675337999999914,5.792264916351202,0.011397682205670648,8189
imap_idex_l1b_sci-10days_20260311_v003.cdf,22,827150630100085632,2026-03-19T00:02:40.916085632,TOF L,TOF_Low,263.682,1.5241127999999453,263.8740046403712,0.9107545459334956,8189
imap_idex_l1b_sci-10days_20260311_v003.cdf,22,827150630100085632,2026-03-19T00:02:40.916085632,Target H,Target_High,333.172,0.12172782001907866,333.14557617187506,0.12172782001907866,512
imap_idex_l1b_sci-10days_20260311_v003.cdf,22,827150630100085632,2026-03-19T00:02:40.916085632,Target L,Target_Low,32611.2,8.910133533440053,32608.391796875007,8.910133533440053,512
imap_idex_l1b_sci-10days_20260311_v003.cdf,22,827150630100085632,2026-03-19T00:02:40.916085632,Ion Grid,Ion_Grid,1.5099040000000001,0.000502166618265311,1.5098573749999997,0.000502166618265311,512
imap_idex_l1b_sci-10days_20260311_v003.cdf,24,827150654099924608,2026-03-19T00:03:04.915924608,TOF H,TOF_High,0.14767899999999998,0.000856942800000034,0.14773656001953842,0.0008014262796955142,8189
imap_idex_l1b_sci-10days_20260311_v003.cdf,24,827150654099924608,2026-03-19T00:03:04.915924608,TOF M,TOF_Mid,5.7969,0.01675337999999914,5.793473708633532,0.011351714521395419,8189
imap_idex_l1b_sci-10days_20260311_v003.cdf,24,827150654099924608,2026-03-19T00:03:04.915924608,TOF L,TOF_Low,263.682,1.5241127999999453,263.80696934912686,0.9127823364640255,8189
imap_idex_l1b_sci-10days_20260311_v003.cdf,24,827150654099924608,2026-03-19T00:03:04.915924608,Target H,Target_High,333.172,0.11453683685374316,333.20956640625,0.11453683685374316,512
imap_idex_l1b_sci-10days_20260311_v003.cdf,24,827150654099924608,2026-03-19T00:03:04.915924608,Target L,Target_Low,32611.2,8.85293027136446,32606.20078125001,8.85293027136446,512
imap_idex_l1b_sci-10days_20260311_v003.cdf,24,827150654099924608,2026-03-19T00:03:04.915924608,Ion Grid,Ion_Grid,1.5099040000000001,0.0004522503892044315,1.5096985585937497,0.0004522503892044315,512
imap_idex_l1b_sci-10days_20260311_v003.cdf,25,827150666099854208,2026-03-19T00:03:16.915854208,TOF H,TOF_High,0.14767899999999998,0.000856942800000034,0.14772202002686532,0.0007888519899503032,8189
imap_idex_l1b_sci-10days_20260311_v003.cdf,25,827150666099854208,2026-03-19T00:03:16.915854208,TOF M,TOF_Mid,5.7969,0.01675337999999914,5.792574013921112,0.01145474901081519,8189
imap_idex_l1b_sci-10days_20260311_v003.cdf,25,827150666099854208,2026-03-19T00:03:16.915854208,TOF L,TOF_Low,263.682,1.5241127999999453,263.8281218708023,0.9145348483305333,8189
imap_idex_l1b_sci-10days_20260311_v003.cdf,25,827150666099854208,2026-03-19T00:03:16.915854208,Target H,Target_High,333.172,0.12450904506933666,333.20192578125,0.12450904506933666,512
imap_idex_l1b_sci-10days_20260311_v003.cdf,25,827150666099854208,2026-03-19T00:03:16.915854208,Target L,Target_Low,32611.2,9.42697084902778,32607.58945312501,9.42697084902778,512
imap_idex_l1b_sci-10days_20260311_v003.cdf,25,827150666099854208,2026-03-19T00:03:16.915854208,Ion Grid,Ion_Grid,1.5099040000000001,0.00047419596320872053,1.5099389687499998,0.00047419596320872053,512
imap_idex_l1b_sci-10days_20260321_v016.cdf,20,827841776826192640,2026-03-27T00:01:47.642192640,TOF H,TOF_High,0.14767899999999998,0.000856942800000034,0.14771393833190866,0.0008155936830243254,8189
imap_idex_l1b_sci-10days_20260321_v016.cdf,20,827841776826192640,2026-03-27T00:01:47.642192640,TOF M,TOF_Mid,5.7969,0.01675337999999914,5.791999975576993,0.011283552156693388,8189
imap_idex_l1b_sci-10days_20260321_v016.cdf,20,827841776826192640,2026-03-27T00:01:47.642192640,TOF L,TOF_Low,264.196,1.5241127999999453,263.93790157528395,0.9196187307380385,8189
imap_idex_l1b_sci-10days_20260321_v016.cdf,20,827841776826192640,2026-03-27T00:01:47.642192640,Target H,Target_High,333.172,0.1107410237310774,333.18377929687506,0.1107410237310774,512
imap_idex_l1b_sci-10days_20260321_v016.cdf,20,827841776826192640,2026-03-27T00:01:47.642192640,Target L,Target_Low,32611.2,8.598144038226668,32606.293359375006,8.598144038226668,512
imap_idex_l1b_sci-10days_20260321_v016.cdf,20,827841776826192640,2026-03-27T00:01:47.642192640,Ion Grid,Ion_Grid,1.509158,0.00046588332139047754,1.5094625195312497,0.00046588332139047754,512
imap_idex_l1b_sci-10days_20260321_v016.cdf,29,827841852825706368,2026-03-27T00:03:03.641706368,TOF H,TOF_High,0.14767899999999998,0.000856942800000034,0.14773447783612162,0.000800713781220678,8189
imap_idex_l1b_sci-10days_20260321_v016.cdf,29,827841852825706368,2026-03-27T00:03:03.641706368,TOF M,TOF_Mid,5.7969,0.01675337999999914,5.791871644889485,0.011226256750714576,8189
imap_idex_l1b_sci-10days_20260321_v016.cdf,29,827841852825706368,2026-03-27T00:03:03.641706368,TOF L,TOF_Low,263.682,1.5241127999999453,263.90375625839545,0.915214776368821,8189
imap_idex_l1b_sci-10days_20260321_v016.cdf,29,827841852825706368,2026-03-27T00:03:03.641706368,Target H,Target_High,333.172,0.11765306567256519,333.1926933593751,0.11765306567256519,512
imap_idex_l1b_sci-10days_20260321_v016.cdf,29,827841852825706368,2026-03-27T00:03:03.641706368,Target L,Target_Low,32611.2,8.87527642477707,32605.953906250008,8.87527642477707,512
imap_idex_l1b_sci-10days_20260321_v016.cdf,29,827841852825706368,2026-03-27T00:03:03.641706368,Ion Grid,Ion_Grid,1.5099040000000001,0.00048242478510005643,1.5097903515624997,0.00048242478510005643,512
imap_idex_l1b_sci-10days_20260321_v016.cdf,30,827841864825615872,2026-03-27T00:03:15.641615872,TOF H,TOF_High,0.14767899999999998,0.000856942800000034,0.14773941861033094,0.0008042080813144738,8189
imap_idex_l1b_sci-10days_20260321_v016.cdf,30,827841864825615872,2026-03-27T00:03:15.641615872,TOF M,TOF_Mid,5.7969,0.01675337999999914,5.792262156551471,0.01116573106279766,8189
imap_idex_l1b_sci-10days_20260321_v016.cdf,30,827841864825615872,2026-03-27T00:03:15.641615872,TOF L,TOF_Low,264.196,1.5241127999999453,263.9159330809623,0.9230773892628723,8189
imap_idex_l1b_sci-10days_20260321_v016.cdf,30,827841864825615872,2026-03-27T00:03:15.641615872,Target H,Target_High,333.172,0.12083190000000808,333.200970703125,0.12659299447864114,512
imap_idex_l1b_sci-10days_20260321_v016.cdf,30,827841864825615872,2026-03-27T00:03:15.641615872,Target L,Target_Low,32611.2,9.085662446126499,32605.58359375001,9.085662446126499,512
imap_idex_l1b_sci-10days_20260321_v016.cdf,30,827841864825615872,2026-03-27T00:03:15.641615872,Ion Grid,Ion_Grid,1.5099040000000001,0.0004595149481068085,1.5097335273437498,0.0004595149481068085,512
imap_idex_l1b_sci-10days_20260331_v016.cdf,261,828532976255947648,2026-04-04T00:01:47.071947648,TOF H,TOF_High,0.14767899999999998,0.000856942800000034,0.14772809012089388,0.0008055552935656687,8189
imap_idex_l1b_sci-10days_20260331_v016.cdf,261,828532976255947648,2026-04-04T00:01:47.071947648,TOF M,TOF_Mid,5.7969,0.01675337999999914,5.792252497252412,0.011145637005387116,8189
imap_idex_l1b_sci-10days_20260331_v016.cdf,261,828532976255947648,2026-04-04T00:01:47.071947648,TOF L,TOF_Low,263.682,1.5241127999999453,263.88768787397737,0.9192402408345157,8189
imap_idex_l1b_sci-10days_20260331_v016.cdf,261,828532976255947648,2026-04-04T00:01:47.071947648,Target H,Target_High,333.172,0.24166380000001617,333.21434179687503,0.11580888406345319,512
imap_idex_l1b_sci-10days_20260331_v016.cdf,261,828532976255947648,2026-04-04T00:01:47.071947648,Target L,Target_Low,32611.2,9.011307382176934,32605.861328125007,9.011307382176934,512
imap_idex_l1b_sci-10days_20260331_v016.cdf,261,828532976255947648,2026-04-04T00:01:47.071947648,Ion Grid,Ion_Grid,1.5099040000000001,0.00047447345140834863,1.5096038515624999,0.00047447345140834863,512
imap_idex_l1b_sci-10days_20260331_v016.cdf,271,828533052255421312,2026-04-04T00:03:03.071421312,TOF H,TOF_High,0.14767899999999998,0.000856942800000034,0.14776458126755407,0.0008086775668657096,8189
imap_idex_l1b_sci-10days_20260331_v016.cdf,271,828533052255421312,2026-04-04T00:03:03.071421312,TOF M,TOF_Mid,5.7969,0.01675337999999914,5.792442923433874,0.011260594541427443,8189
imap_idex_l1b_sci-10days_20260331_v016.cdf,271,828533052255421312,2026-04-04T00:03:03.071421312,TOF L,TOF_Low,263.682,1.5241127999999453,263.8749461472707,0.9185457160182848,8189
imap_idex_l1b_sci-10days_20260331_v016.cdf,271,828533052255421312,2026-04-04T00:03:03.071421312,Target H,Target_High,333.172,0.11759145558775448,333.20383593750006,0.11759145558775448,512
imap_idex_l1b_sci-10days_20260331_v016.cdf,271,828533052255421312,2026-04-04T00:03:03.071421312,Target L,Target_Low,32611.2,8.998617032076806,32606.416796875008,8.998617032076806,512
imap_idex_l1b_sci-10days_20260331_v016.cdf,271,828533052255421312,2026-04-04T00:03:03.071421312,Ion Grid,Ion_Grid,1.5099040000000001,0.0004607445220373689,1.5096388203124995,0.0004607445220373689,512
imap_idex_l1b_sci-10days_20260331_v016.cdf,272,828533064255350912,2026-04-04T00:03:15.071350912,TOF H,TOF_High,0.14767899999999998,0.000856942800000034,0.14773853632922213,0.0008054586995911756,8189
imap_idex_l1b_sci-10days_20260331_v016.cdf,272,828533064255350912,2026-04-04T00:03:15.071350912,TOF M,TOF_Mid,5.7969,0.01675337999999914,5.791834387593112,0.011169779460226919,8189
imap_idex_l1b_sci-10days_20260331_v016.cdf,272,828533064255350912,2026-04-04T00:03:15.071350912,TOF L,TOF_Low,264.196,1.5241127999999453,263.92440664305775,0.9276427564714588,8189
imap_idex_l1b_sci-10days_20260331_v016.cdf,272,828533064255350912,2026-04-04T00:03:15.071350912,Target H,Target_High,333.172,0.10968901211384215,333.20351757812506,0.10968901211384215,512
imap_idex_l1b_sci-10days_20260331_v016.cdf,272,828533064255350912,2026-04-04T00:03:15.071350912,Target L,Target_Low,32611.2,8.824702184908938,32606.879687500008,8.824702184908938,512
imap_idex_l1b_sci-10days_20260331_v016.cdf,272,828533064255350912,2026-04-04T00:03:15.071350912,Ion Grid,Ion_Grid,1.5099040000000001,0.0004797152310286723,1.5097349843749996,0.0004797152310286723,512
imap_idex_l1b_sci-10days_20260410_v016.cdf,1,829224175711690368,2026-04-12T00:01:46.527690368,TOF H,TOF_High,0.14767899999999998,0.000856942800000034,0.1476620954939553,0.0008041503377483508,8189
imap_idex_l1b_sci-10days_20260410_v016.cdf,1,829224175711690368,2026-04-12T00:01:46.527690368,TOF M,TOF_Mid,5.7969,0.01675337999999914,5.792202820857248,0.011413975344773971,8189
imap_idex_l1b_sci-10days_20260410_v016.cdf,1,829224175711690368,2026-04-12T00:01:46.527690368,TOF L,TOF_Low,264.196,1.5241127999999453,263.91775332763467,0.9511104210653966,8189
imap_idex_l1b_sci-10days_20260410_v016.cdf,1,829224175711690368,2026-04-12T00:01:46.527690368,Target H,Target_High,333.172,0.24166380000001617,333.17868554687504,0.12099959947189463,512
imap_idex_l1b_sci-10days_20260410_v016.cdf,1,829224175711690368,2026-04-12T00:01:46.527690368,Target L,Target_Low,32611.2,9.355176168114983,32607.28085937501,9.355176168114983,512
imap_idex_l1b_sci-10days_20260410_v016.cdf,1,829224175711690368,2026-04-12T00:01:46.527690368,Ion Grid,Ion_Grid,1.5099040000000001,0.0004521377150963117,1.5096781601562497,0.0004521377150963117,512
imap_idex_l1b_sci-10days_20260410_v016.cdf,8,829224239711254656,2026-04-12T00:02:50.527254656,TOF H,TOF_High,0.14767899999999998,0.000856942800000034,0.14764494394920014,0.0008208723590657773,8189
imap_idex_l1b_sci-10days_20260410_v016.cdf,8,829224239711254656,2026-04-12T00:02:50.527254656,TOF M,TOF_Mid,5.7969,0.01675337999999914,5.793883538893637,0.011235971734501657,8189
imap_idex_l1b_sci-10days_20260410_v016.cdf,8,829224239711254656,2026-04-12T00:02:50.527254656,TOF L,TOF_Low,263.682,1.5241127999999453,263.84494346074,0.9430674489734325,8189
imap_idex_l1b_sci-10days_20260410_v016.cdf,8,829224239711254656,2026-04-12T00:02:50.527254656,Target H,Target_High,333.172,0.24166380000001617,333.11756054687504,0.12433105476037754,512
imap_idex_l1b_sci-10days_20260410_v016.cdf,8,829224239711254656,2026-04-12T00:02:50.527254656,Target L,Target_Low,32611.2,8.802876747863666,32607.43515625001,8.802876747863666,512
imap_idex_l1b_sci-10days_20260410_v016.cdf,8,829224239711254656,2026-04-12T00:02:50.527254656,Ion Grid,Ion_Grid,1.5099040000000001,0.00045827744282219215,1.5096883593749997,0.00045827744282219215,512
imap_idex_l1b_sci-10days_20260410_v016.cdf,9,829224251711184128,2026-04-12T00:03:02.527184128,TOF H,TOF_High,0.14767899999999998,0.000856942800000034,0.14767480034192207,0.0007891863239571492,8189
imap_idex_l1b_sci-10days_20260410_v016.cdf,9,829224251711184128,2026-04-12T00:03:02.527184128,TOF M,TOF_Mid,5.7969,0.01675337999999914,5.7922745756502625,0.01142824271480381,8189
imap_idex_l1b_sci-10days_20260410_v016.cdf,9,829224251711184128,2026-04-12T00:03:02.527184128,TOF L,TOF_Low,263.682,1.5241127999999453,263.84218170716815,0.9441215619320062,8189
imap_idex_l1b_sci-10days_20260410_v016.cdf,9,829224251711184128,2026-04-12T00:03:02.527184128,Target H,Target_High,333.172,0.12358865113670714,333.128384765625,0.12358865113670714,512
imap_idex_l1b_sci-10days_20260410_v016.cdf,9,829224251711184128,2026-04-12T00:03:02.527184128,Target L,Target_Low,32611.2,8.938784326426477,32607.00312500001,8.938784326426477,512
imap_idex_l1b_sci-10days_20260410_v016.cdf,9,829224251711184128,2026-04-12T00:03:02.527184128,Ion Grid,Ion_Grid,1.5099040000000001,0.0011060195999998716,1.5095645117187497,0.00048785749297972666,512
imap_idex_l1b_sci-10days_20260410_v016.cdf,10,829224263711093760,2026-04-12T00:03:14.527093760,TOF H,TOF_High,0.14767899999999998,0.000856942800000034,0.14765239040175848,0.0007976531014488809,8189
imap_idex_l1b_sci-10days_20260410_v016.cdf,10,829224263711093760,2026-04-12T00:03:14.527093760,TOF M,TOF_Mid,5.7969,0.01675337999999914,5.792041372572963,0.011378441431678031,8189
imap_idex_l1b_sci-10days_20260410_v016.cdf,10,829224263711093760,2026-04-12T00:03:14.527093760,TOF L,TOF_Low,263.682,1.5241127999999453,263.8880644767371,0.9502548202798886,8189
imap_idex_l1b_sci-10days_20260410_v016.cdf,10,829224263711093760,2026-04-12T00:03:14.527093760,Target H,Target_High,333.172,0.1193215014667597,333.12551953125006,0.1193215014667597,512
imap_idex_l1b_sci-10days_20260410_v016.cdf,10,829224263711093760,2026-04-12T00:03:14.527093760,Target L,Target_Low,32611.2,8.731621847787869,32607.805468750008,8.731621847787869,512
imap_idex_l1b_sci-10days_20260410_v016.cdf,10,829224263711093760,2026-04-12T00:03:14.527093760,Ion Grid,Ion_Grid,1.5099040000000001,0.0004748558505927843,1.5097247851562496,0.0004748558505927843,512
imap_idex_l1b_sci-10days_20260420_v016.cdf,0,829915375079932928,2026-04-20T00:01:45.895932928,TOF H,TOF_High,0.14767899999999998,0.000856942800000034,0.14769057552814752,0.0007965033233376397,8189
imap_idex_l1b_sci-10days_20260420_v016.cdf,0,829915375079932928,2026-04-20T00:01:45.895932928,TOF M,TOF_Mid,5.7969,0.01675337999999914,5.791788850897545,0.011360298499002552,8189
imap_idex_l1b_sci-10days_20260420_v016.cdf,0,829915375079932928,2026-04-20T00:01:45.895932928,TOF L,TOF_Low,263.682,1.5241127999999453,263.8271803639028,0.9476515259598882,8189
imap_idex_l1b_sci-10days_20260420_v016.cdf,0,829915375079932928,2026-04-20T00:01:45.895932928,Target H,Target_High,333.33500000000004,0.2416637999999319,333.25859375000005,0.11825840268110933,512
imap_idex_l1b_sci-10days_20260420_v016.cdf,0,829915375079932928,2026-04-20T00:01:45.895932928,Target L,Target_Low,32611.2,9.431010734298354,32605.67617187501,9.431010734298354,512
imap_idex_l1b_sci-10days_20260420_v016.cdf,0,829915375079932928,2026-04-20T00:01:45.895932928,Ion Grid,Ion_Grid,1.5099040000000001,0.0004890679002672464,1.5096854453125,0.0004890679002672464,512
imap_idex_l1b_sci-10days_20260420_v016.cdf,8,829915451079426944,2026-04-20T00:03:01.895426944,TOF H,TOF_High,0.14767899999999998,0.000856942800000034,0.14767254170228356,0.0007991115666838383,8189
imap_idex_l1b_sci-10days_20260420_v016.cdf,8,829915451079426944,2026-04-20T00:03:01.895426944,TOF M,TOF_Mid,5.7969,0.01675337999999914,5.793748308706801,0.011403000898351247,8189
imap_idex_l1b_sci-10days_20260420_v016.cdf,8,829915451079426944,2026-04-20T00:03:01.895426944,TOF L,TOF_Low,263.682,1.5241127999999453,263.8556138722677,0.945027136417597,8189
imap_idex_l1b_sci-10days_20260420_v016.cdf,8,829915451079426944,2026-04-20T00:03:01.895426944,Target H,Target_High,333.172,0.11837105035688705,333.19587695312504,0.11837105035688705,512
imap_idex_l1b_sci-10days_20260420_v016.cdf,8,829915451079426944,2026-04-20T00:03:01.895426944,Target L,Target_Low,32611.2,9.127230762949889,32606.35507812501,9.127230762949889,512
imap_idex_l1b_sci-10days_20260420_v016.cdf,8,829915451079426944,2026-04-20T00:03:01.895426944,Ion Grid,Ion_Grid,1.5099040000000001,0.00047171597678405847,1.5095907382812497,0.00047171597678405847,512
imap_idex_l1b_sci-10days_20260420_v016.cdf,9,829915463079336576,2026-04-20T00:03:13.895336576,TOF H,TOF_High,0.14767899999999998,0.000856942800000034,0.14769191659543288,0.0008052318657113932,8189
imap_idex_l1b_sci-10days_20260420_v016.cdf,9,829915463079336576,2026-04-20T00:03:13.895336576,TOF M,TOF_Mid,5.7969,0.01675337999999914,5.792971425082428,0.011335963482447382,8189
imap_idex_l1b_sci-10days_20260420_v016.cdf,9,829915463079336576,2026-04-20T00:03:13.895336576,TOF L,TOF_Low,263.682,1.5241127999999453,263.86885773598726,0.9477036742323106,8189
imap_idex_l1b_sci-10days_20260420_v016.cdf,9,829915463079336576,2026-04-20T00:03:13.895336576,Target H,Target_High,333.172,0.11670161927121261,333.129658203125,0.11670161927121261,512
imap_idex_l1b_sci-10days_20260420_v016.cdf,9,829915463079336576,2026-04-20T00:03:13.895336576,Target L,Target_Low,32611.2,9.358025966724416,32604.380078125007,9.358025966724416,512
imap_idex_l1b_sci-10days_20260420_v016.cdf,9,829915463079336576,2026-04-20T00:03:13.895336576,Ion Grid,Ion_Grid,1.5099040000000001,0.0005530097999999358,1.5095834531249999,0.0004632901166415899,512
imap_idex_l1b_sci-10days_20260420_v016.cdf,19,830606574674751360,2026-04-28T00:01:45.490751360,TOF H,TOF_High,0.14767899999999998,0.000856942800000034,0.1477705807790939,0.0007945148730386511,8189
imap_idex_l1b_sci-10days_20260420_v016.cdf,19,830606574674751360,2026-04-28T00:01:45.490751360,TOF M,TOF_Mid,5.7969,0.01675337999999914,5.793083196971546,0.011168648157282322,8189
imap_idex_l1b_sci-10days_20260420_v016.cdf,19,830606574674751360,2026-04-28T00:01:45.490751360,TOF L,TOF_Low,263.682,1.5241127999999453,263.7521108804494,0.8867818064885111,8189
imap_idex_l1b_sci-10days_20260420_v016.cdf,19,830606574674751360,2026-04-28T00:01:45.490751360,Target H,Target_High,333.172,0.24166380000001617,333.207974609375,0.11616889534614094,512
imap_idex_l1b_sci-10days_20260420_v016.cdf,19,830606574674751360,2026-04-28T00:01:45.490751360,Target L,Target_Low,32611.2,9.125561230265586,32606.66367187501,9.125561230265586,512
imap_idex_l1b_sci-10days_20260420_v016.cdf,19,830606574674751360,2026-04-28T00:01:45.490751360,Ion Grid,Ion_Grid,1.509158,0.0004732436602813629,1.5094654335937499,0.0004732436602813629,512
imap_idex_l1b_sci-10days_20260420_v016.cdf,27,830606650674225536,2026-04-28T00:03:01.490225536,TOF H,TOF_High,0.14767899999999998,0.000856942800000034,0.14773408963243376,0.0007829334442611369,8189
imap_idex_l1b_sci-10days_20260420_v016.cdf,27,830606650674225536,2026-04-28T00:03:01.490225536,TOF M,TOF_Mid,5.7969,0.01675337999999914,5.792542276224204,0.011131185483312784,8189
imap_idex_l1b_sci-10days_20260420_v016.cdf,27,830606650674225536,2026-04-28T00:03:01.490225536,TOF L,TOF_Low,263.682,1.5241127999999453,263.7590780315057,0.8858574948471811,8189
imap_idex_l1b_sci-10days_20260420_v016.cdf,27,830606650674225536,2026-04-28T00:03:01.490225536,Target H,Target_High,333.172,0.24166380000001617,333.17868554687504,0.1264520071157785,512
imap_idex_l1b_sci-10days_20260420_v016.cdf,27,830606650674225536,2026-04-28T00:03:01.490225536,Target L,Target_Low,32611.2,9.215541516608132,32606.07734375001,9.215541516608132,512
imap_idex_l1b_sci-10days_20260420_v016.cdf,27,830606650674225536,2026-04-28T00:03:01.490225536,Ion Grid,Ion_Grid,1.509158,0.0005530097999999358,1.5094858320312496,0.00048243138589756067,512
imap_idex_l1b_sci-10days_20260420_v016.cdf,28,830606662674135168,2026-04-28T00:03:13.490135168,TOF H,TOF_High,0.14767899999999998,0.000856942800000034,0.14775794651361582,0.0007780885869461063,8189
imap_idex_l1b_sci-10days_20260420_v016.cdf,28,830606662674135168,2026-04-28T00:03:13.490135168,TOF M,TOF_Mid,5.7969,0.01675337999999914,5.792779619001098,0.01109825041802096,8189
imap_idex_l1b_sci-10days_20260420_v016.cdf,28,830606662674135168,2026-04-28T00:03:13.490135168,TOF L,TOF_Low,263.682,1.5241127999999453,263.77489534741727,0.8885968475461096,8189
imap_idex_l1b_sci-10days_20260420_v016.cdf,28,830606662674135168,2026-04-28T00:03:13.490135168,Target H,Target_High,333.33500000000004,0.2416637999999319,333.266234375,0.1278267403054179,512
imap_idex_l1b_sci-10days_20260420_v016.cdf,28,830606662674135168,2026-04-28T00:03:13.490135168,Target L,Target_Low,32611.2,8.982993915588086,32605.76875000001,8.982993915588086,512
imap_idex_l1b_sci-10days_20260420_v016.cdf,28,830606662674135168,2026-04-28T00:03:13.490135168,Ion Grid,Ion_Grid,1.5099040000000001,0.0004775485215544946,1.5096461054687498,0.0004775485215544946,512
imap_idex_l1b_sci-10days_20260430_v016.cdf,13,831297773973600512,2026-05-06T00:01:44.789600512,TOF H,TOF_High,0.14767899999999998,0.000856942800000034,0.14780015484186104,0.0007886209953625379,8189
imap_idex_l1b_sci-10days_20260430_v016.cdf,13,831297773973600512,2026-05-06T00:01:44.789600512,TOF M,TOF_Mid,5.7969,0.01675337999999914,5.792175222859933,0.011101869262682366,8189
imap_idex_l1b_sci-10days_20260430_v016.cdf,13,831297773973600512,2026-05-06T00:01:44.789600512,TOF L,TOF_Low,263.682,1.5241127999999453,263.73503822200513,0.883778323547462,8189
imap_idex_l1b_sci-10days_20260430_v016.cdf,13,831297773973600512,2026-05-06T00:01:44.789600512,Target H,Target_High,333.172,0.11949253469157235,333.1946035156251,0.11949253469157235,512
imap_idex_l1b_sci-10days_20260430_v016.cdf,13,831297773973600512,2026-05-06T00:01:44.789600512,Target L,Target_Low,32611.2,9.316056367905468,32607.250000000007,9.316056367905468,512
imap_idex_l1b_sci-10days_20260430_v016.cdf,13,831297773973600512,2026-05-06T00:01:44.789600512,Ion Grid,Ion_Grid,1.5099040000000001,0.0004614328484908956,1.50965484765625,0.0004614328484908956,512
imap_idex_l1b_sci-10days_20260430_v016.cdf,21,831297849973074688,2026-05-06T00:03:00.789074688,TOF H,TOF_High,0.14767899999999998,0.000856942800000034,0.1478116950787642,0.000780873445316618,8189
imap_idex_l1b_sci-10days_20260430_v016.cdf,21,831297849973074688,2026-05-06T00:03:00.789074688,TOF M,TOF_Mid,5.7969,0.01675337999999914,5.791587385517157,0.011090345616625025,8189
imap_idex_l1b_sci-10days_20260430_v016.cdf,21,831297849973074688,2026-05-06T00:03:00.789074688,TOF L,TOF_Low,263.682,1.5241127999999453,263.7601450726584,0.8825712258488013,8189
imap_idex_l1b_sci-10days_20260430_v016.cdf,21,831297849973074688,2026-05-06T00:03:00.789074688,Target H,Target_High,333.172,0.24166380000001617,333.18728125000007,0.13847132416926267,512
imap_idex_l1b_sci-10days_20260430_v016.cdf,21,831297849973074688,2026-05-06T00:03:00.789074688,Target L,Target_Low,32611.2,8.993535878148554,32605.92304687501,8.993535878148554,512
imap_idex_l1b_sci-10days_20260430_v016.cdf,21,831297849973074688,2026-05-06T00:03:00.789074688,Ion Grid,Ion_Grid,1.5099040000000001,0.00048298772855538533,1.5097378984374998,0.00048298772855538533,512
imap_idex_l1b_sci-10days_20260430_v016.cdf,22,831297861973004288,2026-05-06T00:03:12.789004288,TOF H,TOF_High,0.14767899999999998,0.000856942800000034,0.1478035075100745,0.0007779584454668125,8189
imap_idex_l1b_sci-10days_20260430_v016.cdf,22,831297861973004288,2026-05-06T00:03:12.789004288,TOF M,TOF_Mid,5.7856,0.01675338000000046,5.791334863841739,0.011044442334542512,8189
imap_idex_l1b_sci-10days_20260430_v016.cdf,22,831297861973004288,2026-05-06T00:03:12.789004288,TOF L,TOF_Low,263.682,1.5241127999999453,263.75487263402124,0.8861587422235649,8189
imap_idex_l1b_sci-10days_20260430_v016.cdf,22,831297861973004288,2026-05-06T00:03:12.789004288,Target H,Target_High,333.172,0.11645819178228162,333.162767578125,0.11645819178228162,512
imap_idex_l1b_sci-10days_20260430_v016.cdf,22,831297861973004288,2026-05-06T00:03:12.789004288,Target L,Target_Low,32611.2,9.123891392082317,32605.182421875008,9.123891392082317,512
imap_idex_l1b_sci-10days_20260430_v016.cdf,22,831297861973004288,2026-05-06T00:03:12.789004288,Ion Grid,Ion_Grid,1.5099040000000001,0.0004794474185280533,1.5097131289062498,0.0004794474185280533,512
imap_idex_l1b_sci-10days_20260510_v016.cdf,15,831989049237991296,2026-05-14T00:03:00.053991296,TOF H,TOF_High,0.14767899999999998,0.000856942800000034,0.1478016017828795,0.0007825737778130562,8189
imap_idex_l1b_sci-10days_20260510_v016.cdf,15,831989049237991296,2026-05-14T00:03:00.053991296,TOF M,TOF_Mid,5.7969,0.01675337999999914,5.791645341311516,0.011204539986042303,8189
imap_idex_l1b_sci-10days_20260510_v016.cdf,15,831989049237991296,2026-05-14T00:03:00.053991296,TOF L,TOF_Low,263.682,1.5241127999999453,263.75286408596895,0.8834048053038337,8189
imap_idex_l1b_sci-10days_20260510_v016.cdf,15,831989049237991296,2026-05-14T00:03:00.053991296,Target H,Target_High,333.172,0.11874719336155055,333.1525800781251,0.11874719336155055,512
imap_idex_l1b_sci-10days_20260510_v016.cdf,15,831989049237991296,2026-05-14T00:03:00.053991296,Target L,Target_Low,32611.2,9.269326173721357,32605.89218750001,9.269326173721357,512
imap_idex_l1b_sci-10days_20260510_v016.cdf,15,831989049237991296,2026-05-14T00:03:00.053991296,Ion Grid,Ion_Grid,1.5099040000000001,0.00047951825952223797,1.5097830664062497,0.00047951825952223797,512
imap_idex_l1b_sci-10days_20260510_v016.cdf,16,831989061237920896,2026-05-14T00:03:12.053920896,TOF H,TOF_High,0.14767899999999998,0.000856942800000034,0.1477972256685798,0.0007766561936918808,8189
imap_idex_l1b_sci-10days_20260510_v016.cdf,16,831989061237920896,2026-05-14T00:03:12.053920896,TOF M,TOF_Mid,5.7969,0.01675337999999914,5.791889583587739,0.011120579371757843,8189
imap_idex_l1b_sci-10days_20260510_v016.cdf,16,831989061237920896,2026-05-14T00:03:12.053920896,TOF L,TOF_Low,263.682,1.5241127999999453,263.79705214311883,0.8948593038099318,8189
imap_idex_l1b_sci-10days_20260510_v016.cdf,16,831989061237920896,2026-05-14T00:03:12.053920896,Target H,Target_High,333.172,0.24166380000001617,333.21625195312504,0.1250333900564116,512
imap_idex_l1b_sci-10days_20260510_v016.cdf,16,831989061237920896,2026-05-14T00:03:12.053920896,Target L,Target_Low,32611.2,9.067196486456874,32606.81796875001,9.067196486456874,512
imap_idex_l1b_sci-10days_20260510_v016.cdf,16,831989061237920896,2026-05-14T00:03:12.053920896,Ion Grid,Ion_Grid,1.5099040000000001,0.0005005215160916776,1.50972187109375,0.0005005215160916776,512
imap_idex_l1b_sci-10days_20260520_v016.cdf,4,832680173471916672,2026-05-22T00:01:44.287916672,TOF H,TOF_High,0.147968,0.0008569427999999928,0.14782528220783978,0.0007846608476559434,8189
imap_idex_l1b_sci-10days_20260520_v016.cdf,4,832680173471916672,2026-05-22T00:01:44.287916672,TOF M,TOF_Mid,5.7969,0.01675337999999914,5.792093808767859,0.011057704947176327,8189
imap_idex_l1b_sci-10days_20260520_v016.cdf,4,832680173471916672,2026-05-22T00:01:44.287916672,TOF L,TOF_Low,263.682,1.5241127999999453,263.7775943338625,0.8846894528925002,8189
imap_idex_l1b_sci-10days_20260520_v016.cdf,4,832680173471916672,2026-05-22T00:01:44.287916672,Target H,Target_High,333.009,0.10658717517824087,333.05166015625,0.10658717517824087,512
imap_idex_l1b_sci-10days_20260520_v016.cdf,4,832680173471916672,2026-05-22T00:01:44.287916672,Target L,Target_Low,32611.2,9.21280269461918,32606.416796875004,9.21280269461918,512
imap_idex_l1b_sci-10days_20260520_v016.cdf,4,832680173471916672,2026-05-22T00:01:44.287916672,Ion Grid,Ion_Grid,1.5099040000000001,0.00046689610994101046,1.5098428046874997,0.00046689610994101046,512
imap_idex_l1b_sci-10days_20260520_v016.cdf,12,832680249471391232,2026-05-22T00:03:00.287391232,TOF H,TOF_High,0.14767899999999998,0.000856942800000034,0.14780678959579924,0.0007808230600943999,8189
imap_idex_l1b_sci-10days_20260520_v016.cdf,12,832680249471391232,2026-05-22T00:03:00.287391232,TOF M,TOF_Mid,5.7969,0.01675337999999914,5.792097948467456,0.01112346910677514,8189
imap_idex_l1b_sci-10days_20260520_v016.cdf,12,832680249471391232,2026-05-22T00:03:00.287391232,TOF L,TOF_Low,263.682,1.5241127999999453,263.7806071559409,0.8901765389582772,8189
imap_idex_l1b_sci-10days_20260520_v016.cdf,12,832680249471391232,2026-05-22T00:03:00.287391232,Target H,Target_High,333.172,0.11112475240914291,333.17932226562505,0.11112475240914291,512
imap_idex_l1b_sci-10days_20260520_v016.cdf,12,832680249471391232,2026-05-22T00:03:00.287391232,Target L,Target_Low,32611.2,9.071973959250899,32606.66367187501,9.071973959250899,512
imap_idex_l1b_sci-10days_20260520_v016.cdf,12,832680249471391232,2026-05-22T00:03:00.287391232,Ion Grid,Ion_Grid,1.5099040000000001,0.0004753406745019447,1.5097990937499997,0.0004753406745019447,512
imap_idex_l1b_sci-10days_20260520_v016.cdf,13,832680261471300864,2026-05-22T00:03:12.287300864,TOF H,TOF_High,0.14767899999999998,0.000856942800000034,0.14782439992673096,0.0007795373402995084,8189
imap_idex_l1b_sci-10days_20260520_v016.cdf,13,832680261471300864,2026-05-22T00:03:12.287300864,TOF M,TOF_Mid,5.7969,0.01675337999999914,5.79382834289901,0.011093832476421978,8189
imap_idex_l1b_sci-10days_20260520_v016.cdf,13,832680261471300864,2026-05-22T00:03:12.287300864,TOF L,TOF_Low,263.682,1.5241127999999453,263.74897252411773,0.8862602169565984,8189
imap_idex_l1b_sci-10days_20260520_v016.cdf,13,832680261471300864,2026-05-22T00:03:12.287300864,Target H,Target_High,333.172,0.12120046354841368,333.20415429687506,0.12120046354841368,512
imap_idex_l1b_sci-10days_20260520_v016.cdf,13,832680261471300864,2026-05-22T00:03:12.287300864,Target L,Target_Low,32611.2,9.174113833172973,32606.81796875001,9.174113833172973,512
imap_idex_l1b_sci-10days_20260520_v016.cdf,13,832680261471300864,2026-05-22T00:03:12.287300864,Ion Grid,Ion_Grid,1.5099040000000001,0.0004533006636703507,1.5098384335937498,0.0004533006636703507,512
imap_idex_l1b_sci-10days_20260530_v022.cdf,0,833371372624296320,2026-05-30T00:01:43.440296320,TOF H,TOF_High,0.14767899999999998,0.000856942800000034,0.1477864618390524,0.0008080584454448189,8189
imap_idex_l1b_sci-10days_20260530_v022.cdf,0,833371372624296320,2026-05-30T00:01:43.440296320,TOF M,TOF_Mid,5.7969,0.01675337999999914,5.79382834289901,0.011290274926983403,8189
imap_idex_l1b_sci-10days_20260530_v022.cdf,0,833371372624296320,2026-05-30T00:01:43.440296320,TOF L,TOF_Low,263.682,1.5241127999999453,263.8849888875321,0.9488277189756745,8189
imap_idex_l1b_sci-10days_20260530_v022.cdf,0,833371372624296320,2026-05-30T00:01:43.440296320,Target H,Target_High,333.33500000000004,0.2416637999999319,333.2522265625,0.12139139402953432,512
imap_idex_l1b_sci-10days_20260530_v022.cdf,0,833371372624296320,2026-05-30T00:01:43.440296320,Target L,Target_Low,32611.2,9.206184821017468,32606.108203125004,9.206184821017468,512
imap_idex_l1b_sci-10days_20260530_v022.cdf,0,833371372624296320,2026-05-30T00:01:43.440296320,Ion Grid,Ion_Grid,1.5099040000000001,0.0004778507196683016,1.50967816015625,0.0004778507196683016,512
imap_idex_l1b_sci-10days_20260530_v022.cdf,7,833371436623841280,2026-05-30T00:02:47.439841280,TOF H,TOF_High,0.14767899999999998,0.000856942800000034,0.14781437721333496,0.0008231913182776711,8189
imap_idex_l1b_sci-10days_20260530_v022.cdf,7,833371436623841280,2026-05-30T00:02:47.439841280,TOF M,TOF_Mid,5.7969,0.01675337999999914,5.79409328367322,0.011259767123368517,8189
imap_idex_l1b_sci-10days_20260530_v022.cdf,7,833371436623841280,2026-05-30T00:02:47.439841280,TOF L,TOF_Low,263.682,1.5241127999999453,263.9102840395653,0.9486043298140353,8189
imap_idex_l1b_sci-10days_20260530_v022.cdf,7,833371436623841280,2026-05-30T00:02:47.439841280,Target H,Target_High,333.172,0.11609209349569023,333.18505273437506,0.11609209349569023,512
imap_idex_l1b_sci-10days_20260530_v022.cdf,7,833371436623841280,2026-05-30T00:02:47.439841280,Target L,Target_Low,32611.2,9.347436620839275,32605.12070312501,9.347436620839275,512
imap_idex_l1b_sci-10days_20260530_v022.cdf,7,833371436623841280,2026-05-30T00:02:47.439841280,Ion Grid,Ion_Grid,1.509158,0.0011060195999998716,1.5095324570312498,0.000473189826005357,512
imap_idex_l1b_sci-10days_20260530_v022.cdf,8,833371448623750912,2026-05-30T00:02:59.439750912,TOF H,TOF_High,0.14767899999999998,0.000856942800000034,0.1478020958603004,0.0008041462101728829,8189
imap_idex_l1b_sci-10days_20260530_v022.cdf,8,833371448623750912,2026-05-30T00:02:59.439750912,TOF M,TOF_Mid,5.7969,0.01675337999999914,5.792216619855903,0.011273978329671357,8189
imap_idex_l1b_sci-10days_20260530_v022.cdf,8,833371448623750912,2026-05-30T00:02:59.439750912,TOF L,TOF_Low,264.196,1.5241127999999453,263.9564178776407,0.9537286915825254,8189
imap_idex_l1b_sci-10days_20260530_v022.cdf,8,833371448623750912,2026-05-30T00:02:59.439750912,Target H,Target_High,333.33500000000004,0.2416637999999319,333.269099609375,0.1190915148366879,512
imap_idex_l1b_sci-10days_20260530_v022.cdf,8,833371448623750912,2026-05-30T00:02:59.439750912,Target L,Target_Low,32611.2,9.386932900438547,32605.645312500004,9.386932900438547,512
imap_idex_l1b_sci-10days_20260530_v022.cdf,8,833371448623750912,2026-05-30T00:02:59.439750912,Ion Grid,Ion_Grid,1.5099040000000001,0.00047209386427275583,1.5098384335937498,0.00047209386427275583,512
imap_idex_l1b_sci-10days_20260530_v022.cdf,9,833371460623680768,2026-05-30T00:03:11.439680768,TOF H,TOF_High,0.14767899999999998,0.000856942800000034,0.14780509561607033,0.0008128110556600937,8189
imap_idex_l1b_sci-10days_20260530_v022.cdf,9,833371460623680768,2026-05-30T00:03:11.439680768,TOF M,TOF_Mid,5.7969,0.01675337999999914,5.793533044327757,0.011302742868948737,8189
imap_idex_l1b_sci-10days_20260530_v022.cdf,9,833371460623680768,2026-05-30T00:03:11.439680768,TOF L,TOF_Low,264.196,1.5241127999999453,263.91555647820246,0.9457520905964727,8189
imap_idex_l1b_sci-10days_20260530_v022.cdf,9,833371460623680768,2026-05-30T00:03:11.439680768,Target H,Target_High,333.172,0.24166380000001617,333.241083984375,0.12289125487499221,512
imap_idex_l1b_sci-10days_20260530_v022.cdf,9,833371460623680768,2026-05-30T00:03:11.439680768,Target L,Target_Low,32611.2,9.364994139579956,32605.521875000006,9.364994139579956,512
imap_idex_l1b_sci-10days_20260530_v022.cdf,9,833371460623680768,2026-05-30T00:03:11.439680768,Ion Grid,Ion_Grid,1.5099040000000001,0.0004940152495189192,1.5096606757812499,0.0004940152495189192,512
imap_idex_l1b_sci-10days_20260530_v022.cdf,37,834062571798468864,2026-06-07T00:01:42.614468864,TOF H,TOF_High,0.14767899999999998,0.000856942800000034,0.14773758346562463,0.0008056868175911825,8189
imap_idex_l1b_sci-10days_20260530_v022.cdf,37,834062571798468864,2026-06-07T00:01:42.614468864,TOF M,TOF_Mid,5.7969,0.01675337999999914,5.794362364147027,0.01126615322127261,8189
imap_idex_l1b_sci-10days_20260530_v022.cdf,37,834062571798468864,2026-06-07T00:01:42.614468864,TOF L,TOF_Low,264.196,1.5241127999999453,263.92534814995724,0.9543986952583585,8189
imap_idex_l1b_sci-10days_20260530_v022.cdf,37,834062571798468864,2026-06-07T00:01:42.614468864,Target H,Target_High,333.172,0.11939070818543986,333.18696289062507,0.11939070818543986,512
imap_idex_l1b_sci-10days_20260530_v022.cdf,37,834062571798468864,2026-06-07T00:01:42.614468864,Target L,Target_Low,32611.2,9.14437796886657,32604.781250000007,9.14437796886657,512
imap_idex_l1b_sci-10days_20260530_v022.cdf,37,834062571798468864,2026-06-07T00:01:42.614468864,Ion Grid,Ion_Grid,1.5099040000000001,0.0004625104675098595,1.5097029296874998,0.0004625104675098595,512
imap_idex_l1b_sci-10days_20260530_v022.cdf,45,834062647797923584,2026-06-07T00:02:58.613923584,TOF H,TOF_High,0.14767899999999998,0.000856942800000034,0.14777838014409572,0.000801753857165478,8189
imap_idex_l1b_sci-10days_20260530_v022.cdf,45,834062647797923584,2026-06-07T00:02:58.613923584,TOF M,TOF_Mid,5.7969,0.01675337999999914,5.793799365001831,0.011271980964046623,8189
imap_idex_l1b_sci-10days_20260530_v022.cdf,45,834062647797923584,2026-06-07T00:02:58.613923584,TOF L,TOF_Low,263.682,1.5241127999999453,263.90614140920746,0.9481977099146156,8189
imap_idex_l1b_sci-10days_20260530_v022.cdf,45,834062647797923584,2026-06-07T00:02:58.613923584,Target H,Target_High,333.172,0.11603664240390779,333.2012890625,0.11603664240390779,512
imap_idex_l1b_sci-10days_20260530_v022.cdf,45,834062647797923584,2026-06-07T00:02:58.613923584,Target L,Target_Low,32611.2,9.290619604761186,32604.50351562501,9.290619604761186,512
imap_idex_l1b_sci-10days_20260530_v022.cdf,45,834062647797923584,2026-06-07T00:02:58.613923584,Ion Grid,Ion_Grid,1.5099040000000001,0.0004567903348571718,1.50993751171875,0.0004567903348571718,512
imap_idex_l1b_sci-10days_20260530_v022.cdf,46,834062659797833216,2026-06-07T00:03:10.613833216,TOF H,TOF_High,0.14767899999999998,0.000856942800000034,0.14779066149713033,0.0008049397137735682,8189
imap_idex_l1b_sci-10days_20260530_v022.cdf,46,834062659797833216,2026-06-07T00:03:10.613833216,TOF M,TOF_Mid,5.7969,0.01675337999999914,5.793425412138234,0.011354204331705059,8189
imap_idex_l1b_sci-10days_20260530_v022.cdf,46,834062659797833216,2026-06-07T00:03:10.613833216,TOF L,TOF_Low,263.682,1.5241127999999453,263.8871229698376,0.9469728544946531,8189
imap_idex_l1b_sci-10days_20260530_v022.cdf,46,834062659797833216,2026-06-07T00:03:10.613833216,Target H,Target_High,333.172,0.11545521212080936,333.16435937500006,0.11545521212080936,512
imap_idex_l1b_sci-10days_20260530_v022.cdf,46,834062659797833216,2026-06-07T00:03:10.613833216,Target L,Target_Low,32611.2,9.5293030478173,32604.22578125001,9.5293030478173,512
imap_idex_l1b_sci-10days_20260530_v022.cdf,46,834062659797833216,2026-06-07T00:03:10.613833216,Ion Grid,Ion_Grid,1.5099040000000001,0.00047311130670568224,1.5095397421874996,0.00047311130670568224,512
imap_idex_l1b_sci-10days_20260609_v011.cdf,16,834753770946561408,2026-06-15T00:01:41.762561408,TOF H,TOF_High,0.14767899999999998,0.000856942800000034,0.14777608621321286,0.00081714609197943,8189
imap_idex_l1b_sci-10days_20260609_v011.cdf,16,834753770946561408,2026-06-15T00:01:41.762561408,TOF M,TOF_Mid,5.7969,0.01675337999999914,5.792947966784711,0.011208105824634603,8189
imap_idex_l1b_sci-10days_20260609_v011.cdf,16,834753770946561408,2026-06-15T00:01:41.762561408,TOF L,TOF_Low,264.196,1.5241127999999453,263.9618786176578,0.9496807432745615,8189
imap_idex_l1b_sci-10days_20260609_v011.cdf,16,834753770946561408,2026-06-15T00:01:41.762561408,Target H,Target_High,333.172,0.11936353977976358,333.167224609375,0.11936353977976358,512
imap_idex_l1b_sci-10days_20260609_v011.cdf,16,834753770946561408,2026-06-15T00:01:41.762561408,Target L,Target_Low,32595.4,9.393372743991385,32602.59023437501,9.393372743991385,512
imap_idex_l1b_sci-10days_20260609_v011.cdf,16,834753770946561408,2026-06-15T00:01:41.762561408,Ion Grid,Ion_Grid,1.5099040000000001,0.0011060195999998716,1.5096169648437499,0.0004925519947316004,512
imap_idex_l1b_sci-10days_20260609_v011.cdf,24,834753846946016256,2026-06-15T00:02:57.762016256,TOF H,TOF_High,0.14767899999999998,0.000856942800000034,0.14775628782513126,0.0008105258903347505,8189
imap_idex_l1b_sci-10days_20260609_v011.cdf,24,834753846946016256,2026-06-15T00:02:57.762016256,TOF M,TOF_Mid,5.7969,0.01675337999999914,5.793069397972889,0.011301352268137409,8189
imap_idex_l1b_sci-10days_20260609_v011.cdf,24,834753846946016256,2026-06-15T00:02:57.762016256,TOF L,TOF_Low,264.196,1.5241127999999453,263.9357674929784,0.9503582437507241,8189
imap_idex_l1b_sci-10days_20260609_v011.cdf,24,834753846946016256,2026-06-15T00:02:57.762016256,Target H,Target_High,333.33500000000004,0.2416637999999319,333.25732031250004,0.12387739235793711,512
imap_idex_l1b_sci-10days_20260609_v011.cdf,24,834753846946016256,2026-06-15T00:02:57.762016256,Target L,Target_Low,32611.2,9.154370007508287,32605.028125000008,9.154370007508287,512
imap_idex_l1b_sci-10days_20260609_v011.cdf,24,834753846946016256,2026-06-15T00:02:57.762016256,Ion Grid,Ion_Grid,1.5099040000000001,0.0004769435508963442,1.5096810742187499,0.0004769435508963442,512
imap_idex_l1b_sci-10days_20260609_v011.cdf,25,834753858945925888,2026-06-15T00:03:09.761925888,TOF H,TOF_High,0.14767899999999998,0.000856942800000034,0.14775505263157893,0.000809767830596837,8189
imap_idex_l1b_sci-10days_20260609_v011.cdf,25,834753858945925888,2026-06-15T00:03:09.761925888,TOF M,TOF_Mid,5.7969,0.01675337999999914,5.793048699474904,0.011343220570290689,8189
imap_idex_l1b_sci-10days_20260609_v011.cdf,25,834753858945925888,2026-06-15T00:03:09.761925888,TOF L,TOF_Low,264.196,1.5241127999999453,263.9580498229332,0.9563662205157498,8189
imap_idex_l1b_sci-10days_20260609_v011.cdf,25,834753858945925888,2026-06-15T00:03:09.761925888,Target H,Target_High,333.33500000000004,0.2416637999999319,333.27387500000003,0.1218247813203433,512
imap_idex_l1b_sci-10days_20260609_v011.cdf,25,834753858945925888,2026-06-15T00:03:09.761925888,Target L,Target_Low,32611.2,8.920387961328133,32605.12070312501,8.920387961328133,512
imap_idex_l1b_sci-10days_20260609_v011.cdf,25,834753858945925888,2026-06-15T00:03:09.761925888,Ion Grid,Ion_Grid,1.5099040000000001,0.0004821518730762913,1.5096359062499998,0.0004821518730762913,512
imap_idex_l1b_sci-10days_20260619_v015.cdf,6,835444971087960960,2026-06-23T00:01:41.903960960,TOF H,TOF_High,0.14767899999999998,0.000856942800000034,0.1477233258029063,0.0008086931544130996,8189
imap_idex_l1b_sci-10days_20260619_v015.cdf,6,835444971087960960,2026-06-23T00:01:41.903960960,TOF M,TOF_Mid,5.7969,0.01675337999999914,5.793382635242398,0.011290729940000688,8189
imap_idex_l1b_sci-10days_20260619_v015.cdf,6,835444971087960960,2026-06-23T00:01:41.903960960,TOF L,TOF_Low,264.196,1.5241127999999453,263.9187576016608,0.9530976479950293,8189
imap_idex_l1b_sci-10days_20260619_v015.cdf,6,835444971087960960,2026-06-23T00:01:41.903960960,Target H,Target_High,333.172,0.24166380000001617,333.22612109375007,0.12550790945714962,512
imap_idex_l1b_sci-10days_20260619_v015.cdf,6,835444971087960960,2026-06-23T00:01:41.903960960,Target L,Target_Low,32611.2,8.938784326426477,32605.52187500001,8.938784326426477,512
imap_idex_l1b_sci-10days_20260619_v015.cdf,6,835444971087960960,2026-06-23T00:01:41.903960960,Ion Grid,Ion_Grid,1.5099040000000001,0.0004686094292969077,1.5098471757812497,0.0004686094292969077,512
imap_idex_l1b_sci-10days_20260619_v015.cdf,14,835445047087415808,2026-06-23T00:02:57.903415808,TOF H,TOF_High,0.14767899999999998,0.000856942800000034,0.14776662815972647,0.0008031296067963021,8189
imap_idex_l1b_sci-10days_20260619_v015.cdf,14,835445047087415808,2026-06-23T00:02:57.903415808,TOF M,TOF_Mid,5.7969,0.01675337999999914,5.793248784955428,0.011311057295682367,8189
imap_idex_l1b_sci-10days_20260619_v015.cdf,14,835445047087415808,2026-06-23T00:02:57.903415808,TOF L,TOF_Low,264.196,1.5241127999999453,263.9369600683844,0.9531073246734126,8189
imap_idex_l1b_sci-10days_20260619_v015.cdf,14,835445047087415808,2026-06-23T00:02:57.903415808,Target H,Target_High,333.172,0.12189090376941031,333.18759960937507,0.12189090376941031,512
imap_idex_l1b_sci-10days_20260619_v015.cdf,14,835445047087415808,2026-06-23T00:02:57.903415808,Target L,Target_Low,32611.2,9.275847667197914,32606.54023437501,9.275847667197914,512
imap_idex_l1b_sci-10days_20260619_v015.cdf,14,835445047087415808,2026-06-23T00:02:57.903415808,Ion Grid,Ion_Grid,1.5099040000000001,0.00047853662217964765,1.5098661171874999,0.00047853662217964765,512
imap_idex_l1b_sci-10days_20260619_v015.cdf,15,835445059087325568,2026-06-23T00:03:09.903325568,TOF H,TOF_High,0.14767899999999998,0.000856942800000034,0.14774418292831845,0.000811356545173842,8189
imap_idex_l1b_sci-10days_20260619_v015.cdf,15,835445059087325568,2026-06-23T00:03:09.903325568,TOF M,TOF_Mid,5.7969,0.01675337999999914,5.793356417144951,0.011266624249985313,8189
imap_idex_l1b_sci-10days_20260619_v015.cdf,15,835445059087325568,2026-06-23T00:03:09.903325568,TOF L,TOF_Low,263.682,1.5241127999999453,263.89697740871907,0.9484822894580716,8189
imap_idex_l1b_sci-10days_20260619_v015.cdf,15,835445059087325568,2026-06-23T00:03:09.903325568,Target H,Target_High,333.172,0.11318560078300757,333.22548437500006,0.11318560078300757,512
imap_idex_l1b_sci-10days_20260619_v015.cdf,15,835445059087325568,2026-06-23T00:03:09.903325568,Target L,Target_Low,32611.2,9.252822222742962,32605.552734375007,9.252822222742962,512
imap_idex_l1b_sci-10days_20260619_v015.cdf,15,835445059087325568,2026-06-23T00:03:09.903325568,Ion Grid,Ion_Grid,1.5099040000000001,0.00046473358750775625,1.5096315351562497,0.00046473358750775625,512
imap_idex_l1b_sci-10days_20260629_v011.cdf,2,836136170246229504,2026-07-01T00:01:41.062229504,TOF H,TOF_High,0.14767899999999998,0.000856942800000034,0.147735218952253,0.0008014960201803596,8189
imap_idex_l1b_sci-10days_20260629_v011.cdf,2,836136170246229504,2026-07-01T00:01:41.062229504,TOF M,TOF_Mid,5.7969,0.01675337999999914,5.793803504701428,0.011670691375135238,8189
imap_idex_l1b_sci-10days_20260629_v011.cdf,2,836136170246229504,2026-07-01T00:01:41.062229504,TOF L,TOF_Low,263.682,1.5241127999999453,263.8460732690194,0.8985450018157198,8189
imap_idex_l1b_sci-10days_20260629_v011.cdf,2,836136170246229504,2026-07-01T00:01:41.062229504,Target H,Target_High,333.172,0.12425929785773294,333.19842382812504,0.12425929785773294,512
imap_idex_l1b_sci-10days_20260629_v011.cdf,2,836136170246229504,2026-07-01T00:01:41.062229504,Target L,Target_Low,32611.2,8.866419905859086,32605.367578125006,8.866419905859086,512
imap_idex_l1b_sci-10days_20260629_v011.cdf,2,836136170246229504,2026-07-01T00:01:41.062229504,Ion Grid,Ion_Grid,1.509158,0.0011060195999998716,1.5094931171874997,0.0004785366221796761,512
imap_idex_l1b_sci-10days_20260629_v011.cdf,9,836136234245755008,2026-07-01T00:02:45.061755008,TOF H,TOF_High,0.14767899999999998,0.000856942800000034,0.14775889937721334,0.0008015148567471324,8189
imap_idex_l1b_sci-10days_20260629_v011.cdf,9,836136234245755008,2026-07-01T00:02:45.061755008,TOF M,TOF_Mid,5.7969,0.01675337999999914,5.794923983392356,0.011564998976497202,8189
imap_idex_l1b_sci-10days_20260629_v011.cdf,9,836136234245755008,2026-07-01T00:02:45.061755008,TOF L,TOF_Low,263.682,1.5241127999999453,263.8782728049823,0.9014012864549104,8189
imap_idex_l1b_sci-10days_20260629_v011.cdf,9,836136234245755008,2026-07-01T00:02:45.061755008,Target H,Target_High,333.172,0.12304167691154094,333.16117578125005,0.12304167691154094,512
imap_idex_l1b_sci-10days_20260629_v011.cdf,9,836136234245755008,2026-07-01T00:02:45.061755008,Target L,Target_Low,32611.2,8.89242756193879,32606.07734375001,8.89242756193879,512
imap_idex_l1b_sci-10days_20260629_v011.cdf,9,836136234245755008,2026-07-01T00:02:45.061755008,Ion Grid,Ion_Grid,1.5099040000000001,0.00048253918614154904,1.5096533906249996,0.00048253918614154904,512
imap_idex_l1b_sci-10days_20260629_v011.cdf,10,836136246245664768,2026-07-01T00:02:57.061664768,TOF H,TOF_High,0.14767899999999998,0.000856942800000034,0.1477418889974356,0.0007961021616991709,8189
imap_idex_l1b_sci-10days_20260629_v011.cdf,10,836136246245664768,2026-07-01T00:02:57.061664768,TOF M,TOF_Mid,5.7969,0.01675337999999914,5.793911136890951,0.011630543626070203,8189
imap_idex_l1b_sci-10days_20260629_v011.cdf,10,836136246245664768,2026-07-01T00:02:57.061664768,TOF L,TOF_Low,263.682,1.5241127999999453,263.8798419831482,0.9025071132420243,8189
imap_idex_l1b_sci-10days_20260629_v011.cdf,10,836136246245664768,2026-07-01T00:02:57.061664768,Target H,Target_High,333.172,0.24166380000001617,333.18346093750006,0.1250759395792126,512
imap_idex_l1b_sci-10days_20260629_v011.cdf,10,836136246245664768,2026-07-01T00:02:57.061664768,Target L,Target_Low,32611.2,9.154734094529728,32605.923046875007,9.154734094529728,512
imap_idex_l1b_sci-10days_20260629_v011.cdf,10,836136246245664768,2026-07-01T00:02:57.061664768,Ion Grid,Ion_Grid,1.5099040000000001,0.0004861421393239895,1.5096155078124998,0.0004861421393239895,512
imap_idex_l1b_sci-10days_20260629_v011.cdf,11,836136258245574400,2026-07-01T00:03:09.061574400,TOF H,TOF_High,0.14767899999999998,0.000856942800000034,0.14776419306386618,0.0007949365394893899,8189
imap_idex_l1b_sci-10days_20260629_v011.cdf,11,836136258245574400,2026-07-01T00:03:09.061574400,TOF M,TOF_Mid,5.7969,0.01675337999999914,5.795162706069116,0.01164685318912892,8189
imap_idex_l1b_sci-10days_20260629_v011.cdf,11,836136258245574400,2026-07-01T00:03:09.061574400,TOF L,TOF_Low,263.682,1.5241127999999453,263.87676639394306,0.9022287345651846,8189
imap_idex_l1b_sci-10days_20260629_v011.cdf,11,836136258245574400,2026-07-01T00:03:09.061574400,Target H,Target_High,333.33500000000004,0.2416637999999319,333.2703730468751,0.11356062316183219,512
imap_idex_l1b_sci-10days_20260629_v011.cdf,11,836136258245574400,2026-07-01T00:03:09.061574400,Target L,Target_Low,32611.2,8.493899321488753,32607.37343750001,8.493899321488753,512
imap_idex_l1b_sci-10days_20260629_v011.cdf,11,836136258245574400,2026-07-01T00:03:09.061574400,Ion Grid,Ion_Grid,1.5099040000000001,0.0011060195999998716,1.5095441132812497,0.00047301033416818894,512
