source_file,record_index,epoch_tt2000,epoch_utc,channel,cdf_variable,baseline,robust_sigma,mean,std,sample_count
imap_idex_l1a_sci-10days_20250927_v001.cdf,0,812608874320989312,2025-10-01T16:40:05.136989312,TOF H,TOF_High,511.0,2.9652,511.2599829038955,2.80918143839826,8189
imap_idex_l1a_sci-10days_20250927_v001.cdf,0,812608874320989312,2025-10-01T16:40:05.136989312,TOF M,TOF_Mid,513.0,1.4826,512.9227011845159,1.0176168257882268,8189
imap_idex_l1a_sci-10days_20250927_v001.cdf,0,812608874320989312,2025-10-01T16:40:05.136989312,TOF L,TOF_Low,513.0,2.9652,513.2881914763707,1.8287893266424389,8189
imap_idex_l1a_sci-10days_20250927_v001.cdf,0,812608874320989312,2025-10-01T16:40:05.136989312,Target H,Target_High,2043.0,0.6523320545358782,2043.109375,0.6523320545358782,512
imap_idex_l1a_sci-10days_20250927_v001.cdf,0,812608874320989312,2025-10-01T16:40:05.136989312,Target L,Target_Low,2064.0,1.4826,2063.525390625,0.579044744525075,512
imap_idex_l1a_sci-10days_20250927_v001.cdf,0,812608874320989312,2025-10-01T16:40:05.136989312,Ion Grid,Ion_Grid,2024.0,0.6269014046034272,2024.2109375,0.6269014046034272,512
imap_idex_l1a_sci-10days_20251027_v001.cdf,0,815539305676580736,2025-11-04T14:40:36.492580736,TOF H,TOF_High,511.0,2.9652,511.37550372450846,2.83916415541126,8189
imap_idex_l1a_sci-10days_20251027_v001.cdf,0,815539305676580736,2025-11-04T14:40:36.492580736,TOF M,TOF_Mid,513.0,1.4826,512.6970326047136,1.0309259858795736,8189
imap_idex_l1a_sci-10days_20251027_v001.cdf,0,815539305676580736,2025-11-04T14:40:36.492580736,TOF L,TOF_Low,514.0,2.9652,513.5116619855904,1.8639832463310977,8189
imap_idex_l1a_sci-10days_20251027_v001.cdf,0,815539305676580736,2025-11-04T14:40:36.492580736,Target H,Target_High,2043.0,0.6507600302287775,2042.822265625,0.6507600302287775,512
imap_idex_l1a_sci-10days_20251027_v001.cdf,0,815539305676580736,2025-11-04T14:40:36.492580736,Target L,Target_Low,2063.0,0.5464283890639284,2063.328125,0.5464283890639284,512
imap_idex_l1a_sci-10days_20251027_v001.cdf,0,815539305676580736,2025-11-04T14:40:36.492580736,Ion Grid,Ion_Grid,2024.0,0.6343057228182637,2023.8125,0.6343057228182637,512
imap_idex_l1a_sci-10days_20251106_v001.cdf,0,815732731485125120,2025-11-06T20:24:22.301125120,TOF H,TOF_High,511.0,2.9652,511.2412993039443,2.6580965320501737,8189
imap_idex_l1a_sci-10days_20251106_v001.cdf,0,815732731485125120,2025-11-06T20:24:22.301125120,TOF M,TOF_Mid,513.0,1.4826,512.5393820979363,1.0361961392778332,8189
imap_idex_l1a_sci-10days_20251106_v001.cdf,0,815732731485125120,2025-11-06T20:24:22.301125120,TOF L,TOF_Low,513.0,2.9652,513.227988765417,1.7824446481032414,8189
imap_idex_l1a_sci-10days_20251106_v001.cdf,0,815732731485125120,2025-11-06T20:24:22.301125120,Target H,Target_High,2044.0,0.6952686081652184,2044.21875,0.6952686081652184,512
imap_idex_l1a_sci-10days_20251106_v001.cdf,0,815732731485125120,2025-11-06T20:24:22.301125120,Target L,Target_Low,2064.0,0.5680606227276715,2063.7109375,0.5680606227276715,512
imap_idex_l1a_sci-10days_20251106_v001.cdf,0,815732731485125120,2025-11-06T20:24:22.301125120,Ion Grid,Ion_Grid,2024.0,0.6728933733834502,2023.677734375,0.6728933733834502,512
imap_idex_l1a_sci-10days_20251106_v001.cdf,21,815734487567478016,2025-11-06T20:53:38.383478016,TOF H,TOF_High,511.0,2.9652,511.221883013799,2.6983719546709906,8189
imap_idex_l1a_sci-10days_20251106_v001.cdf,21,815734487567478016,2025-11-06T20:53:38.383478016,TOF M,TOF_Mid,513.0,1.4826,512.5832213945537,1.028506536390357,8189
imap_idex_l1a_sci-10days_20251106_v001.cdf,21,815734487567478016,2025-11-06T20:53:38.383478016,TOF L,TOF_Low,513.0,2.9652,513.3261692514349,1.7841722103478392,8189
imap_idex_l1a_sci-10days_20251106_v001.cdf,21,815734487567478016,2025-11-06T20:53:38.383478016,Target H,Target_High,2044.0,0.7464822287057057,2044.14453125,0.7464822287057057,512
imap_idex_l1a_sci-10days_20251106_v001.cdf,21,815734487567478016,2025-11-06T20:53:38.383478016,Target L,Target_Low,2064.0,0.5700147713872066,2063.556640625,0.5700147713872066,512
imap_idex_l1a_sci-10days_20251106_v001.cdf,21,815734487567478016,2025-11-06T20:53:38.383478016,Ion Grid,Ion_Grid,2024.0,0.6282113542552652,2023.779296875,0.6282113542552652,512
imap_idex_l1a_sci-10days_20251106_v001.cdf,22,815734746564904064,2025-11-06T20:57:57.380904064,TOF H,TOF_High,511.0,2.9652,511.09891317621197,2.673503779740047,8189
imap_idex_l1a_sci-10days_20251106_v001.cdf,22,815734746564904064,2025-11-06T20:57:57.380904064,TOF M,TOF_Mid,513.0,1.4826,512.6064232507022,1.0333610992473385,8189
imap_idex_l1a_sci-10days_20251106_v001.cdf,22,815734746564904064,2025-11-06T20:57:57.380904064,TOF L,TOF_Low,513.0,2.9652,513.3185981194285,1.8053318376103298,8189
imap_idex_l1a_sci-10days_20251106_v001.cdf,22,815734746564904064,2025-11-06T20:57:57.380904064,Target H,Target_High,2044.0,1.4826,2044.345703125,0.7178126317955364,512
imap_idex_l1a_sci-10days_20251106_v001.cdf,22,815734746564904064,2025-11-06T20:57:57.380904064,Target L,Target_Low,2064.0,0.5964039166839346,2063.65234375,0.5964039166839346,512
imap_idex_l1a_sci-10days_20251106_v001.cdf,22,815734746564904064,2025-11-06T20:57:57.380904064,Ion Grid,Ion_Grid,2024.0,0.632716042031297,2023.8671875,0.632716042031297,512
imap_idex_l1a_sci-10days_20251106_v001.cdf,23,815734931563056768,2025-11-06T21:01:02.379056768,TOF H,TOF_High,511.0,2.9652,511.2609598241543,2.6500939199051516,8189
imap_idex_l1a_sci-10days_20251106_v001.cdf,23,815734931563056768,2025-11-06T21:01:02.379056768,TOF M,TOF_Mid,512.0,1.4826,512.4850409085359,1.0246335528414319,8189
imap_idex_l1a_sci-10days_20251106_v001.cdf,23,815734931563056768,2025-11-06T21:01:02.379056768,TOF L,TOF_Low,513.0,2.9652,513.2729270973257,1.7915218013788903,8189
imap_idex_l1a_sci-10days_20251106_v001.cdf,23,815734931563056768,2025-11-06T21:01:02.379056768,Target H,Target_High,2044.0,0.7318357029373123,2044.1640625,0.7318357029373123,512
imap_idex_l1a_sci-10days_20251106_v001.cdf,23,815734931563056768,2025-11-06T21:01:02.379056768,Target L,Target_Low,2064.0,0.5894135175559977,2063.564453125,0.5894135175559977,512
imap_idex_l1a_sci-10days_20251106_v001.cdf,23,815734931563056768,2025-11-06T21:01:02.379056768,Ion Grid,Ion_Grid,2024.0,0.6311707097479651,2023.9921875,0.6311707097479651,512
imap_idex_l1a_sci-10days_20251106_v001.cdf,24,815735090561493120,2025-11-06T21:03:41.377493120,TOF H,TOF_High,511.0,2.9652,511.19819269752105,2.6656692054892295,8189
imap_idex_l1a_sci-10days_20251106_v001.cdf,24,815735090561493120,2025-11-06T21:03:41.377493120,TOF M,TOF_Mid,513.0,1.4826,512.5644156795702,1.0313957082400693,8189
imap_idex_l1a_sci-10days_20251106_v001.cdf,24,815735090561493120,2025-11-06T21:03:41.377493120,TOF L,TOF_Low,513.0,2.9652,513.2925876175357,1.797576422586875,8189
imap_idex_l1a_sci-10days_20251106_v001.cdf,24,815735090561493120,2025-11-06T21:03:41.377493120,Target H,Target_High,2044.0,0.7420538530985723,2044.01171875,0.7420538530985723,512
imap_idex_l1a_sci-10days_20251106_v001.cdf,24,815735090561493120,2025-11-06T21:03:41.377493120,Target L,Target_Low,2064.0,0.616368003209819,2063.603515625,0.616368003209819,512
imap_idex_l1a_sci-10days_20251106_v001.cdf,24,815735090561493120,2025-11-06T21:03:41.377493120,Ion Grid,Ion_Grid,2024.0,0.6136885341468906,2023.822265625,0.6136885341468906,512
imap_idex_l1a_sci-10days_20251126_v001.cdf,23,817732986008159104,2025-11-30T00:01:56.824159104,TOF H,TOF_High,511.0,2.9652,511.0707046037367,2.73237560078999,8189
imap_idex_l1a_sci-10days_20251126_v001.cdf,23,817732986008159104,2025-11-30T00:01:56.824159104,TOF M,TOF_Mid,513.0,1.4826,512.6569788740994,1.0161387685691754,8189
imap_idex_l1a_sci-10days_20251126_v001.cdf,23,817732986008159104,2025-11-30T00:01:56.824159104,TOF L,TOF_Low,513.0,2.9652,513.1513005250946,1.7411408488513678,8189
imap_idex_l1a_sci-10days_20251126_v001.cdf,23,817732986008159104,2025-11-30T00:01:56.824159104,Target H,Target_High,2044.0,1.4826,2043.859375,0.7472279500761464,512
imap_idex_l1a_sci-10days_20251126_v001.cdf,23,817732986008159104,2025-11-30T00:01:56.824159104,Target L,Target_Low,2064.0,0.5675466698097253,2063.599609375,0.5675466698097253,512
imap_idex_l1a_sci-10days_20251126_v001.cdf,23,817732986008159104,2025-11-30T00:01:56.824159104,Ion Grid,Ion_Grid,2023.0,0.6141856140499055,2023.458984375,0.6141856140499055,512
imap_idex_l1a_sci-10days_20251126_v001.cdf,29,817733038007812352,2025-11-30T00:02:48.823812352,TOF H,TOF_High,511.0,2.9652,511.1675418243986,2.8951670099916,8189
imap_idex_l1a_sci-10days_20251126_v001.cdf,29,817733038007812352,2025-11-30T00:02:48.823812352,TOF M,TOF_Mid,513.0,1.4826,512.5872511906216,1.0195852887249581,8189
imap_idex_l1a_sci-10days_20251126_v001.cdf,29,817733038007812352,2025-11-30T00:02:48.823812352,TOF L,TOF_Low,513.0,2.9652,513.1762119916962,1.7212203090539342,8189
imap_idex_l1a_sci-10days_20251126_v001.cdf,29,817733038007812352,2025-11-30T00:02:48.823812352,Target H,Target_High,2045.0,1.4826,2044.556640625,0.7048346186160335,512
imap_idex_l1a_sci-10days_20251126_v001.cdf,29,817733038007812352,2025-11-30T00:02:48.823812352,Target L,Target_Low,2064.0,0.588743282206897,2063.5703125,0.588743282206897,512
imap_idex_l1a_sci-10days_20251126_v001.cdf,29,817733038007812352,2025-11-30T00:02:48.823812352,Ion Grid,Ion_Grid,2024.0,0.6547339957758489,2023.744140625,0.6547339957758489,512
imap_idex_l1a_sci-10days_20251126_v001.cdf,30,817733050007721600,2025-11-30T00:03:00.823721600,TOF H,TOF_High,511.0,2.9652,511.2382464281353,2.7943775261741486,8189
imap_idex_l1a_sci-10days_20251126_v001.cdf,30,817733050007721600,2025-11-30T00:03:00.823721600,TOF M,TOF_Mid,513.0,1.4826,512.6524606179021,1.0203032861696688,8189
imap_idex_l1a_sci-10days_20251126_v001.cdf,30,817733050007721600,2025-11-30T00:03:00.823721600,TOF L,TOF_Low,513.0,2.9652,513.0998900964709,1.7204242371095568,8189
imap_idex_l1a_sci-10days_20251126_v001.cdf,30,817733050007721600,2025-11-30T00:03:00.823721600,Target H,Target_High,2044.0,1.4826,2044.21875,0.7441175562369161,512
imap_idex_l1a_sci-10days_20251126_v001.cdf,30,817733050007721600,2025-11-30T00:03:00.823721600,Target L,Target_Low,2064.0,0.5779006110145044,2063.74609375,0.5779006110145044,512
imap_idex_l1a_sci-10days_20251126_v001.cdf,30,817733050007721600,2025-11-30T00:03:00.823721600,Ion Grid,Ion_Grid,2023.0,1.4826,2023.505859375,0.6404076184154974,512
imap_idex_l1a_sci-10days_20251126_v001.cdf,31,817733062007650816,2025-11-30T00:03:12.823650816,TOF H,TOF_High,511.0,2.9652,511.2321406765173,2.7513848370717193,8189
imap_idex_l1a_sci-10days_20251126_v001.cdf,31,817733062007650816,2025-11-30T00:03:12.823650816,TOF M,TOF_Mid,513.0,1.4826,512.7206008059592,1.0111561511468132,8189
imap_idex_l1a_sci-10days_20251126_v001.cdf,31,817733062007650816,2025-11-30T00:03:12.823650816,TOF L,TOF_Low,513.0,2.9652,513.1981926975211,1.7423255391914165,8189
imap_idex_l1a_sci-10days_20251126_v001.cdf,31,817733062007650816,2025-11-30T00:03:12.823650816,Target H,Target_High,2044.0,0.737441134932297,2043.966796875,0.737441134932297,512
imap_idex_l1a_sci-10days_20251126_v001.cdf,31,817733062007650816,2025-11-30T00:03:12.823650816,Target L,Target_Low,2064.0,0.5753735199850615,2063.59375,0.5753735199850615,512
imap_idex_l1a_sci-10days_20251126_v001.cdf,31,817733062007650816,2025-11-30T00:03:12.823650816,Ion Grid,Ion_Grid,2024.0,0.6534042418529928,2023.857421875,0.6534042418529928,512
imap_idex_l1a_sci-10days_20251126_v001.cdf,32,817733074007560064,2025-11-30T00:03:24.823560064,TOF H,TOF_High,511.0,2.9652,511.1633899132983,2.7250210881987607,8189
imap_idex_l1a_sci-10days_20251126_v001.cdf,32,817733074007560064,2025-11-30T00:03:24.823560064,TOF M,TOF_Mid,513.0,1.4826,512.6785932348272,1.0141300760839922,8189
imap_idex_l1a_sci-10days_20251126_v001.cdf,32,817733074007560064,2025-11-30T00:03:24.823560064,TOF L,TOF_Low,513.0,2.9652,513.1661985590426,1.7382371190321162,8189
imap_idex_l1a_sci-10days_20251126_v001.cdf,32,817733074007560064,2025-11-30T00:03:24.823560064,Target H,Target_High,2044.0,0.7435329088368836,2043.95703125,0.7435329088368836,512
imap_idex_l1a_sci-10days_20251126_v001.cdf,32,817733074007560064,2025-11-30T00:03:24.823560064,Target L,Target_Low,2064.0,0.7413,2063.521484375,0.57920283289264,512
imap_idex_l1a_sci-10days_20251126_v001.cdf,32,817733074007560064,2025-11-30T00:03:24.823560064,Ion Grid,Ion_Grid,2023.0,0.6555869976772247,2023.29296875,0.6555869976772247,512
imap_idex_l1a_sci-10days_20251206_v001.cdf,126,818510585907882368,2025-12-09T00:01:56.723882368,TOF H,TOF_High,511.0,2.9652,511.14104286237637,2.7163295357030193,8189
imap_idex_l1a_sci-10days_20251206_v001.cdf,126,818510585907882368,2025-12-09T00:01:56.723882368,TOF M,TOF_Mid,513.0,1.4826,512.6027597997313,1.0141734381616483,8189
imap_idex_l1a_sci-10days_20251206_v001.cdf,126,818510585907882368,2025-12-09T00:01:56.723882368,TOF L,TOF_Low,513.0,2.9652,513.1597264623275,1.7326174821677887,8189
imap_idex_l1a_sci-10days_20251206_v001.cdf,126,818510585907882368,2025-12-09T00:01:56.723882368,Target H,Target_High,2044.0,0.714595563985923,2043.759765625,0.714595563985923,512
imap_idex_l1a_sci-10days_20251206_v001.cdf,126,818510585907882368,2025-12-09T00:01:56.723882368,Target L,Target_Low,2064.0,0.5911616072601785,2063.73828125,0.5911616072601785,512
imap_idex_l1a_sci-10days_20251206_v001.cdf,126,818510585907882368,2025-12-09T00:01:56.723882368,Ion Grid,Ion_Grid,2024.0,1.4826,2023.576171875,0.6297154877077301,512
imap_idex_l1a_sci-10days_20251206_v001.cdf,132,818510637907555712,2025-12-09T00:02:48.723555712,TOF H,TOF_High,511.0,2.9652,510.99694712419097,2.72895143387591,8189
imap_idex_l1a_sci-10days_20251206_v001.cdf,132,818510637907555712,2025-12-09T00:02:48.723555712,TOF M,TOF_Mid,513.0,1.4826,512.5428013188423,1.0157057126600295,8189
imap_idex_l1a_sci-10days_20251206_v001.cdf,132,818510637907555712,2025-12-09T00:02:48.723555712,TOF L,TOF_Low,513.0,2.9652,513.1868359995116,1.7517899336851366,8189
imap_idex_l1a_sci-10days_20251206_v001.cdf,132,818510637907555712,2025-12-09T00:02:48.723555712,Target H,Target_High,2044.0,1.4826,2044.16015625,0.7459096631536137,512
imap_idex_l1a_sci-10days_20251206_v001.cdf,132,818510637907555712,2025-12-09T00:02:48.723555712,Target L,Target_Low,2064.0,0.5744047317862532,2063.73828125,0.5744047317862532,512
imap_idex_l1a_sci-10days_20251206_v001.cdf,132,818510637907555712,2025-12-09T00:02:48.723555712,Ion Grid,Ion_Grid,2024.0,0.6402437890171212,2023.609375,0.6402437890171212,512
imap_idex_l1a_sci-10days_20251206_v001.cdf,133,818510649907464960,2025-12-09T00:03:00.723464960,TOF H,TOF_High,511.0,2.9652,511.1411649774087,2.7174693285046434,8189
imap_idex_l1a_sci-10days_20251206_v001.cdf,133,818510649907464960,2025-12-09T00:03:00.723464960,TOF M,TOF_Mid,512.0,1.4826,512.4479179386983,1.0168345476805931,8189
imap_idex_l1a_sci-10days_20251206_v001.cdf,133,818510649907464960,2025-12-09T00:03:00.723464960,TOF L,TOF_Low,513.0,2.9652,513.178532177311,1.7383137693957431,8189
imap_idex_l1a_sci-10days_20251206_v001.cdf,133,818510649907464960,2025-12-09T00:03:00.723464960,Target H,Target_High,2044.0,0.7767055326022855,2043.671875,0.7767055326022855,512
imap_idex_l1a_sci-10days_20251206_v001.cdf,133,818510649907464960,2025-12-09T00:03:00.723464960,Target L,Target_Low,2064.0,0.5759268546815293,2063.677734375,0.5759268546815293,512
imap_idex_l1a_sci-10days_20251206_v001.cdf,133,818510649907464960,2025-12-09T00:03:00.723464960,Ion Grid,Ion_Grid,2024.0,1.4826,2023.51171875,0.6341974620718988,512
imap_idex_l1a_sci-10days_20251206_v001.cdf,134,818510661907394176,2025-12-09T00:03:12.723394176,TOF H,TOF_High,511.0,2.9652,511.01746244962754,2.7476719543287227,8189
imap_idex_l1a_sci-10days_20251206_v001.cdf,134,818510661907394176,2025-12-09T00:03:12.723394176,TOF M,TOF_Mid,513.0,1.4826,512.5224081084382,1.0122668136912194,8189
imap_idex_l1a_sci-10days_20251206_v001.cdf,134,818510661907394176,2025-12-09T00:03:12.723394176,TOF L,TOF_Low,513.0,2.9652,513.2033215288802,1.7462857555308684,8189
imap_idex_l1a_sci-10days_20251206_v001.cdf,134,818510661907394176,2025-12-09T00:03:12.723394176,Target H,Target_High,2044.0,0.7097668074082061,2043.98828125,0.7097668074082061,512
imap_idex_l1a_sci-10days_20251206_v001.cdf,134,818510661907394176,2025-12-09T00:03:12.723394176,Target L,Target_Low,2064.0,0.5871829212085314,2063.673828125,0.5871829212085314,512
imap_idex_l1a_sci-10days_20251206_v001.cdf,134,818510661907394176,2025-12-09T00:03:12.723394176,Ion Grid,Ion_Grid,2024.0,1.4826,2023.5390625,0.6206390827959113,512
imap_idex_l1a_sci-10days_20251206_v001.cdf,135,818510673907323520,2025-12-09T00:03:24.723323520,TOF H,TOF_High,511.0,2.9652,510.98864330199046,2.739603485795476,8189
imap_idex_l1a_sci-10days_20251206_v001.cdf,135,818510673907323520,2025-12-09T00:03:24.723323520,TOF M,TOF_Mid,513.0,1.4826,512.5589205031139,1.0037675308473246,8189
imap_idex_l1a_sci-10days_20251206_v001.cdf,135,818510673907323520,2025-12-09T00:03:24.723323520,TOF L,TOF_Low,513.0,2.9652,513.1036756624741,1.7331073050532977,8189
imap_idex_l1a_sci-10days_20251206_v001.cdf,135,818510673907323520,2025-12-09T00:03:24.723323520,Target H,Target_High,2044.0,0.7551903733496608,2043.875,0.7551903733496608,512
imap_idex_l1a_sci-10days_20251206_v001.cdf,135,818510673907323520,2025-12-09T00:03:24.723323520,Target L,Target_Low,2064.0,0.5810735619308454,2063.703125,0.5810735619308454,512
imap_idex_l1a_sci-10days_20251206_v001.cdf,135,818510673907323520,2025-12-09T00:03:24.723323520,Ion Grid,Ion_Grid,2024.0,1.4826,2023.525390625,0.6368715067908984,512
imap_idex_l1a_sci-10days_20251216_v001.cdf,15,819201784692519680,2025-12-17T00:01:55.508519680,TOF H,TOF_High,511.0,2.9652,511.2338502869703,2.6836996984331822,8189
imap_idex_l1a_sci-10days_20251216_v001.cdf,15,819201784692519680,2025-12-17T00:01:55.508519680,TOF M,TOF_Mid,513.0,1.4826,512.7480766882403,0.9929094208766839,8189
imap_idex_l1a_sci-10days_20251216_v001.cdf,15,819201784692519680,2025-12-17T00:01:55.508519680,TOF L,TOF_Low,514.0,2.9652,513.5246061790207,1.8027093168481394,8189
imap_idex_l1a_sci-10days_20251216_v001.cdf,15,819201784692519680,2025-12-17T00:01:55.508519680,Target H,Target_High,2044.0,0.7284920614486818,2043.9765625,0.7284920614486818,512
imap_idex_l1a_sci-10days_20251216_v001.cdf,15,819201784692519680,2025-12-17T00:01:55.508519680,Target L,Target_Low,2064.0,0.5552923638724019,2063.765625,0.5552923638724019,512
imap_idex_l1a_sci-10days_20251216_v001.cdf,15,819201784692519680,2025-12-17T00:01:55.508519680,Ion Grid,Ion_Grid,2024.0,0.619577921279567,2023.662109375,0.619577921279567,512
imap_idex_l1a_sci-10days_20251216_v001.cdf,21,819201836692193024,2025-12-17T00:02:47.508193024,TOF H,TOF_High,511.0,2.9652,511.26230308951034,2.70033382747279,8189
imap_idex_l1a_sci-10days_20251216_v001.cdf,21,819201836692193024,2025-12-17T00:02:47.508193024,TOF M,TOF_Mid,513.0,1.4826,512.7396507510075,0.987214356043358,8189
imap_idex_l1a_sci-10days_20251216_v001.cdf,21,819201836692193024,2025-12-17T00:02:47.508193024,TOF L,TOF_Low,514.0,2.9652,513.5544022469167,1.8019207198148497,8189
imap_idex_l1a_sci-10days_20251216_v001.cdf,21,819201836692193024,2025-12-17T00:02:47.508193024,Target H,Target_High,2045.0,1.4826,2044.5078125,0.7261423516389538,512
imap_idex_l1a_sci-10days_20251216_v001.cdf,21,819201836692193024,2025-12-17T00:02:47.508193024,Target L,Target_Low,2064.0,0.586766990984483,2063.798828125,0.586766990984483,512
imap_idex_l1a_sci-10days_20251216_v001.cdf,21,819201836692193024,2025-12-17T00:02:47.508193024,Ion Grid,Ion_Grid,2024.0,0.6191344636917407,2023.771484375,0.6191344636917407,512
imap_idex_l1a_sci-10days_20251216_v001.cdf,22,819201848692102400,2025-12-17T00:02:59.508102400,TOF H,TOF_High,511.0,2.9652,511.2361704725852,2.6613575613975744,8189
imap_idex_l1a_sci-10days_20251216_v001.cdf,22,819201848692102400,2025-12-17T00:02:59.508102400,TOF M,TOF_Mid,513.0,1.4826,512.5948223226279,1.002111610243325,8189
imap_idex_l1a_sci-10days_20251216_v001.cdf,22,819201848692102400,2025-12-17T00:02:59.508102400,TOF L,TOF_Low,514.0,2.9652,513.5843204298449,1.8132706670687053,8189
imap_idex_l1a_sci-10days_20251216_v001.cdf,22,819201848692102400,2025-12-17T00:02:59.508102400,Target H,Target_High,2044.0,1.4826,2044.298828125,0.7568428679118172,512
imap_idex_l1a_sci-10days_20251216_v001.cdf,22,819201848692102400,2025-12-17T00:02:59.508102400,Target L,Target_Low,2064.0,0.5495713384137307,2063.791015625,0.5495713384137307,512
imap_idex_l1a_sci-10days_20251216_v001.cdf,22,819201848692102400,2025-12-17T00:02:59.508102400,Ion Grid,Ion_Grid,2024.0,0.6604104540158624,2023.64453125,0.6604104540158624,512
imap_idex_l1a_sci-10days_20251216_v001.cdf,23,819201860692031616,2025-12-17T00:03:11.508031616,TOF H,TOF_High,511.0,2.9652,511.22884357064356,2.70346532636634,8189
imap_idex_l1a_sci-10days_20251216_v001.cdf,23,819201860692031616,2025-12-17T00:03:11.508031616,TOF M,TOF_Mid,513.0,1.4826,512.6790816949566,0.9986330071933635,8189
imap_idex_l1a_sci-10days_20251216_v001.cdf,23,819201860692031616,2025-12-17T00:03:11.508031616,TOF L,TOF_Low,514.0,2.9652,513.5348638417389,1.7870955858444244,8189
imap_idex_l1a_sci-10days_20251216_v001.cdf,23,819201860692031616,2025-12-17T00:03:11.508031616,Target H,Target_High,2044.0,0.7163576864674082,2044.18359375,0.7163576864674082,512
imap_idex_l1a_sci-10days_20251216_v001.cdf,23,819201860692031616,2025-12-17T00:03:11.508031616,Target L,Target_Low,2064.0,0.5633640011597603,2063.748046875,0.5633640011597603,512
imap_idex_l1a_sci-10days_20251216_v001.cdf,23,819201860692031616,2025-12-17T00:03:11.508031616,Ion Grid,Ion_Grid,2024.0,0.6158231309898236,2023.724609375,0.6158231309898236,512
imap_idex_l1a_sci-10days_20251216_v001.cdf,24,819201872691961088,2025-12-17T00:03:23.507961088,TOF H,TOF_High,511.0,2.9652,511.23189644645254,2.694993586646501,8189
imap_idex_l1a_sci-10days_20251216_v001.cdf,24,819201872691961088,2025-12-17T00:03:23.507961088,TOF M,TOF_Mid,513.0,1.4826,512.7081450726585,0.9965422405144325,8189
imap_idex_l1a_sci-10days_20251216_v001.cdf,24,819201872691961088,2025-12-17T00:03:23.507961088,TOF L,TOF_Low,514.0,2.9652,513.5553791671755,1.8013487147947842,8189
imap_idex_l1a_sci-10days_20251216_v001.cdf,24,819201872691961088,2025-12-17T00:03:23.507961088,Target H,Target_High,2044.0,1.4826,2044.353515625,0.6889383701615547,512
imap_idex_l1a_sci-10days_20251216_v001.cdf,24,819201872691961088,2025-12-17T00:03:23.507961088,Target L,Target_Low,2064.0,0.5553988341635535,2063.716796875,0.5553988341635535,512
imap_idex_l1a_sci-10days_20251216_v001.cdf,24,819201872691961088,2025-12-17T00:03:23.507961088,Ion Grid,Ion_Grid,2023.0,1.4826,2023.474609375,0.6668341744107821,512
imap_idex_l1a_sci-10days_20251216_v001.cdf,150,819892984236698624,2025-12-25T00:01:55.052698624,TOF H,TOF_High,511.0,2.9652,511.36524606179023,2.7094077028079147,8189
imap_idex_l1a_sci-10days_20251216_v001.cdf,150,819892984236698624,2025-12-25T00:01:55.052698624,TOF M,TOF_Mid,513.0,1.4826,512.7304921235805,0.9934574174768239,8189
imap_idex_l1a_sci-10days_20251216_v001.cdf,150,819892984236698624,2025-12-25T00:01:55.052698624,TOF L,TOF_Low,514.0,2.9652,513.6235193552326,1.8017613318520187,8189
imap_idex_l1a_sci-10days_20251216_v001.cdf,150,819892984236698624,2025-12-25T00:01:55.052698624,Target H,Target_High,2044.0,1.4826,2044.3359375,0.7476770667164735,512
imap_idex_l1a_sci-10days_20251216_v001.cdf,150,819892984236698624,2025-12-25T00:01:55.052698624,Target L,Target_Low,2064.0,0.5781118030588352,2063.90234375,0.5781118030588352,512
imap_idex_l1a_sci-10days_20251216_v001.cdf,150,819892984236698624,2025-12-25T00:01:55.052698624,Ion Grid,Ion_Grid,2024.0,0.6335083702877251,2023.744140625,0.6335083702877251,512
imap_idex_l1a_sci-10days_20251216_v001.cdf,156,819893036236352256,2025-12-25T00:02:47.052352256,TOF H,TOF_High,511.0,2.9652,511.33105385272927,2.6936992693098456,8189
imap_idex_l1a_sci-10days_20251216_v001.cdf,156,819893036236352256,2025-12-25T00:02:47.052352256,TOF M,TOF_Mid,513.0,1.4826,512.710343143241,0.997305806230089,8189
imap_idex_l1a_sci-10days_20251216_v001.cdf,156,819893036236352256,2025-12-25T00:02:47.052352256,TOF L,TOF_Low,514.0,2.9652,513.6243741604592,1.8038024083282171,8189
imap_idex_l1a_sci-10days_20251216_v001.cdf,156,819893036236352256,2025-12-25T00:02:47.052352256,Target H,Target_High,2044.0,0.7496336996118504,2043.9765625,0.7496336996118504,512
imap_idex_l1a_sci-10days_20251216_v001.cdf,156,819893036236352256,2025-12-25T00:02:47.052352256,Target L,Target_Low,2064.0,0.5389492634689744,2063.8984375,0.5389492634689744,512
imap_idex_l1a_sci-10days_20251216_v001.cdf,156,819893036236352256,2025-12-25T00:02:47.052352256,Ion Grid,Ion_Grid,2024.0,0.6444454251570565,2023.791015625,0.6444454251570565,512
imap_idex_l1a_sci-10days_20251216_v001.cdf,157,819893048236281472,2025-12-25T00:02:59.052281472,TOF H,TOF_High,511.0,2.9652,511.32555867627303,2.689356155855702,8189
imap_idex_l1a_sci-10days_20251216_v001.cdf,157,819893048236281472,2025-12-25T00:02:59.052281472,TOF M,TOF_Mid,513.0,1.4826,512.731713273904,0.9905878995373759,8189
imap_idex_l1a_sci-10days_20251216_v001.cdf,157,819893048236281472,2025-12-25T00:02:59.052281472,TOF L,TOF_Low,514.0,2.9652,513.6148491879351,1.8093674361046432,8189
imap_idex_l1a_sci-10days_20251216_v001.cdf,157,819893048236281472,2025-12-25T00:02:59.052281472,Target H,Target_High,2044.0,0.6943901888527804,2044.203125,0.6943901888527804,512
imap_idex_l1a_sci-10days_20251216_v001.cdf,157,819893048236281472,2025-12-25T00:02:59.052281472,Target L,Target_Low,2064.0,0.5623779164391481,2063.98828125,0.5623779164391481,512
imap_idex_l1a_sci-10days_20251216_v001.cdf,157,819893048236281472,2025-12-25T00:02:59.052281472,Ion Grid,Ion_Grid,2024.0,0.6230315681897166,2023.68359375,0.6230315681897166,512
imap_idex_l1a_sci-10days_20251216_v001.cdf,158,819893060236210944,2025-12-25T00:03:11.052210944,TOF H,TOF_High,511.0,2.9652,511.2017340334595,2.7127000664642775,8189
imap_idex_l1a_sci-10days_20251216_v001.cdf,158,819893060236210944,2025-12-25T00:03:11.052210944,TOF M,TOF_Mid,513.0,1.4826,512.7341555745512,0.9976316248658484,8189
imap_idex_l1a_sci-10days_20251216_v001.cdf,158,819893060236210944,2025-12-25T00:03:11.052210944,TOF L,TOF_Low,514.0,2.9652,513.6533154231286,1.7983847274900921,8189
imap_idex_l1a_sci-10days_20251216_v001.cdf,158,819893060236210944,2025-12-25T00:03:11.052210944,Target H,Target_High,2044.0,1.4826,2044.150390625,0.818988421720423,512
imap_idex_l1a_sci-10days_20251216_v001.cdf,158,819893060236210944,2025-12-25T00:03:11.052210944,Target L,Target_Low,2064.0,0.5479586083588882,2063.880859375,0.5479586083588882,512
imap_idex_l1a_sci-10days_20251216_v001.cdf,158,819893060236210944,2025-12-25T00:03:11.052210944,Ion Grid,Ion_Grid,2024.0,0.6155536126122565,2023.625,0.6155536126122565,512
imap_idex_l1a_sci-10days_20251216_v001.cdf,159,819893072236120192,2025-12-25T00:03:23.052120192,TOF H,TOF_High,511.0,2.9652,511.32250580046406,2.6892472139472603,8189
imap_idex_l1a_sci-10days_20251216_v001.cdf,159,819893072236120192,2025-12-25T00:03:23.052120192,TOF M,TOF_Mid,513.0,1.4826,512.7635852973501,0.9863088365089685,8189
imap_idex_l1a_sci-10days_20251216_v001.cdf,159,819893072236120192,2025-12-25T00:03:23.052120192,TOF L,TOF_Low,514.0,2.9652,513.5691781658322,1.7989040424505847,8189
imap_idex_l1a_sci-10days_20251216_v001.cdf,159,819893072236120192,2025-12-25T00:03:23.052120192,Target H,Target_High,2044.0,0.6968442354125737,2044.189453125,0.6968442354125737,512
imap_idex_l1a_sci-10days_20251216_v001.cdf,159,819893072236120192,2025-12-25T00:03:23.052120192,Target L,Target_Low,2064.0,0.5746802726486132,2063.892578125,0.5746802726486132,512
imap_idex_l1a_sci-10days_20251216_v001.cdf,159,819893072236120192,2025-12-25T00:03:23.052120192,Ion Grid,Ion_Grid,2024.0,1.4826,2023.53515625,0.6425157881997434,512
imap_idex_l1a_sci-10days_20260101_v001.cdf,6,820584183801765760,2026-01-02T00:01:54.617765760,TOF H,TOF_High,511.0,2.9652,511.25570887776286,2.6843223030480474,8189
imap_idex_l1a_sci-10days_20260101_v001.cdf,6,820584183801765760,2026-01-02T00:01:54.617765760,TOF M,TOF_Mid,513.0,1.4826,512.6665038466235,0.9962821353359208,8189
imap_idex_l1a_sci-10days_20260101_v001.cdf,6,820584183801765760,2026-01-02T00:01:54.617765760,TOF L,TOF_Low,514.0,2.9652,513.6304799120771,1.8028969582790588,8189
imap_idex_l1a_sci-10days_20260101_v001.cdf,6,820584183801765760,2026-01-02T00:01:54.617765760,Target H,Target_High,2044.0,1.4826,2044.298828125,0.7619866315815418,512
imap_idex_l1a_sci-10days_20260101_v001.cdf,6,820584183801765760,2026-01-02T00:01:54.617765760,Target L,Target_Low,2064.0,0.5848916447377107,2063.861328125,0.5848916447377107,512
imap_idex_l1a_sci-10days_20260101_v001.cdf,6,820584183801765760,2026-01-02T00:01:54.617765760,Ion Grid,Ion_Grid,2024.0,1.4826,2023.56640625,0.6339086763572002,512
imap_idex_l1a_sci-10days_20260101_v001.cdf,12,820584235801419520,2026-01-02T00:02:46.617419520,TOF H,TOF_High,511.0,2.9652,511.20319941384787,2.6869897752747343,8189
imap_idex_l1a_sci-10days_20260101_v001.cdf,12,820584235801419520,2026-01-02T00:02:46.617419520,TOF M,TOF_Mid,513.0,1.4826,512.718524850409,0.993703450648933,8189
imap_idex_l1a_sci-10days_20260101_v001.cdf,12,820584235801419520,2026-01-02T00:02:46.617419520,TOF L,TOF_Low,514.0,2.9652,513.5097081450726,1.8091394343818221,8189
imap_idex_l1a_sci-10days_20260101_v001.cdf,12,820584235801419520,2026-01-02T00:02:46.617419520,Target H,Target_High,2044.0,0.7264784897667308,2044.1640625,0.7264784897667308,512
imap_idex_l1a_sci-10days_20260101_v001.cdf,12,820584235801419520,2026-01-02T00:02:46.617419520,Target L,Target_Low,2064.0,0.5694020986965187,2063.8125,0.5694020986965187,512
imap_idex_l1a_sci-10days_20260101_v001.cdf,12,820584235801419520,2026-01-02T00:02:46.617419520,Ion Grid,Ion_Grid,2023.0,0.6150452338230397,2023.19921875,0.6150452338230397,512
imap_idex_l1a_sci-10days_20260101_v001.cdf,13,820584247801348864,2026-01-02T00:02:58.617348864,TOF H,TOF_High,511.0,2.9652,511.27231652216386,2.7061648401547793,8189
imap_idex_l1a_sci-10days_20260101_v001.cdf,13,820584247801348864,2026-01-02T00:02:58.617348864,TOF M,TOF_Mid,513.0,1.4826,512.7215777262181,1.0024513376246458,8189
imap_idex_l1a_sci-10days_20260101_v001.cdf,13,820584247801348864,2026-01-02T00:02:58.617348864,TOF L,TOF_Low,514.0,2.9652,513.6425693002809,1.8104323247045424,8189
imap_idex_l1a_sci-10days_20260101_v001.cdf,13,820584247801348864,2026-01-02T00:02:58.617348864,Target H,Target_High,2044.0,0.7288689868556626,2044.1875,0.7288689868556626,512
imap_idex_l1a_sci-10days_20260101_v001.cdf,13,820584247801348864,2026-01-02T00:02:58.617348864,Target L,Target_Low,2064.0,0.5628118710088101,2063.82421875,0.5628118710088101,512
imap_idex_l1a_sci-10days_20260101_v001.cdf,13,820584247801348864,2026-01-02T00:02:58.617348864,Ion Grid,Ion_Grid,2023.0,0.6170885996708657,2023.3828125,0.6170885996708657,512
imap_idex_l1a_sci-10days_20260101_v001.cdf,14,820584259801258240,2026-01-02T00:03:10.617258240,TOF H,TOF_High,511.0,2.9652,511.14470631334717,2.7125377256841405,8189
imap_idex_l1a_sci-10days_20260101_v001.cdf,14,820584259801258240,2026-01-02T00:03:10.617258240,TOF M,TOF_Mid,513.0,1.4826,512.7329344242277,0.9930105958381288,8189
imap_idex_l1a_sci-10days_20260101_v001.cdf,14,820584259801258240,2026-01-02T00:03:10.617258240,TOF L,TOF_Low,514.0,2.9652,513.5682012455733,1.8020611936480888,8189
imap_idex_l1a_sci-10days_20260101_v001.cdf,14,820584259801258240,2026-01-02T00:03:10.617258240,Target H,Target_High,2044.0,1.4826,2043.537109375,0.733270341884294,512
imap_idex_l1a_sci-10days_20260101_v001.cdf,14,820584259801258240,2026-01-02T00:03:10.617258240,Target L,Target_Low,2064.0,0.5903996759346587,2063.8046875,0.5903996759346587,512
imap_idex_l1a_sci-10days_20260101_v001.cdf,14,820584259801258240,2026-01-02T00:03:10.617258240,Ion Grid,Ion_Grid,2023.0,1.4826,2023.47265625,0.63371607943616,512
imap_idex_l1a_sci-10days_20260101_v001.cdf,15,820584271801187456,2026-01-02T00:03:22.617187456,TOF H,TOF_High,511.0,2.9652,511.2802539992673,2.6796615074601537,8189
imap_idex_l1a_sci-10days_20260101_v001.cdf,15,820584271801187456,2026-01-02T00:03:22.617187456,TOF M,TOF_Mid,513.0,1.4826,512.7270729026743,0.9971878849026852,8189
imap_idex_l1a_sci-10days_20260101_v001.cdf,15,820584271801187456,2026-01-02T00:03:22.617187456,TOF L,TOF_Low,514.0,2.9652,513.5548907070461,1.8022447241069208,8189
imap_idex_l1a_sci-10days_20260101_v001.cdf,15,820584271801187456,2026-01-02T00:03:22.617187456,Target H,Target_High,2044.0,0.7545435292281023,2044.15625,0.7545435292281023,512
imap_idex_l1a_sci-10days_20260101_v001.cdf,15,820584271801187456,2026-01-02T00:03:22.617187456,Target L,Target_Low,2064.0,0.5866011866237891,2063.82421875,0.5866011866237891,512
imap_idex_l1a_sci-10days_20260101_v001.cdf,15,820584271801187456,2026-01-02T00:03:22.617187456,Ion Grid,Ion_Grid,2024.0,0.6046996122817924,2023.7890625,0.6046996122817924,512
imap_idex_l1a_sci-10days_20260110_v001.cdf,12,821620983086915968,2026-01-14T00:01:53.902915968,TOF H,TOF_High,511.0,2.9652,510.9554280131884,2.695675501462432,8189
imap_idex_l1a_sci-10days_20260110_v001.cdf,12,821620983086915968,2026-01-14T00:01:53.902915968,TOF M,TOF_Mid,513.0,1.4826,512.6309683722067,1.0044951125639099,8189
imap_idex_l1a_sci-10days_20260110_v001.cdf,12,821620983086915968,2026-01-14T00:01:53.902915968,TOF L,TOF_Low,513.0,2.9652,513.2057638295274,1.7755440963562534,8189
imap_idex_l1a_sci-10days_20260110_v001.cdf,12,821620983086915968,2026-01-14T00:01:53.902915968,Target H,Target_High,2044.0,0.7660633311572549,2044.1953125,0.7660633311572549,512
imap_idex_l1a_sci-10days_20260110_v001.cdf,12,821620983086915968,2026-01-14T00:01:53.902915968,Target L,Target_Low,2064.0,0.5666048951233429,2063.685546875,0.5666048951233429,512
imap_idex_l1a_sci-10days_20260110_v001.cdf,12,821620983086915968,2026-01-14T00:01:53.902915968,Ion Grid,Ion_Grid,2024.0,1.4826,2023.625,0.6555055301063447,512
imap_idex_l1a_sci-10days_20260110_v001.cdf,18,821621035086549888,2026-01-14T00:02:45.902549888,TOF H,TOF_High,511.0,2.9652,510.97936255953107,2.6817500176165363,8189
imap_idex_l1a_sci-10days_20260110_v001.cdf,18,821621035086549888,2026-01-14T00:02:45.902549888,TOF M,TOF_Mid,513.0,1.4826,512.6862864818659,0.994125495858486,8189
imap_idex_l1a_sci-10days_20260110_v001.cdf,18,821621035086549888,2026-01-14T00:02:45.902549888,TOF L,TOF_Low,513.0,2.9652,513.2107705458542,1.785212526094146,8189
imap_idex_l1a_sci-10days_20260110_v001.cdf,18,821621035086549888,2026-01-14T00:02:45.902549888,Target H,Target_High,2044.0,0.760944618646117,2043.705078125,0.760944618646117,512
imap_idex_l1a_sci-10days_20260110_v001.cdf,18,821621035086549888,2026-01-14T00:02:45.902549888,Target L,Target_Low,2064.0,0.6014071177166382,2063.658203125,0.6014071177166382,512
imap_idex_l1a_sci-10days_20260110_v001.cdf,18,821621035086549888,2026-01-14T00:02:45.902549888,Ion Grid,Ion_Grid,2024.0,0.6403867697288491,2023.7421875,0.6403867697288491,512
imap_idex_l1a_sci-10days_20260110_v001.cdf,19,821621047086459136,2026-01-14T00:02:57.902459136,TOF H,TOF_High,511.0,2.9652,510.8848455244841,2.701279628058576,8189
imap_idex_l1a_sci-10days_20260110_v001.cdf,19,821621047086459136,2026-01-14T00:02:57.902459136,TOF M,TOF_Mid,513.0,1.4826,512.587373305654,1.0001058925375186,8189
imap_idex_l1a_sci-10days_20260110_v001.cdf,19,821621047086459136,2026-01-14T00:02:57.902459136,TOF L,TOF_Low,513.0,2.9652,513.1996580779094,1.781115543182993,8189
imap_idex_l1a_sci-10days_20260110_v001.cdf,19,821621047086459136,2026-01-14T00:02:57.902459136,Target H,Target_High,2044.0,0.7413,2043.943359375,0.7722701694352886,512
imap_idex_l1a_sci-10days_20260110_v001.cdf,19,821621047086459136,2026-01-14T00:02:57.902459136,Target L,Target_Low,2064.0,0.5639866151777091,2063.693359375,0.5639866151777091,512
imap_idex_l1a_sci-10days_20260110_v001.cdf,19,821621047086459136,2026-01-14T00:02:57.902459136,Ion Grid,Ion_Grid,2024.0,1.4826,2023.529296875,0.666673978129666,512
imap_idex_l1a_sci-10days_20260110_v001.cdf,20,821621059086388608,2026-01-14T00:03:09.902388608,TOF H,TOF_High,511.0,2.9652,510.95628281841493,2.6943528151149874,8189
imap_idex_l1a_sci-10days_20260110_v001.cdf,20,821621059086388608,2026-01-14T00:03:09.902388608,TOF M,TOF_Mid,513.0,1.4826,512.6535596531933,1.0034832932138742,8189
imap_idex_l1a_sci-10days_20260110_v001.cdf,20,821621059086388608,2026-01-14T00:03:09.902388608,TOF L,TOF_Low,513.0,2.9652,513.1675418243985,1.7680953093508518,8189
imap_idex_l1a_sci-10days_20260110_v001.cdf,20,821621059086388608,2026-01-14T00:03:09.902388608,Target H,Target_High,2045.0,1.4826,2044.5078125,0.7628697233759838,512
imap_idex_l1a_sci-10days_20260110_v001.cdf,20,821621059086388608,2026-01-14T00:03:09.902388608,Target L,Target_Low,2064.0,0.5711379674657073,2063.646484375,0.5711379674657073,512
imap_idex_l1a_sci-10days_20260110_v001.cdf,20,821621059086388608,2026-01-14T00:03:09.902388608,Ion Grid,Ion_Grid,2024.0,0.592102978796763,2023.84375,0.592102978796763,512
imap_idex_l1a_sci-10days_20260110_v001.cdf,21,821621071086297856,2026-01-14T00:03:21.902297856,TOF H,TOF_High,511.0,2.9652,510.87556478202464,2.6996469856215635,8189
imap_idex_l1a_sci-10days_20260110_v001.cdf,21,821621071086297856,2026-01-14T00:03:21.902297856,TOF M,TOF_Mid,513.0,1.4826,512.5872511906216,1.0091115623922025,8189
imap_idex_l1a_sci-10days_20260110_v001.cdf,21,821621071086297856,2026-01-14T00:03:21.902297856,TOF L,TOF_Low,513.0,2.9652,513.2294541458053,1.7805428509482666,8189
imap_idex_l1a_sci-10days_20260110_v001.cdf,21,821621071086297856,2026-01-14T00:03:21.902297856,Target H,Target_High,2044.0,0.7249120198502971,2044.04296875,0.7249120198502971,512
imap_idex_l1a_sci-10days_20260110_v001.cdf,21,821621071086297856,2026-01-14T00:03:21.902297856,Target L,Target_Low,2064.0,0.5804922763990787,2063.673828125,0.5804922763990787,512
imap_idex_l1a_sci-10days_20260110_v001.cdf,21,821621071086297856,2026-01-14T00:03:21.902297856,Ion Grid,Ion_Grid,2024.0,0.6408988553379055,2023.60546875,0.6408988553379055,512
imap_idex_l1a_sci-10days_20260120_v001.cdf,326,822312181975935232,2026-01-22T00:01:52.791935232,TOF H,TOF_High,511.0,2.9652,511.2889241665649,2.7802314339750986,8189
imap_idex_l1a_sci-10days_20260120_v001.cdf,326,822312181975935232,2026-01-22T00:01:52.791935232,TOF M,TOF_Mid,513.0,1.4826,512.5694223958969,0.9877614360402729,8189
imap_idex_l1a_sci-10days_20260120_v001.cdf,326,822312181975935232,2026-01-22T00:01:52.791935232,TOF L,TOF_Low,513.0,2.9652,513.2290878007083,1.7559706178019798,8189
imap_idex_l1a_sci-10days_20260120_v001.cdf,326,822312181975935232,2026-01-22T00:01:52.791935232,Target H,Target_High,2044.0,0.6934666510321531,2044.1640625,0.6934666510321531,512
imap_idex_l1a_sci-10days_20260120_v001.cdf,326,822312181975935232,2026-01-22T00:01:52.791935232,Target L,Target_Low,2064.0,0.5732713006342279,2063.771484375,0.5732713006342279,512
imap_idex_l1a_sci-10days_20260120_v001.cdf,326,822312181975935232,2026-01-22T00:01:52.791935232,Ion Grid,Ion_Grid,2024.0,0.6449454161739193,2023.6171875,0.6449454161739193,512
imap_idex_l1a_sci-10days_20260120_v001.cdf,332,822312233975609088,2026-01-22T00:02:44.791609088,TOF H,TOF_High,511.0,2.9652,511.4360727805593,2.7783724176352194,8189
imap_idex_l1a_sci-10days_20260120_v001.cdf,332,822312233975609088,2026-01-22T00:02:44.791609088,TOF M,TOF_Mid,513.0,1.4826,512.5319330809623,0.9793882307587884,8189
imap_idex_l1a_sci-10days_20260120_v001.cdf,332,822312233975609088,2026-01-22T00:02:44.791609088,TOF L,TOF_Low,513.0,2.9652,513.2873366711442,1.7637652476094334,8189
imap_idex_l1a_sci-10days_20260120_v001.cdf,332,822312233975609088,2026-01-22T00:02:44.791609088,Target H,Target_High,2044.0,0.7494479372800751,2044.052734375,0.7494479372800751,512
imap_idex_l1a_sci-10days_20260120_v001.cdf,332,822312233975609088,2026-01-22T00:02:44.791609088,Target L,Target_Low,2064.0,0.5912648443894982,2063.75390625,0.5912648443894982,512
imap_idex_l1a_sci-10days_20260120_v001.cdf,332,822312233975609088,2026-01-22T00:02:44.791609088,Ion Grid,Ion_Grid,2024.0,0.6412410100414542,2023.673828125,0.6412410100414542,512
imap_idex_l1a_sci-10days_20260120_v001.cdf,333,822312245975538432,2026-01-22T00:02:56.791538432,TOF H,TOF_High,511.0,2.9652,511.3345951886677,2.7379819696215497,8189
imap_idex_l1a_sci-10days_20260120_v001.cdf,333,822312245975538432,2026-01-22T00:02:56.791538432,TOF M,TOF_Mid,513.0,1.4826,512.5956771278544,0.9934630012879593,8189
imap_idex_l1a_sci-10days_20260120_v001.cdf,333,822312245975538432,2026-01-22T00:02:56.791538432,TOF L,TOF_Low,513.0,2.9652,513.287947246306,1.7564847801518706,8189
imap_idex_l1a_sci-10days_20260120_v001.cdf,333,822312245975538432,2026-01-22T00:02:56.791538432,Target H,Target_High,2044.0,0.7243224035855425,2044.22265625,0.7243224035855425,512
imap_idex_l1a_sci-10days_20260120_v001.cdf,333,822312245975538432,2026-01-22T00:02:56.791538432,Target L,Target_Low,2064.0,0.594456302766181,2063.76171875,0.594456302766181,512
imap_idex_l1a_sci-10days_20260120_v001.cdf,333,822312245975538432,2026-01-22T00:02:56.791538432,Ion Grid,Ion_Grid,2023.0,1.4826,2023.478515625,0.6308533281443948,512
imap_idex_l1a_sci-10days_20260120_v001.cdf,334,822312257975447936,2026-01-22T00:03:08.791447936,TOF H,TOF_High,511.0,2.9652,511.4348516302357,2.761945344553807,8189
imap_idex_l1a_sci-10days_20260120_v001.cdf,334,822312257975447936,2026-01-22T00:03:08.791447936,TOF M,TOF_Mid,513.0,1.4826,512.5780925631946,0.9887207219409806,8189
imap_idex_l1a_sci-10days_20260120_v001.cdf,334,822312257975447936,2026-01-22T00:03:08.791447936,TOF L,TOF_Low,513.0,2.9652,513.2723165221639,1.758142585383877,8189
imap_idex_l1a_sci-10days_20260120_v001.cdf,334,822312257975447936,2026-01-22T00:03:08.791447936,Target H,Target_High,2044.0,0.6949063947474778,2044.19140625,0.6949063947474778,512
imap_idex_l1a_sci-10days_20260120_v001.cdf,334,822312257975447936,2026-01-22T00:03:08.791447936,Target L,Target_Low,2064.0,0.568272115294675,2063.767578125,0.568272115294675,512
imap_idex_l1a_sci-10days_20260120_v001.cdf,334,822312257975447936,2026-01-22T00:03:08.791447936,Ion Grid,Ion_Grid,2024.0,1.4826,2023.521484375,0.6400739579383459,512
imap_idex_l1a_sci-10days_20260120_v001.cdf,335,822312269975377280,2026-01-22T00:03:20.791377280,TOF H,TOF_High,511.0,2.9652,511.47356209549395,2.7462721587223307,8189
imap_idex_l1a_sci-10days_20260120_v001.cdf,335,822312269975377280,2026-01-22T00:03:20.791377280,TOF M,TOF_Mid,513.0,1.4826,512.5811454390035,0.9857532504267215,8189
imap_idex_l1a_sci-10days_20260120_v001.cdf,335,822312269975377280,2026-01-22T00:03:20.791377280,TOF L,TOF_Low,513.0,2.9652,513.2343387470997,1.7653018515191983,8189
imap_idex_l1a_sci-10days_20260120_v001.cdf,335,822312269975377280,2026-01-22T00:03:20.791377280,Target H,Target_High,2044.0,0.741488157356542,2043.96875,0.741488157356542,512
imap_idex_l1a_sci-10days_20260120_v001.cdf,335,822312269975377280,2026-01-22T00:03:20.791377280,Target L,Target_Low,2064.0,0.5412658773652742,2063.8125,0.5412658773652742,512
imap_idex_l1a_sci-10days_20260120_v001.cdf,335,822312269975377280,2026-01-22T00:03:20.791377280,Ion Grid,Ion_Grid,2024.0,0.6114622706254552,2023.61328125,0.6114622706254552,512
imap_idex_l1a_sci-10days_20260130_v001.cdf,0,823003381865938944,2026-01-30T00:01:52.681938944,TOF H,TOF_High,511.0,2.9652,511.2469165954329,2.814159517462034,8189
imap_idex_l1a_sci-10days_20260130_v001.cdf,0,823003381865938944,2026-01-30T00:01:52.681938944,TOF M,TOF_Mid,513.0,1.4826,512.6547808035169,1.0111761191393578,8189
imap_idex_l1a_sci-10days_20260130_v001.cdf,0,823003381865938944,2026-01-30T00:01:52.681938944,TOF L,TOF_Low,513.0,2.9652,513.289290511662,1.8018752113922358,8189
imap_idex_l1a_sci-10days_20260130_v001.cdf,0,823003381865938944,2026-01-30T00:01:52.681938944,Target H,Target_High,2044.0,0.7606563103405752,2043.94140625,0.7606563103405752,512
imap_idex_l1a_sci-10days_20260130_v001.cdf,0,823003381865938944,2026-01-30T00:01:52.681938944,Target L,Target_Low,2064.0,0.5889991625017258,2063.689453125,0.5889991625017258,512
imap_idex_l1a_sci-10days_20260130_v001.cdf,0,823003381865938944,2026-01-30T00:01:52.681938944,Ion Grid,Ion_Grid,2024.0,0.6164917706437648,2023.857421875,0.6164917706437648,512
imap_idex_l1a_sci-10days_20260130_v001.cdf,6,823003433865612800,2026-01-30T00:02:44.681612800,TOF H,TOF_High,511.0,2.9652,511.2366589327146,2.932241576488733,8189
imap_idex_l1a_sci-10days_20260130_v001.cdf,6,823003433865612800,2026-01-30T00:02:44.681612800,TOF M,TOF_Mid,513.0,1.4826,512.5574551227256,1.0172656131645985,8189
imap_idex_l1a_sci-10days_20260130_v001.cdf,6,823003433865612800,2026-01-30T00:02:44.681612800,TOF L,TOF_Low,513.0,2.9652,513.2881914763707,1.7958401653801912,8189
imap_idex_l1a_sci-10days_20260130_v001.cdf,6,823003433865612800,2026-01-30T00:02:44.681612800,Target H,Target_High,2044.0,1.4826,2044.298828125,0.7568428679118172,512
imap_idex_l1a_sci-10days_20260130_v001.cdf,6,823003433865612800,2026-01-30T00:02:44.681612800,Target L,Target_Low,2064.0,0.5860937291722204,2063.765625,0.5860937291722204,512
imap_idex_l1a_sci-10days_20260130_v001.cdf,6,823003433865612800,2026-01-30T00:02:44.681612800,Ion Grid,Ion_Grid,2024.0,0.6245603922710357,2023.9765625,0.6245603922710357,512
imap_idex_l1a_sci-10days_20260130_v001.cdf,7,823003445865542272,2026-01-30T00:02:56.681542272,TOF H,TOF_High,511.0,2.9652,511.16229087800707,2.8544133533931944,8189
imap_idex_l1a_sci-10days_20260130_v001.cdf,7,823003445865542272,2026-01-30T00:02:56.681542272,TOF M,TOF_Mid,513.0,1.4826,512.645988521187,1.023876676599878,8189
imap_idex_l1a_sci-10days_20260130_v001.cdf,7,823003445865542272,2026-01-30T00:02:56.681542272,TOF L,TOF_Low,513.0,2.9652,513.3323971180853,1.7998254703168906,8189
imap_idex_l1a_sci-10days_20260130_v001.cdf,7,823003445865542272,2026-01-30T00:02:56.681542272,Target H,Target_High,2044.0,1.4826,2044.298828125,0.7411974276189741,512
imap_idex_l1a_sci-10days_20260130_v001.cdf,7,823003445865542272,2026-01-30T00:02:56.681542272,Target L,Target_Low,2064.0,0.6051536478449089,2063.71875,0.6051536478449089,512
imap_idex_l1a_sci-10days_20260130_v001.cdf,7,823003445865542272,2026-01-30T00:02:56.681542272,Ion Grid,Ion_Grid,2024.0,0.6330505676802086,2023.658203125,0.6330505676802086,512
imap_idex_l1a_sci-10days_20260130_v001.cdf,8,823003457865451648,2026-01-30T00:03:08.681451648,TOF H,TOF_High,511.0,2.9652,511.221883013799,2.7955933819673593,8189
imap_idex_l1a_sci-10days_20260130_v001.cdf,8,823003457865451648,2026-01-30T00:03:08.681451648,TOF M,TOF_Mid,513.0,1.4826,512.652094272805,1.0166411539738482,8189
imap_idex_l1a_sci-10days_20260130_v001.cdf,8,823003457865451648,2026-01-30T00:03:08.681451648,TOF L,TOF_Low,513.0,2.9652,513.2815972646233,1.7996022921165185,8189
imap_idex_l1a_sci-10days_20260130_v001.cdf,8,823003457865451648,2026-01-30T00:03:08.681451648,Target H,Target_High,2044.0,0.7618264146667431,2043.861328125,0.7618264146667431,512
imap_idex_l1a_sci-10days_20260130_v001.cdf,8,823003457865451648,2026-01-30T00:03:08.681451648,Target L,Target_Low,2064.0,0.5684902394445748,2063.6796875,0.5684902394445748,512
imap_idex_l1a_sci-10days_20260130_v001.cdf,8,823003457865451648,2026-01-30T00:03:08.681451648,Ion Grid,Ion_Grid,2024.0,0.661703069471827,2023.82421875,0.661703069471827,512
imap_idex_l1a_sci-10days_20260130_v001.cdf,9,823003469865380992,2026-01-30T00:03:20.681380992,TOF H,TOF_High,511.0,2.9652,511.2905116619856,2.794414486244828,8189
imap_idex_l1a_sci-10days_20260130_v001.cdf,9,823003469865380992,2026-01-30T00:03:20.681380992,TOF M,TOF_Mid,513.0,1.4826,512.6560019538405,1.0168898193139424,8189
imap_idex_l1a_sci-10days_20260130_v001.cdf,9,823003469865380992,2026-01-30T00:03:20.681380992,TOF L,TOF_Low,513.0,2.9652,513.2900232018561,1.7993837188569155,8189
imap_idex_l1a_sci-10days_20260130_v001.cdf,9,823003469865380992,2026-01-30T00:03:20.681380992,Target H,Target_High,2045.0,1.4826,2044.490234375,0.7314785591993517,512
imap_idex_l1a_sci-10days_20260130_v001.cdf,9,823003469865380992,2026-01-30T00:03:20.681380992,Target L,Target_Low,2064.0,0.5697202350629951,2063.841796875,0.5697202350629951,512
imap_idex_l1a_sci-10days_20260130_v001.cdf,9,823003469865380992,2026-01-30T00:03:20.681380992,Ion Grid,Ion_Grid,2024.0,0.6335083702877251,2023.744140625,0.6335083702877251,512
imap_idex_l1a_sci-10days_20260130_v001.cdf,17,823694580489208576,2026-02-07T00:01:51.305208576,TOF H,TOF_High,511.0,2.9652,511.281841494688,2.7860912206768913,8189
imap_idex_l1a_sci-10days_20260130_v001.cdf,17,823694580489208576,2026-02-07T00:01:51.305208576,TOF M,TOF_Mid,513.0,1.4826,512.6509952375137,1.0186048267077565,8189
imap_idex_l1a_sci-10days_20260130_v001.cdf,17,823694580489208576,2026-02-07T00:01:51.305208576,TOF L,TOF_Low,513.0,2.9652,513.2525338869215,1.787999505046341,8189
imap_idex_l1a_sci-10days_20260130_v001.cdf,17,823694580489208576,2026-02-07T00:01:51.305208576,Target H,Target_High,2044.0,1.4826,2044.291015625,0.7826720456269404,512
imap_idex_l1a_sci-10days_20260130_v001.cdf,17,823694580489208576,2026-02-07T00:01:51.305208576,Target L,Target_Low,2064.0,0.5754663317896517,2063.66796875,0.5754663317896517,512
imap_idex_l1a_sci-10days_20260130_v001.cdf,17,823694580489208576,2026-02-07T00:01:51.305208576,Ion Grid,Ion_Grid,2023.0,0.6325713274999113,2023.296875,0.6325713274999113,512
imap_idex_l1a_sci-10days_20260130_v001.cdf,23,823694632488882560,2026-02-07T00:02:43.304882560,TOF H,TOF_High,511.0,2.9652,511.2988154841861,2.892923611653014,8189
imap_idex_l1a_sci-10days_20260130_v001.cdf,23,823694632488882560,2026-02-07T00:02:43.304882560,TOF M,TOF_Mid,513.0,1.4826,512.6472096715106,1.0173599247007457,8189
imap_idex_l1a_sci-10days_20260130_v001.cdf,23,823694632488882560,2026-02-07T00:02:43.304882560,TOF L,TOF_Low,513.0,2.9652,513.1603370374893,1.7945004066823624,8189
imap_idex_l1a_sci-10days_20260130_v001.cdf,23,823694632488882560,2026-02-07T00:02:43.304882560,Target H,Target_High,2044.0,0.7480035276278783,2044.1953125,0.7480035276278783,512
imap_idex_l1a_sci-10days_20260130_v001.cdf,23,823694632488882560,2026-02-07T00:02:43.304882560,Target L,Target_Low,2064.0,0.5611828110882741,2063.69140625,0.5611828110882741,512
imap_idex_l1a_sci-10days_20260130_v001.cdf,23,823694632488882560,2026-02-07T00:02:43.304882560,Ion Grid,Ion_Grid,2024.0,0.5951842002084181,2023.814453125,0.5951842002084181,512
imap_idex_l1a_sci-10days_20260130_v001.cdf,24,823694644488812032,2026-02-07T00:02:55.304812032,TOF H,TOF_High,511.0,2.9652,511.1396995970204,2.8311928849713084,8189
imap_idex_l1a_sci-10days_20260130_v001.cdf,24,823694644488812032,2026-02-07T00:02:55.304812032,TOF M,TOF_Mid,513.0,1.4826,512.7468555379168,1.0059191972742076,8189
imap_idex_l1a_sci-10days_20260130_v001.cdf,24,823694644488812032,2026-02-07T00:02:55.304812032,TOF L,TOF_Low,513.0,2.9652,513.2740261326169,1.7969691773241345,8189
imap_idex_l1a_sci-10days_20260130_v001.cdf,24,823694644488812032,2026-02-07T00:02:55.304812032,Target H,Target_High,2044.0,0.7211132175053634,2044.05859375,0.7211132175053634,512
imap_idex_l1a_sci-10days_20260130_v001.cdf,24,823694644488812032,2026-02-07T00:02:55.304812032,Target L,Target_Low,2064.0,0.5596580769415711,2063.71484375,0.5596580769415711,512
imap_idex_l1a_sci-10days_20260130_v001.cdf,24,823694644488812032,2026-02-07T00:02:55.304812032,Ion Grid,Ion_Grid,2024.0,1.4826,2023.5234375,0.6245603922710357,512
imap_idex_l1a_sci-10days_20260130_v001.cdf,25,823694656488721408,2026-02-07T00:03:07.304721408,TOF H,TOF_High,511.0,2.9652,511.24032238368545,2.8012489048027445,8189
imap_idex_l1a_sci-10days_20260130_v001.cdf,25,823694656488721408,2026-02-07T00:03:07.304721408,TOF M,TOF_Mid,513.0,1.4826,512.6966662596166,1.0212373635464604,8189
imap_idex_l1a_sci-10days_20260130_v001.cdf,25,823694656488721408,2026-02-07T00:03:07.304721408,TOF L,TOF_Low,513.0,2.9652,513.2303089510318,1.7950161433766463,8189
imap_idex_l1a_sci-10days_20260130_v001.cdf,25,823694656488721408,2026-02-07T00:03:07.304721408,Target H,Target_High,2045.0,1.4826,2044.47265625,0.7283559015590781,512
imap_idex_l1a_sci-10days_20260130_v001.cdf,25,823694656488721408,2026-02-07T00:03:07.304721408,Target L,Target_Low,2064.0,0.573111576101992,2063.724609375,0.573111576101992,512
imap_idex_l1a_sci-10days_20260130_v001.cdf,25,823694656488721408,2026-02-07T00:03:07.304721408,Ion Grid,Ion_Grid,2024.0,0.6240196168212457,2023.814453125,0.6240196168212457,512
imap_idex_l1a_sci-10days_20260130_v001.cdf,26,823694668488650880,2026-02-07T00:03:19.304650880,TOF H,TOF_High,511.0,2.9652,511.24300891439736,2.8317584745471147,8189
imap_idex_l1a_sci-10days_20260130_v001.cdf,26,823694668488650880,2026-02-07T00:03:19.304650880,TOF M,TOF_Mid,513.0,1.4826,512.650751007449,1.011301861240894,8189
imap_idex_l1a_sci-10days_20260130_v001.cdf,26,823694668488650880,2026-02-07T00:03:19.304650880,TOF L,TOF_Low,513.0,2.9652,513.154475515936,1.792836196666959,8189
imap_idex_l1a_sci-10days_20260130_v001.cdf,26,823694668488650880,2026-02-07T00:03:19.304650880,Target H,Target_High,2044.0,1.4826,2044.408203125,0.7311238497958019,512
imap_idex_l1a_sci-10days_20260130_v001.cdf,26,823694668488650880,2026-02-07T00:03:19.304650880,Target L,Target_Low,2064.0,0.5389174114076845,2063.634765625,0.5389174114076845,512
imap_idex_l1a_sci-10days_20260130_v001.cdf,26,823694668488650880,2026-02-07T00:03:19.304650880,Ion Grid,Ion_Grid,2023.0,1.4826,2023.486328125,0.6493751456854384,512
imap_idex_l1a_sci-10days_20260209_v001.cdf,5,824385780185722496,2026-02-15T00:01:51.001722496,TOF H,TOF_High,511.0,2.9652,510.89840029307607,2.660307120945896,8189
imap_idex_l1a_sci-10days_20260209_v001.cdf,5,824385780185722496,2026-02-15T00:01:51.001722496,TOF M,TOF_Mid,513.0,1.4826,512.6215655147149,0.9968953840074869,8189
imap_idex_l1a_sci-10days_20260209_v001.cdf,5,824385780185722496,2026-02-15T00:01:51.001722496,TOF L,TOF_Low,513.0,2.9652,513.1911100256442,1.7509452747634278,8189
imap_idex_l1a_sci-10days_20260209_v001.cdf,5,824385780185722496,2026-02-15T00:01:51.001722496,Target H,Target_High,2044.0,0.7668099089888168,2043.95703125,0.7668099089888168,512
imap_idex_l1a_sci-10days_20260209_v001.cdf,5,824385780185722496,2026-02-15T00:01:51.001722496,Target L,Target_Low,2064.0,0.5625,2063.625,0.5625,512
imap_idex_l1a_sci-10days_20260209_v001.cdf,5,824385780185722496,2026-02-15T00:01:51.001722496,Ion Grid,Ion_Grid,2024.0,0.628357072916335,2023.638671875,0.628357072916335,512
imap_idex_l1a_sci-10days_20260209_v001.cdf,11,824385832185396608,2026-02-15T00:02:43.001396608,TOF H,TOF_High,511.0,2.9652,510.8395408474783,2.7535466904394688,8189
imap_idex_l1a_sci-10days_20260209_v001.cdf,11,824385832185396608,2026-02-15T00:02:43.001396608,TOF M,TOF_Mid,512.0,1.4826,512.4946879960924,0.9921550217735297,8189
imap_idex_l1a_sci-10days_20260209_v001.cdf,11,824385832185396608,2026-02-15T00:02:43.001396608,TOF L,TOF_Low,513.0,2.9652,513.2035657589449,1.7551158890742622,8189
imap_idex_l1a_sci-10days_20260209_v001.cdf,11,824385832185396608,2026-02-15T00:02:43.001396608,Target H,Target_High,2044.0,1.4826,2044.134765625,0.77270473100555,512
imap_idex_l1a_sci-10days_20260209_v001.cdf,11,824385832185396608,2026-02-15T00:02:43.001396608,Target L,Target_Low,2064.0,0.5780953064587269,2063.681640625,0.5780953064587269,512
imap_idex_l1a_sci-10days_20260209_v001.cdf,11,824385832185396608,2026-02-15T00:02:43.001396608,Ion Grid,Ion_Grid,2024.0,0.6216922970858327,2023.666015625,0.6216922970858327,512
imap_idex_l1a_sci-10days_20260209_v001.cdf,12,824385844185305984,2026-02-15T00:02:55.001305984,TOF H,TOF_High,511.0,2.9652,510.9524972524118,2.691136894280419,8189
imap_idex_l1a_sci-10days_20260209_v001.cdf,12,824385844185305984,2026-02-15T00:02:55.001305984,TOF M,TOF_Mid,513.0,1.4826,512.5174013921114,1.0088611128891964,8189
imap_idex_l1a_sci-10days_20260209_v001.cdf,12,824385844185305984,2026-02-15T00:02:55.001305984,TOF L,TOF_Low,513.0,2.9652,513.1972157772622,1.7589676211934886,8189
imap_idex_l1a_sci-10days_20260209_v001.cdf,12,824385844185305984,2026-02-15T00:02:55.001305984,Target H,Target_High,2045.0,1.4826,2044.478515625,0.7122857022507607,512
imap_idex_l1a_sci-10days_20260209_v001.cdf,12,824385844185305984,2026-02-15T00:02:55.001305984,Target L,Target_Low,2064.0,0.6086202006046006,2063.611328125,0.6086202006046006,512
imap_idex_l1a_sci-10days_20260209_v001.cdf,12,824385844185305984,2026-02-15T00:02:55.001305984,Ion Grid,Ion_Grid,2024.0,0.6687335716440068,2023.6328125,0.6687335716440068,512
imap_idex_l1a_sci-10days_20260209_v001.cdf,13,824385856185235328,2026-02-15T00:03:07.001235328,TOF H,TOF_High,511.0,2.9652,510.85089754548784,2.6662100016219448,8189
imap_idex_l1a_sci-10days_20260209_v001.cdf,13,824385856185235328,2026-02-15T00:03:07.001235328,TOF M,TOF_Mid,513.0,1.4826,512.6436683355721,1.0057973487016147,8189
imap_idex_l1a_sci-10days_20260209_v001.cdf,13,824385856185235328,2026-02-15T00:03:07.001235328,TOF L,TOF_Low,513.0,2.9652,513.1906215655147,1.7580281716786061,8189
imap_idex_l1a_sci-10days_20260209_v001.cdf,13,824385856185235328,2026-02-15T00:03:07.001235328,Target H,Target_High,2044.0,0.7157903355336389,2043.927734375,0.7157903355336389,512
imap_idex_l1a_sci-10days_20260209_v001.cdf,13,824385856185235328,2026-02-15T00:03:07.001235328,Target L,Target_Low,2064.0,0.5714584751478968,2063.615234375,0.5714584751478968,512
imap_idex_l1a_sci-10days_20260209_v001.cdf,13,824385856185235328,2026-02-15T00:03:07.001235328,Ion Grid,Ion_Grid,2023.0,0.6155536126122565,2023.3125,0.6155536126122565,512
imap_idex_l1a_sci-10days_20260209_v001.cdf,14,824385868185164928,2026-02-15T00:03:19.001164928,TOF H,TOF_High,511.0,2.9652,510.92538771522777,2.6968231830698444,8189
imap_idex_l1a_sci-10days_20260209_v001.cdf,14,824385868185164928,2026-02-15T00:03:19.001164928,TOF M,TOF_Mid,513.0,1.4826,512.5209427280498,1.0023576019859688,8189
imap_idex_l1a_sci-10days_20260209_v001.cdf,14,824385868185164928,2026-02-15T00:03:19.001164928,TOF L,TOF_Low,513.0,2.9652,513.1956282818416,1.7643781058600743,8189
imap_idex_l1a_sci-10days_20260209_v001.cdf,14,824385868185164928,2026-02-15T00:03:19.001164928,Target H,Target_High,2044.0,0.7560359935770151,2043.888671875,0.7560359935770151,512
imap_idex_l1a_sci-10days_20260209_v001.cdf,14,824385868185164928,2026-02-15T00:03:19.001164928,Target L,Target_Low,2064.0,0.5977966542594145,2063.6171875,0.5977966542594145,512
imap_idex_l1a_sci-10days_20260209_v001.cdf,14,824385868185164928,2026-02-15T00:03:19.001164928,Ion Grid,Ion_Grid,2024.0,0.6367906401133244,2023.52734375,0.6367906401133244,512
imap_idex_l1a_sci-10days_20260219_v001.cdf,3,825076980060782848,2026-02-23T00:01:50.876782848,TOF H,TOF_High,511.0,2.9652,511.23714739284407,2.7282921290651276,8189
imap_idex_l1a_sci-10days_20260219_v001.cdf,3,825076980060782848,2026-02-23T00:01:50.876782848,TOF M,TOF_Mid,513.0,1.4826,512.6705336426915,1.0183983272805728,8189
imap_idex_l1a_sci-10days_20260219_v001.cdf,3,825076980060782848,2026-02-23T00:01:50.876782848,TOF L,TOF_Low,513.0,2.9652,513.4068872878252,1.7865131414743978,8189
imap_idex_l1a_sci-10days_20260219_v001.cdf,3,825076980060782848,2026-02-23T00:01:50.876782848,Target H,Target_High,2044.0,0.7131126580603779,2043.78515625,0.7131126580603779,512
imap_idex_l1a_sci-10days_20260219_v001.cdf,3,825076980060782848,2026-02-23T00:01:50.876782848,Target L,Target_Low,2064.0,0.5874687024160176,2063.634765625,0.5874687024160176,512
imap_idex_l1a_sci-10days_20260219_v001.cdf,3,825076980060782848,2026-02-23T00:01:50.876782848,Ion Grid,Ion_Grid,2024.0,0.6078581883535316,2024.07421875,0.6078581883535316,512
imap_idex_l1a_sci-10days_20260219_v001.cdf,9,825077032060437376,2026-02-23T00:02:42.876437376,TOF H,TOF_High,511.0,2.9652,511.2154109170839,2.831491159034979,8189
imap_idex_l1a_sci-10days_20260219_v001.cdf,9,825077032060437376,2026-02-23T00:02:42.876437376,TOF M,TOF_Mid,513.0,1.4826,512.642935645378,1.0293022691135176,8189
imap_idex_l1a_sci-10days_20260219_v001.cdf,9,825077032060437376,2026-02-23T00:02:42.876437376,TOF L,TOF_Low,514.0,2.9652,513.4344852851386,1.7874647083808475,8189
imap_idex_l1a_sci-10days_20260219_v001.cdf,9,825077032060437376,2026-02-23T00:02:42.876437376,Target H,Target_High,2044.0,0.7752799236152949,2043.93359375,0.7752799236152949,512
imap_idex_l1a_sci-10days_20260219_v001.cdf,9,825077032060437376,2026-02-23T00:02:42.876437376,Target L,Target_Low,2064.0,0.5696666666428574,2063.638671875,0.5696666666428574,512
imap_idex_l1a_sci-10days_20260219_v001.cdf,9,825077032060437376,2026-02-23T00:02:42.876437376,Ion Grid,Ion_Grid,2024.0,1.4826,2023.51953125,0.6492253308932404,512
imap_idex_l1a_sci-10days_20260219_v001.cdf,10,825077044060366592,2026-02-23T00:02:54.876366592,TOF H,TOF_High,511.0,2.9652,511.2539992673098,2.7953715370304106,8189
imap_idex_l1a_sci-10days_20260219_v001.cdf,10,825077044060366592,2026-02-23T00:02:54.876366592,TOF M,TOF_Mid,513.0,1.4826,512.6950787641958,1.0163885838357805,8189
imap_idex_l1a_sci-10days_20260219_v001.cdf,10,825077044060366592,2026-02-23T00:02:54.876366592,TOF L,TOF_Low,514.0,2.9652,513.4579313713518,1.783177976907922,8189
imap_idex_l1a_sci-10days_20260219_v001.cdf,10,825077044060366592,2026-02-23T00:02:54.876366592,Target H,Target_High,2044.0,0.7300403991389791,2043.828125,0.7300403991389791,512
imap_idex_l1a_sci-10days_20260219_v001.cdf,10,825077044060366592,2026-02-23T00:02:54.876366592,Target L,Target_Low,2064.0,0.5879133353171622,2063.6171875,0.5879133353171622,512
imap_idex_l1a_sci-10days_20260219_v001.cdf,10,825077044060366592,2026-02-23T00:02:54.876366592,Ion Grid,Ion_Grid,2024.0,0.6218671481916375,2023.6875,0.6218671481916375,512
imap_idex_l1a_sci-10days_20260219_v001.cdf,11,825077056060296192,2026-02-23T00:03:06.876296192,TOF H,TOF_High,511.0,2.9652,511.27427036268165,2.717046336448683,8189
imap_idex_l1a_sci-10days_20260219_v001.cdf,11,825077056060296192,2026-02-23T00:03:06.876296192,TOF M,TOF_Mid,513.0,1.4826,512.7000854805226,1.01937572573203,8189
imap_idex_l1a_sci-10days_20260219_v001.cdf,11,825077056060296192,2026-02-23T00:03:06.876296192,TOF L,TOF_Low,513.0,2.9652,513.3994382708512,1.7845361383203457,8189
imap_idex_l1a_sci-10days_20260219_v001.cdf,11,825077056060296192,2026-02-23T00:03:06.876296192,Target H,Target_High,2044.0,0.7384259117531274,2044.07421875,0.7384259117531274,512
imap_idex_l1a_sci-10days_20260219_v001.cdf,11,825077056060296192,2026-02-23T00:03:06.876296192,Target L,Target_Low,2064.0,0.5590169943749475,2063.6875,0.5590169943749475,512
imap_idex_l1a_sci-10days_20260219_v001.cdf,11,825077056060296192,2026-02-23T00:03:06.876296192,Ion Grid,Ion_Grid,2024.0,0.6293761588789604,2023.845703125,0.6293761588789604,512
imap_idex_l1a_sci-10days_20260219_v001.cdf,12,825077068060205568,2026-02-23T00:03:18.876205568,TOF H,TOF_High,511.0,2.9652,511.2785443888143,2.704379704690722,8189
imap_idex_l1a_sci-10days_20260219_v001.cdf,12,825077068060205568,2026-02-23T00:03:18.876205568,TOF M,TOF_Mid,513.0,1.4826,512.6358529735011,1.0137721541753253,8189
imap_idex_l1a_sci-10days_20260219_v001.cdf,12,825077068060205568,2026-02-23T00:03:18.876205568,TOF L,TOF_Low,513.0,2.9652,513.4110391989254,1.792592799067164,8189
imap_idex_l1a_sci-10days_20260219_v001.cdf,12,825077068060205568,2026-02-23T00:03:18.876205568,Target H,Target_High,2044.0,1.4826,2044.412109375,0.7342685054100505,512
imap_idex_l1a_sci-10days_20260219_v001.cdf,12,825077068060205568,2026-02-23T00:03:18.876205568,Target L,Target_Low,2064.0,0.5863019699779287,2063.6875,0.5863019699779287,512
imap_idex_l1a_sci-10days_20260219_v001.cdf,12,825077068060205568,2026-02-23T00:03:18.876205568,Ion Grid,Ion_Grid,2024.0,0.6697111549062471,2023.708984375,0.6697111549062471,512
imap_idex_l1a_sci-10days_20260301_v001.cdf,3,825768178648622848,2026-03-03T00:01:49.464622848,TOF H,TOF_High,511.0,2.9652,511.2956404933447,2.737893775023654,8189
imap_idex_l1a_sci-10days_20260301_v001.cdf,3,825768178648622848,2026-03-03T00:01:49.464622848,TOF M,TOF_Mid,513.0,1.4826,512.5894492612041,1.0144714526617917,8189
imap_idex_l1a_sci-10days_20260301_v001.cdf,3,825768178648622848,2026-03-03T00:01:49.464622848,TOF L,TOF_Low,513.0,2.9652,513.3438759311272,1.7920205959565307,8189
imap_idex_l1a_sci-10days_20260301_v001.cdf,3,825768178648622848,2026-03-03T00:01:49.464622848,Target H,Target_High,2044.0,0.8022352462843174,2043.896484375,0.8022352462843174,512
imap_idex_l1a_sci-10days_20260301_v001.cdf,3,825768178648622848,2026-03-03T00:01:49.464622848,Target L,Target_Low,2064.0,0.5662277466567532,2063.638671875,0.5662277466567532,512
imap_idex_l1a_sci-10days_20260301_v001.cdf,3,825768178648622848,2026-03-03T00:01:49.464622848,Ion Grid,Ion_Grid,2024.0,0.6263382888660164,2023.693359375,0.6263382888660164,512
imap_idex_l1a_sci-10days_20260301_v001.cdf,9,825768230648277248,2026-03-03T00:02:41.464277248,TOF H,TOF_High,511.0,2.9652,511.3155452436195,2.8898581104794783,8189
imap_idex_l1a_sci-10days_20260301_v001.cdf,9,825768230648277248,2026-03-03T00:02:41.464277248,TOF M,TOF_Mid,513.0,1.4826,512.6767615093418,1.0229619045470686,8189
imap_idex_l1a_sci-10days_20260301_v001.cdf,9,825768230648277248,2026-03-03T00:02:41.464277248,TOF L,TOF_Low,513.0,2.9652,513.3974844303334,1.7845618253358637,8189
imap_idex_l1a_sci-10days_20260301_v001.cdf,9,825768230648277248,2026-03-03T00:02:41.464277248,Target H,Target_High,2044.0,0.7300403991389791,2043.796875,0.7300403991389791,512
imap_idex_l1a_sci-10days_20260301_v001.cdf,9,825768230648277248,2026-03-03T00:02:41.464277248,Target L,Target_Low,2064.0,0.5607475958137828,2063.75390625,0.5607475958137828,512
imap_idex_l1a_sci-10days_20260301_v001.cdf,9,825768230648277248,2026-03-03T00:02:41.464277248,Ion Grid,Ion_Grid,2024.0,0.7413,2023.60546875,0.6160368030998128,512
imap_idex_l1a_sci-10days_20260301_v001.cdf,10,825768242648206720,2026-03-03T00:02:53.464206720,TOF H,TOF_High,511.0,2.9652,511.283184760044,2.786897245348518,8189
imap_idex_l1a_sci-10days_20260301_v001.cdf,10,825768242648206720,2026-03-03T00:02:53.464206720,TOF M,TOF_Mid,513.0,1.4826,512.5730858468678,1.0110820862121845,8189
imap_idex_l1a_sci-10days_20260301_v001.cdf,10,825768242648206720,2026-03-03T00:02:53.464206720,TOF L,TOF_Low,513.0,2.9652,513.3867383074856,1.793197543016658,8189
imap_idex_l1a_sci-10days_20260301_v001.cdf,10,825768242648206720,2026-03-03T00:02:53.464206720,Target H,Target_High,2044.0,0.7406619807157205,2043.935546875,0.7406619807157205,512
imap_idex_l1a_sci-10days_20260301_v001.cdf,10,825768242648206720,2026-03-03T00:02:53.464206720,Target L,Target_Low,2064.0,0.5621981340625024,2063.677734375,0.5621981340625024,512
imap_idex_l1a_sci-10days_20260301_v001.cdf,10,825768242648206720,2026-03-03T00:02:53.464206720,Ion Grid,Ion_Grid,2024.0,0.5958503916328195,2023.951171875,0.5958503916328195,512
imap_idex_l1a_sci-10days_20260301_v001.cdf,11,825768254648116224,2026-03-03T00:03:05.464116224,TOF H,TOF_High,511.0,2.9652,511.24496275491515,2.750872256201693,8189
imap_idex_l1a_sci-10days_20260301_v001.cdf,11,825768254648116224,2026-03-03T00:03:05.464116224,TOF M,TOF_Mid,513.0,1.4826,512.5754060324826,1.0235167869324342,8189
imap_idex_l1a_sci-10days_20260301_v001.cdf,11,825768254648116224,2026-03-03T00:03:05.464116224,TOF L,TOF_Low,513.0,2.9652,513.3712296983758,1.7873745394184617,8189
imap_idex_l1a_sci-10days_20260301_v001.cdf,11,825768254648116224,2026-03-03T00:03:05.464116224,Target H,Target_High,2044.0,0.6753605762546289,2043.826171875,0.6753605762546289,512
imap_idex_l1a_sci-10days_20260301_v001.cdf,11,825768254648116224,2026-03-03T00:03:05.464116224,Target L,Target_Low,2064.0,0.5905256561209762,2063.662109375,0.5905256561209762,512
imap_idex_l1a_sci-10days_20260301_v001.cdf,11,825768254648116224,2026-03-03T00:03:05.464116224,Ion Grid,Ion_Grid,2024.0,1.4826,2023.56640625,0.6369823074159419,512
imap_idex_l1a_sci-10days_20260301_v001.cdf,12,825768266648045824,2026-03-03T00:03:17.464045824,TOF H,TOF_High,511.0,2.9652,511.20136768836244,2.7178317529384595,8189
imap_idex_l1a_sci-10days_20260301_v001.cdf,12,825768266648045824,2026-03-03T00:03:17.464045824,TOF M,TOF_Mid,513.0,1.4826,512.5326657711564,1.0142778436152513,8189
imap_idex_l1a_sci-10days_20260301_v001.cdf,12,825768266648045824,2026-03-03T00:03:17.464045824,TOF L,TOF_Low,514.0,2.9652,513.4394920014654,1.7944592640001142,8189
imap_idex_l1a_sci-10days_20260301_v001.cdf,12,825768266648045824,2026-03-03T00:03:17.464045824,Target H,Target_High,2044.0,0.777765667533448,2044.0234375,0.777765667533448,512
imap_idex_l1a_sci-10days_20260301_v001.cdf,12,825768266648045824,2026-03-03T00:03:17.464045824,Target L,Target_Low,2064.0,0.6025256088955888,2063.640625,0.6025256088955888,512
imap_idex_l1a_sci-10days_20260301_v001.cdf,12,825768266648045824,2026-03-03T00:03:17.464045824,Ion Grid,Ion_Grid,2024.0,0.5911454748301043,2023.599609375,0.5911454748301043,512
imap_idex_l1a_sci-10days_20260311_v001.cdf,0,826459378129471616,2026-03-11T00:01:48.945471616,TOF H,TOF_High,511.0,2.9652,511.3201856148492,2.7215927693326836,8189
imap_idex_l1a_sci-10days_20260311_v001.cdf,0,826459378129471616,2026-03-11T00:01:48.945471616,TOF M,TOF_Mid,513.0,1.4826,512.655513493711,1.023666914149593,8189
imap_idex_l1a_sci-10days_20260311_v001.cdf,0,826459378129471616,2026-03-11T00:01:48.945471616,TOF L,TOF_Low,513.0,2.9652,513.4111613139578,1.8005514635327493,8189
imap_idex_l1a_sci-10days_20260311_v001.cdf,0,826459378129471616,2026-03-11T00:01:48.945471616,Target H,Target_High,2044.0,0.6945220225764983,2044.1171875,0.6945220225764983,512
imap_idex_l1a_sci-10days_20260311_v001.cdf,0,826459378129471616,2026-03-11T00:01:48.945471616,Target L,Target_Low,2064.0,0.5707638143637956,2063.712890625,0.5707638143637956,512
imap_idex_l1a_sci-10days_20260311_v001.cdf,0,826459378129471616,2026-03-11T00:01:48.945471616,Ion Grid,Ion_Grid,2024.0,0.6172585748236791,2024.197265625,0.6172585748236791,512
imap_idex_l1a_sci-10days_20260311_v001.cdf,6,826459430129106048,2026-03-11T00:02:40.945106048,TOF H,TOF_High,511.0,2.9652,511.2812309195262,2.825864119525415,8189
imap_idex_l1a_sci-10days_20260311_v001.cdf,6,826459430129106048,2026-03-11T00:02:40.945106048,TOF M,TOF_Mid,513.0,1.4826,512.6772499694713,1.0143657146545386,8189
imap_idex_l1a_sci-10days_20260311_v001.cdf,6,826459430129106048,2026-03-11T00:02:40.945106048,TOF L,TOF_Low,514.0,2.9652,513.4894370497008,1.7887020198222219,8189
imap_idex_l1a_sci-10days_20260311_v001.cdf,6,826459430129106048,2026-03-11T00:02:40.945106048,Target H,Target_High,2044.0,0.7236769607399833,2043.958984375,0.7236769607399833,512
imap_idex_l1a_sci-10days_20260311_v001.cdf,6,826459430129106048,2026-03-11T00:02:40.945106048,Target L,Target_Low,2064.0,0.5570482334367465,2063.671875,0.5570482334367465,512
imap_idex_l1a_sci-10days_20260311_v001.cdf,6,826459430129106048,2026-03-11T00:02:40.945106048,Ion Grid,Ion_Grid,2024.0,0.6618875227509864,2023.60546875,0.6618875227509864,512
imap_idex_l1a_sci-10days_20260311_v001.cdf,7,826459442129015552,2026-03-11T00:02:52.945015552,TOF H,TOF_High,511.0,2.9652,511.25045793137133,2.8443419204028317,8189
imap_idex_l1a_sci-10days_20260311_v001.cdf,7,826459442129015552,2026-03-11T00:02:52.945015552,TOF M,TOF_Mid,513.0,1.4826,512.6357308584687,1.021707555673977,8189
imap_idex_l1a_sci-10days_20260311_v001.cdf,7,826459442129015552,2026-03-11T00:02:52.945015552,TOF L,TOF_Low,514.0,2.9652,513.4707534497496,1.8028432196366104,8189
imap_idex_l1a_sci-10days_20260311_v001.cdf,7,826459442129015552,2026-03-11T00:02:52.945015552,Target H,Target_High,2044.0,0.7571855291387372,2043.837890625,0.7571855291387372,512
imap_idex_l1a_sci-10days_20260311_v001.cdf,7,826459442129015552,2026-03-11T00:02:52.945015552,Target L,Target_Low,2064.0,0.5593308074372781,2063.67578125,0.5593308074372781,512
imap_idex_l1a_sci-10days_20260311_v001.cdf,7,826459442129015552,2026-03-11T00:02:52.945015552,Ion Grid,Ion_Grid,2024.0,0.6479666965544989,2023.6171875,0.6479666965544989,512
imap_idex_l1a_sci-10days_20260311_v001.cdf,8,826459454128945152,2026-03-11T00:03:04.944945152,TOF H,TOF_High,511.0,2.9652,511.19672731713274,2.7465510803530564,8189
imap_idex_l1a_sci-10days_20260311_v001.cdf,8,826459454128945152,2026-03-11T00:03:04.944945152,TOF M,TOF_Mid,513.0,1.4826,512.580290633777,1.0128288658154165,8189
imap_idex_l1a_sci-10days_20260311_v001.cdf,8,826459454128945152,2026-03-11T00:03:04.944945152,TOF L,TOF_Low,514.0,2.9652,513.4195872511906,1.7954467520798718,8189
imap_idex_l1a_sci-10days_20260311_v001.cdf,8,826459454128945152,2026-03-11T00:03:04.944945152,Target H,Target_High,2044.0,1.4826,2044.181640625,0.7857463384258366,512
imap_idex_l1a_sci-10days_20260311_v001.cdf,8,826459454128945152,2026-03-11T00:03:04.944945152,Target L,Target_Low,2064.0,0.5810735619308454,2063.703125,0.5810735619308454,512
imap_idex_l1a_sci-10days_20260311_v001.cdf,8,826459454128945152,2026-03-11T00:03:04.944945152,Ion Grid,Ion_Grid,2023.0,0.6051536478449089,2023.40625,0.6051536478449089,512
imap_idex_l1a_sci-10days_20260311_v001.cdf,9,826459466128854656,2026-03-11T00:03:16.944854656,TOF H,TOF_High,511.0,2.9652,511.2536329222127,2.7275925638470846,8189
imap_idex_l1a_sci-10days_20260311_v001.cdf,9,826459466128854656,2026-03-11T00:03:16.944854656,TOF M,TOF_Mid,513.0,1.4826,512.5500061057517,1.0188582378767563,8189
imap_idex_l1a_sci-10days_20260311_v001.cdf,9,826459466128854656,2026-03-11T00:03:16.944854656,TOF L,TOF_Low,513.0,2.9652,513.407864208084,1.7875887750397494,8189
imap_idex_l1a_sci-10days_20260311_v001.cdf,9,826459466128854656,2026-03-11T00:03:16.944854656,Target H,Target_High,2044.0,1.4826,2044.2890625,0.7224345098995133,512
imap_idex_l1a_sci-10days_20260311_v001.cdf,9,826459466128854656,2026-03-11T00:03:16.944854656,Target L,Target_Low,2064.0,0.575744677434147,2063.7265625,0.575744677434147,512
imap_idex_l1a_sci-10days_20260311_v001.cdf,9,826459466128854656,2026-03-11T00:03:16.944854656,Ion Grid,Ion_Grid,2024.0,0.651041341145752,2023.646484375,0.651041341145752,512
imap_idex_l1a_sci-10days_20260311_v001.cdf,16,827150578100431104,2026-03-19T00:01:48.916431104,TOF H,TOF_High,511.0,2.9652,511.04774697765293,2.7868542247248262,8189
imap_idex_l1a_sci-10days_20260311_v001.cdf,16,827150578100431104,2026-03-19T00:01:48.916431104,TOF M,TOF_Mid,513.0,1.4826,512.6360972035658,1.0099982327536934,8189
imap_idex_l1a_sci-10days_20260311_v001.cdf,16,827150578100431104,2026-03-19T00:01:48.916431104,TOF L,TOF_Low,513.0,2.9652,513.3113933325193,1.7828077828065079,8189
imap_idex_l1a_sci-10days_20260311_v001.cdf,16,827150578100431104,2026-03-19T00:01:48.916431104,Target H,Target_High,2044.0,1.4826,2043.798828125,0.7632671561838518,512
imap_idex_l1a_sci-10days_20260311_v001.cdf,16,827150578100431104,2026-03-19T00:01:48.916431104,Target L,Target_Low,2064.0,0.5548490906793796,2063.689453125,0.5548490906793796,512
imap_idex_l1a_sci-10days_20260311_v001.cdf,16,827150578100431104,2026-03-19T00:01:48.916431104,Ion Grid,Ion_Grid,2023.0,0.6399070624582794,2023.388671875,0.6399070624582794,512
imap_idex_l1a_sci-10days_20260311_v001.cdf,22,827150630100085632,2026-03-19T00:02:40.916085632,TOF H,TOF_High,511.0,2.9652,511.09866894614726,2.8087201644533737,8189
imap_idex_l1a_sci-10days_20260311_v001.cdf,22,827150630100085632,2026-03-19T00:02:40.916085632,TOF M,TOF_Mid,513.0,1.4826,512.5898156063012,1.0086444429797004,8189
imap_idex_l1a_sci-10days_20260311_v001.cdf,22,827150630100085632,2026-03-19T00:02:40.916085632,TOF L,TOF_Low,513.0,2.9652,513.3735498839907,1.7718960037616727,8189
imap_idex_l1a_sci-10days_20260311_v001.cdf,22,827150630100085632,2026-03-19T00:02:40.916085632,Target H,Target_High,2044.0,0.7467964418347943,2043.837890625,0.7467964418347943,512
imap_idex_l1a_sci-10days_20260311_v001.cdf,22,827150630100085632,2026-03-19T00:02:40.916085632,Target L,Target_Low,2064.0,0.563932502116485,2063.822265625,0.563932502116485,512
imap_idex_l1a_sci-10days_20260311_v001.cdf,22,827150630100085632,2026-03-19T00:02:40.916085632,Ion Grid,Ion_Grid,2024.0,0.673145600891813,2023.9375,0.673145600891813,512
imap_idex_l1a_sci-10days_20260311_v001.cdf,23,827150642100015104,2026-03-19T00:02:52.916015104,TOF H,TOF_High,511.0,2.9652,511.14470631334717,2.8319549111379283,8189
imap_idex_l1a_sci-10days_20260311_v001.cdf,23,827150642100015104,2026-03-19T00:02:52.916015104,TOF M,TOF_Mid,513.0,1.4826,512.628403956527,1.011729550482998,8189
imap_idex_l1a_sci-10days_20260311_v001.cdf,23,827150642100015104,2026-03-19T00:02:52.916015104,TOF L,TOF_Low,513.0,2.9652,513.3292221272438,1.7854248078278734,8189
imap_idex_l1a_sci-10days_20260311_v001.cdf,23,827150642100015104,2026-03-19T00:02:52.916015104,Target H,Target_High,2044.0,0.7446812545636136,2043.98828125,0.7446812545636136,512
imap_idex_l1a_sci-10days_20260311_v001.cdf,23,827150642100015104,2026-03-19T00:02:52.916015104,Target L,Target_Low,2064.0,0.6002388796524967,2063.705078125,0.6002388796524967,512
imap_idex_l1a_sci-10days_20260311_v001.cdf,23,827150642100015104,2026-03-19T00:02:52.916015104,Ion Grid,Ion_Grid,2024.0,0.6323300630159459,2023.6015625,0.6323300630159459,512
imap_idex_l1a_sci-10days_20260311_v001.cdf,24,827150654099924608,2026-03-19T00:03:04.915924608,TOF H,TOF_High,511.0,2.9652,511.19916961777994,2.7731013138253067,8189
imap_idex_l1a_sci-10days_20260311_v001.cdf,24,827150654099924608,2026-03-19T00:03:04.915924608,TOF M,TOF_Mid,513.0,1.4826,512.6967883746489,1.004576506318178,8189
imap_idex_l1a_sci-10days_20260311_v001.cdf,24,827150654099924608,2026-03-19T00:03:04.915924608,TOF L,TOF_Low,513.0,2.9652,513.2431310294297,1.775841121525348,8189
imap_idex_l1a_sci-10days_20260311_v001.cdf,24,827150654099924608,2026-03-19T00:03:04.915924608,Target H,Target_High,2044.0,0.7026799806977836,2044.23046875,0.7026799806977836,512
imap_idex_l1a_sci-10days_20260311_v001.cdf,24,827150654099924608,2026-03-19T00:03:04.915924608,Target L,Target_Low,2064.0,0.5603120424914474,2063.68359375,0.5603120424914474,512
imap_idex_l1a_sci-10days_20260311_v001.cdf,24,827150654099924608,2026-03-19T00:03:04.915924608,Ion Grid,Ion_Grid,2024.0,0.6062337656895311,2023.724609375,0.6062337656895311,512
imap_idex_l1a_sci-10days_20260311_v001.cdf,25,827150666099854208,2026-03-19T00:03:16.915854208,TOF H,TOF_High,511.0,2.9652,511.14885822444745,2.72959166072769,8189
imap_idex_l1a_sci-10days_20260311_v001.cdf,25,827150666099854208,2026-03-19T00:03:16.915854208,TOF M,TOF_Mid,513.0,1.4826,512.6171693735499,1.013694602727005,8189
imap_idex_l1a_sci-10days_20260311_v001.cdf,25,827150666099854208,2026-03-19T00:03:16.915854208,TOF L,TOF_Low,513.0,2.9652,513.2842837953352,1.7792506776858699,8189
imap_idex_l1a_sci-10days_20260311_v001.cdf,25,827150666099854208,2026-03-19T00:03:16.915854208,Target H,Target_High,2044.0,0.7638591722044957,2044.18359375,0.7638591722044957,512
imap_idex_l1a_sci-10days_20260311_v001.cdf,25,827150666099854208,2026-03-19T00:03:16.915854208,Target L,Target_Low,2064.0,0.5966437246220389,2063.771484375,0.5966437246220389,512
imap_idex_l1a_sci-10days_20260311_v001.cdf,25,827150666099854208,2026-03-19T00:03:16.915854208,Ion Grid,Ion_Grid,2024.0,0.6356514252127498,2024.046875,0.6356514252127498,512
imap_idex_l1a_sci-10days_20260321_v001.cdf,20,827841776826192640,2026-03-27T00:01:47.642192640,TOF H,TOF_High,511.0,2.9652,511.12089388203685,2.822123470672403,8189
imap_idex_l1a_sci-10days_20260321_v001.cdf,20,827841776826192640,2026-03-27T00:01:47.642192640,TOF M,TOF_Mid,513.0,1.4826,512.566369520088,0.998544438645429,8189
imap_idex_l1a_sci-10days_20260321_v001.cdf,20,827841776826192640,2026-03-27T00:01:47.642192640,TOF L,TOF_Low,514.0,2.9652,513.4978629869337,1.7891414994903563,8189
imap_idex_l1a_sci-10days_20260321_v001.cdf,20,827841776826192640,2026-03-27T00:01:47.642192640,Target H,Target_High,2044.0,0.679392783626202,2044.072265625,0.679392783626202,512
imap_idex_l1a_sci-10days_20260321_v001.cdf,20,827841776826192640,2026-03-27T00:01:47.642192640,Target L,Target_Low,2064.0,0.5441863315333585,2063.689453125,0.5441863315333585,512
imap_idex_l1a_sci-10days_20260321_v001.cdf,20,827841776826192640,2026-03-27T00:01:47.642192640,Ion Grid,Ion_Grid,2023.0,0.6245084737137154,2023.408203125,0.6245084737137154,512
imap_idex_l1a_sci-10days_20260321_v001.cdf,28,827841840825776768,2026-03-27T00:02:51.641776768,TOF H,TOF_High,511.0,2.9652,511.25717425815117,2.859394625641517,8189
imap_idex_l1a_sci-10days_20260321_v001.cdf,28,827841840825776768,2026-03-27T00:02:51.641776768,TOF M,TOF_Mid,513.0,1.4826,512.5331542312858,0.9929688475857246,8189
imap_idex_l1a_sci-10days_20260321_v001.cdf,28,827841840825776768,2026-03-27T00:02:51.641776768,TOF L,TOF_Low,514.0,2.9652,513.4474294785688,1.79518556666769,8189
imap_idex_l1a_sci-10days_20260321_v001.cdf,28,827841840825776768,2026-03-27T00:02:51.641776768,Target H,Target_High,2044.0,1.4826,2044.01953125,0.7878529559971439,512
imap_idex_l1a_sci-10days_20260321_v001.cdf,28,827841840825776768,2026-03-27T00:02:51.641776768,Target L,Target_Low,2064.0,0.5883511485283337,2063.630859375,0.5883511485283337,512
imap_idex_l1a_sci-10days_20260321_v001.cdf,28,827841840825776768,2026-03-27T00:02:51.641776768,Ion Grid,Ion_Grid,2024.0,0.6356514252127498,2023.828125,0.6356514252127498,512
imap_idex_l1a_sci-10days_20260321_v001.cdf,29,827841852825706368,2026-03-27T00:03:03.641706368,TOF H,TOF_High,511.0,2.9652,511.1919648308707,2.7706359211788136,8189
imap_idex_l1a_sci-10days_20260321_v001.cdf,29,827841852825706368,2026-03-27T00:03:03.641706368,TOF M,TOF_Mid,513.0,1.4826,512.5550128220784,0.9934740487357991,8189
imap_idex_l1a_sci-10days_20260321_v001.cdf,29,827841852825706368,2026-03-27T00:03:03.641706368,TOF L,TOF_Low,513.0,2.9652,513.4314324093295,1.780573494880983,8189
imap_idex_l1a_sci-10days_20260321_v001.cdf,29,827841852825706368,2026-03-27T00:03:03.641706368,Target H,Target_High,2044.0,0.721797948911421,2044.126953125,0.721797948911421,512
imap_idex_l1a_sci-10days_20260321_v001.cdf,29,827841852825706368,2026-03-27T00:03:03.641706368,Target L,Target_Low,2064.0,0.5617263559985747,2063.66796875,0.5617263559985747,512
imap_idex_l1a_sci-10days_20260321_v001.cdf,29,827841852825706368,2026-03-27T00:03:03.641706368,Ion Grid,Ion_Grid,2024.0,0.6466820175603598,2023.84765625,0.6466820175603598,512
imap_idex_l1a_sci-10days_20260321_v001.cdf,30,827841864825615872,2026-03-27T00:03:15.641615872,TOF H,TOF_High,511.0,2.9652,511.20906093540117,2.7827269249635753,8189
imap_idex_l1a_sci-10days_20260321_v001.cdf,30,827841864825615872,2026-03-27T00:03:15.641615872,TOF M,TOF_Mid,513.0,1.4826,512.5895713762364,0.9881177931679316,8189
imap_idex_l1a_sci-10days_20260321_v001.cdf,30,827841864825615872,2026-03-27T00:03:15.641615872,TOF L,TOF_Low,514.0,2.9652,513.4551227256076,1.795870407126219,8189
imap_idex_l1a_sci-10days_20260321_v001.cdf,30,827841864825615872,2026-03-27T00:03:15.641615872,Target H,Target_High,2044.0,0.7413,2044.177734375,0.7766441379057459,512
imap_idex_l1a_sci-10days_20260321_v001.cdf,30,827841864825615872,2026-03-27T00:03:15.641615872,Target L,Target_Low,2064.0,0.575041926970058,2063.64453125,0.575041926970058,512
imap_idex_l1a_sci-10days_20260321_v001.cdf,30,827841864825615872,2026-03-27T00:03:15.641615872,Ion Grid,Ion_Grid,2024.0,0.6159717803039839,2023.771484375,0.6159717803039839,512
imap_idex_l1a_sci-10days_20260331_v001.cdf,261,828532976255947648,2026-04-04T00:01:47.071947648,TOF H,TOF_High,511.0,2.9652,511.16986201001345,2.7873885590507537,8189
imap_idex_l1a_sci-10days_20260331_v001.cdf,261,828532976255947648,2026-04-04T00:01:47.071947648,TOF M,TOF_Mid,513.0,1.4826,512.5887165710099,0.986339557998857,8189
imap_idex_l1a_sci-10days_20260331_v001.cdf,261,828532976255947648,2026-04-04T00:01:47.071947648,TOF L,TOF_Low,513.0,2.9652,513.4001709610453,1.7884051378103498,8189
imap_idex_l1a_sci-10days_20260331_v001.cdf,261,828532976255947648,2026-04-04T00:01:47.071947648,Target H,Target_High,2044.0,1.4826,2044.259765625,0.7104839513094996,512
imap_idex_l1a_sci-10days_20260331_v001.cdf,261,828532976255947648,2026-04-04T00:01:47.071947648,Target L,Target_Low,2064.0,0.5703359102643891,2063.662109375,0.5703359102643891,512
imap_idex_l1a_sci-10days_20260331_v001.cdf,261,828532976255947648,2026-04-04T00:01:47.071947648,Ion Grid,Ion_Grid,2024.0,0.636023393308719,2023.59765625,0.636023393308719,512
imap_idex_l1a_sci-10days_20260331_v001.cdf,270,828533040255511808,2026-04-04T00:02:51.071511808,TOF H,TOF_High,511.0,2.9652,511.1193063866162,2.855078998035915,8189
imap_idex_l1a_sci-10days_20260331_v001.cdf,270,828533040255511808,2026-04-04T00:02:51.071511808,TOF M,TOF_Mid,513.0,1.4826,512.7079008425937,0.9809081658497757,8189
imap_idex_l1a_sci-10days_20260331_v001.cdf,270,828533040255511808,2026-04-04T00:02:51.071511808,TOF L,TOF_Low,513.0,2.9652,513.353645133716,1.7787583874703963,8189
imap_idex_l1a_sci-10days_20260331_v001.cdf,270,828533040255511808,2026-04-04T00:02:51.071511808,Target H,Target_High,2044.0,1.4826,2044.203125,0.7511384588576197,512
imap_idex_l1a_sci-10days_20260331_v001.cdf,270,828533040255511808,2026-04-04T00:02:51.071511808,Target L,Target_Low,2064.0,0.5792818608978141,2063.654296875,0.5792818608978141,512
imap_idex_l1a_sci-10days_20260331_v001.cdf,270,828533040255511808,2026-04-04T00:02:51.071511808,Ion Grid,Ion_Grid,2024.0,0.6534421889776765,2023.72265625,0.6534421889776765,512
imap_idex_l1a_sci-10days_20260331_v001.cdf,271,828533052255421312,2026-04-04T00:03:03.071421312,TOF H,TOF_High,511.0,2.9652,511.2961289534742,2.7981922728917263,8189
imap_idex_l1a_sci-10days_20260331_v001.cdf,271,828533052255421312,2026-04-04T00:03:03.071421312,TOF M,TOF_Mid,513.0,1.4826,512.6055684454757,0.9965127912767622,8189
imap_idex_l1a_sci-10days_20260331_v001.cdf,271,828533052255421312,2026-04-04T00:03:03.071421312,TOF L,TOF_Low,513.0,2.9652,513.3753816094761,1.7870539222145694,8189
imap_idex_l1a_sci-10days_20260331_v001.cdf,271,828533052255421312,2026-04-04T00:03:03.071421312,Target H,Target_High,2044.0,0.7214199729309898,2044.1953125,0.7214199729309898,512
imap_idex_l1a_sci-10days_20260331_v001.cdf,271,828533052255421312,2026-04-04T00:03:03.071421312,Target L,Target_Low,2064.0,0.5695327235491912,2063.697265625,0.5695327235491912,512
imap_idex_l1a_sci-10days_20260331_v001.cdf,271,828533052255421312,2026-04-04T00:03:03.071421312,Ion Grid,Ion_Grid,2024.0,0.6176200027309976,2023.64453125,0.6176200027309976,512
imap_idex_l1a_sci-10days_20260331_v001.cdf,272,828533064255350912,2026-04-04T00:03:15.071350912,TOF H,TOF_High,511.0,2.9652,511.20600805959214,2.787054323844896,8189
imap_idex_l1a_sci-10days_20260331_v001.cdf,272,828533064255350912,2026-04-04T00:03:15.071350912,TOF M,TOF_Mid,513.0,1.4826,512.5517157162046,0.988476058427157,8189
imap_idex_l1a_sci-10days_20260331_v001.cdf,272,828533064255350912,2026-04-04T00:03:15.071350912,TOF L,TOF_Low,514.0,2.9652,513.4716082549762,1.8047524444970102,8189
imap_idex_l1a_sci-10days_20260331_v001.cdf,272,828533064255350912,2026-04-04T00:03:15.071350912,Target H,Target_High,2044.0,0.672938724624768,2044.193359375,0.672938724624768,512
imap_idex_l1a_sci-10days_20260331_v001.cdf,272,828533064255350912,2026-04-04T00:03:15.071350912,Target L,Target_Low,2064.0,0.5585254547410977,2063.7265625,0.5585254547410977,512
imap_idex_l1a_sci-10days_20260331_v001.cdf,272,828533064255350912,2026-04-04T00:03:15.071350912,Ion Grid,Ion_Grid,2024.0,0.643049907545091,2023.7734375,0.643049907545091,512
imap_idex_l1a_sci-10days_20260410_v001.cdf,1,829224175711690368,2026-04-12T00:01:46.527690368,TOF H,TOF_High,511.0,2.9652,510.9415068994993,2.782527120236504,8189
imap_idex_l1a_sci-10days_20260410_v001.cdf,1,829224175711690368,2026-04-12T00:01:46.527690368,TOF M,TOF_Mid,513.0,1.4826,512.5843204298449,1.0100863136968083,8189
imap_idex_l1a_sci-10days_20260410_v001.cdf,1,829224175711690368,2026-04-12T00:01:46.527690368,TOF L,TOF_Low,514.0,2.9652,513.458664061546,1.8504093795046708,8189
imap_idex_l1a_sci-10days_20260410_v001.cdf,1,829224175711690368,2026-04-12T00:01:46.527690368,Target H,Target_High,2044.0,1.4826,2044.041015625,0.7423288311158738,512
imap_idex_l1a_sci-10days_20260410_v001.cdf,1,829224175711690368,2026-04-12T00:01:46.527690368,Target L,Target_Low,2064.0,0.5920997574756591,2063.751953125,0.5920997574756591,512
imap_idex_l1a_sci-10days_20260410_v001.cdf,1,829224175711690368,2026-04-12T00:01:46.527690368,Ion Grid,Ion_Grid,2024.0,0.6060827280110854,2023.697265625,0.6060827280110854,512
imap_idex_l1a_sci-10days_20260410_v001.cdf,7,829224227711345024,2026-04-12T00:02:38.527345024,TOF H,TOF_High,511.0,2.9652,510.96800586152153,2.996632162115068,8189
imap_idex_l1a_sci-10days_20260410_v001.cdf,7,829224227711345024,2026-04-12T00:02:38.527345024,TOF M,TOF_Mid,513.0,1.4826,512.665649041397,1.0065451378780916,8189
imap_idex_l1a_sci-10days_20260410_v001.cdf,7,829224227711345024,2026-04-12T00:02:38.527345024,TOF L,TOF_Low,513.0,2.9652,513.3521797533276,1.848133044276592,8189
imap_idex_l1a_sci-10days_20260410_v001.cdf,7,829224227711345024,2026-04-12T00:02:38.527345024,Target H,Target_High,2044.0,0.7004179660377349,2044.07421875,0.7004179660377349,512
imap_idex_l1a_sci-10days_20260410_v001.cdf,7,829224227711345024,2026-04-12T00:02:38.527345024,Target L,Target_Low,2064.0,0.5932872374269903,2063.6640625,0.5932872374269903,512
imap_idex_l1a_sci-10days_20260410_v001.cdf,7,829224227711345024,2026-04-12T00:02:38.527345024,Ion Grid,Ion_Grid,2024.0,1.4826,2023.57421875,0.65726066149469,512
imap_idex_l1a_sci-10days_20260410_v001.cdf,8,829224239711254656,2026-04-12T00:02:50.527254656,TOF H,TOF_High,511.0,2.9652,510.8821589937721,2.8403887856947274,8189
imap_idex_l1a_sci-10days_20260410_v001.cdf,8,829224239711254656,2026-04-12T00:02:50.527254656,TOF M,TOF_Mid,513.0,1.4826,512.73305653926,0.9943337818143062,8189
imap_idex_l1a_sci-10days_20260410_v001.cdf,8,829224239711254656,2026-04-12T00:02:50.527254656,TOF L,TOF_Low,513.0,2.9652,513.3170106240078,1.8347615738782805,8189
imap_idex_l1a_sci-10days_20260410_v001.cdf,8,829224239711254656,2026-04-12T00:02:50.527254656,Target H,Target_High,2044.0,1.4826,2043.666015625,0.7627672071188295,512
imap_idex_l1a_sci-10days_20260410_v001.cdf,8,829224239711254656,2026-04-12T00:02:50.527254656,Target L,Target_Low,2064.0,0.5571440979660804,2063.76171875,0.5571440979660804,512
imap_idex_l1a_sci-10days_20260410_v001.cdf,8,829224239711254656,2026-04-12T00:02:50.527254656,Ion Grid,Ion_Grid,2024.0,0.6143129260350543,2023.7109375,0.6143129260350543,512
imap_idex_l1a_sci-10days_20260410_v001.cdf,9,829224251711184128,2026-04-12T00:03:02.527184128,TOF H,TOF_High,511.0,2.9652,510.9854683111491,2.7307485258032806,8189
imap_idex_l1a_sci-10days_20260410_v001.cdf,9,829224251711184128,2026-04-12T00:03:02.527184128,TOF M,TOF_Mid,513.0,1.4826,512.5906704115276,1.0113489128144937,8189
imap_idex_l1a_sci-10days_20260410_v001.cdf,9,829224251711184128,2026-04-12T00:03:02.527184128,TOF L,TOF_Low,513.0,2.9652,513.311637562584,1.8368123772996294,8189
imap_idex_l1a_sci-10days_20260410_v001.cdf,9,829224251711184128,2026-04-12T00:03:02.527184128,Target H,Target_High,2044.0,0.7582125836607332,2043.732421875,0.7582125836607332,512
imap_idex_l1a_sci-10days_20260410_v001.cdf,9,829224251711184128,2026-04-12T00:03:02.527184128,Target L,Target_Low,2064.0,0.5657458434447398,2063.734375,0.5657458434447398,512
imap_idex_l1a_sci-10days_20260410_v001.cdf,9,829224251711184128,2026-04-12T00:03:02.527184128,Ion Grid,Ion_Grid,2024.0,1.4826,2023.544921875,0.6539644678011829,512
imap_idex_l1a_sci-10days_20260410_v001.cdf,10,829224263711093760,2026-04-12T00:03:14.527093760,TOF H,TOF_High,511.0,2.9652,510.90792526560017,2.760045333733148,8189
imap_idex_l1a_sci-10days_20260410_v001.cdf,10,829224263711093760,2026-04-12T00:03:14.527093760,TOF M,TOF_Mid,513.0,1.4826,512.5700329710587,1.0069417196175212,8189
imap_idex_l1a_sci-10days_20260410_v001.cdf,10,829224263711093760,2026-04-12T00:03:14.527093760,TOF L,TOF_Low,513.0,2.9652,513.4009036512394,1.848744786536756,8189
imap_idex_l1a_sci-10days_20260410_v001.cdf,10,829224263711093760,2026-04-12T00:03:14.527093760,Target H,Target_High,2044.0,0.7320337513297713,2043.71484375,0.7320337513297713,512
imap_idex_l1a_sci-10days_20260410_v001.cdf,10,829224263711093760,2026-04-12T00:03:14.527093760,Target L,Target_Low,2064.0,0.5526342941638145,2063.78515625,0.5526342941638145,512
imap_idex_l1a_sci-10days_20260410_v001.cdf,10,829224263711093760,2026-04-12T00:03:14.527093760,Ion Grid,Ion_Grid,2024.0,0.6365359927516742,2023.759765625,0.6365359927516742,512
imap_idex_l1a_sci-10days_20260420_v001.cdf,0,829915375079932928,2026-04-20T00:01:45.895932928,TOF H,TOF_High,511.0,2.9652,511.04005373061426,2.7560668627599965,8189
imap_idex_l1a_sci-10days_20260420_v001.cdf,0,829915375079932928,2026-04-20T00:01:45.895932928,TOF M,TOF_Mid,513.0,1.4826,512.5476859201368,1.0053361503542042,8189
imap_idex_l1a_sci-10days_20260420_v001.cdf,0,829915375079932928,2026-04-20T00:01:45.895932928,TOF L,TOF_Low,513.0,2.9652,513.2824520698498,1.8436800115951195,8189
imap_idex_l1a_sci-10days_20260420_v001.cdf,0,829915375079932928,2026-04-20T00:01:45.895932928,Target H,Target_High,2045.0,1.4826,2044.53125,0.7255116728902438,512
imap_idex_l1a_sci-10days_20260420_v001.cdf,0,829915375079932928,2026-04-20T00:01:45.895932928,Target L,Target_Low,2064.0,0.5968994135632145,2063.650390625,0.5968994135632145,512
imap_idex_l1a_sci-10days_20260420_v001.cdf,0,829915375079932928,2026-04-20T00:01:45.895932928,Ion Grid,Ion_Grid,2024.0,0.6555869976772247,2023.70703125,0.6555869976772247,512
imap_idex_l1a_sci-10days_20260420_v001.cdf,6,829915427079587840,2026-04-20T00:02:37.895587840,TOF H,TOF_High,511.0,2.9652,511.0711930638662,2.9153711163998497,8189
imap_idex_l1a_sci-10days_20260420_v001.cdf,6,829915427079587840,2026-04-20T00:02:37.895587840,TOF M,TOF_Mid,513.0,1.4826,512.7216998412505,1.0129672102697447,8189
imap_idex_l1a_sci-10days_20260420_v001.cdf,6,829915427079587840,2026-04-20T00:02:37.895587840,TOF L,TOF_Low,513.0,2.9652,513.2991818292832,1.8362240359641069,8189
imap_idex_l1a_sci-10days_20260420_v001.cdf,6,829915427079587840,2026-04-20T00:02:37.895587840,Target H,Target_High,2044.0,1.4826,2044.400390625,0.6944533623016806,512
imap_idex_l1a_sci-10days_20260420_v001.cdf,6,829915427079587840,2026-04-20T00:02:37.895587840,Target L,Target_Low,2064.0,0.5803871230881026,2063.705078125,0.5803871230881026,512
imap_idex_l1a_sci-10days_20260420_v001.cdf,6,829915427079587840,2026-04-20T00:02:37.895587840,Ion Grid,Ion_Grid,2024.0,0.649750999294333,2023.638671875,0.649750999294333,512
imap_idex_l1a_sci-10days_20260420_v001.cdf,7,829915439079497472,2026-04-20T00:02:49.895497472,TOF H,TOF_High,511.0,2.9652,510.99450482354376,2.7829609232676384,8189
imap_idex_l1a_sci-10days_20260420_v001.cdf,7,829915439079497472,2026-04-20T00:02:49.895497472,TOF M,TOF_Mid,513.0,1.4826,512.7047258517523,1.0093002082795608,8189
imap_idex_l1a_sci-10days_20260420_v001.cdf,7,829915439079497472,2026-04-20T00:02:49.895497472,TOF L,TOF_Low,513.0,2.9652,513.4073757479546,1.8394794808947958,8189
imap_idex_l1a_sci-10days_20260420_v001.cdf,7,829915439079497472,2026-04-20T00:02:49.895497472,Target H,Target_High,2044.0,1.4826,2044.43359375,0.6727714767741997,512
imap_idex_l1a_sci-10days_20260420_v001.cdf,7,829915439079497472,2026-04-20T00:02:49.895497472,Target L,Target_Low,2064.0,0.5917807598878468,2063.64453125,0.5917807598878468,512
imap_idex_l1a_sci-10days_20260420_v001.cdf,7,829915439079497472,2026-04-20T00:02:49.895497472,Ion Grid,Ion_Grid,2023.0,1.4826,2023.41015625,0.6493193363715095,512
imap_idex_l1a_sci-10days_20260420_v001.cdf,8,829915451079426944,2026-04-20T00:03:01.895426944,TOF H,TOF_High,511.0,2.9652,510.97765294907805,2.7650919262416522,8189
imap_idex_l1a_sci-10days_20260420_v001.cdf,8,829915451079426944,2026-04-20T00:03:01.895426944,TOF M,TOF_Mid,513.0,1.4826,512.7210892660887,1.0091151237478981,8189
imap_idex_l1a_sci-10days_20260420_v001.cdf,8,829915451079426944,2026-04-20T00:03:01.895426944,TOF L,TOF_Low,513.0,2.9652,513.3377701795091,1.838574195364982,8189
imap_idex_l1a_sci-10days_20260420_v001.cdf,8,829915451079426944,2026-04-20T00:03:01.895426944,Target H,Target_High,2044.0,0.726202762925658,2044.146484375,0.726202762925658,512
imap_idex_l1a_sci-10days_20260420_v001.cdf,8,829915451079426944,2026-04-20T00:03:01.895426944,Target L,Target_Low,2064.0,0.5776728330981208,2063.693359375,0.5776728330981208,512
imap_idex_l1a_sci-10days_20260420_v001.cdf,8,829915451079426944,2026-04-20T00:03:01.895426944,Ion Grid,Ion_Grid,2024.0,0.6323270466273638,2023.580078125,0.6323270466273638,512
imap_idex_l1a_sci-10days_20260420_v001.cdf,9,829915463079336576,2026-04-20T00:03:13.895336576,TOF H,TOF_High,511.0,2.9652,511.04469410184396,2.7862694315273084,8189
imap_idex_l1a_sci-10days_20260420_v001.cdf,9,829915463079336576,2026-04-20T00:03:13.895336576,TOF M,TOF_Mid,513.0,1.4826,512.6523385028697,1.0031826090661382,8189
imap_idex_l1a_sci-10days_20260420_v001.cdf,9,829915463079336576,2026-04-20T00:03:13.895336576,TOF L,TOF_Low,513.0,2.9652,513.3635364513372,1.843781467378043,8189
imap_idex_l1a_sci-10days_20260420_v001.cdf,9,829915463079336576,2026-04-20T00:03:13.895336576,Target H,Target_High,2044.0,0.7159608544245694,2043.740234375,0.7159608544245694,512
imap_idex_l1a_sci-10days_20260420_v001.cdf,9,829915463079336576,2026-04-20T00:03:13.895336576,Target L,Target_Low,2064.0,0.5922801244762561,2063.568359375,0.5922801244762561,512
imap_idex_l1a_sci-10days_20260420_v001.cdf,9,829915463079336576,2026-04-20T00:03:13.895336576,Ion Grid,Ion_Grid,2024.0,0.7413,2023.5703125,0.621032327937725,512
imap_idex_l1a_sci-10days_20260420_v001.cdf,19,830606574674751360,2026-04-28T00:01:45.490751360,TOF H,TOF_High,511.0,2.9652,511.31688850897547,2.749186411898444,8189
imap_idex_l1a_sci-10days_20260420_v001.cdf,19,830606574674751360,2026-04-28T00:01:45.490751360,TOF M,TOF_Mid,513.0,1.4826,512.6622298204909,0.9883759431223285,8189
imap_idex_l1a_sci-10days_20260420_v001.cdf,19,830606574674751360,2026-04-28T00:01:45.490751360,TOF L,TOF_Low,513.0,2.9652,513.1364024911467,1.7252564328570306,8189
imap_idex_l1a_sci-10days_20260420_v001.cdf,19,830606574674751360,2026-04-28T00:01:45.490751360,Target H,Target_High,2044.0,1.4826,2044.220703125,0.7126926094854881,512
imap_idex_l1a_sci-10days_20260420_v001.cdf,19,830606574674751360,2026-04-28T00:01:45.490751360,Target L,Target_Low,2064.0,0.5775671664725319,2063.712890625,0.5775671664725319,512
imap_idex_l1a_sci-10days_20260420_v001.cdf,19,830606574674751360,2026-04-28T00:01:45.490751360,Ion Grid,Ion_Grid,2023.0,0.6343748797336709,2023.412109375,0.6343748797336709,512
imap_idex_l1a_sci-10days_20260420_v001.cdf,25,830606626674386432,2026-04-28T00:02:37.490386432,TOF H,TOF_High,511.0,2.9652,511.2511906215655,3.085232452474671,8189
imap_idex_l1a_sci-10days_20260420_v001.cdf,25,830606626674386432,2026-04-28T00:02:37.490386432,TOF M,TOF_Mid,513.0,1.4826,512.6325558676273,0.9857552170127937,8189
imap_idex_l1a_sci-10days_20260420_v001.cdf,25,830606626674386432,2026-04-28T00:02:37.490386432,TOF L,TOF_Low,513.0,2.9652,513.1188179264867,1.709211971423982,8189
imap_idex_l1a_sci-10days_20260420_v001.cdf,25,830606626674386432,2026-04-28T00:02:37.490386432,Target H,Target_High,2044.0,1.4826,2044.23046875,0.753643088785028,512
imap_idex_l1a_sci-10days_20260420_v001.cdf,25,830606626674386432,2026-04-28T00:02:37.490386432,Target L,Target_Low,2064.0,0.5534999115624224,2063.693359375,0.5534999115624224,512
imap_idex_l1a_sci-10days_20260420_v001.cdf,25,830606626674386432,2026-04-28T00:02:37.490386432,Ion Grid,Ion_Grid,2024.0,0.6392420285727074,2023.7890625,0.6392420285727074,512
imap_idex_l1a_sci-10days_20260420_v001.cdf,26,830606638674296064,2026-04-28T00:02:49.490296064,TOF H,TOF_High,511.0,2.9652,511.3088289168397,2.8326113140837226,8189
imap_idex_l1a_sci-10days_20260420_v001.cdf,26,830606638674296064,2026-04-28T00:02:49.490296064,TOF M,TOF_Mid,513.0,1.4826,512.5788252533887,0.9793551138355899,8189
imap_idex_l1a_sci-10days_20260420_v001.cdf,26,830606638674296064,2026-04-28T00:02:49.490296064,TOF L,TOF_Low,513.0,2.9652,513.237147392844,1.7380493950077283,8189
imap_idex_l1a_sci-10days_20260420_v001.cdf,26,830606638674296064,2026-04-28T00:02:49.490296064,Target H,Target_High,2044.0,0.7180278301317784,2044.2421875,0.7180278301317784,512
imap_idex_l1a_sci-10days_20260420_v001.cdf,26,830606638674296064,2026-04-28T00:02:49.490296064,Target L,Target_Low,2064.0,0.5652567808275142,2063.642578125,0.5652567808275142,512
imap_idex_l1a_sci-10days_20260420_v001.cdf,26,830606638674296064,2026-04-28T00:02:49.490296064,Ion Grid,Ion_Grid,2023.0,0.6244840399578755,2023.474609375,0.6244840399578755,512
imap_idex_l1a_sci-10days_20260420_v001.cdf,27,830606650674225536,2026-04-28T00:03:01.490225536,TOF H,TOF_High,511.0,2.9652,511.19062156551473,2.7091122638793625,8189
imap_idex_l1a_sci-10days_20260420_v001.cdf,27,830606650674225536,2026-04-28T00:03:01.490225536,TOF M,TOF_Mid,513.0,1.4826,512.6143607278055,0.9850606622400672,8189
imap_idex_l1a_sci-10days_20260420_v001.cdf,27,830606650674225536,2026-04-28T00:03:01.490225536,TOF L,TOF_Low,513.0,2.9652,513.1499572597387,1.7234581611812914,8189
imap_idex_l1a_sci-10days_20260420_v001.cdf,27,830606650674225536,2026-04-28T00:03:01.490225536,Target H,Target_High,2044.0,1.4826,2044.041015625,0.7757791847593356,512
imap_idex_l1a_sci-10days_20260420_v001.cdf,27,830606650674225536,2026-04-28T00:03:01.490225536,Target L,Target_Low,2064.0,0.5832621213043391,2063.67578125,0.5832621213043391,512
imap_idex_l1a_sci-10days_20260420_v001.cdf,27,830606650674225536,2026-04-28T00:03:01.490225536,Ion Grid,Ion_Grid,2023.0,0.7413,2023.439453125,0.6466908658143661,512
imap_idex_l1a_sci-10days_20260420_v001.cdf,28,830606662674135168,2026-04-28T00:03:13.490135168,TOF H,TOF_High,511.0,2.9652,511.2731713273904,2.6923480517166287,8189
imap_idex_l1a_sci-10days_20260420_v001.cdf,28,830606662674135168,2026-04-28T00:03:13.490135168,TOF M,TOF_Mid,513.0,1.4826,512.6353645133715,0.9821460546921184,8189
imap_idex_l1a_sci-10days_20260420_v001.cdf,28,830606662674135168,2026-04-28T00:03:13.490135168,TOF L,TOF_Low,513.0,2.9652,513.1807302478935,1.7287876411402971,8189
imap_idex_l1a_sci-10days_20260420_v001.cdf,28,830606662674135168,2026-04-28T00:03:13.490135168,Target H,Target_High,2045.0,1.4826,2044.578125,0.7842131307081003,512
imap_idex_l1a_sci-10days_20260420_v001.cdf,28,830606662674135168,2026-04-28T00:03:13.490135168,Target L,Target_Low,2064.0,0.5685439187081329,2063.65625,0.5685439187081329,512
imap_idex_l1a_sci-10days_20260420_v001.cdf,28,830606662674135168,2026-04-28T00:03:13.490135168,Ion Grid,Ion_Grid,2024.0,0.6401454712526164,2023.654296875,0.6401454712526164,512
imap_idex_l1a_sci-10days_20260430_v001.cdf,13,831297773973600512,2026-05-06T00:01:44.789600512,TOF H,TOF_High,511.0,2.9652,511.4192209060935,2.728792371496669,8189
imap_idex_l1a_sci-10days_20260430_v001.cdf,13,831297773973600512,2026-05-06T00:01:44.789600512,TOF M,TOF_Mid,513.0,1.4826,512.5818781291977,0.9824663064320643,8189
imap_idex_l1a_sci-10days_20260430_v001.cdf,13,831297773973600512,2026-05-06T00:01:44.789600512,TOF L,TOF_Low,513.0,2.9652,513.1031872023447,1.719413080831643,8189
imap_idex_l1a_sci-10days_20260430_v001.cdf,13,831297773973600512,2026-05-06T00:01:44.789600512,Target H,Target_High,2044.0,0.73308303491759,2044.138671875,0.73308303491759,512
imap_idex_l1a_sci-10days_20260430_v001.cdf,13,831297773973600512,2026-05-06T00:01:44.789600512,Target L,Target_Low,2064.0,0.5896238207535377,2063.75,0.5896238207535377,512
imap_idex_l1a_sci-10days_20260430_v001.cdf,13,831297773973600512,2026-05-06T00:01:44.789600512,Ion Grid,Ion_Grid,2024.0,0.618542692346987,2023.666015625,0.618542692346987,512
imap_idex_l1a_sci-10days_20260430_v001.cdf,19,831297825973255552,2026-05-06T00:02:36.789255552,TOF H,TOF_High,511.0,2.9652,511.418366100867,3.0210051010455716,8189
imap_idex_l1a_sci-10days_20260430_v001.cdf,19,831297825973255552,2026-05-06T00:02:36.789255552,TOF M,TOF_Mid,512.0,1.4826,512.4999389424838,0.9871101094783541,8189
imap_idex_l1a_sci-10days_20260430_v001.cdf,19,831297825973255552,2026-05-06T00:02:36.789255552,TOF L,TOF_Low,513.0,2.9652,513.09415068995,1.7178713330653472,8189
imap_idex_l1a_sci-10days_20260430_v001.cdf,19,831297825973255552,2026-05-06T00:02:36.789255552,Target H,Target_High,2044.0,0.6619883738992207,2044.314453125,0.6619883738992207,512
imap_idex_l1a_sci-10days_20260430_v001.cdf,19,831297825973255552,2026-05-06T00:02:36.789255552,Target L,Target_Low,2064.0,0.5849438188751416,2063.658203125,0.5849438188751416,512
imap_idex_l1a_sci-10days_20260430_v001.cdf,19,831297825973255552,2026-05-06T00:02:36.789255552,Ion Grid,Ion_Grid,2024.0,1.4826,2023.544921875,0.6539644678011829,512
imap_idex_l1a_sci-10days_20260430_v001.cdf,20,831297837973165056,2026-05-06T00:02:48.789165056,TOF H,TOF_High,512.0,2.9652,511.5529368665283,2.8483102275850567,8189
imap_idex_l1a_sci-10days_20260430_v001.cdf,20,831297837973165056,2026-05-06T00:02:48.789165056,TOF M,TOF_Mid,513.0,1.4826,512.5482964952986,0.9802138733598393,8189
imap_idex_l1a_sci-10days_20260430_v001.cdf,20,831297837973165056,2026-05-06T00:02:48.789165056,TOF L,TOF_Low,513.0,2.9652,513.1937965563561,1.7275484365335196,8189
imap_idex_l1a_sci-10days_20260430_v001.cdf,20,831297837973165056,2026-05-06T00:02:48.789165056,Target H,Target_High,2044.0,1.4826,2044.29296875,0.7578427023620651,512
imap_idex_l1a_sci-10days_20260430_v001.cdf,20,831297837973165056,2026-05-06T00:02:48.789165056,Target L,Target_Low,2064.0,0.5694020986965187,2063.6875,0.5694020986965187,512
imap_idex_l1a_sci-10days_20260430_v001.cdf,20,831297837973165056,2026-05-06T00:02:48.789165056,Ion Grid,Ion_Grid,2024.0,0.6293761588789604,2023.845703125,0.6293761588789604,512
imap_idex_l1a_sci-10days_20260430_v001.cdf,21,831297849973074688,2026-05-06T00:03:00.789074688,TOF H,TOF_High,511.0,2.9652,511.45915252167543,2.701984239849887,8189
imap_idex_l1a_sci-10days_20260430_v001.cdf,21,831297849973074688,2026-05-06T00:03:00.789074688,TOF M,TOF_Mid,513.0,1.4826,512.5298571254121,0.9814465147455727,8189
imap_idex_l1a_sci-10days_20260430_v001.cdf,21,831297849973074688,2026-05-06T00:03:00.789074688,TOF L,TOF_Low,513.0,2.9652,513.1520332152888,1.717064641729191,8189
imap_idex_l1a_sci-10days_20260430_v001.cdf,21,831297849973074688,2026-05-06T00:03:00.789074688,Target H,Target_High,2044.0,1.4826,2044.09375,0.8495173261917617,512
imap_idex_l1a_sci-10days_20260430_v001.cdf,21,831297849973074688,2026-05-06T00:03:00.789074688,Target L,Target_Low,2064.0,0.5692111315284157,2063.666015625,0.5692111315284157,512
imap_idex_l1a_sci-10days_20260430_v001.cdf,21,831297849973074688,2026-05-06T00:03:00.789074688,Ion Grid,Ion_Grid,2024.0,0.6474366334522148,2023.77734375,0.6474366334522148,512
imap_idex_l1a_sci-10days_20260430_v001.cdf,22,831297861973004288,2026-05-06T00:03:12.789004288,TOF H,TOF_High,511.0,2.9652,511.4308218341678,2.6918977351792797,8189
imap_idex_l1a_sci-10days_20260430_v001.cdf,22,831297861973004288,2026-05-06T00:03:12.789004288,TOF M,TOF_Mid,512.0,1.4826,512.5075100744901,0.9773842773931373,8189
imap_idex_l1a_sci-10days_20260430_v001.cdf,22,831297861973004288,2026-05-06T00:03:12.789004288,TOF L,TOF_Low,513.0,2.9652,513.1417755525705,1.7240442455711438,8189
imap_idex_l1a_sci-10days_20260430_v001.cdf,22,831297861973004288,2026-05-06T00:03:12.789004288,Target H,Target_High,2044.0,0.7144674342470827,2043.943359375,0.7144674342470827,512
imap_idex_l1a_sci-10days_20260430_v001.cdf,22,831297861973004288,2026-05-06T00:03:12.789004288,Target L,Target_Low,2064.0,0.5774614805115657,2063.619140625,0.5774614805115657,512
imap_idex_l1a_sci-10days_20260430_v001.cdf,22,831297861973004288,2026-05-06T00:03:12.789004288,Ion Grid,Ion_Grid,2024.0,0.6426909095549814,2023.744140625,0.6426909095549814,512
imap_idex_l1a_sci-10days_20260510_v001.cdf,7,831988973238536960,2026-05-14T00:01:44.054536960,TOF H,TOF_High,511.0,2.9652,511.3149346684577,2.7758440135919584,8189
imap_idex_l1a_sci-10days_20260510_v001.cdf,7,831988973238536960,2026-05-14T00:01:44.054536960,TOF M,TOF_Mid,513.0,1.4826,512.5287580901208,0.9821012329797327,8189
imap_idex_l1a_sci-10days_20260510_v001.cdf,7,831988973238536960,2026-05-14T00:01:44.054536960,TOF L,TOF_Low,513.0,2.9652,513.1414092074734,1.727930219239966,8189
imap_idex_l1a_sci-10days_20260510_v001.cdf,7,831988973238536960,2026-05-14T00:01:44.054536960,Target H,Target_High,2044.0,0.7203801783213912,2044.134765625,0.7203801783213912,512
imap_idex_l1a_sci-10days_20260510_v001.cdf,7,831988973238536960,2026-05-14T00:01:44.054536960,Target L,Target_Low,2064.0,0.5891027785881122,2063.591796875,0.5891027785881122,512
imap_idex_l1a_sci-10days_20260510_v001.cdf,7,831988973238536960,2026-05-14T00:01:44.054536960,Ion Grid,Ion_Grid,2024.0,0.6133403385149304,2023.931640625,0.6133403385149304,512
imap_idex_l1a_sci-10days_20260510_v001.cdf,13,831989025238172032,2026-05-14T00:02:36.054172032,TOF H,TOF_High,511.0,2.9652,511.3321528880205,3.477235146258365,8189
imap_idex_l1a_sci-10days_20260510_v001.cdf,13,831989025238172032,2026-05-14T00:02:36.054172032,TOF M,TOF_Mid,513.0,1.4826,512.5662474050556,0.9847605918298477,8189
imap_idex_l1a_sci-10days_20260510_v001.cdf,13,831989025238172032,2026-05-14T00:02:36.054172032,TOF L,TOF_Low,513.0,2.9652,513.1773110269875,1.7252531051448938,8189
imap_idex_l1a_sci-10days_20260510_v001.cdf,13,831989025238172032,2026-05-14T00:02:36.054172032,Target H,Target_High,2044.0,1.4826,2044.359375,0.7124383196986248,512
imap_idex_l1a_sci-10days_20260510_v001.cdf,13,831989025238172032,2026-05-14T00:02:36.054172032,Target L,Target_Low,2064.0,0.5704596342739225,2063.72265625,0.5704596342739225,512
imap_idex_l1a_sci-10days_20260510_v001.cdf,13,831989025238172032,2026-05-14T00:02:36.054172032,Ion Grid,Ion_Grid,2024.0,0.6155536126122565,2023.8125,0.6155536126122565,512
imap_idex_l1a_sci-10days_20260510_v001.cdf,14,831989037238081664,2026-05-14T00:02:48.054081664,TOF H,TOF_High,511.0,2.9652,511.4470631334717,2.9223746792338816,8189
imap_idex_l1a_sci-10days_20260510_v001.cdf,14,831989037238081664,2026-05-14T00:02:48.054081664,TOF M,TOF_Mid,513.0,1.4826,512.6211991696177,0.984862831040257,8189
imap_idex_l1a_sci-10days_20260510_v001.cdf,14,831989037238081664,2026-05-14T00:02:48.054081664,TOF L,TOF_Low,513.0,2.9652,513.0984247160826,1.7181648844436435,8189
imap_idex_l1a_sci-10days_20260510_v001.cdf,14,831989037238081664,2026-05-14T00:02:48.054081664,Target H,Target_High,2044.0,0.7576111201500411,2044.140625,0.7576111201500411,512
imap_idex_l1a_sci-10days_20260510_v001.cdf,14,831989037238081664,2026-05-14T00:02:48.054081664,Target L,Target_Low,2064.0,0.5581428468591172,2063.65625,0.5581428468591172,512
imap_idex_l1a_sci-10days_20260510_v001.cdf,14,831989037238081664,2026-05-14T00:02:48.054081664,Ion Grid,Ion_Grid,2024.0,0.6051536478449089,2024.03125,0.6051536478449089,512
imap_idex_l1a_sci-10days_20260510_v001.cdf,15,831989049237991296,2026-05-14T00:03:00.053991296,TOF H,TOF_High,511.0,2.9652,511.42422762242035,2.707867743297769,8189
imap_idex_l1a_sci-10days_20260510_v001.cdf,15,831989049237991296,2026-05-14T00:03:00.053991296,TOF M,TOF_Mid,513.0,1.4826,512.5349859567713,0.9915522111541812,8189
imap_idex_l1a_sci-10days_20260510_v001.cdf,15,831989049237991296,2026-05-14T00:03:00.053991296,TOF L,TOF_Low,513.0,2.9652,513.137867871535,1.7186863916417054,8189
imap_idex_l1a_sci-10days_20260510_v001.cdf,15,831989049237991296,2026-05-14T00:03:00.053991296,Target H,Target_High,2044.0,0.7285103887211283,2043.880859375,0.7285103887211283,512
imap_idex_l1a_sci-10days_20260510_v001.cdf,15,831989049237991296,2026-05-14T00:03:00.053991296,Target L,Target_Low,2064.0,0.5866662135266952,2063.6640625,0.5866662135266952,512
imap_idex_l1a_sci-10days_20260510_v001.cdf,15,831989049237991296,2026-05-14T00:03:00.053991296,Ion Grid,Ion_Grid,2024.0,0.6427858706732044,2023.837890625,0.6427858706732044,512
imap_idex_l1a_sci-10days_20260510_v001.cdf,16,831989061237920896,2026-05-14T00:03:12.053920896,TOF H,TOF_High,511.0,2.9652,511.4090853584076,2.687391673674326,8189
imap_idex_l1a_sci-10days_20260510_v001.cdf,16,831989061237920896,2026-05-14T00:03:12.053920896,TOF M,TOF_Mid,513.0,1.4826,512.556600317499,0.9841220682971503,8189
imap_idex_l1a_sci-10days_20260510_v001.cdf,16,831989061237920896,2026-05-14T00:03:12.053920896,TOF L,TOF_Low,513.0,2.9652,513.2238368543168,1.7409714081905352,8189
imap_idex_l1a_sci-10days_20260510_v001.cdf,16,831989061237920896,2026-05-14T00:03:12.053920896,Target H,Target_High,2044.0,1.4826,2044.271484375,0.7670760126159984,512
imap_idex_l1a_sci-10days_20260510_v001.cdf,16,831989061237920896,2026-05-14T00:03:12.053920896,Target L,Target_Low,2064.0,0.5738731953453982,2063.72265625,0.5738731953453982,512
imap_idex_l1a_sci-10days_20260510_v001.cdf,16,831989061237920896,2026-05-14T00:03:12.053920896,Ion Grid,Ion_Grid,2024.0,0.6709403700960387,2023.755859375,0.6709403700960387,512
imap_idex_l1a_sci-10days_20260520_v001.cdf,4,832680173471916672,2026-05-22T00:01:44.287916672,TOF H,TOF_High,512.0,2.9652,511.5061668091342,2.715089438255857,8189
imap_idex_l1a_sci-10days_20260520_v001.cdf,4,832680173471916672,2026-05-22T00:01:44.287916672,TOF M,TOF_Mid,513.0,1.4826,512.5746733422884,0.9785579599271051,8189
imap_idex_l1a_sci-10days_20260520_v001.cdf,4,832680173471916672,2026-05-22T00:01:44.287916672,TOF L,TOF_Low,513.0,2.9652,513.185981194285,1.7211857060165436,8189
imap_idex_l1a_sci-10days_20260520_v001.cdf,4,832680173471916672,2026-05-22T00:01:44.287916672,Target H,Target_High,2043.0,0.653909050173216,2043.26171875,0.653909050173216,512
imap_idex_l1a_sci-10days_20260520_v001.cdf,4,832680173471916672,2026-05-22T00:01:44.287916672,Target L,Target_Low,2064.0,0.5830887781404812,2063.697265625,0.5830887781404812,512
imap_idex_l1a_sci-10days_20260520_v001.cdf,4,832680173471916672,2026-05-22T00:01:44.287916672,Ion Grid,Ion_Grid,2024.0,0.6258660991166062,2023.91796875,0.6258660991166062,512
imap_idex_l1a_sci-10days_20260520_v001.cdf,10,832680225471551872,2026-05-22T00:02:36.287551872,TOF H,TOF_High,511.0,2.9652,511.43961411649775,2.7726440732614925,8189
imap_idex_l1a_sci-10days_20260520_v001.cdf,10,832680225471551872,2026-05-22T00:02:36.287551872,TOF M,TOF_Mid,513.0,1.4826,512.7212113811211,0.9826014591069768,8189
imap_idex_l1a_sci-10days_20260520_v001.cdf,10,832680225471551872,2026-05-22T00:02:36.287551872,TOF L,TOF_Low,513.0,2.9652,513.1398217120527,1.722148682592586,8189
imap_idex_l1a_sci-10days_20260520_v001.cdf,10,832680225471551872,2026-05-22T00:02:36.287551872,Target H,Target_High,2044.0,0.6980912478901733,2044.103515625,0.6980912478901733,512
imap_idex_l1a_sci-10days_20260520_v001.cdf,10,832680225471551872,2026-05-22T00:02:36.287551872,Target L,Target_Low,2064.0,0.5916389279735994,2063.7890625,0.5916389279735994,512
imap_idex_l1a_sci-10days_20260520_v001.cdf,10,832680225471551872,2026-05-22T00:02:36.287551872,Ion Grid,Ion_Grid,2023.0,0.6261220396965356,2023.3984375,0.6261220396965356,512
imap_idex_l1a_sci-10days_20260520_v001.cdf,11,832680237471481472,2026-05-22T00:02:48.287481472,TOF H,TOF_High,511.0,2.9652,511.4219074368055,2.731733029500982,8189
imap_idex_l1a_sci-10days_20260520_v001.cdf,11,832680237471481472,2026-05-22T00:02:48.287481472,TOF M,TOF_Mid,513.0,1.4826,512.6252289656857,0.9821230063841228,8189
imap_idex_l1a_sci-10days_20260520_v001.cdf,11,832680237471481472,2026-05-22T00:02:48.287481472,TOF L,TOF_Low,513.0,2.9652,513.1133227500305,1.717033272537991,8189
imap_idex_l1a_sci-10days_20260520_v001.cdf,11,832680237471481472,2026-05-22T00:02:48.287481472,Target H,Target_High,2044.0,0.7311447198184224,2044.134765625,0.7311447198184224,512
imap_idex_l1a_sci-10days_20260520_v001.cdf,11,832680237471481472,2026-05-22T00:02:48.287481472,Target L,Target_Low,2064.0,0.5876407535845668,2063.76953125,0.5876407535845668,512
imap_idex_l1a_sci-10days_20260520_v001.cdf,11,832680237471481472,2026-05-22T00:02:48.287481472,Ion Grid,Ion_Grid,2024.0,0.6589619142586006,2023.927734375,0.6589619142586006,512
imap_idex_l1a_sci-10days_20260520_v001.cdf,12,832680249471391232,2026-05-22T00:03:00.287391232,TOF H,TOF_High,511.0,2.9652,511.4421785321773,2.7018098965204125,8189
imap_idex_l1a_sci-10days_20260520_v001.cdf,12,832680249471391232,2026-05-22T00:03:00.287391232,TOF M,TOF_Mid,513.0,1.4826,512.5750396873855,0.9843777970597434,8189
imap_idex_l1a_sci-10days_20260520_v001.cdf,12,832680249471391232,2026-05-22T00:03:00.287391232,TOF L,TOF_Low,513.0,2.9652,513.1918427158383,1.7318609707359542,8189
imap_idex_l1a_sci-10days_20260520_v001.cdf,12,832680249471391232,2026-05-22T00:03:00.287391232,Target H,Target_High,2044.0,0.6817469472953175,2044.044921875,0.6817469472953175,512
imap_idex_l1a_sci-10days_20260520_v001.cdf,12,832680249471391232,2026-05-22T00:03:00.287391232,Target L,Target_Low,2064.0,0.5741755670412225,2063.712890625,0.5741755670412225,512
imap_idex_l1a_sci-10days_20260520_v001.cdf,12,832680249471391232,2026-05-22T00:03:00.287391232,Ion Grid,Ion_Grid,2024.0,0.6371858907532401,2023.859375,0.6371858907532401,512
imap_idex_l1a_sci-10days_20260520_v001.cdf,13,832680261471300864,2026-05-22T00:03:12.287300864,TOF H,TOF_High,511.0,2.9652,511.5031139333252,2.697361039098642,8189
imap_idex_l1a_sci-10days_20260520_v001.cdf,13,832680261471300864,2026-05-22T00:03:12.287300864,TOF M,TOF_Mid,513.0,1.4826,512.7281719379656,0.981755086409025,8189
imap_idex_l1a_sci-10days_20260520_v001.cdf,13,832680261471300864,2026-05-22T00:03:12.287300864,TOF L,TOF_Low,513.0,2.9652,513.1302967395286,1.7242416672307415,8189
imap_idex_l1a_sci-10days_20260520_v001.cdf,13,832680261471300864,2026-05-22T00:03:12.287300864,Target H,Target_High,2044.0,0.7435611260638626,2044.197265625,0.7435611260638626,512
imap_idex_l1a_sci-10days_20260520_v001.cdf,13,832680261471300864,2026-05-22T00:03:12.287300864,Target L,Target_Low,2064.0,0.5806401160236325,2063.72265625,0.5806401160236325,512
imap_idex_l1a_sci-10days_20260520_v001.cdf,13,832680261471300864,2026-05-22T00:03:12.287300864,Ion Grid,Ion_Grid,2024.0,0.6076416403087509,2023.912109375,0.6076416403087509,512
imap_idex_l1a_sci-10days_20260530_v005.cdf,0,833371372624296320,2026-05-30T00:01:43.440296320,TOF H,TOF_High,511.0,2.9652,511.37184027353766,2.796049984238125,8189
imap_idex_l1a_sci-10days_20260530_v005.cdf,0,833371372624296320,2026-05-30T00:01:43.440296320,TOF M,TOF_Mid,513.0,1.4826,512.7281719379656,0.999139374069328,8189
imap_idex_l1a_sci-10days_20260530_v005.cdf,0,833371372624296320,2026-05-30T00:01:43.440296320,TOF L,TOF_Low,513.0,2.9652,513.3949200146538,1.845968324855405,8189
imap_idex_l1a_sci-10days_20260530_v005.cdf,0,833371372624296320,2026-05-30T00:01:43.440296320,Target H,Target_High,2045.0,1.4826,2044.4921875,0.7447324787087978,512
imap_idex_l1a_sci-10days_20260530_v005.cdf,0,833371372624296320,2026-05-30T00:01:43.440296320,Target L,Target_Low,2064.0,0.5826699253808793,2063.677734375,0.5826699253808793,512
imap_idex_l1a_sci-10days_20260530_v005.cdf,0,833371372624296320,2026-05-30T00:01:43.440296320,Ion Grid,Ion_Grid,2024.0,0.6405505625579915,2023.697265625,0.6405505625579915,512
imap_idex_l1a_sci-10days_20260530_v005.cdf,6,833371424623931648,2026-05-30T00:02:35.439931648,TOF H,TOF_High,511.0,2.9652,511.4775918915619,2.997070619939384,8189
imap_idex_l1a_sci-10days_20260530_v005.cdf,6,833371424623931648,2026-05-30T00:02:35.439931648,TOF M,TOF_Mid,513.0,1.4826,512.6524606179021,0.9960787031276355,8189
imap_idex_l1a_sci-10days_20260530_v005.cdf,6,833371424623931648,2026-05-30T00:02:35.439931648,TOF L,TOF_Low,513.0,2.9652,513.3901575283918,1.8522295396435595,8189
imap_idex_l1a_sci-10days_20260530_v005.cdf,6,833371424623931648,2026-05-30T00:02:35.439931648,Target H,Target_High,2044.0,1.4826,2044.279296875,0.7249199132423073,512
imap_idex_l1a_sci-10days_20260530_v005.cdf,6,833371424623931648,2026-05-30T00:02:35.439931648,Target L,Target_Low,2064.0,0.581795254168885,2063.64453125,0.581795254168885,512
imap_idex_l1a_sci-10days_20260530_v005.cdf,6,833371424623931648,2026-05-30T00:02:35.439931648,Ion Grid,Ion_Grid,2024.0,1.4826,2023.53515625,0.6693151634961945,512
imap_idex_l1a_sci-10days_20260530_v005.cdf,7,833371436623841280,2026-05-30T00:02:47.439841280,TOF H,TOF_High,511.0,2.9652,511.46843326413483,2.848412866012699,8189
imap_idex_l1a_sci-10days_20260530_v005.cdf,7,833371436623841280,2026-05-30T00:02:47.439841280,TOF M,TOF_Mid,513.0,1.4826,512.7516180241788,0.9964395684396928,8189
imap_idex_l1a_sci-10days_20260530_v005.cdf,7,833371436623841280,2026-05-30T00:02:47.439841280,TOF L,TOF_Low,513.0,2.9652,513.4441323726951,1.8455337155915164,8189
imap_idex_l1a_sci-10days_20260530_v005.cdf,7,833371436623841280,2026-05-30T00:02:47.439841280,Target H,Target_High,2044.0,0.7122214324888604,2044.080078125,0.7122214324888604,512
imap_idex_l1a_sci-10days_20260530_v005.cdf,7,833371436623841280,2026-05-30T00:02:47.439841280,Target L,Target_Low,2064.0,0.5916099127113739,2063.615234375,0.5916099127113739,512
imap_idex_l1a_sci-10days_20260530_v005.cdf,7,833371436623841280,2026-05-30T00:02:47.439841280,Ion Grid,Ion_Grid,2023.0,1.4826,2023.501953125,0.6343027158248137,512
imap_idex_l1a_sci-10days_20260530_v005.cdf,8,833371448623750912,2026-05-30T00:02:59.439750912,TOF H,TOF_High,511.0,2.9652,511.42593723287337,2.78251283796845,8189
imap_idex_l1a_sci-10days_20260530_v005.cdf,8,833371448623750912,2026-05-30T00:02:59.439750912,TOF M,TOF_Mid,513.0,1.4826,512.5855415801685,0.9976971973160461,8189
imap_idex_l1a_sci-10days_20260530_v005.cdf,8,833371448623750912,2026-05-30T00:02:59.439750912,TOF L,TOF_Low,514.0,2.9652,513.5338869214801,1.8555032910165947,8189
imap_idex_l1a_sci-10days_20260530_v005.cdf,8,833371448623750912,2026-05-30T00:02:59.439750912,Target H,Target_High,2045.0,1.4826,2044.595703125,0.7306227904091375,512
imap_idex_l1a_sci-10days_20260530_v005.cdf,8,833371448623750912,2026-05-30T00:02:59.439750912,Target L,Target_Low,2064.0,0.5941096772429734,2063.6484375,0.5941096772429734,512
imap_idex_l1a_sci-10days_20260530_v005.cdf,8,833371448623750912,2026-05-30T00:02:59.439750912,Ion Grid,Ion_Grid,2024.0,0.6328335982208193,2023.912109375,0.6328335982208193,512
imap_idex_l1a_sci-10days_20260530_v005.cdf,9,833371460623680768,2026-05-30T00:03:11.439680768,TOF H,TOF_High,511.0,2.9652,511.436317010624,2.8124950022840585,8189
imap_idex_l1a_sci-10days_20260530_v005.cdf,9,833371460623680768,2026-05-30T00:03:11.439680768,TOF M,TOF_Mid,513.0,1.4826,512.7020393210404,1.0002427317653746,8189
imap_idex_l1a_sci-10days_20260530_v005.cdf,9,833371460623680768,2026-05-30T00:03:11.439680768,TOF L,TOF_Low,514.0,2.9652,513.4543900354133,1.8399846120554026,8189
imap_idex_l1a_sci-10days_20260530_v005.cdf,9,833371460623680768,2026-05-30T00:03:11.439680768,Target H,Target_High,2044.0,1.4826,2044.423828125,0.7539340789876687,512
imap_idex_l1a_sci-10days_20260530_v005.cdf,9,833371460623680768,2026-05-30T00:03:11.439680768,Target L,Target_Low,2064.0,0.5927211480747081,2063.640625,0.5927211480747081,512
imap_idex_l1a_sci-10days_20260530_v005.cdf,9,833371460623680768,2026-05-30T00:03:11.439680768,Ion Grid,Ion_Grid,2024.0,0.6622188331352291,2023.673828125,0.6622188331352291,512
imap_idex_l1a_sci-10days_20260530_v005.cdf,37,834062571798468864,2026-06-07T00:01:42.614468864,TOF H,TOF_High,511.0,2.9652,511.2027109537184,2.787843659485057,8189
imap_idex_l1a_sci-10days_20260530_v005.cdf,37,834062571798468864,2026-06-07T00:01:42.614468864,TOF M,TOF_Mid,513.0,1.4826,512.7754304554891,0.9970047098471351,8189
imap_idex_l1a_sci-10days_20260530_v005.cdf,37,834062571798468864,2026-06-07T00:01:42.614468864,TOF L,TOF_Low,514.0,2.9652,513.4734399804616,1.856806800113546,8189
imap_idex_l1a_sci-10days_20260530_v005.cdf,37,834062571798468864,2026-06-07T00:01:42.614468864,Target H,Target_High,2044.0,0.7324583324259711,2044.091796875,0.7324583324259711,512
imap_idex_l1a_sci-10days_20260530_v005.cdf,37,834062571798468864,2026-06-07T00:01:42.614468864,Target L,Target_Low,2064.0,0.5787580992953792,2063.59375,0.5787580992953792,512
imap_idex_l1a_sci-10days_20260530_v005.cdf,37,834062571798468864,2026-06-07T00:01:42.614468864,Ion Grid,Ion_Grid,2024.0,0.6199872218630296,2023.73046875,0.6199872218630296,512
imap_idex_l1a_sci-10days_20260530_v005.cdf,43,834062623798104192,2026-06-07T00:02:34.614104192,TOF H,TOF_High,511.0,2.9652,511.2321406765173,2.942766227625485,8189
imap_idex_l1a_sci-10days_20260530_v005.cdf,43,834062623798104192,2026-06-07T00:02:34.614104192,TOF M,TOF_Mid,513.0,1.4826,512.6619855904262,0.9991067028723549,8189
imap_idex_l1a_sci-10days_20260530_v005.cdf,43,834062623798104192,2026-06-07T00:02:34.614104192,TOF L,TOF_Low,514.0,2.9652,513.4760043961412,1.8486028184797068,8189
imap_idex_l1a_sci-10days_20260530_v005.cdf,43,834062623798104192,2026-06-07T00:02:34.614104192,Target H,Target_High,2044.0,0.7146622891268295,2044.21875,0.7146622891268295,512
imap_idex_l1a_sci-10days_20260530_v005.cdf,43,834062623798104192,2026-06-07T00:02:34.614104192,Target L,Target_Low,2064.0,0.5877575898063758,2063.671875,0.5877575898063758,512
imap_idex_l1a_sci-10days_20260530_v005.cdf,43,834062623798104192,2026-06-07T00:02:34.614104192,Ion Grid,Ion_Grid,2024.0,0.6511819510318213,2023.681640625,0.6511819510318213,512
imap_idex_l1a_sci-10days_20260530_v005.cdf,44,834062635798013824,2026-06-07T00:02:46.614013824,TOF H,TOF_High,511.0,2.9652,511.20356575894493,2.88814674285004,8189
imap_idex_l1a_sci-10days_20260530_v005.cdf,44,834062635798013824,2026-06-07T00:02:46.614013824,TOF M,TOF_Mid,513.0,1.4826,512.7485651483697,0.9998959306266282,8189
imap_idex_l1a_sci-10days_20260530_v005.cdf,44,834062635798013824,2026-06-07T00:02:46.614013824,TOF L,TOF_Low,513.0,2.9652,513.3542557088778,1.8304390972847686,8189
imap_idex_l1a_sci-10days_20260530_v005.cdf,44,834062635798013824,2026-06-07T00:02:46.614013824,Target H,Target_High,2044.0,0.7549377658280433,2043.98046875,0.7549377658280433,512
imap_idex_l1a_sci-10days_20260530_v005.cdf,44,834062635798013824,2026-06-07T00:02:46.614013824,Target L,Target_Low,2064.0,0.5815853997036355,2063.57421875,0.5815853997036355,512
imap_idex_l1a_sci-10days_20260530_v005.cdf,44,834062635798013824,2026-06-07T00:02:46.614013824,Ion Grid,Ion_Grid,2024.0,0.645084398055971,2023.720703125,0.645084398055971,512
imap_idex_l1a_sci-10days_20260530_v005.cdf,45,834062647797923584,2026-06-07T00:02:58.613923584,TOF H,TOF_High,511.0,2.9652,511.3438759311271,2.774234799880544,8189
imap_idex_l1a_sci-10days_20260530_v005.cdf,45,834062647797923584,2026-06-07T00:02:58.613923584,TOF M,TOF_Mid,513.0,1.4826,512.7256075222859,0.9975204392961615,8189
imap_idex_l1a_sci-10days_20260530_v005.cdf,45,834062647797923584,2026-06-07T00:02:58.613923584,TOF L,TOF_Low,513.0,2.9652,513.4360727805592,1.844742626293034,8189
imap_idex_l1a_sci-10days_20260530_v005.cdf,45,834062647797923584,2026-06-07T00:02:58.613923584,Target H,Target_High,2044.0,0.7118812417417318,2044.1796875,0.7118812417417318,512
imap_idex_l1a_sci-10days_20260530_v005.cdf,45,834062647797923584,2026-06-07T00:02:58.613923584,Target L,Target_Low,2064.0,0.5880138990355452,2063.576171875,0.5880138990355452,512
imap_idex_l1a_sci-10days_20260530_v005.cdf,45,834062647797923584,2026-06-07T00:02:58.613923584,Ion Grid,Ion_Grid,2024.0,0.6123194837227413,2024.044921875,0.6123194837227413,512
imap_idex_l1a_sci-10days_20260530_v005.cdf,46,834062659797833216,2026-06-07T00:03:10.613833216,TOF H,TOF_High,511.0,2.9652,511.3863719623886,2.7852585251680524,8189
imap_idex_l1a_sci-10days_20260530_v005.cdf,46,834062659797833216,2026-06-07T00:03:10.613833216,TOF M,TOF_Mid,513.0,1.4826,512.6925143485163,1.0047968435137216,8189
imap_idex_l1a_sci-10days_20260530_v005.cdf,46,834062659797833216,2026-06-07T00:03:10.613833216,TOF L,TOF_Low,513.0,2.9652,513.399071925754,1.842359639094663,8189
imap_idex_l1a_sci-10days_20260530_v005.cdf,46,834062659797833216,2026-06-07T00:03:10.613833216,Target H,Target_High,2044.0,0.708314184790196,2043.953125,0.708314184790196,512
imap_idex_l1a_sci-10days_20260530_v005.cdf,46,834062659797833216,2026-06-07T00:03:10.613833216,Target L,Target_Low,2064.0,0.6031204460644138,2063.55859375,0.6031204460644138,512
imap_idex_l1a_sci-10days_20260530_v005.cdf,46,834062659797833216,2026-06-07T00:03:10.613833216,Ion Grid,Ion_Grid,2024.0,0.6341974620718988,2023.51171875,0.6341974620718988,512
imap_idex_l1a_sci-10days_20260609_v009.cdf,16,834753770946561408,2026-06-15T00:01:41.762561408,TOF H,TOF_High,511.0,2.9652,511.3359384540237,2.8274951279565026,8189
imap_idex_l1a_sci-10days_20260609_v009.cdf,16,834753770946561408,2026-06-15T00:01:41.762561408,TOF M,TOF_Mid,513.0,1.4826,512.6502625473196,0.9918677720915565,8189
imap_idex_l1a_sci-10days_20260609_v009.cdf,16,834753770946561408,2026-06-15T00:01:41.762561408,TOF L,TOF_Low,514.0,2.9652,513.5445109292954,1.8476279052034357,8189
imap_idex_l1a_sci-10days_20260609_v009.cdf,16,834753770946561408,2026-06-15T00:01:41.762561408,Target H,Target_High,2044.0,0.7322916550905345,2043.970703125,0.7322916550905345,512
imap_idex_l1a_sci-10days_20260609_v009.cdf,16,834753770946561408,2026-06-15T00:01:41.762561408,Target L,Target_Low,2063.0,0.5945172622779631,2063.455078125,0.5945172622779631,512
imap_idex_l1a_sci-10days_20260609_v009.cdf,16,834753770946561408,2026-06-15T00:01:41.762561408,Ion Grid,Ion_Grid,2024.0,1.4826,2023.615234375,0.6602573655919026,512
imap_idex_l1a_sci-10days_20260609_v009.cdf,22,834753822946176768,2026-06-15T00:02:33.762176768,TOF H,TOF_High,511.0,2.9652,511.3012577848333,2.9079960809954075,8189
imap_idex_l1a_sci-10days_20260609_v009.cdf,22,834753822946176768,2026-06-15T00:02:33.762176768,TOF M,TOF_Mid,513.0,1.4826,512.6972768347783,0.9926183333110955,8189
imap_idex_l1a_sci-10days_20260609_v009.cdf,22,834753822946176768,2026-06-15T00:02:33.762176768,TOF L,TOF_Low,514.0,2.9652,513.5563560874343,1.8605440960458801,8189
imap_idex_l1a_sci-10days_20260609_v009.cdf,22,834753822946176768,2026-06-15T00:02:33.762176768,Target H,Target_High,2044.0,0.7124383196986248,2044.015625,0.7124383196986248,512
imap_idex_l1a_sci-10days_20260609_v009.cdf,22,834753822946176768,2026-06-15T00:02:33.762176768,Target L,Target_Low,2064.0,0.5885747939607484,2063.53515625,0.5885747939607484,512
imap_idex_l1a_sci-10days_20260609_v009.cdf,22,834753822946176768,2026-06-15T00:02:33.762176768,Ion Grid,Ion_Grid,2024.0,0.6187184335382291,2023.9375,0.6187184335382291,512
imap_idex_l1a_sci-10days_20260609_v009.cdf,23,834753834946106496,2026-06-15T00:02:45.762106496,TOF H,TOF_High,511.0,2.9652,511.316400048846,2.847300514347929,8189
imap_idex_l1a_sci-10days_20260609_v009.cdf,23,834753834946106496,2026-06-15T00:02:45.762106496,TOF M,TOF_Mid,513.0,1.4826,512.6778605446331,0.9959127680847052,8189
imap_idex_l1a_sci-10days_20260609_v009.cdf,23,834753834946106496,2026-06-15T00:02:45.762106496,TOF L,TOF_Low,514.0,2.9652,513.4906582000244,1.8439067507724598,8189
imap_idex_l1a_sci-10days_20260609_v009.cdf,23,834753834946106496,2026-06-15T00:02:45.762106496,Target H,Target_High,2045.0,0.7332833475358878,2044.64453125,0.7332833475358878,512
imap_idex_l1a_sci-10days_20260609_v009.cdf,23,834753834946106496,2026-06-15T00:02:45.762106496,Target L,Target_Low,2064.0,0.608670340775887,2063.591796875,0.608670340775887,512
imap_idex_l1a_sci-10days_20260609_v009.cdf,23,834753834946106496,2026-06-15T00:02:45.762106496,Ion Grid,Ion_Grid,2024.0,0.6628665701660855,2023.8828125,0.6628665701660855,512
imap_idex_l1a_sci-10days_20260609_v009.cdf,24,834753846946016256,2026-06-15T00:02:57.762016256,TOF H,TOF_High,511.0,2.9652,511.26743192086946,2.804587855829584,8189
imap_idex_l1a_sci-10days_20260609_v009.cdf,24,834753846946016256,2026-06-15T00:02:57.762016256,TOF M,TOF_Mid,513.0,1.4826,512.6610086701673,1.0001196697466719,8189
imap_idex_l1a_sci-10days_20260609_v009.cdf,24,834753846946016256,2026-06-15T00:02:57.762016256,TOF L,TOF_Low,514.0,2.9652,513.4937110758334,1.848945999515036,8189
imap_idex_l1a_sci-10days_20260609_v009.cdf,24,834753846946016256,2026-06-15T00:02:57.762016256,Target H,Target_High,2045.0,1.4826,2044.5234375,0.7599840021959344,512
imap_idex_l1a_sci-10days_20260609_v009.cdf,24,834753846946016256,2026-06-15T00:02:57.762016256,Target L,Target_Low,2064.0,0.5793905068043487,2063.609375,0.5793905068043487,512
imap_idex_l1a_sci-10days_20260609_v009.cdf,24,834753846946016256,2026-06-15T00:02:57.762016256,Ion Grid,Ion_Grid,2024.0,0.6393345186277559,2023.701171875,0.6393345186277559,512
imap_idex_l1a_sci-10days_20260609_v009.cdf,25,834753858945925888,2026-06-15T00:03:09.761925888,TOF H,TOF_High,511.0,2.9652,511.2631578947368,2.8019648117537588,8189
imap_idex_l1a_sci-10days_20260609_v009.cdf,25,834753858945925888,2026-06-15T00:03:09.761925888,TOF M,TOF_Mid,513.0,1.4826,512.6591769446819,1.003824829229263,8189
imap_idex_l1a_sci-10days_20260609_v009.cdf,25,834753858945925888,2026-06-15T00:03:09.761925888,TOF L,TOF_Low,514.0,2.9652,513.5370619123214,1.8606346702641132,8189
imap_idex_l1a_sci-10days_20260609_v009.cdf,25,834753858945925888,2026-06-15T00:03:09.761925888,Target H,Target_High,2045.0,1.4826,2044.625,0.7473912964438374,512
imap_idex_l1a_sci-10days_20260609_v009.cdf,25,834753858945925888,2026-06-15T00:03:09.761925888,Target L,Target_Low,2064.0,0.5645815165397813,2063.615234375,0.5645815165397813,512
imap_idex_l1a_sci-10days_20260609_v009.cdf,25,834753858945925888,2026-06-15T00:03:09.761925888,Ion Grid,Ion_Grid,2024.0,0.6463161837483261,2023.640625,0.6463161837483261,512
imap_idex_l1a_sci-10days_20260619_v006.cdf,6,835444971087960960,2026-06-23T00:01:41.903960960,TOF H,TOF_High,511.0,2.9652,511.1533764806448,2.7982462090418645,8189
imap_idex_l1a_sci-10days_20260619_v006.cdf,6,835444971087960960,2026-06-23T00:01:41.903960960,TOF M,TOF_Mid,513.0,1.4826,512.6887287825132,0.9991796407080247,8189
imap_idex_l1a_sci-10days_20260619_v006.cdf,6,835444971087960960,2026-06-23T00:01:41.903960960,TOF L,TOF_Low,514.0,2.9652,513.4606179020637,1.854275579756874,8189
imap_idex_l1a_sci-10days_20260619_v006.cdf,6,835444971087960960,2026-06-23T00:01:41.903960960,Target H,Target_High,2044.0,1.4826,2044.33203125,0.7699871745837313,512
imap_idex_l1a_sci-10days_20260619_v006.cdf,6,835444971087960960,2026-06-23T00:01:41.903960960,Target L,Target_Low,2064.0,0.5657458434447398,2063.640625,0.5657458434447398,512
imap_idex_l1a_sci-10days_20260619_v006.cdf,6,835444971087960960,2026-06-23T00:01:41.903960960,Ion Grid,Ion_Grid,2024.0,0.6281627738564141,2023.923828125,0.6281627738564141,512
imap_idex_l1a_sci-10days_20260619_v006.cdf,12,835445023087576448,2026-06-23T00:02:33.903576448,TOF H,TOF_High,511.0,2.9652,511.2237147392844,2.9527593805063956,8189
imap_idex_l1a_sci-10days_20260619_v006.cdf,12,835445023087576448,2026-06-23T00:02:33.903576448,TOF M,TOF_Mid,513.0,1.4826,512.6754182439859,1.0023334414353122,8189
imap_idex_l1a_sci-10days_20260619_v006.cdf,12,835445023087576448,2026-06-23T00:02:33.903576448,TOF L,TOF_Low,513.0,2.9652,513.3950421296862,1.8536989029293198,8189
imap_idex_l1a_sci-10days_20260619_v006.cdf,12,835445023087576448,2026-06-23T00:02:33.903576448,Target H,Target_High,2043.0,0.6587071512318539,2043.361328125,0.6587071512318539,512
imap_idex_l1a_sci-10days_20260619_v006.cdf,12,835445023087576448,2026-06-23T00:02:33.903576448,Target L,Target_Low,2064.0,0.5974264263998852,2063.68359375,0.5974264263998852,512
imap_idex_l1a_sci-10days_20260619_v006.cdf,12,835445023087576448,2026-06-23T00:02:33.903576448,Ion Grid,Ion_Grid,2024.0,0.6580611169137331,2024.0234375,0.6580611169137331,512
imap_idex_l1a_sci-10days_20260619_v006.cdf,13,835445035087506048,2026-06-23T00:02:45.903506048,TOF H,TOF_High,511.0,2.9652,511.13554768592013,2.862279092045465,8189
imap_idex_l1a_sci-10days_20260619_v006.cdf,13,835445035087506048,2026-06-23T00:02:45.903506048,TOF M,TOF_Mid,513.0,1.4826,512.6098424716082,0.999966216109528,8189
imap_idex_l1a_sci-10days_20260619_v006.cdf,13,835445035087506048,2026-06-23T00:02:45.903506048,TOF L,TOF_Low,514.0,2.9652,513.4470631334717,1.849849804570636,8189
imap_idex_l1a_sci-10days_20260619_v006.cdf,13,835445035087506048,2026-06-23T00:02:45.903506048,Target H,Target_High,2045.0,1.4826,2044.5234375,0.7067182490878172,512
imap_idex_l1a_sci-10days_20260619_v006.cdf,13,835445035087506048,2026-06-23T00:02:45.903506048,Target L,Target_Low,2064.0,0.5731947715164105,2063.5859375,0.5731947715164105,512
imap_idex_l1a_sci-10days_20260619_v006.cdf,13,835445035087506048,2026-06-23T00:02:45.903506048,Ion Grid,Ion_Grid,2024.0,0.650150105677227,2023.650390625,0.650150105677227,512
imap_idex_l1a_sci-10days_20260619_v006.cdf,14,835445047087415808,2026-06-23T00:02:57.903415808,TOF H,TOF_High,511.0,2.9652,511.3032116253511,2.778995179225956,8189
imap_idex_l1a_sci-10days_20260619_v006.cdf,14,835445047087415808,2026-06-23T00:02:57.903415808,TOF M,TOF_Mid,513.0,1.4826,512.6768836243741,1.0009785217418017,8189
imap_idex_l1a_sci-10days_20260619_v006.cdf,14,835445047087415808,2026-06-23T00:02:57.903415808,TOF L,TOF_Low,514.0,2.9652,513.4960312614483,1.8542944059794104,8189
imap_idex_l1a_sci-10days_20260619_v006.cdf,14,835445047087415808,2026-06-23T00:02:57.903415808,Target H,Target_High,2044.0,0.7477969556405231,2044.095703125,0.7477969556405231,512
imap_idex_l1a_sci-10days_20260619_v006.cdf,14,835445047087415808,2026-06-23T00:02:57.903415808,Target L,Target_Low,2064.0,0.5870789662783742,2063.705078125,0.5870789662783742,512
imap_idex_l1a_sci-10days_20260619_v006.cdf,14,835445047087415808,2026-06-23T00:02:57.903415808,Ion Grid,Ion_Grid,2024.0,0.6414700029217559,2023.94921875,0.6414700029217559,512
imap_idex_l1a_sci-10days_20260619_v006.cdf,15,835445059087325568,2026-06-23T00:03:09.903325568,TOF H,TOF_High,511.0,2.9652,511.2255464647698,2.807462094027133,8189
imap_idex_l1a_sci-10days_20260619_v006.cdf,15,835445059087325568,2026-06-23T00:03:09.903325568,TOF M,TOF_Mid,513.0,1.4826,512.6864085968983,0.9970463938040094,8189
imap_idex_l1a_sci-10days_20260619_v006.cdf,15,835445059087325568,2026-06-23T00:03:09.903325568,TOF L,TOF_Low,513.0,2.9652,513.4182439858347,1.8452962829923645,8189
imap_idex_l1a_sci-10days_20260619_v006.cdf,15,835445059087325568,2026-06-23T00:03:09.903325568,Target H,Target_High,2044.0,0.6943901888527804,2044.328125,0.6943901888527804,512
imap_idex_l1a_sci-10days_20260619_v006.cdf,15,835445059087325568,2026-06-23T00:03:09.903325568,Target L,Target_Low,2064.0,0.5856216596673012,2063.642578125,0.5856216596673012,512
imap_idex_l1a_sci-10days_20260619_v006.cdf,15,835445059087325568,2026-06-23T00:03:09.903325568,Ion Grid,Ion_Grid,2024.0,0.6229672754795065,2023.634765625,0.6229672754795065,512
imap_idex_l1a_sci-10days_20260629_v007.cdf,2,836136170246229504,2026-07-01T00:01:41.062229504,TOF H,TOF_High,511.0,2.9652,511.19452924655025,2.773342630381865,8189
imap_idex_l1a_sci-10days_20260629_v007.cdf,2,836136170246229504,2026-07-01T00:01:41.062229504,TOF M,TOF_Mid,513.0,1.4826,512.7259738673831,1.0328045464721447,8189
imap_idex_l1a_sci-10days_20260629_v007.cdf,2,836136170246229504,2026-07-01T00:01:41.062229504,TOF L,TOF_Low,513.0,2.9652,513.3192086945903,1.7481420268788403,8189
imap_idex_l1a_sci-10days_20260629_v007.cdf,2,836136170246229504,2026-07-01T00:01:41.062229504,Target H,Target_High,2044.0,0.762326980722255,2044.162109375,0.762326980722255,512
imap_idex_l1a_sci-10days_20260629_v007.cdf,2,836136170246229504,2026-07-01T00:01:41.062229504,Target L,Target_Low,2064.0,0.5611658168265503,2063.630859375,0.5611658168265503,512
imap_idex_l1a_sci-10days_20260629_v007.cdf,2,836136170246229504,2026-07-01T00:01:41.062229504,Ion Grid,Ion_Grid,2023.0,1.4826,2023.44921875,0.6414700029217559,512
imap_idex_l1a_sci-10days_20260629_v007.cdf,8,836136222245845120,2026-07-01T00:02:33.061845120,TOF H,TOF_High,511.0,2.9652,511.2163878373428,2.9578914930699787,8189
imap_idex_l1a_sci-10days_20260629_v007.cdf,8,836136222245845120,2026-07-01T00:02:33.061845120,TOF M,TOF_Mid,513.0,1.4826,512.8551715716204,1.022415370045295,8189
imap_idex_l1a_sci-10days_20260629_v007.cdf,8,836136222245845120,2026-07-01T00:02:33.061845120,TOF L,TOF_Low,513.0,2.9652,513.3062645011601,1.749479228589231,8189
imap_idex_l1a_sci-10days_20260629_v007.cdf,8,836136222245845120,2026-07-01T00:02:33.061845120,Target H,Target_High,2044.0,0.720295447025635,2044.291015625,0.720295447025635,512
imap_idex_l1a_sci-10days_20260629_v007.cdf,8,836136222245845120,2026-07-01T00:02:33.061845120,Target L,Target_Low,2064.0,0.5627034137411444,2063.65234375,0.5627034137411444,512
imap_idex_l1a_sci-10days_20260629_v007.cdf,8,836136222245845120,2026-07-01T00:02:33.061845120,Ion Grid,Ion_Grid,2024.0,0.649131311801347,2023.93359375,0.649131311801347,512
imap_idex_l1a_sci-10days_20260629_v007.cdf,9,836136234245755008,2026-07-01T00:02:45.061755008,TOF H,TOF_High,511.0,2.9652,511.27646843326414,2.7734078088136047,8189
imap_idex_l1a_sci-10days_20260629_v007.cdf,9,836136234245755008,2026-07-01T00:02:45.061755008,TOF M,TOF_Mid,513.0,1.4826,512.8251312736597,1.0234512368581616,8189
imap_idex_l1a_sci-10days_20260629_v007.cdf,9,836136234245755008,2026-07-01T00:02:45.061755008,TOF L,TOF_Low,513.0,2.9652,513.3818537061912,1.7536990008850482,8189
imap_idex_l1a_sci-10days_20260629_v007.cdf,9,836136234245755008,2026-07-01T00:02:45.061755008,Target H,Target_High,2044.0,0.754856913567689,2043.93359375,0.754856913567689,512
imap_idex_l1a_sci-10days_20260629_v007.cdf,9,836136234245755008,2026-07-01T00:02:45.061755008,Target L,Target_Low,2064.0,0.5628118710088101,2063.67578125,0.5628118710088101,512
imap_idex_l1a_sci-10days_20260629_v007.cdf,9,836136234245755008,2026-07-01T00:02:45.061755008,Ion Grid,Ion_Grid,2024.0,0.64683537016288,2023.6640625,0.64683537016288,512
imap_idex_l1a_sci-10days_20260629_v007.cdf,10,836136246245664768,2026-07-01T00:02:57.061664768,TOF H,TOF_High,511.0,2.9652,511.2176089876664,2.754678760204741,8189
imap_idex_l1a_sci-10days_20260629_v007.cdf,10,836136246245664768,2026-07-01T00:02:57.061664768,TOF M,TOF_Mid,513.0,1.4826,512.7354988399072,1.0292516483247969,8189
imap_idex_l1a_sci-10days_20260629_v007.cdf,10,836136246245664768,2026-07-01T00:02:57.061664768,TOF L,TOF_Low,513.0,2.9652,513.3849065820002,1.7558504148677603,8189
imap_idex_l1a_sci-10days_20260629_v007.cdf,10,836136246245664768,2026-07-01T00:02:57.061664768,Target H,Target_High,2044.0,1.4826,2044.0703125,0.7673370526331633,512
imap_idex_l1a_sci-10days_20260629_v007.cdf,10,836136246245664768,2026-07-01T00:02:57.061664768,Target L,Target_Low,2064.0,0.5794135502867183,2063.666015625,0.5794135502867183,512
imap_idex_l1a_sci-10days_20260629_v007.cdf,10,836136246245664768,2026-07-01T00:02:57.061664768,Ion Grid,Ion_Grid,2024.0,0.6516650661178928,2023.61328125,0.6516650661178928,512
imap_idex_l1a_sci-10days_20260629_v007.cdf,11,836136258245574400,2026-07-01T00:03:09.061574400,TOF H,TOF_High,511.0,2.9652,511.2947856881182,2.7506454653612087,8189
imap_idex_l1a_sci-10days_20260629_v007.cdf,11,836136258245574400,2026-07-01T00:03:09.061574400,TOF M,TOF_Mid,513.0,1.4826,512.8462571742582,1.0306949724892873,8189
imap_idex_l1a_sci-10days_20260629_v007.cdf,11,836136258245574400,2026-07-01T00:03:09.061574400,TOF L,TOF_Low,513.0,2.9652,513.3789229454146,1.7553088221112625,8189
imap_idex_l1a_sci-10days_20260629_v007.cdf,11,836136258245574400,2026-07-01T00:03:09.061574400,Target H,Target_High,2045.0,1.4826,2044.603515625,0.696690939643153,512
imap_idex_l1a_sci-10days_20260629_v007.cdf,11,836136258245574400,2026-07-01T00:03:09.061574400,Target L,Target_Low,2064.0,0.5375885646512116,2063.7578125,0.5375885646512116,512
imap_idex_l1a_sci-10days_20260629_v007.cdf,11,836136258245574400,2026-07-01T00:03:09.061574400,Ion Grid,Ion_Grid,2024.0,1.4826,2023.517578125,0.6340621101449639,512
