time,proton_density_cm3,flow_speed_km_s,flow_pressure_npa,scalar_b_nt,bz_gsm_nt,proton_flux_cm2_s
2025-09-30 00:00:00,22.5,390.0,6.2,5.8,1.2,877500000.0
2025-09-30 01:00:00,23.9,409.0,6.89,10.2,-1.5,977509999.9999999
2025-09-30 02:00:00,31.0,422.0,10.58,11.6,-7.2,1308200000.0
2025-09-30 03:00:00,51.4,424.0,18.33,9.9,-6.5,2179360000.0
2025-09-30 04:00:00,18.2,428.0,6.12,14.8,-13.7,778960000.0
2025-09-30 05:00:00,12.7,422.0,4.18,16.8,-16.1,535939999.99999994
2025-09-30 06:00:00,16.6,397.0,5.14,15.5,-11.6,659020000.0000001
2025-09-30 07:00:00,14.0,401.0,4.27,16.4,-4.4,561400000.0
2025-09-30 08:00:00,12.5,399.0,3.84,16.8,7.9,498750000.0
2025-09-30 09:00:00,12.1,405.0,3.95,15.5,-0.9,490050000.0
2025-09-30 10:00:00,13.0,427.0,4.83,14.5,-8.0,555100000.0
2025-09-30 11:00:00,13.0,443.0,5.04,14.9,0.3,575900000.0
2025-09-30 12:00:00,8.9,474.0,3.87,17.5,3.4,421860000.00000006
2025-09-30 13:00:00,9.0,548.0,5.61,17.1,-6.7,493200000.0
2025-09-30 14:00:00,7.8,552.0,5.05,17.1,-5.1,430559999.99999994
2025-09-30 15:00:00,8.6,560.0,5.96,15.9,-5.5,481600000.0
2025-09-30 16:00:00,10.3,618.0,7.87,10.5,-3.2,636540000.0
2025-09-30 17:00:00,8.4,656.0,7.23,9.3,-3.3,551040000.0
2025-09-30 18:00:00,7.5,618.0,5.73,9.3,-1.7,463500000.0
2025-09-30 19:00:00,6.3,640.0,5.34,10.2,-1.3,403200000.0
2025-09-30 20:00:00,5.8,650.0,4.96,10.6,-5.8,377000000.0
2025-09-30 21:00:00,5.4,637.0,4.63,9.6,-1.5,343980000.0
2025-09-30 22:00:00,4.7,640.0,4.03,10.3,0.5,300800000.0
2025-09-30 23:00:00,5.3,682.0,5.02,9.6,-1.1,361460000.0
2025-10-01 00:00:00,5.2,694.0,4.95,8.8,-2.0,360880000.0
2025-10-01 01:00:00,5.3,710.0,5.18,8.4,-0.5,376300000.0
2025-10-01 02:00:00,4.3,691.0,3.99,9.2,-1.7,297130000.0
2025-10-01 03:00:00,3.7,705.0,3.65,8.3,-3.1,260850000.0
2025-10-01 04:00:00,3.6,746.0,3.88,8.1,-3.1,268560000.0
2025-10-01 05:00:00,3.1,708.0,3.07,7.6,-2.3,219480000.00000003
2025-10-01 06:00:00,3.1,675.0,2.65,7.6,-1.0,209250000.0
2025-10-01 07:00:00,3.1,670.0,2.57,7.9,-2.7,207700000.0
2025-10-01 08:00:00,2.8,680.0,2.5,7.8,1.4,190399999.99999997
2025-10-01 09:00:00,3.6,708.0,3.44,7.9,2.2,254880000.00000003
2025-10-01 10:00:00,3.1,675.0,2.69,7.6,1.0,209250000.0
2025-10-01 11:00:00,3.1,709.0,3.01,7.3,-0.4,219790000.0
2025-10-01 12:00:00,2.7,748.0,2.99,7.0,-4.8,201960000.0
2025-10-01 13:00:00,2.4,719.0,2.44,6.7,-1.9,172560000.0
2025-10-01 14:00:00,2.3,721.0,2.4,6.8,-1.0,165830000.0
2025-10-01 15:00:00,2.3,712.0,2.29,7.1,1.5,163760000.0
2025-10-01 16:00:00,2.3,734.0,2.37,7.5,-3.5,168819999.99999997
2025-10-01 17:00:00,2.1,719.0,2.05,7.6,-0.6,150990000.0
2025-10-01 18:00:00,2.1,740.0,2.13,8.1,-3.0,155400000.0
2025-10-01 19:00:00,2.2,744.0,2.25,8.0,-4.1,163680000.00000003
2025-10-01 20:00:00,2.2,744.0,2.3,7.9,-2.5,163680000.00000003
2025-10-01 21:00:00,2.1,729.0,2.12,7.6,0.7,153090000.0
2025-10-01 22:00:00,2.1,704.0,1.99,7.8,1.7,147840000.0
2025-10-01 23:00:00,2.0,702.0,1.87,7.4,-1.1,140400000.0
2025-10-02 00:00:00,2.4,723.0,2.35,7.7,-4.1,173520000.0
2025-10-02 01:00:00,2.4,717.0,2.35,7.5,-5.4,172080000.0
2025-10-02 02:00:00,2.8,712.0,2.83,6.4,-1.6,199360000.0
2025-10-02 03:00:00,2.6,740.0,2.77,7.4,-6.1,192400000.0
2025-10-02 04:00:00,2.9,711.0,2.73,9.0,-6.7,206190000.0
2025-10-02 05:00:00,3.0,691.0,2.73,8.5,1.0,207300000.0
2025-10-02 06:00:00,2.4,738.0,2.56,5.9,-3.0,177120000.0
2025-10-02 07:00:00,2.0,759.0,2.29,5.9,-0.2,151800000.0
2025-10-02 08:00:00,2.1,803.0,2.71,6.1,1.0,168630000.00000003
2025-10-02 09:00:00,1.7,760.0,1.96,6.6,0.8,129200000.0
2025-10-02 10:00:00,1.9,757.0,2.07,6.8,-2.9,143830000.0
2025-10-02 11:00:00,1.6,748.0,1.72,6.4,-2.9,119680000.0
2025-10-02 12:00:00,1.4,724.0,1.47,5.9,-1.4,101359999.99999999
2025-10-02 13:00:00,1.5,719.0,1.44,5.9,-0.9,107850000.0
2025-10-02 14:00:00,1.6,711.0,1.51,5.3,0.3,113760000.00000001
2025-10-02 15:00:00,1.7,742.0,1.76,5.5,2.7,126139999.99999999
2025-10-02 16:00:00,1.4,728.0,1.4,5.9,1.1,101920000.0
2025-10-02 17:00:00,1.2,702.0,1.18,5.8,-0.5,84240000.0
2025-10-02 18:00:00,1.3,714.0,1.33,6.0,-2.3,92820000.0
2025-10-02 19:00:00,1.3,722.0,1.36,6.4,-2.2,93860000.0
2025-10-02 20:00:00,1.4,744.0,1.41,6.5,-3.6,104159999.99999999
2025-10-02 21:00:00,1.5,757.0,1.63,6.0,-1.1,113550000.0
2025-10-02 22:00:00,1.4,733.0,1.43,5.4,0.8,102620000.0
2025-10-02 23:00:00,1.4,731.0,1.4,5.5,-1.4,102340000.0
2025-10-03 00:00:00,1.5,756.0,1.67,5.5,-1.5,113400000.0
2025-10-03 01:00:00,1.6,750.0,1.71,5.3,-1.5,120000000.0
2025-10-03 02:00:00,1.6,732.0,1.62,5.3,-1.2,117120000.0
2025-10-03 03:00:00,1.6,722.0,1.58,5.3,-1.6,115520000.0
2025-10-03 04:00:00,1.7,727.0,1.71,5.3,-3.0,123589999.99999999
2025-10-03 05:00:00,1.6,722.0,1.58,5.4,-2.7,115520000.0
2025-10-03 06:00:00,1.9,728.0,1.91,5.5,-2.1,138320000.0
2025-10-03 07:00:00,1.8,738.0,1.85,5.3,0.9,132840000.00000001
2025-10-03 08:00:00,1.9,753.0,2.02,5.3,-4.8,143070000.0
2025-10-03 09:00:00,1.8,731.0,1.82,4.8,-0.5,131580000.0
2025-10-03 10:00:00,2.0,766.0,2.23,4.6,2.5,153200000.0
2025-10-03 11:00:00,1.9,749.0,2.02,4.5,0.5,142310000.0
2025-10-03 12:00:00,1.8,696.0,1.68,4.6,-1.1,125280000.0
2025-10-03 13:00:00,1.8,695.0,1.65,4.5,-2.0,125100000.0
2025-10-03 14:00:00,1.8,691.0,1.6,4.8,-2.1,124380000.0
2025-10-03 15:00:00,1.8,670.0,1.48,4.7,-2.1,120600000.0
2025-10-03 16:00:00,1.7,671.0,1.4,4.8,-3.0,114070000.0
2025-10-03 17:00:00,1.7,661.0,1.36,4.7,-1.9,112370000.0
2025-10-03 18:00:00,1.8,617.0,1.28,4.8,-1.9,111060000.00000001
2025-10-03 19:00:00,1.9,606.0,1.32,4.8,-1.7,115139999.99999999
2025-10-03 20:00:00,2.0,604.0,1.39,5.0,-1.7,120800000.0
2025-10-03 21:00:00,2.0,587.0,1.31,5.1,0.1,117400000.0
2025-10-03 22:00:00,2.0,592.0,1.35,5.1,-1.0,118400000.0
2025-10-03 23:00:00,2.2,599.0,1.52,5.4,-1.6,131780000.00000001
2025-10-04 00:00:00,2.2,599.0,1.53,5.8,-2.1,131780000.00000001
2025-10-04 01:00:00,2.2,608.0,1.6,5.6,0.6,133760000.00000001
2025-10-04 02:00:00,2.2,630.0,1.76,5.5,-1.6,138600000.0
2025-10-04 03:00:00,2.0,606.0,1.48,5.3,-2.4,121200000.0
2025-10-04 04:00:00,2.1,620.0,1.59,5.5,-1.8,130200000.0
2025-10-04 05:00:00,2.2,598.0,1.49,5.3,-2.8,131560000.00000001
2025-10-04 06:00:00,1.7,592.0,1.14,5.7,-2.8,100640000.0
2025-10-04 07:00:00,1.7,606.0,1.22,5.7,-2.8,103020000.0
2025-10-04 08:00:00,1.8,645.0,1.53,5.2,-1.5,116100000.0
2025-10-04 09:00:00,1.7,637.0,1.41,5.0,-2.8,108289999.99999999
2025-10-04 10:00:00,1.7,619.0,1.34,4.5,-2.3,105230000.0
2025-10-04 11:00:00,1.8,626.0,1.42,4.7,-2.9,112680000.0
2025-10-04 12:00:00,1.7,619.0,1.29,4.7,-2.8,105230000.0
2025-10-04 13:00:00,1.8,616.0,1.35,4.7,0.9,110880000.0
2025-10-04 14:00:00,1.7,609.0,1.23,5.0,3.2,103530000.0
2025-10-04 15:00:00,1.5,596.0,1.04,4.6,-0.6,89400000.0
2025-10-04 16:00:00,1.4,620.0,1.07,4.6,-4.0,86800000.0
2025-10-04 17:00:00,1.5,589.0,1.04,4.3,-1.9,88350000.0
2025-10-04 18:00:00,1.4,594.0,0.95,4.4,-1.7,83159999.99999999
2025-10-04 19:00:00,1.3,573.0,0.81,4.6,-0.9,74490000.0
2025-10-04 20:00:00,1.1,579.0,0.73,5.0,-0.9,63690000.00000001
2025-10-04 21:00:00,1.1,564.0,0.68,4.8,-1.3,62040000.00000001
2025-10-04 22:00:00,1.2,578.0,0.78,4.6,-0.2,69360000.0
2025-10-04 23:00:00,0.9,571.0,0.59,4.6,0.2,51390000.0
2025-10-05 00:00:00,1.1,552.0,0.64,4.1,-1.3,60720000.00000001
2025-10-05 01:00:00,1.0,561.0,0.61,3.9,0.3,56100000.0
2025-10-05 02:00:00,1.0,565.0,0.63,3.8,0.2,56500000.0
2025-10-05 03:00:00,0.9,545.0,0.54,4.2,-1.2,49050000.0
2025-10-05 04:00:00,1.1,536.0,0.62,4.2,-2.5,58960000.0
2025-10-05 05:00:00,1.0,520.0,0.51,4.7,-2.8,52000000.0
2025-10-05 06:00:00,1.4,528.0,0.74,3.8,-1.9,73920000.0
2025-10-05 07:00:00,1.3,484.0,0.61,3.5,-1.9,62920000.00000001
2025-10-05 08:00:00,1.3,479.0,0.61,3.7,-1.6,62270000.00000001
2025-10-05 09:00:00,1.6,469.0,0.7,3.4,-2.0,75040000.00000001
2025-10-05 10:00:00,1.8,466.0,0.8,3.6,-2.1,83880000.0
2025-10-05 11:00:00,1.8,458.0,0.77,3.7,-1.6,82440000.0
2025-10-05 12:00:00,1.8,456.0,0.76,3.8,-1.1,82080000.0
2025-10-05 13:00:00,2.2,472.0,0.96,3.6,-1.1,103840000.00000001
2025-10-05 14:00:00,2.2,468.0,0.94,3.3,1.0,102960000.00000001
2025-10-05 15:00:00,2.3,467.0,0.96,3.3,0.8,107409999.99999999
2025-10-05 16:00:00,2.4,451.0,0.95,3.2,-0.7,108239999.99999999
2025-10-05 17:00:00,2.4,437.0,0.91,3.5,0.2,104880000.0
2025-10-05 18:00:00,2.3,419.0,0.82,3.9,1.3,96370000.0
2025-10-05 19:00:00,2.6,421.0,0.93,4.1,1.8,109460000.00000001
2025-10-05 20:00:00,2.8,421.0,0.99,4.2,-0.7,117880000.0
2025-10-05 21:00:00,2.5,432.0,1.0,4.2,1.7,108000000.0
2025-10-05 22:00:00,2.2,431.0,0.89,4.9,3.3,94820000.0
2025-10-05 23:00:00,2.4,446.0,1.02,5.3,1.5,107039999.99999999
2025-10-06 00:00:00,2.3,439.0,0.95,5.5,2.6,100970000.0
2025-10-06 01:00:00,2.3,440.0,0.96,5.8,2.5,101199999.99999999
2025-10-06 02:00:00,2.2,420.0,0.86,5.4,1.9,92400000.00000001
2025-10-06 03:00:00,2.5,434.0,0.96,5.6,2.1,108500000.0
2025-10-06 04:00:00,2.2,406.0,0.79,6.0,3.7,89320000.0
2025-10-06 05:00:00,2.1,391.0,0.73,5.7,3.2,82110000.0
2025-10-06 06:00:00,1.6,386.0,0.57,5.3,2.7,61760000.0
2025-10-06 07:00:00,2.1,393.0,0.75,4.6,0.5,82530000.0
2025-10-06 08:00:00,2.7,383.0,0.9,5.2,-2.4,103410000.00000001
2025-10-06 09:00:00,3.1,379.0,0.95,5.2,0.1,117490000.00000001
2025-10-06 10:00:00,2.1,368.0,0.63,5.6,-1.3,77280000.0
2025-10-06 11:00:00,2.3,371.0,0.68,5.6,-0.4,85330000.0
2025-10-06 12:00:00,3.1,383.0,0.92,6.0,2.0,118730000.0
2025-10-06 13:00:00,3.3,418.0,1.06,6.2,0.1,137940000.0
2025-10-06 14:00:00,3.3,424.0,1.09,6.5,-1.2,139919999.99999997
2025-10-06 15:00:00,3.7,423.0,1.2,6.4,-2.2,156510000.0
2025-10-06 16:00:00,3.5,406.0,1.07,6.1,0.0,142100000.0
2025-10-06 17:00:00,3.4,411.0,1.07,6.0,-0.5,139740000.0
2025-10-06 18:00:00,2.9,428.0,0.99,6.2,-0.9,124120000.0
2025-10-06 19:00:00,2.8,418.0,0.92,6.4,-0.1,117039999.99999999
2025-10-06 20:00:00,2.6,418.0,0.86,6.3,-1.4,108680000.0
2025-10-06 21:00:00,3.0,423.0,1.01,6.7,-1.5,126900000.0
2025-10-06 22:00:00,2.9,429.0,1.02,7.1,-1.7,124409999.99999999
2025-10-06 23:00:00,2.9,430.0,1.0,7.2,-4.0,124700000.0
2025-10-07 00:00:00,2.7,427.0,0.92,7.2,-4.3,115290000.00000001
2025-10-07 01:00:00,2.3,408.0,0.76,7.0,-1.3,93840000.0
2025-10-07 02:00:00,1.5,416.0,0.56,7.2,-2.5,62400000.0
2025-10-07 03:00:00,1.6,398.0,0.57,6.8,1.2,63680000.00000001
2025-10-07 04:00:00,1.5,394.0,0.45,7.2,-0.7,59100000.0
2025-10-07 05:00:00,1.6,423.0,0.56,8.4,-2.1,67680000.0
2025-10-07 06:00:00,1.6,428.0,0.57,9.2,-2.6,68480000.0
2025-10-07 07:00:00,1.6,426.0,0.56,9.2,-3.7,68160000.0
2025-10-07 08:00:00,1.6,423.0,0.57,9.5,-5.1,67680000.0
2025-10-07 09:00:00,1.7,410.0,0.58,9.6,-4.1,69700000.0
2025-10-07 10:00:00,1.8,422.0,0.68,9.6,-5.8,75960000.0
2025-10-07 11:00:00,2.0,426.0,0.8,9.7,-7.6,85200000.0
2025-10-07 12:00:00,2.0,440.0,0.85,9.9,-4.9,88000000.0
2025-10-07 13:00:00,2.2,421.0,0.86,9.6,-5.9,92620000.0
2025-10-07 14:00:00,1.9,405.0,0.69,9.2,-6.5,76950000.0
2025-10-07 15:00:00,1.9,394.0,0.66,9.3,-5.2,74859999.99999999
2025-10-07 16:00:00,1.9,403.0,0.66,8.8,-2.9,76570000.0
2025-10-07 17:00:00,2.8,407.0,0.88,9.2,-2.4,113959999.99999999
2025-10-07 18:00:00,3.0,415.0,0.98,9.3,-1.4,124500000.0
2025-10-07 19:00:00,3.2,416.0,1.04,8.8,-5.2,133120000.0
2025-10-07 20:00:00,4.1,412.0,1.31,8.0,-4.7,168919999.99999997
2025-10-07 21:00:00,3.5,407.0,1.1,8.2,-4.6,142450000.0
2025-10-07 22:00:00,4.6,404.0,1.39,7.9,-3.8,185840000.0
2025-10-07 23:00:00,5.1,407.0,1.55,7.8,-3.7,207569999.99999997
2025-10-08 00:00:00,5.1,398.0,1.46,7.8,-3.2,202980000.0
2025-10-08 01:00:00,4.9,406.0,1.46,8.0,-3.8,198940000.0
2025-10-08 02:00:00,5.2,403.0,1.59,7.7,-3.3,209560000.0
2025-10-08 03:00:00,4.6,397.0,1.35,7.7,-3.6,182619999.99999997
2025-10-08 04:00:00,3.9,397.0,1.15,7.9,-3.1,154830000.0
2025-10-08 05:00:00,5.9,395.0,1.84,7.4,-3.9,233050000.0
2025-10-08 06:00:00,6.2,390.0,2.0,7.1,-4.4,241800000.0
2025-10-08 07:00:00,5.4,386.0,1.68,7.0,-3.3,208440000.0
2025-10-08 08:00:00,4.4,381.0,1.32,7.1,-3.8,167640000.0
2025-10-08 09:00:00,3.9,384.0,1.11,7.4,-4.9,149760000.0
2025-10-08 10:00:00,3.8,375.0,1.07,7.8,-5.1,142500000.0
2025-10-08 11:00:00,3.3,378.0,0.93,8.0,-4.8,124739999.99999999
2025-10-08 12:00:00,2.9,380.0,0.82,8.2,-5.4,110200000.0
2025-10-08 13:00:00,2.7,374.0,0.72,8.2,-5.3,100980000.0
2025-10-08 14:00:00,3.5,368.0,0.9,7.9,-4.5,128800000.0
2025-10-08 15:00:00,3.1,368.0,0.8,8.1,-4.9,114080000.0
2025-10-08 16:00:00,5.3,376.0,1.44,8.4,-5.4,199280000.0
2025-10-08 17:00:00,6.7,370.0,1.81,8.3,-3.4,247900000.0
2025-10-08 18:00:00,8.1,368.0,2.27,8.9,-2.2,298080000.0
2025-10-08 19:00:00,8.7,362.0,2.41,9.2,-1.4,314939999.99999994
2025-10-08 20:00:00,8.4,362.0,2.35,9.0,0.0,304080000.0
2025-10-08 21:00:00,10.5,356.0,2.85,9.1,1.5,373800000.0
2025-10-08 22:00:00,11.0,352.0,2.84,9.2,1.7,387200000.0
2025-10-08 23:00:00,10.6,348.0,2.67,9.5,1.5,368880000.0
2025-10-09 00:00:00,10.4,343.0,2.58,9.5,2.7,356720000.0
2025-10-09 01:00:00,11.3,337.0,2.65,9.1,1.9,380810000.00000006
2025-10-09 02:00:00,10.4,336.0,2.5,8.7,1.0,349440000.0
2025-10-09 03:00:00,6.6,345.0,1.53,8.6,3.8,227700000.0
2025-10-09 04:00:00,7.6,339.0,1.81,7.6,4.2,257640000.0
2025-10-09 05:00:00,5.8,353.0,1.42,7.4,3.0,204740000.0
2025-10-09 06:00:00,8.5,345.0,1.98,6.9,1.9,293250000.0
2025-10-09 07:00:00,9.0,346.0,2.23,7.5,2.5,311400000.0
2025-10-09 08:00:00,6.9,357.0,1.78,8.9,5.5,246330000.00000003
2025-10-09 09:00:00,10.8,382.0,3.32,13.3,10.2,412560000.00000006
2025-10-09 10:00:00,12.0,376.0,3.5,13.1,10.1,451200000.0
2025-10-09 11:00:00,11.4,374.0,3.37,12.7,9.1,426360000.00000006
2025-10-09 12:00:00,12.1,375.0,3.59,11.5,9.0,453750000.0
2025-10-09 13:00:00,13.3,379.0,3.93,10.4,9.6,504070000.0
2025-10-09 14:00:00,10.0,360.0,2.64,10.6,5.3,360000000.0
2025-10-09 15:00:00,9.3,348.0,2.51,10.3,2.8,323640000.0
2025-10-09 16:00:00,7.3,336.0,1.99,9.9,1.7,245279999.99999997
2025-10-09 17:00:00,6.1,332.0,1.61,8.8,-2.0,202519999.99999997
2025-10-09 18:00:00,6.0,328.0,1.49,7.7,-2.6,196800000.0
2025-10-09 19:00:00,6.6,337.0,1.71,7.4,-5.9,222419999.99999997
2025-10-09 20:00:00,5.8,332.0,1.43,6.4,-3.6,192560000.0
2025-10-09 21:00:00,6.2,332.0,1.67,6.3,-3.6,205840000.0
2025-10-09 22:00:00,6.5,332.0,1.71,6.2,-1.4,215800000.0
2025-10-09 23:00:00,7.0,328.0,1.7,6.8,3.5,229600000.0
2025-10-10 00:00:00,7.4,322.0,2.02,6.7,-1.7,238280000.00000003
2025-10-10 01:00:00,7.5,319.0,2.13,6.3,-2.5,239250000.0
2025-10-10 02:00:00,7.0,313.0,1.97,7.5,-2.4,219100000.0
2025-10-10 03:00:00,7.1,308.0,1.8,8.2,-0.2,218679999.99999997
2025-10-10 04:00:00,6.4,303.0,1.63,7.5,-1.5,193920000.0
2025-10-10 05:00:00,5.9,309.0,1.24,7.3,-3.2,182310000.0
2025-10-10 06:00:00,5.9,317.0,1.32,7.3,-3.3,187030000.00000003
2025-10-10 07:00:00,6.5,316.0,1.61,7.4,-2.0,205400000.0
2025-10-10 08:00:00,6.2,309.0,1.38,7.7,0.3,191580000.0
2025-10-10 09:00:00,8.2,333.0,1.9,8.4,-1.2,273060000.0
2025-10-10 10:00:00,9.2,357.0,2.55,9.0,-0.8,328439999.99999994
2025-10-10 11:00:00,8.8,354.0,2.38,9.4,-1.8,311520000.0
2025-10-10 12:00:00,8.7,342.0,2.22,9.5,-1.7,297539999.99999994
2025-10-10 13:00:00,9.0,337.0,2.04,9.1,-1.1,303300000.0
2025-10-10 14:00:00,8.1,348.0,1.9,9.6,-0.4,281880000.0
2025-10-10 15:00:00,7.4,342.0,1.64,8.9,-0.4,253080000.00000003
2025-10-10 16:00:00,5.3,338.0,1.19,8.6,0.7,179140000.0
2025-10-10 17:00:00,5.2,351.0,1.23,8.4,-0.9,182520000.0
2025-10-10 18:00:00,6.9,344.0,1.58,8.9,-0.4,237360000.0
2025-10-10 19:00:00,6.4,338.0,1.44,9.0,-1.3,216320000.00000003
2025-10-10 20:00:00,6.9,343.0,1.63,8.4,-2.3,236670000.00000003
2025-10-10 21:00:00,7.2,341.0,1.67,7.4,-1.9,245520000.00000003
2025-10-10 22:00:00,5.9,335.0,1.3,7.4,-1.7,197650000.00000003
2025-10-10 23:00:00,10.3,349.0,2.41,6.7,-2.8,359470000.0
2025-10-11 00:00:00,9.3,363.0,2.47,6.9,-1.6,337590000.0
2025-10-11 01:00:00,11.7,359.0,3.07,6.8,-0.6,420030000.0
2025-10-11 02:00:00,13.2,359.0,3.38,7.2,0.1,473880000.0
2025-10-11 03:00:00,14.1,357.0,3.71,7.9,-0.8,503370000.0
2025-10-11 04:00:00,17.6,366.0,4.9,8.9,-2.7,644160000.0
2025-10-11 05:00:00,28.0,369.0,8.23,6.9,-3.9,1033200000.0
2025-10-11 06:00:00,27.0,365.0,7.83,7.2,-5.6,985500000.0
2025-10-11 07:00:00,24.3,366.0,6.46,7.9,-4.9,889380000.0000001
2025-10-11 08:00:00,16.2,374.0,4.51,8.2,-1.3,605880000.0
2025-10-11 09:00:00,6.8,398.0,2.07,7.1,2.1,270640000.0
2025-10-11 10:00:00,7.6,401.0,2.41,7.5,1.6,304760000.0
2025-10-11 11:00:00,9.0,418.0,2.93,12.3,-1.5,376200000.0
2025-10-11 12:00:00,9.8,419.0,3.22,12.9,-5.1,410620000.00000006
2025-10-11 13:00:00,10.2,416.0,3.23,13.4,-3.8,424320000.0
2025-10-11 14:00:00,10.7,401.0,3.09,13.2,-3.0,429070000.0
2025-10-11 15:00:00,9.8,393.0,2.73,12.7,0.3,385140000.0
2025-10-11 16:00:00,9.5,402.0,2.83,13.5,-0.7,381900000.0
2025-10-11 17:00:00,10.2,392.0,2.89,14.6,1.2,399839999.99999994
2025-10-11 18:00:00,12.5,399.0,3.55,15.6,2.8,498750000.0
2025-10-11 19:00:00,17.4,417.0,5.88,14.7,5.0,725579999.9999999
2025-10-11 20:00:00,23.3,422.0,8.34,14.5,-4.8,983260000.0
2025-10-11 21:00:00,21.5,424.0,8.11,11.9,2.2,911600000.0
2025-10-11 22:00:00,15.0,490.0,7.51,12.6,5.0,735000000.0
2025-10-11 23:00:00,12.5,541.0,7.43,13.0,5.0,676250000.0
2025-10-12 00:00:00,7.7,591.0,6.13,13.7,-1.0,455070000.0
2025-10-12 01:00:00,8.6,611.0,6.78,13.3,-0.3,525459999.99999994
2025-10-12 02:00:00,8.5,645.0,7.42,13.0,4.9,548250000.0
2025-10-12 03:00:00,7.0,683.0,6.74,14.2,7.3,478100000.0
2025-10-12 04:00:00,7.2,682.0,6.58,13.4,3.6,491040000.00000006
2025-10-12 05:00:00,6.0,727.0,6.33,12.1,5.3,436200000.0
2025-10-12 06:00:00,6.5,759.0,7.7,10.7,6.1,493350000.0
2025-10-12 07:00:00,6.5,770.0,8.06,10.0,4.1,500500000.0
2025-10-12 08:00:00,6.0,760.0,7.18,10.4,4.6,456000000.0
2025-10-12 09:00:00,6.2,742.0,6.8,10.0,-0.2,460040000.00000006
2025-10-12 10:00:00,3.6,746.0,4.14,7.7,-1.5,268560000.0
2025-10-12 11:00:00,3.2,749.0,3.73,6.9,1.4,239680000.00000003
2025-10-12 12:00:00,3.2,754.0,3.76,7.1,0.5,241280000.00000003
2025-10-12 13:00:00,3.0,724.0,3.2,7.3,1.6,217200000.0
2025-10-12 14:00:00,3.3,730.0,3.57,7.2,-1.1,240900000.0
2025-10-12 15:00:00,3.2,710.0,3.34,7.3,1.7,227200000.0
2025-10-12 16:00:00,3.2,709.0,3.34,7.4,-1.0,226880000.00000003
2025-10-12 17:00:00,3.1,692.0,2.99,7.9,-1.0,214520000.00000003
2025-10-12 18:00:00,2.8,681.0,2.55,8.4,-2.2,190680000.0
2025-10-12 19:00:00,2.9,689.0,2.73,8.6,-1.4,199810000.0
2025-10-12 20:00:00,3.3,698.0,3.08,8.7,-1.7,230340000.0
2025-10-12 21:00:00,2.9,702.0,2.66,9.1,-0.3,203580000.0
2025-10-12 22:00:00,2.6,704.0,2.38,7.8,-1.8,183040000.0
2025-10-12 23:00:00,2.4,706.0,2.22,7.3,-0.8,169440000.0
2025-10-13 00:00:00,2.5,699.0,2.37,7.1,0.5,174750000.0
2025-10-13 01:00:00,2.6,708.0,2.59,7.1,-0.8,184080000.0
2025-10-13 02:00:00,2.7,693.0,2.54,6.8,1.4,187110000.0
2025-10-13 03:00:00,2.8,715.0,2.77,6.5,-0.1,200199999.99999997
2025-10-13 04:00:00,2.7,696.0,2.53,6.5,1.5,187920000.0
2025-10-13 05:00:00,2.7,695.0,2.49,6.6,-0.4,187650000.00000003
2025-10-13 06:00:00,2.7,690.0,2.49,6.5,3.0,186300000.00000003
2025-10-13 07:00:00,2.7,694.0,2.55,6.4,1.0,187380000.00000003
2025-10-13 08:00:00,2.9,687.0,2.77,5.6,2.0,199230000.0
2025-10-13 09:00:00,3.2,699.0,3.21,5.0,0.9,223680000.00000003
2025-10-13 10:00:00,3.4,715.0,3.51,5.3,-0.7,243100000.0
2025-10-13 11:00:00,3.4,711.0,3.43,5.1,-1.1,241740000.0
2025-10-13 12:00:00,2.8,704.0,2.68,6.2,2.6,197119999.99999997
2025-10-13 13:00:00,2.4,696.0,2.32,5.7,2.4,167040000.0
2025-10-13 14:00:00,2.8,678.0,2.52,5.7,1.5,189840000.0
2025-10-13 15:00:00,2.6,681.0,2.38,5.7,2.2,177060000.0
2025-10-13 16:00:00,2.5,683.0,2.32,5.3,0.6,170750000.0
2025-10-13 17:00:00,2.6,674.0,2.33,5.2,-0.3,175240000.0
2025-10-13 18:00:00,2.5,662.0,2.14,5.2,0.8,165500000.0
2025-10-13 19:00:00,2.4,663.0,2.06,5.1,1.2,159120000.0
2025-10-13 20:00:00,2.5,670.0,2.19,5.4,-0.1,167500000.0
2025-10-13 21:00:00,2.3,667.0,1.99,5.4,2.0,153410000.0
2025-10-13 22:00:00,1.9,644.0,1.49,5.6,0.4,122359999.99999999
2025-10-13 23:00:00,2.0,666.0,1.71,5.1,2.0,133200000.0
2025-10-14 00:00:00,2.1,668.0,1.8,5.0,0.9,140280000.0
2025-10-14 01:00:00,2.3,702.0,2.23,4.5,2.5,161460000.0
2025-10-14 02:00:00,2.5,704.0,2.49,4.2,2.5,176000000.0
2025-10-14 03:00:00,2.4,694.0,2.3,4.0,1.4,166560000.0
2025-10-14 04:00:00,2.3,685.0,2.16,3.9,0.9,157549999.99999997
2025-10-14 05:00:00,2.3,669.0,2.06,3.8,0.7,153869999.99999997
2025-10-14 06:00:00,2.4,658.0,2.01,4.2,-0.1,157920000.0
2025-10-14 07:00:00,2.4,645.0,1.95,4.0,1.2,154800000.0
2025-10-14 08:00:00,2.7,615.0,2.14,4.2,1.5,166050000.0
2025-10-14 09:00:00,2.8,600.0,2.15,4.5,2.5,168000000.0
2025-10-14 10:00:00,2.9,589.0,2.19,4.6,1.7,170810000.0
2025-10-14 11:00:00,2.8,576.0,1.99,4.5,0.9,161280000.0
2025-10-14 12:00:00,3.0,600.0,2.22,4.6,1.8,180000000.0
2025-10-14 13:00:00,3.3,589.0,2.37,4.8,1.3,194369999.99999997
2025-10-14 14:00:00,3.2,560.0,2.14,4.8,0.2,179200000.0
2025-10-14 15:00:00,3.2,554.0,2.08,5.1,1.1,177280000.00000003
2025-10-14 16:00:00,3.5,573.0,2.4,4.9,2.5,200550000.0
2025-10-14 17:00:00,3.6,566.0,2.38,4.8,2.5,203760000.0
2025-10-14 18:00:00,3.7,576.0,2.48,4.8,2.7,213120000.00000003
2025-10-14 19:00:00,3.7,576.0,2.44,5.2,1.9,213120000.00000003
2025-10-14 20:00:00,3.7,561.0,2.36,5.2,1.5,207570000.00000003
2025-10-14 21:00:00,3.9,555.0,2.39,5.1,-0.1,216450000.0
2025-10-14 22:00:00,3.7,555.0,2.27,4.8,2.2,205350000.0
2025-10-14 23:00:00,3.8,558.0,2.39,4.4,-2.2,212040000.0
2025-10-15 00:00:00,3.8,569.0,2.44,4.9,-3.7,216219999.99999997
2025-10-15 01:00:00,3.7,558.0,2.32,4.4,-2.4,206460000.0
2025-10-15 02:00:00,3.4,550.0,2.1,4.5,-0.5,187000000.0
2025-10-15 03:00:00,3.2,546.0,1.93,4.6,-0.0,174720000.0
2025-10-15 04:00:00,3.2,546.0,1.95,4.4,-0.2,174720000.0
2025-10-15 05:00:00,3.4,550.0,2.05,4.4,-0.1,187000000.0
2025-10-15 06:00:00,3.5,555.0,2.17,4.3,0.6,194250000.0
2025-10-15 07:00:00,3.5,555.0,2.15,4.3,0.6,194250000.0
2025-10-15 08:00:00,3.1,539.0,1.79,4.6,-2.0,167090000.0
2025-10-15 09:00:00,2.6,526.0,1.42,4.2,0.8,136760000.0
2025-10-15 10:00:00,2.5,523.0,1.36,3.7,1.6,130750000.0
2025-10-15 11:00:00,2.9,524.0,1.63,3.0,0.3,151960000.0
2025-10-15 12:00:00,3.2,516.0,1.84,3.1,0.2,165120000.0
2025-10-15 13:00:00,3.2,512.0,1.78,3.2,0.7,163840000.0
2025-10-15 14:00:00,3.4,510.0,1.85,2.9,1.0,173400000.0
2025-10-15 15:00:00,4.0,510.0,2.1,2.2,1.0,204000000.0
2025-10-15 16:00:00,4.1,504.0,2.08,2.8,-0.4,206639999.99999997
2025-10-15 17:00:00,3.9,497.0,1.92,2.9,0.7,193830000.0
2025-10-15 18:00:00,3.8,493.0,1.81,3.1,1.1,187340000.0
2025-10-15 19:00:00,3.4,492.0,1.63,3.3,1.7,167280000.0
2025-10-15 20:00:00,3.1,488.0,1.51,3.3,1.2,151280000.0
2025-10-15 21:00:00,3.0,476.0,1.45,3.6,-0.2,142800000.0
2025-10-15 22:00:00,3.1,467.0,1.4,3.4,0.2,144770000.0
2025-10-15 23:00:00,4.0,471.0,1.8,2.8,1.1,188400000.0
2025-10-16 00:00:00,4.9,460.0,2.09,2.1,1.0,225400000.0
2025-10-16 01:00:00,4.4,467.0,1.93,3.5,1.0,205480000.00000003
2025-10-16 02:00:00,4.3,465.0,1.86,3.5,0.9,199950000.0
2025-10-16 03:00:00,5.3,458.0,2.23,3.4,0.9,242740000.0
2025-10-16 04:00:00,6.0,455.0,2.52,3.3,1.6,273000000.0
2025-10-16 05:00:00,5.9,451.0,2.45,3.0,1.2,266090000.0
2025-10-16 06:00:00,5.7,441.0,2.28,3.3,0.7,251370000.00000003
2025-10-16 07:00:00,5.4,428.0,2.06,3.3,0.9,231120000.00000003
2025-10-16 08:00:00,6.0,426.0,2.26,3.3,0.4,255600000.0
2025-10-16 09:00:00,5.7,435.0,2.18,3.6,1.3,247950000.0
2025-10-16 10:00:00,4.6,436.0,1.74,4.3,-0.0,200560000.0
2025-10-16 11:00:00,5.5,436.0,2.1,3.8,2.2,239800000.0
2025-10-16 12:00:00,5.3,427.0,1.99,3.8,1.7,226310000.0
2025-10-16 13:00:00,5.5,428.0,2.03,3.8,1.7,235400000.0
2025-10-16 14:00:00,5.6,427.0,2.07,3.5,1.2,239119999.99999997
2025-10-16 15:00:00,5.4,415.0,1.89,3.8,0.5,224100000.0
2025-10-16 16:00:00,5.4,402.0,1.8,3.5,0.1,217080000.00000003
2025-10-16 17:00:00,5.6,394.0,1.79,3.5,-0.5,220639999.99999997
2025-10-16 18:00:00,6.3,394.0,1.96,3.6,0.3,248219999.99999997
2025-10-16 19:00:00,7.7,395.0,2.38,4.0,-2.2,304150000.0
2025-10-16 20:00:00,8.1,396.0,2.52,4.1,-0.3,320760000.0
2025-10-16 21:00:00,8.0,407.0,2.63,4.2,-0.5,325600000.0
2025-10-16 22:00:00,10.1,423.0,3.45,4.7,0.3,427230000.0
2025-10-16 23:00:00,14.1,422.0,4.7,3.8,0.1,595020000.0
2025-10-17 00:00:00,15.4,411.0,4.88,3.4,0.3,632940000.0
2025-10-17 01:00:00,20.4,396.0,6.05,3.0,-0.6,807840000.0
2025-10-17 02:00:00,21.5,394.0,6.09,3.4,-0.7,847100000.0
2025-10-17 03:00:00,21.8,391.0,6.06,4.3,-0.6,852380000.0000001
2025-10-17 04:00:00,21.1,387.0,5.7,4.6,-0.2,816570000.0000001
2025-10-17 05:00:00,24.7,384.0,6.74,3.3,0.0,948479999.9999999
2025-10-17 06:00:00,23.5,392.0,6.42,5.7,-0.8,921200000.0
2025-10-17 07:00:00,30.1,390.0,8.13,5.4,-1.6,1173900000.0
2025-10-17 08:00:00,45.5,394.0,13.12,5.8,-2.2,1792700000.0
2025-10-17 09:00:00,52.5,387.0,15.02,6.4,-3.3,2031750000.0
2025-10-17 10:00:00,55.3,386.0,15.41,6.3,-2.6,2134580000.0
2025-10-17 11:00:00,20.6,389.0,5.75,12.5,3.3,801340000.0
2025-10-17 12:00:00,20.9,394.0,6.31,11.9,6.6,823459999.9999999
2025-10-17 13:00:00,24.0,394.0,6.99,11.7,4.0,945600000.0
2025-10-17 14:00:00,20.8,390.0,6.09,11.0,3.5,811200000.0
2025-10-17 15:00:00,32.3,395.0,9.86,8.2,-0.3,1275849999.9999998
2025-10-17 16:00:00,34.4,409.0,11.92,5.6,-0.5,1406959999.9999998
2025-10-17 17:00:00,31.4,403.0,10.22,5.6,-0.2,1265420000.0
2025-10-17 18:00:00,23.7,386.0,6.56,8.2,2.1,914819999.9999999
2025-10-17 19:00:00,23.0,384.0,6.89,7.6,2.9,883200000.0
2025-10-17 20:00:00,15.7,381.0,4.46,9.3,5.9,598170000.0
2025-10-17 21:00:00,16.8,381.0,4.71,10.0,6.1,640080000.0
2025-10-17 22:00:00,16.7,375.0,4.77,10.4,5.6,626250000.0
2025-10-17 23:00:00,8.4,381.0,2.58,12.2,5.4,320040000.0
2025-10-18 00:00:00,5.2,396.0,1.7,13.5,4.6,205920000.00000003
2025-10-18 01:00:00,12.5,409.0,4.43,13.1,4.2,511250000.0
2025-10-18 02:00:00,19.9,401.0,7.55,12.1,-0.5,797990000.0
2025-10-18 03:00:00,31.8,395.0,12.1,10.5,-2.4,1256100000.0
2025-10-18 04:00:00,43.0,389.0,15.43,9.7,-3.5,1672700000.0
2025-10-18 05:00:00,41.3,382.0,14.29,9.8,-5.9,1577659999.9999998
2025-10-18 06:00:00,35.1,389.0,11.14,12.4,-5.0,1365390000.0000002
2025-10-18 07:00:00,33.6,400.0,10.52,16.9,-4.0,1344000000.0
2025-10-18 08:00:00,21.1,407.0,6.7,18.6,10.3,858770000.0000001
2025-10-18 09:00:00,12.8,414.0,4.16,14.9,1.4,529920000.00000006
2025-10-18 10:00:00,9.5,418.0,3.63,11.8,-4.9,397100000.0
2025-10-18 11:00:00,9.1,481.0,4.26,14.8,7.1,437709999.99999994
2025-10-18 12:00:00,10.8,515.0,5.8,10.7,3.0,556200000.0
2025-10-18 13:00:00,12.9,500.0,6.51,7.6,1.8,645000000.0
2025-10-18 14:00:00,12.8,474.0,6.32,9.4,5.6,606720000.0000001
2025-10-18 15:00:00,9.0,514.0,4.91,8.8,1.7,462600000.0
2025-10-18 16:00:00,12.3,523.0,6.61,8.5,-3.5,643290000.0
2025-10-18 17:00:00,12.2,520.0,6.41,11.6,-8.6,634400000.0
2025-10-18 18:00:00,9.6,522.0,5.03,11.9,-7.6,501120000.0
2025-10-18 19:00:00,8.8,546.0,4.87,12.6,-5.8,480480000.0
2025-10-18 20:00:00,9.7,520.0,5.22,9.5,-5.9,504400000.0
2025-10-18 21:00:00,13.8,519.0,6.98,9.0,-1.6,716220000.0000001
2025-10-18 22:00:00,15.3,489.0,6.99,9.5,-1.7,748170000.0000001
2025-10-18 23:00:00,16.5,489.0,7.56,8.8,-4.8,806850000.0
2025-10-19 00:00:00,14.7,493.0,6.78,6.6,-2.3,724710000.0
2025-10-19 01:00:00,13.9,479.0,6.14,7.3,-3.5,665810000.0
2025-10-19 02:00:00,12.8,484.0,6.19,4.5,-1.6,619520000.0000001
2025-10-19 03:00:00,9.8,500.0,5.24,9.3,-0.6,490000000.0
2025-10-19 04:00:00,9.3,482.0,4.21,11.9,6.4,448260000.00000006
2025-10-19 05:00:00,14.1,462.0,6.05,8.6,4.1,651420000.0
2025-10-19 06:00:00,11.6,481.0,5.32,10.3,5.7,557960000.0
2025-10-19 07:00:00,6.6,535.0,4.14,11.5,5.6,353100000.0
2025-10-19 08:00:00,5.2,533.0,2.92,13.0,6.9,277160000.0
2025-10-19 09:00:00,6.3,556.0,4.23,10.7,5.9,350280000.0
2025-10-19 10:00:00,7.2,559.0,4.7,10.2,3.9,402480000.0
2025-10-19 11:00:00,6.3,544.0,3.96,9.4,3.3,342720000.0
2025-10-19 12:00:00,6.8,537.0,4.23,9.0,2.3,365160000.0
2025-10-19 13:00:00,6.4,516.0,3.69,10.0,5.1,330240000.0
2025-10-19 14:00:00,11.7,515.0,6.22,7.7,-2.1,602550000.0
2025-10-19 15:00:00,10.4,508.0,5.45,8.8,2.7,528320000.0
2025-10-19 16:00:00,7.3,518.0,4.24,8.4,1.4,378140000.0
2025-10-19 17:00:00,7.6,534.0,4.73,6.5,-0.5,405839999.99999994
2025-10-19 18:00:00,7.0,536.0,4.15,9.1,1.5,375200000.0
2025-10-19 19:00:00,5.9,529.0,3.28,10.2,2.7,312110000.00000006
2025-10-19 20:00:00,6.2,552.0,3.76,10.0,3.1,342240000.0
2025-10-19 21:00:00,5.9,549.0,3.6,9.4,1.9,323910000.00000006
2025-10-19 22:00:00,5.7,572.0,3.96,9.0,0.5,326040000.0
2025-10-19 23:00:00,6.6,578.0,4.6,7.9,2.3,381480000.0
2025-10-20 00:00:00,6.8,544.0,3.98,9.6,2.4,369920000.0
2025-10-20 01:00:00,7.5,541.0,4.65,10.0,4.3,405750000.0
2025-10-20 02:00:00,8.1,539.0,4.95,9.6,3.0,436589999.99999994
2025-10-20 03:00:00,4.3,555.0,2.88,6.6,-0.1,238650000.0
2025-10-20 04:00:00,4.1,585.0,2.92,6.0,0.9,239850000.0
2025-10-20 05:00:00,4.0,559.0,2.65,5.8,-0.0,223600000.0
2025-10-20 06:00:00,3.9,561.0,2.57,6.0,1.2,218790000.0
2025-10-20 07:00:00,3.8,580.0,2.59,6.6,2.3,220400000.0
2025-10-20 08:00:00,4.0,577.0,2.68,6.6,3.1,230800000.0
2025-10-20 09:00:00,4.0,550.0,2.39,6.4,3.6,220000000.0
2025-10-20 10:00:00,3.7,531.0,2.06,6.4,2.9,196470000.0
2025-10-20 11:00:00,3.8,544.0,2.28,5.7,1.2,206719999.99999997
2025-10-20 12:00:00,4.2,550.0,2.6,4.5,1.7,231000000.0
2025-10-20 13:00:00,3.9,538.0,2.25,5.5,2.5,209819999.99999997
2025-10-20 14:00:00,3.0,498.0,1.43,6.8,2.5,149400000.0
2025-10-20 15:00:00,3.0,482.0,1.35,6.6,2.2,144600000.0
2025-10-20 16:00:00,3.7,491.0,1.78,6.5,1.5,181670000.0
2025-10-20 17:00:00,3.8,493.0,1.9,6.2,2.4,187340000.0
2025-10-20 18:00:00,4.0,494.0,1.99,6.1,2.0,197600000.0
2025-10-20 19:00:00,4.1,517.0,2.17,7.0,3.4,211969999.99999997
2025-10-20 20:00:00,4.4,502.0,2.27,6.5,3.0,220880000.00000003
2025-10-20 21:00:00,4.8,497.0,2.48,6.7,-1.7,238560000.0
2025-10-20 22:00:00,4.5,495.0,2.3,6.6,0.3,222750000.0
2025-10-20 23:00:00,4.3,515.0,2.26,6.2,0.6,221450000.0
2025-10-21 00:00:00,4.7,560.0,2.82,6.5,-1.1,263200000.0
2025-10-21 01:00:00,4.0,556.0,2.41,6.1,-1.3,222400000.0
2025-10-21 02:00:00,4.0,539.0,2.27,5.9,0.3,215600000.0
2025-10-21 03:00:00,4.0,545.0,2.28,5.4,3.3,218000000.0
2025-10-21 04:00:00,3.8,543.0,2.13,5.2,3.0,206340000.0
2025-10-21 05:00:00,4.2,523.0,2.22,5.3,1.1,219660000.0
2025-10-21 06:00:00,4.4,498.0,2.07,5.9,2.1,219120000.00000003
2025-10-21 07:00:00,4.6,499.0,2.19,5.6,2.5,229539999.99999997
2025-10-21 08:00:00,4.4,468.0,1.87,5.8,1.6,205920000.00000003
2025-10-21 09:00:00,4.0,503.0,1.92,6.5,3.7,201200000.0
2025-10-21 10:00:00,4.2,502.0,1.98,6.7,3.8,210840000.0
2025-10-21 11:00:00,4.2,507.0,2.03,6.6,3.4,212940000.0
2025-10-21 12:00:00,4.1,493.0,1.88,5.9,3.7,202129999.99999997
2025-10-21 13:00:00,4.0,462.0,1.68,5.6,2.2,184800000.0
2025-10-21 14:00:00,4.2,477.0,1.89,5.5,1.9,200340000.0
2025-10-21 15:00:00,4.2,477.0,1.83,5.7,1.3,200340000.0
2025-10-21 16:00:00,4.2,471.0,1.77,6.2,2.0,197820000.0
2025-10-21 17:00:00,4.1,486.0,1.97,5.6,-0.3,199260000.0
2025-10-21 18:00:00,4.1,474.0,1.92,4.6,1.4,194340000.0
2025-10-21 19:00:00,4.1,468.0,1.85,4.8,0.2,191879999.99999997
2025-10-21 20:00:00,3.7,469.0,1.63,5.4,-1.3,173530000.00000003
2025-10-21 21:00:00,3.7,475.0,1.58,5.2,1.8,175750000.0
2025-10-21 22:00:00,3.3,468.0,1.4,4.7,0.9,154440000.0
2025-10-21 23:00:00,3.6,483.0,1.58,4.5,1.4,173880000.0
2025-10-22 00:00:00,3.4,464.0,1.38,4.3,1.8,157760000.0
2025-10-22 01:00:00,3.5,454.0,1.34,4.3,1.3,158900000.0
2025-10-22 02:00:00,2.9,442.0,1.04,4.7,1.8,128180000.0
2025-10-22 03:00:00,3.1,424.0,1.05,5.2,1.2,131440000.00000001
2025-10-22 04:00:00,3.2,411.0,1.01,5.7,1.7,131520000.0
2025-10-22 05:00:00,3.6,423.0,1.2,6.3,1.4,152280000.0
2025-10-22 06:00:00,3.0,385.0,0.84,6.5,0.8,115500000.0
2025-10-22 07:00:00,3.6,410.0,1.14,6.6,3.1,147600000.0
2025-10-22 08:00:00,4.2,425.0,1.42,6.5,4.6,178500000.0
2025-10-22 09:00:00,3.9,430.0,1.33,7.5,2.7,167700000.0
2025-10-22 10:00:00,3.9,430.0,1.32,7.5,1.5,167700000.0
2025-10-22 11:00:00,3.5,375.0,0.93,6.5,1.0,131250000.0
2025-10-22 12:00:00,4.3,397.0,1.31,6.6,1.2,170710000.0
2025-10-22 13:00:00,4.2,396.0,1.26,7.6,2.7,166320000.0
2025-10-22 14:00:00,4.7,434.0,1.61,8.0,4.6,203980000.00000003
2025-10-22 15:00:00,4.9,411.0,1.55,8.2,2.3,201390000.0
2025-10-22 16:00:00,4.9,408.0,1.5,8.3,1.2,199920000.0
2025-10-22 17:00:00,4.3,421.0,1.39,8.7,0.6,181030000.0
2025-10-22 18:00:00,3.5,431.0,1.15,9.8,2.0,150850000.0
2025-10-22 19:00:00,5.1,425.0,1.62,9.4,3.3,216750000.0
2025-10-22 20:00:00,5.8,426.0,1.92,8.9,3.3,247079999.99999997
2025-10-22 21:00:00,4.6,406.0,1.38,8.9,0.1,186760000.0
2025-10-22 22:00:00,4.1,408.0,1.22,9.2,0.5,167280000.0
2025-10-22 23:00:00,4.0,406.0,1.2,9.1,1.1,162400000.0
2025-10-23 00:00:00,3.5,407.0,1.04,9.4,-0.8,142450000.0
2025-10-23 01:00:00,3.3,401.0,0.95,9.6,-1.2,132330000.0
2025-10-23 02:00:00,2.6,393.0,0.73,9.4,-0.2,102180000.0
2025-10-23 03:00:00,2.0,403.0,0.61,9.3,1.0,80600000.0
2025-10-23 04:00:00,2.4,394.0,0.71,9.0,1.6,94559999.99999999
2025-10-23 05:00:00,2.5,403.0,0.75,8.8,2.5,100750000.0
2025-10-23 06:00:00,3.0,411.0,0.91,8.6,3.9,123300000.0
2025-10-23 07:00:00,3.1,409.0,1.04,8.7,4.2,126790000.00000001
2025-10-23 08:00:00,2.9,407.0,0.96,9.2,4.8,118030000.0
2025-10-23 09:00:00,2.5,403.0,0.77,9.5,4.2,100750000.0
2025-10-23 10:00:00,2.3,403.0,0.69,9.7,1.9,92690000.0
2025-10-23 11:00:00,2.5,394.0,0.73,9.6,-0.5,98500000.0
2025-10-23 12:00:00,2.1,405.0,0.64,9.8,2.4,85050000.0
2025-10-23 13:00:00,1.3,451.0,0.48,10.3,4.6,58630000.00000001
2025-10-23 14:00:00,1.6,441.0,0.57,10.0,4.3,70560000.0
2025-10-23 15:00:00,3.3,440.0,1.2,9.7,3.7,145200000.0
2025-10-23 16:00:00,4.7,439.0,1.77,9.2,2.3,206330000.00000003
2025-10-23 17:00:00,7.4,432.0,2.61,8.2,-0.2,319680000.0
2025-10-23 18:00:00,8.1,432.0,2.84,7.2,1.5,349920000.0
2025-10-23 19:00:00,5.8,442.0,2.17,7.6,1.7,256360000.0
2025-10-23 20:00:00,6.3,463.0,2.54,7.9,-1.4,291690000.0
2025-10-23 21:00:00,5.4,467.0,2.21,7.4,2.5,252180000.00000003
2025-10-23 22:00:00,6.2,481.0,2.64,7.5,-1.5,298220000.0
2025-10-23 23:00:00,5.5,478.0,2.35,7.1,0.6,262900000.0
2025-10-24 00:00:00,4.9,479.0,2.1,7.2,-1.9,234710000.00000003
2025-10-24 01:00:00,4.5,491.0,2.07,7.1,2.4,220950000.0
2025-10-24 02:00:00,3.4,491.0,1.65,7.4,3.0,166940000.0
2025-10-24 03:00:00,3.3,491.0,1.54,7.4,2.8,162030000.0
2025-10-24 04:00:00,3.4,508.0,1.69,7.3,1.8,172720000.0
2025-10-24 05:00:00,3.6,513.0,1.83,7.1,0.4,184680000.0
2025-10-24 06:00:00,3.6,509.0,1.79,7.2,2.1,183240000.0
2025-10-24 07:00:00,3.3,507.0,1.63,7.1,2.5,167310000.0
2025-10-24 08:00:00,3.4,514.0,1.72,7.2,1.5,174760000.0
2025-10-24 09:00:00,3.0,493.0,1.38,6.8,1.7,147900000.0
2025-10-24 10:00:00,3.1,502.0,1.47,6.9,3.5,155620000.0
2025-10-24 11:00:00,2.9,510.0,1.43,6.6,0.5,147900000.0
2025-10-24 12:00:00,3.5,541.0,1.96,6.1,2.0,189350000.0
2025-10-24 13:00:00,3.0,510.0,1.5,6.2,1.4,153000000.0
2025-10-24 14:00:00,2.8,517.0,1.42,6.2,1.5,144760000.0
2025-10-24 15:00:00,2.9,511.0,1.46,5.9,1.7,148190000.0
2025-10-24 16:00:00,3.0,522.0,1.57,6.3,0.3,156600000.0
2025-10-24 17:00:00,2.8,520.0,1.47,5.9,-0.8,145600000.0
2025-10-24 18:00:00,3.0,518.0,1.52,5.9,-2.5,155400000.0
2025-10-24 19:00:00,2.6,487.0,1.16,5.7,1.4,126620000.0
2025-10-24 20:00:00,2.5,482.0,1.09,5.5,0.8,120500000.0
2025-10-24 21:00:00,3.0,522.0,1.53,5.5,0.6,156600000.0
2025-10-24 22:00:00,2.8,499.0,1.32,5.9,1.3,139719999.99999997
2025-10-24 23:00:00,3.1,517.0,1.56,5.4,-1.3,160270000.0
2025-10-25 00:00:00,3.3,508.0,1.63,5.1,-0.0,167640000.0
2025-10-25 01:00:00,3.3,470.0,1.43,5.6,-0.9,155100000.0
2025-10-25 02:00:00,3.6,468.0,1.54,5.7,1.9,168480000.0
2025-10-25 03:00:00,3.5,455.0,1.41,5.9,1.3,159250000.0
2025-10-25 04:00:00,4.6,479.0,1.98,5.8,-1.6,220339999.99999997
2025-10-25 05:00:00,5.6,464.0,2.28,4.8,-0.4,259839999.99999997
2025-10-25 06:00:00,5.7,467.0,2.35,5.2,-1.5,266190000.0
2025-10-25 07:00:00,5.0,463.0,2.07,5.2,-3.0,231500000.0
2025-10-25 08:00:00,4.8,444.0,1.87,5.0,2.1,213119999.99999997
2025-10-25 09:00:00,5.2,443.0,1.96,5.4,0.7,230360000.0
2025-10-25 10:00:00,4.7,426.0,1.66,5.5,1.2,200220000.0
2025-10-25 11:00:00,4.6,422.0,1.58,5.4,-0.2,194119999.99999997
2025-10-25 12:00:00,5.7,443.0,2.08,5.2,1.8,252510000.0
2025-10-25 13:00:00,6.0,441.0,2.16,5.1,2.9,264600000.0
2025-10-25 14:00:00,6.0,421.0,1.9,6.0,3.8,252600000.0
2025-10-25 15:00:00,5.8,412.0,1.76,6.1,3.5,238960000.0
2025-10-25 16:00:00,6.1,418.0,1.89,6.2,4.9,254979999.99999997
2025-10-25 17:00:00,6.3,434.0,2.1,6.2,4.5,273420000.0
2025-10-25 18:00:00,5.8,420.0,1.85,5.8,4.6,243600000.0
2025-10-25 19:00:00,4.2,399.0,1.25,5.4,1.6,167580000.00000003
2025-10-25 20:00:00,6.0,422.0,1.94,5.6,3.5,253200000.0
2025-10-25 21:00:00,6.2,428.0,2.02,5.9,4.0,265360000.0
2025-10-25 22:00:00,5.7,404.0,1.7,5.8,2.0,230280000.00000003
2025-10-25 23:00:00,5.2,392.0,1.46,6.4,3.0,203840000.0
2025-10-26 00:00:00,4.5,387.0,1.23,6.7,2.7,174150000.0
2025-10-26 01:00:00,6.3,397.0,1.79,6.1,4.1,250110000.0
2025-10-26 02:00:00,7.5,410.0,2.25,5.9,4.1,307500000.0
2025-10-26 03:00:00,7.3,407.0,2.2,5.4,2.1,297110000.0
2025-10-26 04:00:00,6.8,390.0,1.91,5.6,2.0,265200000.0
2025-10-26 05:00:00,7.3,373.0,1.87,5.9,0.4,272290000.0
2025-10-26 06:00:00,7.5,399.0,2.17,5.5,-1.8,299250000.0
2025-10-26 07:00:00,7.3,407.0,2.2,5.5,1.5,297110000.0
2025-10-26 08:00:00,7.2,394.0,2.09,5.5,3.1,283680000.0
2025-10-26 09:00:00,7.5,396.0,2.18,6.4,1.2,297000000.0
2025-10-26 10:00:00,6.7,385.0,1.87,6.2,3.9,257950000.0
2025-10-26 11:00:00,7.0,411.0,2.17,6.2,4.5,287700000.0
2025-10-26 12:00:00,6.6,413.0,2.05,6.4,5.2,272580000.0
2025-10-26 13:00:00,6.7,399.0,1.99,6.2,5.5,267330000.00000003
2025-10-26 14:00:00,6.5,380.0,1.79,6.0,4.6,247000000.0
2025-10-26 15:00:00,5.6,357.0,1.39,5.8,-0.3,199919999.99999997
2025-10-26 16:00:00,5.1,351.0,1.19,6.4,-1.3,179010000.0
2025-10-26 17:00:00,5.3,352.0,1.26,6.4,0.8,186560000.0
2025-10-26 18:00:00,5.6,357.0,1.36,5.8,2.8,199919999.99999997
2025-10-26 19:00:00,6.3,370.0,1.64,6.0,3.9,233100000.0
2025-10-26 20:00:00,5.4,356.0,1.3,6.1,1.1,192240000.0
2025-10-26 21:00:00,5.3,364.0,1.32,6.4,2.8,192920000.0
2025-10-26 22:00:00,6.0,375.0,1.59,6.2,0.8,225000000.0
2025-10-26 23:00:00,6.6,388.0,1.87,6.1,1.8,256079999.99999997
2025-10-27 00:00:00,6.8,381.0,1.85,6.1,1.4,259079999.99999997
2025-10-27 01:00:00,6.6,365.0,1.66,6.2,0.8,240900000.0
2025-10-27 02:00:00,6.8,368.0,1.72,5.7,3.9,250240000.0
2025-10-27 03:00:00,7.0,361.0,1.69,6.0,3.0,252700000.0
2025-10-27 04:00:00,7.3,356.0,1.74,5.8,2.2,259879999.99999997
2025-10-27 05:00:00,7.8,366.0,1.87,6.3,2.0,285480000.0
2025-10-27 06:00:00,7.6,367.0,1.82,6.3,2.6,278920000.0
2025-10-27 07:00:00,6.2,361.0,1.46,6.8,-0.3,223820000.00000003
2025-10-27 08:00:00,7.3,354.0,1.68,6.3,0.4,258419999.99999997
2025-10-27 09:00:00,8.7,358.0,2.1,6.6,4.9,311460000.0
2025-10-27 10:00:00,9.1,356.0,2.16,7.1,6.4,323960000.0
2025-10-27 11:00:00,9.1,351.0,2.1,7.7,6.2,319410000.0
2025-10-27 12:00:00,7.8,345.0,1.74,8.1,5.1,269100000.0
2025-10-27 13:00:00,10.9,348.0,2.38,7.7,4.8,379320000.0
2025-10-27 14:00:00,18.2,366.0,4.3,5.7,3.7,666120000.0
2025-10-27 15:00:00,19.5,366.0,4.66,5.7,2.4,713700000.0
2025-10-27 16:00:00,19.5,364.0,5.06,6.3,-0.1,709800000.0
2025-10-27 17:00:00,12.8,358.0,3.24,8.2,-4.7,458240000.00000006
2025-10-27 18:00:00,12.0,358.0,3.09,9.1,-2.7,429600000.0
2025-10-27 19:00:00,13.6,364.0,3.61,9.0,-0.5,495039999.99999994
2025-10-27 20:00:00,10.4,369.0,2.79,9.3,-1.2,383760000.0
2025-10-27 21:00:00,9.9,372.0,2.73,9.7,0.9,368280000.0
2025-10-27 22:00:00,9.9,374.0,2.8,10.1,-3.9,370260000.0
2025-10-27 23:00:00,9.4,379.0,2.76,9.4,3.5,356260000.0
2025-10-28 00:00:00,8.8,384.0,2.46,10.4,-0.6,337920000.0
2025-10-28 01:00:00,9.6,384.0,2.74,9.9,-2.9,368639999.99999994
2025-10-28 02:00:00,9.3,378.0,2.64,9.3,-4.2,351540000.0
2025-10-28 03:00:00,9.0,376.0,2.53,9.1,-4.6,338400000.0
2025-10-28 04:00:00,7.6,370.0,2.06,9.0,-2.5,281200000.0
2025-10-28 05:00:00,8.4,401.0,2.71,8.1,0.7,336840000.0
2025-10-28 06:00:00,8.0,388.0,2.45,9.1,1.0,310400000.0
2025-10-28 07:00:00,10.7,425.0,3.91,7.7,3.8,454750000.0
2025-10-28 08:00:00,11.7,425.0,4.31,8.0,-4.0,497250000.0
2025-10-28 09:00:00,11.2,415.0,4.05,8.2,-3.7,464800000.0
2025-10-28 10:00:00,12.2,435.0,4.64,8.5,-1.7,530700000.0
2025-10-28 11:00:00,12.6,425.0,4.58,9.2,-6.2,535500000.0
2025-10-28 12:00:00,14.6,422.0,5.23,8.9,-0.9,616120000.0
2025-10-28 13:00:00,13.6,414.0,4.9,8.6,-3.5,563040000.0
2025-10-28 14:00:00,13.4,419.0,4.93,8.2,-5.7,561460000.0
2025-10-28 15:00:00,14.1,427.0,5.31,8.9,-3.8,602070000.0
2025-10-28 16:00:00,11.5,397.0,4.2,8.8,-1.7,456550000.0
2025-10-28 17:00:00,12.1,401.0,4.2,10.0,-1.7,485209999.99999994
2025-10-28 18:00:00,12.6,417.0,4.48,11.7,-5.7,525420000.0
2025-10-28 19:00:00,12.6,436.0,4.99,10.8,-5.2,549360000.0
2025-10-28 20:00:00,13.1,437.0,5.21,10.3,0.3,572470000.0
2025-10-28 21:00:00,12.5,421.0,4.62,11.4,-4.4,526250000.0
2025-10-28 22:00:00,12.2,421.0,4.49,11.7,-7.6,513620000.0
2025-10-28 23:00:00,11.1,443.0,4.58,11.0,5.9,491730000.0
2025-10-29 00:00:00,10.5,462.0,4.54,11.6,10.6,485100000.0
2025-10-29 01:00:00,12.9,446.0,5.11,11.5,-4.2,575340000.0
2025-10-29 02:00:00,10.1,443.0,4.24,11.2,-4.1,447430000.0
2025-10-29 03:00:00,8.1,453.0,3.83,10.7,-4.5,366930000.0
2025-10-29 04:00:00,8.3,460.0,3.74,10.3,-0.9,381800000.00000006
2025-10-29 05:00:00,7.9,452.0,3.35,9.8,-1.4,357080000.0
2025-10-29 06:00:00,8.8,461.0,3.77,9.6,0.2,405680000.0
2025-10-29 07:00:00,9.8,482.0,4.35,9.9,-5.9,472360000.00000006
2025-10-29 08:00:00,9.4,495.0,4.38,9.7,-0.4,465300000.0
2025-10-29 09:00:00,8.6,505.0,4.2,10.3,7.0,434300000.0
2025-10-29 10:00:00,8.4,510.0,4.23,10.6,5.8,428400000.0
2025-10-29 11:00:00,6.7,472.0,2.9,10.7,1.9,316240000.0
2025-10-29 12:00:00,7.0,469.0,2.95,10.9,-1.9,328300000.0
2025-10-29 13:00:00,7.5,480.0,3.44,11.0,-3.2,360000000.0
2025-10-29 14:00:00,7.0,487.0,3.37,11.2,-2.3,340900000.0
2025-10-29 15:00:00,7.1,506.0,3.73,11.6,-1.4,359260000.0
2025-10-29 16:00:00,6.7,475.0,3.03,12.0,-4.5,318250000.0
2025-10-29 17:00:00,6.4,473.0,3.02,11.3,-2.3,302720000.0
2025-10-29 18:00:00,7.2,459.0,3.12,10.6,-0.4,330480000.0
2025-10-29 19:00:00,7.4,454.0,3.08,10.9,-0.3,335960000.00000006
2025-10-29 20:00:00,9.1,480.0,4.19,11.8,3.4,436800000.0
2025-10-29 21:00:00,9.1,461.0,3.88,12.1,-0.8,419509999.99999994
2025-10-29 22:00:00,9.6,471.0,4.21,12.3,-7.7,452159999.99999994
2025-10-29 23:00:00,10.8,486.0,5.15,12.0,1.9,524880000.0
2025-10-30 00:00:00,7.9,500.0,3.89,12.6,3.8,395000000.0
2025-10-30 01:00:00,8.0,519.0,4.04,12.0,0.9,415200000.0
2025-10-30 02:00:00,9.1,533.0,5.13,10.9,6.4,485030000.0
2025-10-30 03:00:00,9.5,546.0,5.51,10.6,3.7,518700000.0
2025-10-30 04:00:00,8.5,553.0,4.97,11.6,6.2,470050000.0
2025-10-30 05:00:00,7.5,501.0,3.7,11.8,0.6,375750000.0
2025-10-30 06:00:00,6.8,465.0,2.87,12.1,-2.8,316200000.0
2025-10-30 07:00:00,7.4,491.0,3.37,12.6,-6.4,363340000.0
2025-10-30 08:00:00,7.1,497.0,3.35,12.9,-7.9,352870000.0
2025-10-30 09:00:00,7.7,507.0,3.81,12.6,-3.5,390390000.0
2025-10-30 10:00:00,9.5,512.0,4.79,12.9,-1.0,486400000.0
2025-10-30 11:00:00,7.5,518.0,4.14,13.9,-12.4,388500000.0
2025-10-30 12:00:00,7.5,510.0,4.21,11.7,-4.2,382500000.0
2025-10-30 13:00:00,6.3,527.0,3.41,12.0,-1.3,332010000.0
2025-10-30 14:00:00,5.6,554.0,3.44,11.3,-1.7,310239999.99999994
2025-10-30 15:00:00,6.0,576.0,3.9,11.7,-3.9,345600000.0
2025-10-30 16:00:00,4.8,557.0,2.87,11.6,1.4,267360000.0
2025-10-30 17:00:00,5.6,567.0,3.44,11.4,5.8,317520000.0
2025-10-30 18:00:00,5.7,557.0,3.33,10.8,0.6,317490000.0
2025-10-30 19:00:00,5.2,577.0,3.32,11.2,1.1,300040000.0
2025-10-30 20:00:00,4.0,579.0,2.6,11.2,-4.0,231600000.0
2025-10-30 21:00:00,4.2,594.0,2.88,10.2,0.6,249480000.00000003
2025-10-30 22:00:00,4.0,615.0,2.89,9.6,-0.8,246000000.0
2025-10-30 23:00:00,3.5,611.0,2.49,9.5,-0.1,213850000.0
2025-10-31 00:00:00,2.6,665.0,2.14,9.8,-1.0,172900000.0
2025-10-31 01:00:00,2.6,725.0,2.58,8.8,-5.4,188500000.0
2025-10-31 02:00:00,2.5,730.0,2.49,8.4,-5.1,182500000.0
2025-10-31 03:00:00,2.1,691.0,1.93,7.6,0.0,145110000.0
2025-10-31 04:00:00,2.2,707.0,2.12,7.5,-4.5,155540000.0
2025-10-31 05:00:00,2.2,705.0,2.07,7.5,0.2,155100000.00000003
2025-10-31 06:00:00,2.0,690.0,1.77,7.4,-2.6,138000000.0
2025-10-31 07:00:00,1.9,660.0,1.56,7.8,-1.0,125400000.0
2025-10-31 08:00:00,1.7,669.0,1.44,7.9,-2.4,113730000.0
2025-10-31 09:00:00,1.6,660.0,1.32,7.2,-2.0,105600000.0
2025-10-31 10:00:00,1.7,656.0,1.38,7.2,-2.8,111520000.0
2025-10-31 11:00:00,1.6,679.0,1.4,7.0,-4.1,108640000.00000001
2025-10-31 12:00:00,1.5,655.0,1.24,6.6,-3.3,98250000.0
2025-10-31 13:00:00,1.3,627.0,0.98,6.3,-0.7,81510000.0
2025-10-31 14:00:00,1.5,671.0,1.27,6.6,-0.3,100650000.0
2025-10-31 15:00:00,1.4,633.0,1.07,6.3,-1.5,88620000.0
2025-10-31 16:00:00,1.3,622.0,0.95,5.7,-0.5,80860000.0
2025-10-31 17:00:00,1.6,644.0,1.26,5.4,-1.0,103040000.00000001
2025-10-31 18:00:00,1.4,651.0,1.15,5.1,-2.1,91140000.0
2025-10-31 19:00:00,1.4,594.0,0.92,5.4,-0.1,83159999.99999999
2025-10-31 20:00:00,1.6,578.0,1.0,5.6,0.4,92480000.0
2025-10-31 21:00:00,1.9,596.0,1.26,5.5,-0.7,113239999.99999999
2025-10-31 22:00:00,1.8,557.0,1.05,5.4,-1.6,100260000.0
2025-10-31 23:00:00,2.0,573.0,1.23,5.3,0.9,114600000.0
2025-11-01 00:00:00,2.1,587.0,1.36,5.3,1.3,123270000.0
2025-11-01 01:00:00,2.1,573.0,1.29,5.4,1.1,120330000.0
2025-11-01 02:00:00,2.0,561.0,1.2,5.3,0.1,112200000.0
2025-11-01 03:00:00,2.1,564.0,1.28,5.4,-1.2,118440000.00000001
2025-11-01 04:00:00,2.3,580.0,1.47,5.4,-2.2,133400000.0
2025-11-01 05:00:00,2.1,547.0,1.19,5.5,0.0,114870000.0
2025-11-01 06:00:00,2.0,529.0,1.07,5.4,-0.6,105800000.0
2025-11-01 07:00:00,2.0,517.0,1.01,5.6,0.5,103400000.0
2025-11-01 08:00:00,2.1,520.0,1.06,5.6,0.2,109200000.0
2025-11-01 09:00:00,2.1,514.0,1.04,5.7,-1.1,107940000.00000001
2025-11-01 10:00:00,2.3,535.0,1.24,5.6,2.0,123050000.0
2025-11-01 11:00:00,2.2,520.0,1.12,5.8,2.1,114400000.0
2025-11-01 12:00:00,2.1,503.0,1.0,5.9,1.2,105630000.0
2025-11-01 13:00:00,2.2,494.0,1.01,6.1,-0.2,108680000.00000001
2025-11-01 14:00:00,2.3,496.0,1.07,6.1,-1.6,114080000.0
2025-11-01 15:00:00,2.4,517.0,1.23,5.9,-3.1,124080000.0
2025-11-01 16:00:00,2.7,537.0,1.52,5.9,-1.9,144990000.0
2025-11-01 17:00:00,2.7,545.0,1.59,6.3,-0.6,147150000.0
2025-11-01 18:00:00,2.5,515.0,1.32,5.9,0.9,128750000.0
2025-11-01 19:00:00,2.6,532.0,1.44,6.8,-2.4,138320000.0
2025-11-01 20:00:00,2.6,516.0,1.34,6.7,-0.8,134160000.00000001
2025-11-01 21:00:00,2.8,539.0,1.58,7.1,-1.3,150919999.99999997
2025-11-01 22:00:00,2.6,513.0,1.33,6.8,-0.4,133380000.0
2025-11-01 23:00:00,2.4,499.0,1.14,7.0,-1.5,119759999.99999999
2025-11-02 00:00:00,2.4,500.0,1.14,7.1,-2.3,120000000.0
2025-11-02 01:00:00,2.7,528.0,1.42,7.3,-3.5,142560000.0
2025-11-02 02:00:00,2.4,512.0,1.21,6.7,-1.0,122880000.0
2025-11-02 03:00:00,2.9,535.0,1.57,6.7,-0.8,155150000.0
2025-11-02 04:00:00,3.2,581.0,1.97,7.0,-1.3,185920000.0
2025-11-02 05:00:00,2.9,569.0,1.73,6.8,-0.8,165010000.0
2025-11-02 06:00:00,2.4,555.0,1.38,6.3,-1.3,133200000.0
2025-11-02 07:00:00,2.1,565.0,1.24,7.1,-1.4,118650000.0
2025-11-02 08:00:00,2.1,543.0,1.15,6.8,-2.6,114030000.0
2025-11-02 09:00:00,1.8,553.0,1.05,6.9,-2.1,99540000.0
2025-11-02 10:00:00,1.7,554.0,0.99,6.9,-2.7,94180000.0
2025-11-02 11:00:00,1.8,550.0,1.04,6.7,-2.4,99000000.0
2025-11-02 12:00:00,2.1,526.0,1.08,6.5,-1.4,110460000.00000001
2025-11-02 13:00:00,2.1,509.0,1.01,6.6,-2.0,106890000.00000001
2025-11-02 14:00:00,2.5,542.0,1.37,6.5,-1.0,135500000.0
2025-11-02 15:00:00,3.0,556.0,1.74,6.5,-2.0,166800000.0
2025-11-02 16:00:00,2.9,550.0,1.63,6.6,-3.2,159500000.0
2025-11-02 17:00:00,3.1,548.0,1.72,6.8,-2.5,169880000.0
2025-11-02 18:00:00,3.3,519.0,1.66,6.9,-1.6,171269999.99999997
2025-11-02 19:00:00,3.3,503.0,1.57,6.6,0.4,165990000.0
2025-11-02 20:00:00,3.6,519.0,1.82,6.7,-1.6,186840000.0
2025-11-02 21:00:00,3.7,528.0,1.89,6.5,2.0,195360000.0
2025-11-02 22:00:00,4.4,502.0,2.13,6.6,0.6,220880000.00000003
2025-11-02 23:00:00,4.5,518.0,2.36,6.6,0.9,233100000.0
2025-11-03 00:00:00,4.9,497.0,2.36,6.5,2.1,243530000.00000003
2025-11-03 01:00:00,4.6,463.0,1.9,7.2,0.5,212979999.99999997
2025-11-03 02:00:00,4.1,457.0,1.62,7.7,-2.8,187369999.99999997
2025-11-03 03:00:00,3.2,440.0,1.16,7.9,-4.7,140800000.0
2025-11-03 04:00:00,2.7,438.0,0.97,8.0,-4.5,118260000.00000001
2025-11-03 05:00:00,2.6,442.0,0.95,8.1,-4.4,114920000.0
2025-11-03 06:00:00,2.8,455.0,1.08,8.0,-4.8,127400000.0
2025-11-03 07:00:00,2.8,451.0,1.05,8.2,-6.2,126280000.0
2025-11-03 08:00:00,2.7,453.0,1.03,8.0,-5.1,122310000.00000001
2025-11-03 09:00:00,2.7,439.0,0.97,8.2,-5.3,118530000.00000001
2025-11-03 10:00:00,2.8,440.0,1.01,8.3,-4.7,123200000.0
2025-11-03 11:00:00,2.7,447.0,1.0,8.4,-5.4,120690000.00000001
2025-11-03 12:00:00,2.5,429.0,0.88,8.2,-4.3,107250000.0
2025-11-03 13:00:00,2.9,456.0,1.16,8.1,-4.8,132239999.99999999
2025-11-03 14:00:00,3.0,454.0,1.18,8.2,-4.4,136200000.0
2025-11-03 15:00:00,3.1,445.0,1.19,7.9,-4.0,137950000.0
2025-11-03 16:00:00,3.6,449.0,1.42,7.6,-4.9,161640000.0
2025-11-03 17:00:00,3.4,440.0,1.29,7.4,-3.9,149600000.0
2025-11-03 18:00:00,2.9,443.0,1.11,7.7,-4.0,128470000.0
2025-11-03 19:00:00,3.1,434.0,1.14,6.9,-4.0,134540000.0
2025-11-03 20:00:00,3.2,457.0,1.3,7.0,-3.8,146240000.0
2025-11-03 21:00:00,2.9,437.0,1.08,6.9,-2.3,126730000.0
2025-11-03 22:00:00,3.2,452.0,1.25,6.5,-4.6,144640000.0
2025-11-03 23:00:00,3.2,422.0,1.08,6.6,-2.7,135040000.0
2025-11-04 00:00:00,3.1,421.0,1.05,6.5,1.0,130510000.00000001
2025-11-04 01:00:00,3.0,421.0,1.01,6.5,0.8,126300000.0
2025-11-04 02:00:00,3.0,417.0,0.98,7.0,-0.0,125100000.0
2025-11-04 03:00:00,3.2,420.0,1.04,6.9,-4.2,134400000.0
2025-11-04 04:00:00,3.1,404.0,0.94,6.9,-3.0,125240000.00000001
2025-11-04 05:00:00,3.0,411.0,0.94,6.7,-3.1,123300000.0
2025-11-04 06:00:00,2.7,406.0,0.84,6.8,-3.0,109620000.0
2025-11-04 07:00:00,2.8,397.0,0.84,6.7,-3.3,111159999.99999999
2025-11-04 08:00:00,2.9,400.0,0.87,6.8,-1.9,116000000.0
2025-11-04 09:00:00,2.7,419.0,0.9,6.5,-2.8,113130000.00000001
2025-11-04 10:00:00,2.8,435.0,1.02,6.6,-6.1,121800000.0
2025-11-04 11:00:00,2.8,412.0,0.9,6.6,-4.8,115359999.99999999
2025-11-04 12:00:00,2.3,391.0,0.68,6.7,-4.3,89930000.0
2025-11-04 13:00:00,2.4,389.0,0.7,6.6,-4.3,93359999.99999999
2025-11-04 14:00:00,1.9,377.0,0.56,6.1,-2.2,71630000.0
2025-11-04 15:00:00,1.8,377.0,0.53,6.0,-1.0,67860000.0
2025-11-04 16:00:00,2.0,393.0,0.62,5.9,-2.3,78600000.0
2025-11-04 17:00:00,2.3,389.0,0.68,6.1,1.5,89470000.0
2025-11-04 18:00:00,2.1,371.0,0.61,6.2,-0.3,77910000.0
2025-11-04 19:00:00,2.4,360.0,0.68,6.4,0.2,86400000.0
2025-11-04 20:00:00,2.5,360.0,0.71,6.5,-0.3,90000000.0
2025-11-04 21:00:00,2.6,366.0,0.72,6.5,-2.4,95160000.0
2025-11-04 22:00:00,3.2,383.0,0.91,6.7,-4.2,122560000.00000001
2025-11-04 23:00:00,3.2,377.0,0.89,7.0,-5.7,120640000.00000001
2025-11-05 00:00:00,3.4,380.0,0.96,6.9,-5.8,129200000.0
2025-11-05 01:00:00,4.6,385.0,1.34,6.4,-5.4,177099999.99999997
2025-11-05 02:00:00,4.9,382.0,1.42,6.2,-5.3,187180000.00000003
2025-11-05 03:00:00,5.2,378.0,1.48,6.3,-5.3,196560000.0
2025-11-05 04:00:00,5.2,381.0,1.52,6.1,-5.7,198120000.0
2025-11-05 05:00:00,6.2,374.0,1.79,5.9,-5.3,231880000.00000003
2025-11-05 06:00:00,6.7,371.0,1.92,5.8,-4.8,248570000.00000003
2025-11-05 07:00:00,6.5,370.0,1.83,5.9,-5.0,240500000.0
2025-11-05 08:00:00,7.5,370.0,2.14,5.5,-5.1,277500000.0
2025-11-05 09:00:00,7.2,362.0,1.99,5.6,-4.3,260640000.0
2025-11-05 10:00:00,7.5,354.0,1.97,5.6,-3.6,265500000.0
2025-11-05 11:00:00,7.4,353.0,1.95,5.3,-2.1,261220000.00000003
2025-11-05 12:00:00,7.9,355.0,2.13,4.8,2.2,280450000.0
2025-11-05 13:00:00,8.0,354.0,2.14,4.7,1.4,283200000.0
2025-11-05 14:00:00,8.2,348.0,2.12,4.6,-0.2,285360000.0
2025-11-05 15:00:00,8.5,346.0,2.16,4.9,-0.4,294100000.0
2025-11-05 16:00:00,9.0,346.0,2.38,5.4,-1.4,311400000.0
2025-11-05 17:00:00,7.8,362.0,2.18,7.2,-5.8,282360000.0
2025-11-05 18:00:00,7.0,367.0,1.97,7.8,-7.1,256900000.0
2025-11-05 19:00:00,10.7,383.0,3.28,9.4,-6.3,409809999.99999994
2025-11-05 20:00:00,12.4,388.0,3.92,9.7,-6.0,481120000.0
2025-11-05 21:00:00,13.0,387.0,4.04,10.5,-8.1,503100000.0
2025-11-05 22:00:00,19.3,410.0,6.63,14.3,-11.4,791300000.0
2025-11-05 23:00:00,19.1,400.0,6.25,14.9,-13.8,764000000.0000001
2025-11-06 00:00:00,20.0,402.0,6.54,15.0,-14.0,804000000.0
2025-11-06 01:00:00,20.1,402.0,6.68,13.9,-12.3,808020000.0000001
2025-11-06 02:00:00,18.5,391.0,5.86,14.1,-9.8,723350000.0
2025-11-06 03:00:00,19.7,404.0,6.31,14.3,-13.1,795879999.9999999
2025-11-06 04:00:00,18.5,398.0,5.85,15.0,-12.9,736300000.0
2025-11-06 05:00:00,19.8,422.0,6.97,16.0,-13.5,835560000.0
2025-11-06 06:00:00,22.4,412.0,7.47,15.8,3.0,922879999.9999999
2025-11-06 07:00:00,29.5,445.0,11.24,18.0,2.2,1312750000.0
2025-11-06 08:00:00,15.3,500.0,8.79,15.3,2.1,765000000.0
2025-11-06 09:00:00,12.6,498.0,7.6,12.7,4.7,627480000.0
2025-11-06 10:00:00,10.6,528.0,7.05,13.3,9.2,559680000.0
2025-11-06 11:00:00,8.3,538.0,5.38,11.4,7.4,446540000.00000006
2025-11-06 12:00:00,7.2,540.0,4.49,9.6,3.3,388800000.0
2025-11-06 13:00:00,6.8,536.0,4.16,7.6,0.1,364480000.0
2025-11-06 14:00:00,6.3,541.0,3.84,6.9,-1.2,340830000.0
2025-11-06 15:00:00,5.8,542.0,3.48,6.4,-2.4,314360000.0
2025-11-06 16:00:00,4.7,536.0,2.81,6.5,-1.5,251920000.00000003
2025-11-06 17:00:00,4.7,545.0,2.93,6.7,-1.9,256150000.0
2025-11-06 18:00:00,4.7,613.0,3.73,7.1,0.6,288110000.0
2025-11-06 19:00:00,6.8,618.0,5.76,8.6,-0.8,420239999.99999994
2025-11-06 20:00:00,9.1,629.0,7.58,10.2,-1.9,572390000.0
2025-11-06 21:00:00,9.1,623.0,7.1,11.5,-4.0,566930000.0
2025-11-06 22:00:00,8.3,612.0,6.25,11.1,-5.3,507960000.00000006
2025-11-06 23:00:00,7.6,590.0,5.28,10.4,-4.1,448400000.0
2025-11-07 00:00:00,7.6,617.0,5.86,10.0,-0.6,468920000.0
2025-11-07 01:00:00,6.2,652.0,5.37,9.0,3.2,404240000.0
2025-11-07 02:00:00,5.7,643.0,4.71,8.8,3.3,366510000.0
2025-11-07 03:00:00,5.3,652.0,4.52,8.4,1.3,345560000.0
2025-11-07 04:00:00,5.7,684.0,5.31,8.4,4.1,389880000.0
2025-11-07 05:00:00,8.5,737.0,9.59,12.1,3.0,626450000.0
2025-11-07 06:00:00,10.6,765.0,13.55,15.5,3.3,810900000.0
2025-11-07 07:00:00,9.0,773.0,10.99,15.0,11.6,695700000.0
2025-11-07 08:00:00,8.7,757.0,9.69,14.6,5.2,658590000.0
2025-11-07 09:00:00,7.9,799.0,10.04,11.2,-0.7,631210000.0
2025-11-07 10:00:00,6.0,821.0,7.56,10.5,1.7,492600000.0
2025-11-07 11:00:00,4.9,813.0,6.01,11.1,3.9,398370000.0
2025-11-07 12:00:00,5.3,797.0,6.3,10.3,4.4,422409999.99999994
2025-11-07 13:00:00,5.5,783.0,6.35,10.2,2.6,430650000.0
2025-11-07 14:00:00,5.3,775.0,6.12,10.0,0.1,410750000.0
2025-11-07 15:00:00,5.0,770.0,5.72,9.0,-1.2,385000000.0
2025-11-07 16:00:00,4.1,756.0,4.56,8.7,5.0,309960000.0
2025-11-07 17:00:00,3.9,764.0,4.36,8.3,3.3,297960000.0
2025-11-07 18:00:00,5.0,749.0,5.34,8.2,0.9,374500000.0
2025-11-07 19:00:00,5.8,723.0,6.2,8.1,2.0,419339999.99999994
2025-11-07 20:00:00,6.3,714.0,6.35,8.4,3.8,449820000.0
2025-11-07 21:00:00,8.0,701.0,7.88,8.2,2.2,560800000.0
2025-11-07 22:00:00,8.0,692.0,7.5,9.3,2.4,553600000.0
2025-11-07 23:00:00,6.3,643.0,5.53,11.0,7.2,405090000.0
2025-11-08 00:00:00,5.0,650.0,4.37,10.6,3.0,325000000.0
2025-11-08 01:00:00,3.9,640.0,3.46,9.6,-5.7,249600000.0
2025-11-08 02:00:00,5.2,647.0,4.78,10.3,-7.5,336440000.0
2025-11-08 03:00:00,3.7,638.0,2.92,11.0,-5.3,236060000.0
2025-11-08 04:00:00,3.8,634.0,3.12,10.0,-4.4,240919999.99999997
2025-11-08 05:00:00,3.2,626.0,2.81,9.2,-4.6,200320000.0
2025-11-08 06:00:00,3.1,624.0,2.66,9.1,-5.4,193440000.0
2025-11-08 07:00:00,3.0,613.0,2.52,8.6,-4.9,183900000.0
2025-11-08 08:00:00,3.6,622.0,3.1,8.1,-4.4,223920000.00000003
2025-11-08 09:00:00,3.1,596.0,2.44,7.8,-4.7,184760000.0
2025-11-08 10:00:00,4.1,627.0,3.43,5.8,-2.4,257069999.99999997
2025-11-08 11:00:00,4.0,638.0,3.36,5.8,-3.0,255200000.0
2025-11-08 12:00:00,3.8,653.0,3.31,5.1,1.2,248140000.0
2025-11-08 13:00:00,3.6,648.0,3.04,4.8,1.5,233280000.00000003
2025-11-08 14:00:00,3.4,652.0,2.97,4.7,1.4,221679999.99999997
2025-11-08 15:00:00,3.1,646.0,2.64,4.4,0.8,200260000.0
2025-11-08 16:00:00,3.3,649.0,2.76,4.3,2.0,214169999.99999997
2025-11-08 17:00:00,3.0,642.0,2.49,4.1,1.5,192600000.0
2025-11-08 18:00:00,2.9,639.0,2.4,5.0,1.2,185310000.0
2025-11-08 19:00:00,2.8,618.0,2.09,5.1,0.2,173040000.0
2025-11-08 20:00:00,2.7,613.0,1.99,5.1,0.1,165510000.0
2025-11-08 21:00:00,2.7,610.0,1.96,5.1,0.1,164700000.0
2025-11-08 22:00:00,2.6,600.0,1.92,4.9,0.6,156000000.0
2025-11-08 23:00:00,3.1,607.0,2.35,4.3,1.7,188170000.0
2025-11-09 00:00:00,2.8,595.0,2.1,4.2,-0.1,166600000.0
2025-11-09 01:00:00,2.8,598.0,2.08,4.1,1.8,167440000.0
2025-11-09 02:00:00,3.1,598.0,2.25,4.2,2.0,185380000.0
2025-11-09 03:00:00,3.0,583.0,2.14,4.0,0.3,174900000.0
2025-11-09 04:00:00,3.3,576.0,2.28,4.1,1.2,190080000.0
2025-11-09 05:00:00,3.5,574.0,2.36,4.3,0.6,200900000.0
2025-11-09 06:00:00,3.0,570.0,2.06,3.7,1.8,171000000.0
2025-11-09 07:00:00,3.2,587.0,2.23,3.5,2.8,187840000.0
2025-11-09 08:00:00,3.3,563.0,2.1,4.0,2.5,185790000.0
2025-11-09 09:00:00,3.2,543.0,1.93,4.2,2.0,173760000.0
2025-11-09 10:00:00,3.2,524.0,1.75,4.5,2.5,167680000.00000003
2025-11-09 11:00:00,3.5,526.0,1.93,3.9,3.4,184100000.0
2025-11-09 12:00:00,3.7,536.0,2.13,3.2,2.1,198320000.0
2025-11-09 13:00:00,3.8,521.0,2.07,3.8,2.5,197980000.0
2025-11-09 14:00:00,4.2,521.0,2.28,3.9,1.9,218820000.00000003
2025-11-09 15:00:00,4.3,527.0,2.39,3.6,2.6,226610000.0
2025-11-09 16:00:00,4.6,520.0,2.52,3.8,0.7,239200000.0
2025-11-09 17:00:00,5.3,516.0,2.86,4.6,2.8,273480000.0
2025-11-09 18:00:00,5.4,504.0,2.88,5.0,3.5,272160000.00000006
2025-11-09 19:00:00,7.3,517.0,4.12,6.6,5.0,377410000.0
2025-11-09 20:00:00,7.4,512.0,3.8,5.9,3.3,378880000.0
2025-11-09 21:00:00,5.7,550.0,3.56,6.0,-0.2,313500000.0
2025-11-09 22:00:00,7.0,550.0,4.4,5.9,-3.0,385000000.0
2025-11-09 23:00:00,7.1,539.0,4.23,6.6,3.3,382689999.99999994
2025-11-10 00:00:00,6.4,549.0,3.97,6.1,4.1,351360000.00000006
2025-11-10 01:00:00,6.1,527.0,3.4,6.0,2.3,321470000.0
2025-11-10 02:00:00,6.3,541.0,3.67,6.8,2.6,340830000.0
2025-11-10 03:00:00,5.4,560.0,3.34,7.2,5.3,302400000.0
2025-11-10 04:00:00,4.5,581.0,3.04,6.8,3.4,261450000.0
2025-11-10 05:00:00,3.9,581.0,2.61,6.1,2.8,226590000.0
2025-11-10 06:00:00,4.4,573.0,2.9,5.4,4.0,252120000.00000003
2025-11-10 07:00:00,4.4,557.0,2.87,6.0,4.3,245080000.00000003
2025-11-10 08:00:00,4.3,524.0,2.59,5.7,3.2,225319999.99999997
2025-11-10 09:00:00,4.4,520.0,2.6,5.4,0.6,228800000.0
2025-11-10 10:00:00,4.8,518.0,2.72,5.7,2.1,248640000.0
2025-11-10 11:00:00,4.7,518.0,2.7,6.3,-1.7,243460000.0
2025-11-10 12:00:00,5.4,521.0,3.17,6.6,-1.5,281340000.0
2025-11-10 13:00:00,8.6,543.0,5.28,7.3,1.6,466980000.0
2025-11-10 14:00:00,7.9,549.0,4.56,6.8,-3.5,433710000.00000006
2025-11-10 15:00:00,8.0,561.0,4.79,5.6,-2.2,448800000.0
2025-11-10 16:00:00,11.4,557.0,6.95,3.0,-0.4,634980000.0
2025-11-10 17:00:00,13.6,550.0,8.24,2.5,-2.0,748000000.0
2025-11-10 18:00:00,14.3,542.0,8.42,2.7,-1.9,775060000.0
2025-11-10 19:00:00,10.8,532.0,6.0,4.6,-2.1,574560000.0
2025-11-10 20:00:00,6.2,516.0,3.11,6.7,-2.6,319920000.0
2025-11-10 21:00:00,4.7,513.0,2.34,7.0,-2.0,241110000.0
2025-11-10 22:00:00,6.8,502.0,3.09,6.7,-1.4,341360000.0
2025-11-10 23:00:00,4.7,489.0,2.23,7.2,-1.3,229830000.00000003
2025-11-11 00:00:00,3.8,473.0,1.8,7.5,-2.9,179740000.0
2025-11-11 01:00:00,3.5,466.0,1.62,7.5,-3.4,163100000.0
2025-11-11 02:00:00,4.0,464.0,1.78,7.3,-3.3,185600000.0
2025-11-11 03:00:00,3.0,459.0,1.35,7.4,-3.4,137700000.0
2025-11-11 04:00:00,3.3,453.0,1.42,7.2,-2.8,149490000.0
2025-11-11 05:00:00,5.1,449.0,2.13,6.8,-2.7,228989999.99999997
2025-11-11 06:00:00,4.4,445.0,1.81,6.8,-2.5,195800000.00000003
2025-11-11 07:00:00,4.2,441.0,1.68,6.7,-2.3,185220000.0
2025-11-11 08:00:00,5.3,437.0,2.25,6.3,-2.0,231610000.0
2025-11-11 09:00:00,3.5,431.0,1.49,6.2,-0.8,150850000.0
2025-11-11 10:00:00,2.9,429.0,1.21,5.7,-0.8,124409999.99999999
2025-11-11 11:00:00,2.6,425.0,1.04,5.6,-0.6,110500000.0
2025-11-11 12:00:00,2.8,425.0,1.11,5.4,0.2,119000000.0
2025-11-11 13:00:00,3.1,424.0,1.23,5.5,-0.4,131440000.00000001
2025-11-11 14:00:00,3.4,421.0,1.35,5.6,0.0,143140000.0
2025-11-11 15:00:00,3.2,419.0,1.27,5.7,-1.2,134080000.00000001
2025-11-11 16:00:00,3.1,415.0,1.2,5.8,-0.9,128650000.0
2025-11-11 17:00:00,3.5,412.0,1.31,6.0,-0.8,144200000.0
2025-11-11 18:00:00,3.4,412.0,1.28,6.2,0.3,140080000.0
2025-11-11 19:00:00,3.3,410.0,1.26,6.5,-0.4,135300000.0
2025-11-11 20:00:00,3.9,408.0,1.46,6.4,0.1,159120000.0
2025-11-11 21:00:00,3.2,400.0,1.09,5.9,-1.1,128000000.0
2025-11-11 22:00:00,3.2,400.0,1.08,6.1,-2.4,128000000.0
2025-11-11 23:00:00,9.2,469.0,4.81,10.9,-2.3,431479999.99999994
2025-11-12 00:00:00,25.4,598.0,20.02,33.6,-20.3,1518920000.0
2025-11-12 01:00:00,28.2,729.0,32.34,51.2,-32.6,2055780000.0
2025-11-12 02:00:00,26.3,713.0,29.65,44.4,-5.9,1875190000.0000002
2025-11-12 03:00:00,17.3,816.0,30.63,28.6,-7.5,1411680000.0
2025-11-12 04:00:00,6.0,793.0,7.91,40.5,-5.4,475800000.0
2025-11-12 05:00:00,7.3,815.0,11.82,45.4,-6.4,594950000.0
2025-11-12 06:00:00,3.9,793.0,5.54,43.3,1.0,309270000.0
2025-11-12 07:00:00,11.5,833.0,16.26,42.1,-21.2,957950000.0
2025-11-12 08:00:00,6.9,814.0,9.9,40.3,-12.7,561660000.0
2025-11-12 09:00:00,4.6,741.0,6.11,41.4,-19.5,340860000.0
2025-11-12 10:00:00,18.4,685.0,20.3,32.8,-10.6,1260399999.9999998
2025-11-12 11:00:00,14.9,695.0,16.83,29.3,7.0,1035550000.0
2025-11-12 12:00:00,1.9,786.0,2.52,35.2,9.0,149340000.0
2025-11-12 13:00:00,1.6,796.0,2.11,30.2,7.6,127360000.00000001
2025-11-12 14:00:00,1.6,729.0,1.8,26.4,8.5,116640000.00000001
2025-11-12 15:00:00,2.6,650.0,2.56,20.3,5.7,169000000.0
2025-11-12 16:00:00,9.9,553.0,7.18,13.9,2.9,547470000.0
2025-11-12 17:00:00,7.2,586.0,5.88,17.0,10.1,421920000.0
2025-11-12 18:00:00,4.3,584.0,3.23,16.2,8.5,251119999.99999997
2025-11-12 19:00:00,5.3,721.0,6.02,26.2,15.1,382130000.0
2025-11-12 20:00:00,12.4,805.0,18.41,27.8,13.9,998200000.0
2025-11-12 21:00:00,10.2,747.0,13.16,21.9,15.2,761940000.0
2025-11-12 22:00:00,5.0,859.0,7.96,21.8,8.7,429500000.0
2025-11-12 23:00:00,3.9,851.0,5.81,22.4,6.4,331890000.0
2025-11-13 00:00:00,5.3,907.0,7.78,20.7,-9.3,480709999.99999994
2025-11-13 01:00:00,5.2,941.0,9.21,15.6,-12.0,489320000.0
2025-11-13 02:00:00,6.3,917.0,11.71,14.3,-3.5,577710000.0
2025-11-13 03:00:00,6.6,942.0,11.19,16.8,-3.2,621720000.0
2025-11-13 04:00:00,7.4,905.0,14.45,16.8,0.9,669700000.0
2025-11-13 05:00:00,5.8,897.0,9.85,14.3,-3.6,520259999.99999994
2025-11-13 06:00:00,3.7,876.0,5.46,12.8,-4.6,324120000.0
2025-11-13 07:00:00,2.1,861.0,3.46,12.4,-2.3,180810000.0
2025-11-13 08:00:00,0.5,849.0,0.88,12.3,-0.0,42450000.0
2025-11-13 09:00:00,0.7,848.0,1.3,12.2,1.5,59359999.99999999
2025-11-13 10:00:00,0.7,842.0,1.21,11.8,2.1,58940000.0
2025-11-13 11:00:00,0.3,855.0,0.51,11.3,3.0,25650000.0
2025-11-13 12:00:00,0.4,844.0,0.68,11.0,3.4,33760000.0
2025-11-13 13:00:00,0.4,801.0,0.6,10.9,3.9,32040000.000000004
2025-11-13 14:00:00,19.9,770.0,24.98,9.7,6.8,1532299999.9999998
2025-11-13 15:00:00,9.6,764.0,11.72,7.5,4.2,733440000.0
2025-11-13 16:00:00,5.5,759.0,6.79,7.8,4.2,417450000.0
2025-11-13 17:00:00,2.6,759.0,3.15,9.5,4.1,197340000.0
2025-11-13 18:00:00,2.2,742.0,2.77,8.3,1.0,163240000.0
2025-11-13 19:00:00,0.7,732.0,0.91,7.6,1.3,51240000.0
2025-11-13 20:00:00,0.6,709.0,0.7,7.3,2.8,42540000.0
2025-11-13 21:00:00,0.5,698.0,0.58,7.0,2.7,34900000.0
2025-11-13 22:00:00,0.6,689.0,0.66,6.8,3.3,41340000.0
2025-11-13 23:00:00,0.7,672.0,0.71,6.5,3.3,47040000.0
2025-11-14 00:00:00,0.8,665.0,0.82,6.2,2.8,53200000.0
2025-11-14 01:00:00,0.9,646.0,0.85,6.2,2.2,58140000.0
2025-11-14 02:00:00,0.9,633.0,0.76,6.3,1.6,56970000.00000001
2025-11-14 03:00:00,1.0,636.0,0.81,6.4,3.6,63600000.0
2025-11-14 04:00:00,1.2,634.0,0.91,6.4,4.5,76080000.0
2025-11-14 05:00:00,1.2,625.0,0.87,6.4,4.4,75000000.0
2025-11-14 06:00:00,1.1,616.0,0.78,6.4,4.3,67760000.0
2025-11-14 07:00:00,1.1,614.0,0.77,6.2,4.2,67540000.00000001
2025-11-14 08:00:00,1.2,609.0,0.84,6.2,3.8,73080000.0
2025-11-14 09:00:00,1.5,597.0,1.05,6.3,2.8,89550000.0
2025-11-14 10:00:00,1.9,597.0,1.38,6.3,3.4,113430000.0
2025-11-14 11:00:00,2.0,590.0,1.42,6.3,4.5,118000000.0
2025-11-14 12:00:00,1.9,594.0,1.37,6.1,5.5,112859999.99999999
2025-11-14 13:00:00,1.7,589.0,1.2,5.9,5.1,100130000.0
2025-11-14 14:00:00,1.6,581.0,1.12,6.3,4.7,92960000.0
2025-11-14 15:00:00,1.3,597.0,0.9,6.6,4.2,77610000.0
2025-11-14 16:00:00,0.9,574.0,0.56,6.5,3.7,51660000.0
2025-11-14 17:00:00,1.1,559.0,0.68,6.1,1.9,61490000.00000001
2025-11-14 18:00:00,1.2,543.0,0.73,6.0,1.4,65160000.0
2025-11-14 19:00:00,1.1,562.0,0.7,6.4,3.6,61820000.00000001
2025-11-14 20:00:00,1.1,577.0,0.74,6.6,4.0,63470000.00000001
2025-11-14 21:00:00,1.1,569.0,0.71,6.7,3.7,62590000.00000001
2025-11-14 22:00:00,1.0,564.0,0.65,6.8,2.9,56400000.0
2025-11-14 23:00:00,1.0,566.0,0.68,6.7,2.2,56600000.0
2025-11-15 00:00:00,1.2,563.0,0.78,6.7,2.6,67560000.0
2025-11-15 01:00:00,2.2,608.0,1.56,5.9,4.1,133760000.00000001
2025-11-15 02:00:00,2.4,591.0,1.57,5.5,1.8,141840000.0
2025-11-15 03:00:00,2.6,605.0,1.78,5.3,2.8,157300000.0
2025-11-15 04:00:00,2.3,582.0,1.46,5.2,0.0,133859999.99999999
2025-11-15 05:00:00,2.5,595.0,1.65,5.5,-0.9,148750000.0
2025-11-15 06:00:00,2.2,576.0,1.36,5.4,0.3,126720000.0
2025-11-15 07:00:00,2.4,569.0,1.44,5.4,-0.5,136560000.0
2025-11-15 08:00:00,2.5,574.0,1.52,5.5,-2.0,143500000.0
2025-11-15 09:00:00,2.6,579.0,1.61,5.6,-1.7,150540000.0
2025-11-15 10:00:00,2.4,555.0,1.35,5.6,1.7,133200000.0
2025-11-15 11:00:00,2.5,556.0,1.41,5.8,0.4,139000000.0
2025-11-15 12:00:00,2.3,547.0,1.26,5.9,0.4,125809999.99999999
2025-11-15 13:00:00,2.4,559.0,1.39,6.2,-0.7,134159999.99999999
2025-11-15 14:00:00,2.3,554.0,1.31,6.4,1.8,127419999.99999999
2025-11-15 15:00:00,2.3,545.0,1.29,6.1,-0.1,125350000.0
2025-11-15 16:00:00,2.3,550.0,1.35,6.0,1.6,126500000.0
2025-11-15 17:00:00,2.1,538.0,1.2,6.0,-1.3,112980000.0
2025-11-15 18:00:00,2.5,547.0,1.44,6.0,-2.7,136750000.0
2025-11-15 19:00:00,2.7,551.0,1.56,5.9,-1.7,148770000.0
2025-11-15 20:00:00,2.6,546.0,1.47,6.0,-1.5,141960000.0
2025-11-15 21:00:00,2.7,550.0,1.54,6.0,-2.0,148500000.0
2025-11-15 22:00:00,2.9,568.0,1.79,6.3,-1.3,164720000.0
2025-11-15 23:00:00,2.9,555.0,1.71,6.4,3.5,160950000.0
2025-11-16 00:00:00,2.5,537.0,1.37,6.3,1.4,134250000.0
2025-11-16 01:00:00,2.9,555.0,1.7,6.3,-0.1,160950000.0
2025-11-16 02:00:00,4.4,604.0,3.09,8.4,1.6,265760000.00000003
2025-11-16 03:00:00,5.7,618.0,4.35,9.1,1.7,352260000.0
2025-11-16 04:00:00,5.9,631.0,4.5,9.0,-3.1,372290000.0
2025-11-16 05:00:00,6.1,647.0,4.86,11.7,6.7,394670000.0
2025-11-16 06:00:00,6.7,694.0,5.97,14.7,12.0,464980000.0
2025-11-16 07:00:00,6.4,675.0,5.43,12.7,8.4,432000000.0
2025-11-16 08:00:00,7.7,662.0,6.24,10.6,7.1,509740000.00000006
2025-11-16 09:00:00,7.4,659.0,5.99,8.9,1.8,487660000.00000006
2025-11-16 10:00:00,7.2,636.0,5.33,7.3,0.8,457920000.0
2025-11-16 11:00:00,5.9,607.0,4.05,9.0,-1.9,358130000.0
2025-11-16 12:00:00,5.9,609.0,4.01,8.9,-1.2,359310000.00000006
2025-11-16 13:00:00,5.3,613.0,3.54,8.0,-1.5,324890000.0
2025-11-16 14:00:00,4.9,613.0,3.22,7.8,3.0,300370000.0
2025-11-16 15:00:00,4.2,614.0,2.83,7.4,2.3,257880000.00000003
2025-11-16 16:00:00,3.7,600.0,2.37,7.5,-0.7,222000000.0
2025-11-16 17:00:00,3.5,608.0,2.34,7.2,-1.7,212800000.0
2025-11-16 18:00:00,3.6,608.0,2.4,6.9,-1.1,218880000.00000003
2025-11-16 19:00:00,3.5,597.0,2.26,6.8,-1.8,208950000.0
2025-11-16 20:00:00,3.2,589.0,2.0,6.7,-0.8,188480000.00000003
2025-11-16 21:00:00,2.9,581.0,1.8,5.7,-0.7,168490000.0
2025-11-16 22:00:00,2.9,566.0,1.69,5.5,-3.2,164140000.0
2025-11-16 23:00:00,3.2,556.0,1.85,5.0,-3.2,177920000.0
2025-11-17 00:00:00,3.6,534.0,2.02,4.7,-1.6,192240000.0
2025-11-17 01:00:00,4.2,536.0,2.39,4.7,-2.6,225120000.00000003
2025-11-17 02:00:00,4.1,534.0,2.32,5.3,-1.2,218939999.99999997
2025-11-17 03:00:00,4.4,532.0,2.45,5.9,-2.0,234080000.00000003
2025-11-17 04:00:00,3.5,550.0,2.04,5.7,1.0,192500000.0
2025-11-17 05:00:00,3.4,531.0,1.79,5.7,-2.8,180540000.0
2025-11-17 06:00:00,3.1,529.0,1.65,5.9,0.5,163990000.0
2025-11-17 07:00:00,2.1,536.0,1.14,6.2,2.5,112560000.00000001
2025-11-17 08:00:00,2.0,532.0,1.03,6.3,3.5,106400000.0
2025-11-17 09:00:00,2.2,534.0,1.14,5.9,1.9,117480000.00000001
2025-11-17 10:00:00,2.5,529.0,1.3,5.8,1.8,132250000.0
2025-11-17 11:00:00,2.4,526.0,1.23,6.1,2.1,126239999.99999999
2025-11-17 12:00:00,2.4,519.0,1.2,5.9,0.1,124559999.99999999
2025-11-17 13:00:00,2.6,524.0,1.34,5.6,3.4,136240000.0
2025-11-17 14:00:00,2.5,515.0,1.24,5.6,1.2,128750000.0
2025-11-17 15:00:00,2.4,500.0,1.1,5.6,2.3,120000000.0
2025-11-17 16:00:00,2.7,510.0,1.28,5.7,1.1,137700000.0
2025-11-17 17:00:00,2.8,504.0,1.3,5.6,1.5,141119999.99999997
2025-11-17 18:00:00,3.2,512.0,1.53,5.6,3.8,163840000.0
2025-11-17 19:00:00,3.7,503.0,1.68,6.0,-1.5,186110000.0
2025-11-17 20:00:00,4.9,501.0,2.22,6.1,-0.5,245490000.0
2025-11-17 21:00:00,4.4,499.0,2.03,6.4,5.3,219560000.00000003
2025-11-17 22:00:00,4.6,496.0,2.09,7.1,3.2,228160000.0
2025-11-17 23:00:00,4.6,495.0,2.09,7.2,1.7,227700000.0
2025-11-18 00:00:00,4.8,499.0,2.18,6.5,-1.2,239519999.99999997
2025-11-18 01:00:00,3.9,495.0,1.73,6.5,0.8,193050000.0
2025-11-18 02:00:00,3.4,489.0,1.52,6.6,-0.1,166260000.0
2025-11-18 03:00:00,4.0,492.0,1.77,6.4,0.1,196800000.0
2025-11-18 04:00:00,6.3,486.0,2.7,6.3,-1.7,306180000.0
2025-11-18 05:00:00,5.7,478.0,2.33,6.6,-2.7,272460000.0
2025-11-18 06:00:00,6.3,471.0,2.45,6.4,-1.1,296730000.0
2025-11-18 07:00:00,6.0,477.0,2.45,6.4,-0.4,286200000.0
2025-11-18 08:00:00,4.6,474.0,1.92,6.5,1.5,218039999.99999997
2025-11-18 09:00:00,5.5,468.0,2.28,6.3,1.6,257400000.0
2025-11-18 10:00:00,5.5,465.0,2.23,6.2,1.5,255750000.0
2025-11-18 11:00:00,4.7,463.0,1.86,6.2,2.2,217610000.0
2025-11-18 12:00:00,4.6,458.0,1.8,6.1,2.1,210679999.99999997
2025-11-18 13:00:00,4.4,456.0,1.72,6.0,1.7,200640000.0
2025-11-18 14:00:00,3.9,457.0,1.57,6.0,1.6,178230000.0
2025-11-18 15:00:00,4.2,450.0,1.6,6.0,1.9,189000000.0
2025-11-18 16:00:00,4.3,444.0,1.61,5.8,2.0,190919999.99999997
2025-11-18 17:00:00,4.2,442.0,1.58,5.7,2.1,185640000.0
2025-11-18 18:00:00,3.6,438.0,1.39,5.7,1.7,157680000.0
2025-11-18 19:00:00,3.6,439.0,1.43,5.7,1.3,158040000.0
2025-11-18 20:00:00,3.7,427.0,1.4,5.7,1.0,157990000.0
2025-11-18 21:00:00,4.2,423.0,1.58,5.9,0.1,177660000.0
2025-11-18 22:00:00,3.8,416.0,1.38,5.9,0.9,158080000.0
2025-11-18 23:00:00,3.8,410.0,1.34,5.7,1.4,155800000.0
2025-11-19 00:00:00,4.1,417.0,1.51,5.5,1.2,170969999.99999997
2025-11-19 01:00:00,4.5,411.0,1.6,5.3,0.6,184950000.0
2025-11-19 02:00:00,3.9,391.0,1.25,5.3,1.2,152490000.0
2025-11-19 03:00:00,4.0,386.0,1.21,5.4,1.5,154400000.0
2025-11-19 04:00:00,4.1,384.0,1.28,5.2,1.0,157440000.0
2025-11-19 05:00:00,4.2,385.0,1.33,5.1,1.5,161700000.0
2025-11-19 06:00:00,4.3,381.0,1.33,5.1,1.6,163830000.0
2025-11-19 07:00:00,4.9,387.0,1.55,5.7,1.9,189630000.00000003
2025-11-19 08:00:00,5.9,396.0,1.97,7.0,3.2,233640000.0
2025-11-19 09:00:00,5.8,400.0,1.97,7.8,1.9,232000000.0
2025-11-19 10:00:00,6.2,400.0,2.05,8.0,4.2,248000000.0
2025-11-19 11:00:00,6.3,401.0,2.17,7.9,3.5,252629999.99999997
2025-11-19 12:00:00,7.3,403.0,2.53,7.8,4.1,294190000.0
2025-11-19 13:00:00,8.2,397.0,2.73,8.0,4.5,325539999.99999994
2025-11-19 14:00:00,8.6,399.0,2.84,8.4,7.0,343139999.99999994
2025-11-19 15:00:00,7.5,392.0,2.43,7.8,7.4,294000000.0
2025-11-19 16:00:00,7.1,379.0,2.13,7.1,5.6,269090000.0
2025-11-19 17:00:00,6.7,368.0,1.95,7.0,4.1,246560000.0
2025-11-19 18:00:00,4.9,368.0,1.38,7.5,-1.2,180320000.0
2025-11-19 19:00:00,6.0,370.0,1.83,6.9,0.5,222000000.0
2025-11-19 20:00:00,6.2,367.0,1.91,6.7,0.1,227540000.0
2025-11-19 21:00:00,7.2,373.0,2.28,6.4,2.6,268560000.0
2025-11-19 22:00:00,7.1,366.0,2.2,6.5,2.7,259860000.0
2025-11-19 23:00:00,7.3,365.0,2.31,6.5,1.3,266450000.0
2025-11-20 00:00:00,7.9,369.0,2.51,6.6,2.2,291510000.0
2025-11-20 01:00:00,8.1,368.0,2.54,6.8,3.0,298080000.0
2025-11-20 02:00:00,7.3,361.0,2.19,7.2,-1.5,263529999.99999997
2025-11-20 03:00:00,6.6,355.0,1.9,7.3,-2.7,234300000.0
2025-11-20 04:00:00,6.5,352.0,1.86,7.3,-2.6,228800000.0
2025-11-20 05:00:00,7.2,359.0,2.08,7.4,-1.6,258480000.00000003
2025-11-20 06:00:00,7.6,359.0,2.22,7.8,1.3,272840000.0
2025-11-20 07:00:00,8.6,364.0,2.52,8.3,4.1,313040000.0
2025-11-20 08:00:00,9.1,359.0,2.62,8.9,4.5,326690000.0
2025-11-20 09:00:00,10.1,361.0,2.92,10.4,5.7,364610000.0
2025-11-20 10:00:00,12.2,390.0,3.79,12.8,10.0,475800000.0
2025-11-20 11:00:00,14.9,407.0,4.8,13.9,11.8,606430000.0
2025-11-20 12:00:00,15.8,402.0,5.01,14.7,10.8,635160000.0
2025-11-20 13:00:00,15.3,396.0,4.39,16.2,12.9,605880000.0
2025-11-20 14:00:00,13.5,398.0,3.87,16.5,14.3,537300000.0
2025-11-20 15:00:00,8.3,407.0,2.53,17.3,1.2,337810000.00000006
2025-11-20 16:00:00,10.4,415.0,3.25,15.8,1.1,431600000.0
2025-11-20 17:00:00,11.2,408.0,3.42,13.9,1.4,456959999.99999994
2025-11-20 18:00:00,11.7,401.0,3.53,13.4,1.1,469170000.0
2025-11-20 19:00:00,10.4,422.0,3.4,13.7,-5.9,438880000.0
2025-11-20 20:00:00,9.8,414.0,3.02,14.2,-5.5,405720000.0
2025-11-20 21:00:00,9.5,414.0,2.96,12.9,-5.5,393300000.0
2025-11-20 22:00:00,6.4,425.0,2.12,13.8,-6.1,272000000.0
2025-11-20 23:00:00,6.0,417.0,1.94,13.2,-4.8,250200000.0
2025-11-21 00:00:00,4.9,419.0,1.64,13.7,-3.5,205310000.00000003
2025-11-21 01:00:00,3.9,412.0,1.22,13.2,1.9,160680000.0
2025-11-21 02:00:00,4.3,420.0,1.43,11.8,0.9,180600000.0
2025-11-21 03:00:00,3.4,427.0,1.21,13.3,6.9,145180000.0
2025-11-21 04:00:00,7.1,441.0,2.58,11.1,2.1,313110000.0
2025-11-21 05:00:00,7.5,452.0,2.78,10.1,2.7,339000000.0
2025-11-21 06:00:00,6.0,451.0,2.27,10.5,2.3,270600000.0
2025-11-21 07:00:00,6.3,454.0,2.39,10.1,2.3,286020000.0
2025-11-21 08:00:00,7.5,435.0,2.53,9.9,1.5,326250000.0
2025-11-21 09:00:00,7.5,440.0,2.61,9.1,-0.8,330000000.0
2025-11-21 10:00:00,8.8,427.0,2.84,9.1,-1.6,375760000.00000006
2025-11-21 11:00:00,8.7,439.0,2.95,9.8,-0.5,381930000.0
2025-11-21 12:00:00,8.5,441.0,2.89,10.2,1.1,374850000.0
2025-11-21 13:00:00,8.3,433.0,2.72,9.7,1.1,359390000.0
2025-11-21 14:00:00,9.3,423.0,2.89,9.3,-1.4,393390000.0
2025-11-21 15:00:00,9.0,417.0,2.75,9.3,-0.7,375300000.0
2025-11-21 16:00:00,8.0,427.0,2.63,10.0,-2.2,341600000.0
2025-11-21 17:00:00,8.4,434.0,2.82,9.9,-3.7,364560000.00000006
2025-11-21 18:00:00,7.8,426.0,2.54,9.7,-2.6,332280000.0
2025-11-21 19:00:00,8.2,433.0,2.67,9.5,-3.5,355060000.0
2025-11-21 20:00:00,4.6,449.0,1.69,7.9,1.3,206539999.99999997
2025-11-21 21:00:00,7.0,435.0,2.37,6.4,4.2,304500000.0
2025-11-21 22:00:00,6.6,429.0,2.14,6.5,0.5,283139999.99999994
2025-11-21 23:00:00,6.9,430.0,2.22,7.2,0.1,296700000.0
2025-11-22 00:00:00,6.7,444.0,2.27,7.6,-2.1,297480000.0
2025-11-22 01:00:00,6.7,431.0,2.17,7.0,1.2,288770000.0
2025-11-22 02:00:00,6.2,425.0,2.02,6.3,2.7,263500000.0
2025-11-22 03:00:00,5.6,436.0,1.94,6.3,0.5,244160000.0
2025-11-22 04:00:00,5.9,434.0,2.04,5.6,-0.5,256060000.00000003
2025-11-22 05:00:00,6.0,428.0,2.02,5.3,2.8,256800000.0
2025-11-22 06:00:00,6.4,419.0,2.09,5.2,1.9,268160000.00000003
2025-11-22 07:00:00,6.5,418.0,2.12,5.5,1.9,271700000.0
2025-11-22 08:00:00,6.3,414.0,2.01,5.1,2.2,260819999.99999997
2025-11-22 09:00:00,6.8,424.0,2.22,5.0,2.7,288320000.0
2025-11-22 10:00:00,7.0,427.0,2.3,6.3,1.9,298900000.0
2025-11-22 11:00:00,7.1,431.0,2.38,6.5,1.0,306010000.0
2025-11-22 12:00:00,7.9,434.0,2.66,6.4,0.4,342860000.00000006
2025-11-22 13:00:00,7.0,427.0,2.34,6.2,0.2,298900000.0
2025-11-22 14:00:00,7.6,423.0,2.61,6.0,2.3,321480000.0
2025-11-22 15:00:00,7.7,428.0,2.64,5.9,2.5,329560000.0
2025-11-22 16:00:00,6.9,420.0,2.24,5.4,-1.4,289800000.0
2025-11-22 17:00:00,6.2,406.0,1.96,5.2,-0.6,251720000.00000003
2025-11-22 18:00:00,6.4,418.0,2.14,6.3,-2.1,267520000.00000003
2025-11-22 19:00:00,7.2,420.0,2.44,6.9,-0.3,302400000.0
2025-11-22 20:00:00,7.0,417.0,2.36,7.2,-0.3,291900000.0
2025-11-22 21:00:00,6.5,394.0,1.89,8.4,3.2,256100000.0
2025-11-22 22:00:00,7.4,417.0,2.41,8.8,-1.9,308580000.0
2025-11-22 23:00:00,7.9,425.0,2.62,8.6,-3.6,335750000.0
2025-11-23 00:00:00,6.1,393.0,1.78,8.3,0.0,239729999.99999997
2025-11-23 01:00:00,4.8,368.0,1.28,7.3,1.1,176640000.0
2025-11-23 02:00:00,4.4,360.0,1.16,7.0,0.9,158400000.00000003
2025-11-23 03:00:00,4.7,374.0,1.27,7.3,-0.7,175780000.0
2025-11-23 04:00:00,6.0,374.0,1.64,8.5,1.0,224400000.0
2025-11-23 05:00:00,6.5,389.0,1.84,9.0,3.8,252850000.0
2025-11-23 06:00:00,7.0,409.0,2.23,7.5,4.1,286300000.0
2025-11-23 07:00:00,13.0,428.0,4.57,4.6,-0.4,556400000.0
2025-11-23 08:00:00,11.0,428.0,3.96,6.5,0.8,470800000.0
2025-11-23 09:00:00,9.1,408.0,3.19,6.4,-1.9,371280000.0
2025-11-23 10:00:00,10.1,425.0,3.74,6.8,-2.3,429250000.0
2025-11-23 11:00:00,11.1,424.0,4.04,7.3,-3.1,470639999.99999994
2025-11-23 12:00:00,12.0,428.0,4.39,8.8,-5.7,513600000.0
2025-11-23 13:00:00,14.4,433.0,5.66,8.3,-0.5,623520000.0
2025-11-23 14:00:00,11.9,425.0,4.25,9.1,4.0,505750000.0
2025-11-23 15:00:00,6.3,448.0,2.45,11.8,-3.3,282240000.0
2025-11-23 16:00:00,7.1,460.0,2.85,11.8,-1.0,326600000.0
2025-11-23 17:00:00,7.2,462.0,3.01,11.9,-0.4,332640000.0
2025-11-23 18:00:00,9.4,450.0,3.73,12.0,2.4,423000000.0
2025-11-23 19:00:00,9.5,439.0,3.63,12.7,6.0,417050000.0
2025-11-23 20:00:00,10.5,444.0,4.34,11.8,2.5,466200000.0
2025-11-23 21:00:00,12.1,449.0,5.48,10.9,-2.4,543290000.0
2025-11-23 22:00:00,12.6,450.0,5.64,11.0,-4.2,567000000.0
2025-11-23 23:00:00,12.3,462.0,5.56,10.9,0.3,568260000.0
2025-11-24 00:00:00,12.7,477.0,5.91,7.7,-1.4,605790000.0
2025-11-24 01:00:00,11.6,455.0,5.25,8.8,0.8,527800000.0
2025-11-24 02:00:00,11.0,451.0,4.9,9.1,-2.8,496100000.0
2025-11-24 03:00:00,11.2,450.0,5.06,9.6,-4.2,504000000.0
2025-11-24 04:00:00,11.7,457.0,5.21,10.3,-1.5,534689999.99999994
2025-11-24 05:00:00,10.9,472.0,5.13,10.9,-3.8,514480000.0
2025-11-24 06:00:00,9.7,456.0,4.88,10.1,-0.8,442320000.0
2025-11-24 07:00:00,9.3,461.0,4.26,12.2,-2.0,428730000.0
2025-11-24 08:00:00,11.4,481.0,6.17,10.9,-1.9,548340000.0
2025-11-24 09:00:00,13.3,524.0,7.83,10.4,4.1,696920000.0000001
2025-11-24 10:00:00,13.6,553.0,8.39,9.2,3.9,752080000.0
2025-11-24 11:00:00,7.5,574.0,5.48,13.3,-2.5,430500000.0
2025-11-24 12:00:00,4.8,661.0,4.74,12.7,-4.7,317280000.0
2025-11-24 13:00:00,5.7,691.0,5.33,11.9,-4.0,393870000.0
2025-11-24 14:00:00,5.9,688.0,5.26,11.3,-1.6,405920000.0
2025-11-24 15:00:00,4.3,698.0,4.03,11.6,-1.8,300140000.0
2025-11-24 16:00:00,3.8,690.0,3.43,10.8,-4.2,262200000.0
2025-11-24 17:00:00,3.1,683.0,2.75,10.0,-3.2,211730000.00000003
2025-11-24 18:00:00,2.6,706.0,2.5,8.6,0.4,183560000.0
2025-11-24 19:00:00,2.3,671.0,1.93,8.4,-0.6,154330000.0
2025-11-24 20:00:00,2.3,692.0,2.2,8.2,1.3,159160000.0
2025-11-24 21:00:00,2.3,687.0,2.08,8.5,-0.3,158010000.0
2025-11-24 22:00:00,2.3,691.0,2.17,7.9,-1.0,158930000.0
2025-11-24 23:00:00,2.5,708.0,2.44,7.4,-1.0,177000000.0
2025-11-25 00:00:00,2.8,705.0,2.65,8.1,-1.1,197399999.99999997
2025-11-25 01:00:00,2.4,702.0,2.25,8.4,-0.8,168480000.0
2025-11-25 02:00:00,2.7,741.0,2.84,7.8,-1.0,200070000.0
2025-11-25 03:00:00,2.9,735.0,3.0,7.6,-2.2,213150000.0
2025-11-25 04:00:00,2.5,705.0,2.32,8.0,-0.7,176250000.0
2025-11-25 05:00:00,2.6,722.0,2.61,8.2,-3.4,187720000.0
2025-11-25 06:00:00,2.4,723.0,2.57,7.9,-1.2,173520000.0
2025-11-25 07:00:00,2.7,733.0,2.83,7.4,-1.8,197910000.0
2025-11-25 08:00:00,3.2,769.0,3.68,7.7,-4.7,246080000.00000003
2025-11-25 09:00:00,3.0,764.0,3.42,7.5,-3.1,229200000.0
2025-11-25 10:00:00,2.8,767.0,3.2,7.4,-0.7,214760000.0
2025-11-25 11:00:00,2.6,777.0,3.12,7.0,-0.1,202020000.0
2025-11-25 12:00:00,2.8,811.0,3.57,7.0,-1.1,227079999.99999997
2025-11-25 13:00:00,2.7,782.0,3.15,6.8,-0.3,211140000.0
2025-11-25 14:00:00,2.7,794.0,3.27,6.2,-2.0,214380000.00000003
2025-11-25 15:00:00,2.6,780.0,3.09,6.5,-0.7,202800000.0
2025-11-25 16:00:00,2.8,797.0,3.43,6.8,-1.2,223160000.0
2025-11-25 17:00:00,2.7,785.0,3.19,6.9,-0.5,211950000.0
2025-11-25 18:00:00,2.5,781.0,2.94,6.8,0.0,195250000.0
2025-11-25 19:00:00,2.8,800.0,3.5,7.2,-2.5,224000000.0
2025-11-25 20:00:00,2.8,813.0,3.65,6.6,0.4,227639999.99999997
2025-11-25 21:00:00,2.8,775.0,3.28,6.2,0.7,217000000.0
2025-11-25 22:00:00,2.8,779.0,3.45,6.4,0.7,218119999.99999997
2025-11-25 23:00:00,3.0,783.0,3.65,6.6,-0.5,234900000.0
2025-11-26 00:00:00,2.8,784.0,3.41,6.5,-1.6,219519999.99999997
2025-11-26 01:00:00,2.5,786.0,3.07,6.7,0.8,196500000.0
2025-11-26 02:00:00,3.2,751.0,3.41,6.5,1.8,240320000.00000003
2025-11-26 03:00:00,2.9,784.0,3.46,6.3,0.3,227360000.0
2025-11-26 04:00:00,2.6,821.0,3.44,5.8,-2.3,213460000.0
2025-11-26 05:00:00,2.5,766.0,2.88,5.8,0.7,191500000.0
2025-11-26 06:00:00,2.4,757.0,2.74,6.3,-2.7,181680000.0
2025-11-26 07:00:00,2.4,709.0,2.42,6.5,1.4,170160000.0
2025-11-26 08:00:00,2.6,733.0,2.98,5.6,2.6,190580000.0
2025-11-26 09:00:00,2.6,736.0,3.04,5.5,1.0,191360000.0
2025-11-26 10:00:00,2.8,737.0,3.14,6.0,2.8,206360000.0
2025-11-26 11:00:00,2.9,717.0,3.03,5.9,0.5,207929999.99999997
2025-11-26 12:00:00,2.7,724.0,2.93,5.6,-0.4,195480000.00000003
2025-11-26 13:00:00,2.8,721.0,2.98,5.7,1.5,201880000.0
2025-11-26 14:00:00,2.8,722.0,2.97,5.6,2.9,202160000.0
2025-11-26 15:00:00,2.7,710.0,2.78,5.6,-0.1,191700000.00000003
2025-11-26 16:00:00,2.5,692.0,2.38,5.7,-1.6,173000000.0
2025-11-26 17:00:00,2.5,678.0,2.23,5.8,-0.6,169500000.0
2025-11-26 18:00:00,2.4,649.0,1.93,6.5,0.1,155760000.0
2025-11-26 19:00:00,2.3,662.0,1.9,6.4,-0.8,152260000.0
2025-11-26 20:00:00,2.3,723.0,2.34,5.5,1.0,166290000.0
2025-11-26 21:00:00,2.2,725.0,2.26,5.4,-0.6,159500000.00000003
2025-11-26 22:00:00,2.1,722.0,2.16,5.1,-0.4,151620000.0
2025-11-26 23:00:00,2.1,730.0,2.21,4.9,-2.2,153300000.0
2025-11-27 00:00:00,2.2,728.0,2.31,4.9,-0.5,160160000.0
2025-11-27 01:00:00,2.2,713.0,2.2,5.1,1.8,156860000.0
2025-11-27 02:00:00,2.4,715.0,2.47,4.3,0.9,171600000.0
2025-11-27 03:00:00,2.6,722.0,2.69,4.0,0.4,187720000.0
2025-11-27 04:00:00,2.7,723.0,2.81,4.7,-1.4,195210000.0
2025-11-27 05:00:00,2.8,717.0,2.82,4.8,-1.8,200760000.0
2025-11-27 06:00:00,3.0,721.0,3.0,4.8,-1.8,216300000.0
2025-11-27 07:00:00,2.9,725.0,2.89,5.1,-1.0,210250000.0
2025-11-27 08:00:00,2.9,696.0,2.72,4.9,-1.5,201840000.0
2025-11-27 09:00:00,2.8,715.0,2.86,5.4,-3.2,200199999.99999997
2025-11-27 10:00:00,2.7,678.0,2.45,5.6,-1.2,183060000.0
2025-11-27 11:00:00,2.8,680.0,2.49,6.3,-4.5,190399999.99999997
2025-11-27 12:00:00,3.2,684.0,2.88,6.6,-3.7,218880000.00000003
2025-11-27 13:00:00,3.5,676.0,3.03,6.4,-0.8,236600000.0
2025-11-27 14:00:00,2.9,640.0,2.2,6.1,-0.1,185600000.0
2025-11-27 15:00:00,2.5,628.0,1.85,6.3,-0.8,157000000.0
2025-11-27 16:00:00,2.6,625.0,1.91,6.4,-0.2,162500000.0
2025-11-27 17:00:00,2.7,628.0,1.99,6.4,-0.4,169560000.0
2025-11-27 18:00:00,,,,,,
2025-11-27 19:00:00,,,,,,
2025-11-27 20:00:00,,,,,,
2025-11-27 21:00:00,,,,,,
2025-11-27 22:00:00,,,,,,
2025-11-27 23:00:00,3.1,671.0,2.77,6.4,2.5,208010000.0
2025-11-28 00:00:00,3.3,659.0,2.92,5.6,0.5,217469999.99999997
2025-11-28 01:00:00,3.2,642.0,2.7,5.5,-0.9,205440000.0
2025-11-28 02:00:00,3.2,664.0,2.76,5.9,-2.3,212480000.00000003
2025-11-28 03:00:00,3.1,661.0,2.64,5.8,-0.6,204910000.0
2025-11-28 04:00:00,3.4,660.0,2.8,6.0,-1.9,224400000.0
2025-11-28 05:00:00,3.0,650.0,2.45,5.8,0.8,195000000.0
2025-11-28 06:00:00,2.7,633.0,2.04,6.2,-2.5,170910000.0
2025-11-28 07:00:00,2.6,627.0,2.01,5.9,-1.3,163020000.0
2025-11-28 08:00:00,3.1,644.0,2.55,5.8,-2.2,199640000.0
2025-11-28 09:00:00,3.3,643.0,2.77,5.7,-2.4,212190000.0
2025-11-28 10:00:00,3.2,633.0,2.67,6.1,-3.2,202560000.0
2025-11-28 11:00:00,3.3,633.0,2.77,5.6,0.3,208890000.0
2025-11-28 12:00:00,3.3,639.0,2.81,5.5,-2.0,210869999.99999997
2025-11-28 13:00:00,3.5,633.0,2.83,5.8,0.1,221550000.0
2025-11-28 14:00:00,3.5,633.0,2.82,5.4,-0.1,221550000.0
2025-11-28 15:00:00,3.5,633.0,2.8,5.6,-2.4,221550000.0
2025-11-28 16:00:00,3.3,617.0,2.55,5.6,-1.4,203610000.0
2025-11-28 17:00:00,3.3,615.0,2.53,5.7,1.1,202950000.0
2025-11-28 18:00:00,3.2,602.0,2.34,5.7,0.2,192640000.0
2025-11-28 19:00:00,2.9,598.0,2.13,5.9,-0.3,173420000.0
2025-11-28 20:00:00,2.8,604.0,1.97,6.1,0.8,169119999.99999997
2025-11-28 21:00:00,2.7,604.0,1.88,6.0,0.4,163080000.00000003
2025-11-28 22:00:00,2.9,602.0,2.1,6.1,1.5,174580000.0
2025-11-28 23:00:00,2.6,602.0,1.84,5.9,-1.2,156520000.0
2025-11-29 00:00:00,2.3,609.0,1.7,5.6,0.6,140069999.99999997
2025-11-29 01:00:00,2.5,619.0,1.93,5.6,-0.8,154750000.0
2025-11-29 02:00:00,2.5,609.0,1.85,5.7,-1.6,152250000.0
2025-11-29 03:00:00,2.8,624.0,2.14,5.9,-1.6,174719999.99999997
2025-11-29 04:00:00,2.5,611.0,1.83,5.5,0.6,152750000.0
2025-11-29 05:00:00,2.6,613.0,1.93,5.6,-3.2,159380000.0
2025-11-29 06:00:00,2.6,624.0,1.98,5.7,-3.0,162240000.0
2025-11-29 07:00:00,2.4,591.0,1.57,5.9,-1.6,141840000.0
2025-11-29 08:00:00,2.5,605.0,1.77,5.9,-1.8,151250000.0
2025-11-29 09:00:00,2.6,613.0,1.98,5.9,-3.7,159380000.0
2025-11-29 10:00:00,2.9,611.0,2.18,5.9,-3.2,177190000.0
2025-11-29 11:00:00,2.9,603.0,2.13,5.6,0.6,174870000.0
2025-11-29 12:00:00,2.9,601.0,2.13,5.6,-1.6,174290000.0
2025-11-29 13:00:00,3.3,619.0,2.53,5.9,-3.0,204269999.99999997
2025-11-29 14:00:00,3.5,611.0,2.63,6.2,-0.9,213850000.0
2025-11-29 15:00:00,3.9,610.0,2.86,6.7,-1.2,237900000.0
2025-11-29 16:00:00,4.1,624.0,3.11,6.0,-1.6,255839999.99999997
2025-11-29 17:00:00,5.0,624.0,3.86,5.6,-0.9,312000000.0
2025-11-29 18:00:00,4.6,626.0,3.55,5.0,-0.6,287960000.0
2025-11-29 19:00:00,4.4,617.0,3.29,4.2,-0.8,271480000.0
2025-11-29 20:00:00,3.9,617.0,2.9,4.3,0.9,240629999.99999997
2025-11-29 21:00:00,3.8,621.0,2.88,3.5,-1.4,235979999.99999997
2025-11-29 22:00:00,4.1,621.0,3.08,4.9,-1.1,254610000.0
2025-11-29 23:00:00,4.3,611.0,3.07,5.9,0.0,262729999.99999997
2025-11-30 00:00:00,4.2,622.0,3.21,5.2,-1.7,261240000.0
2025-11-30 01:00:00,4.3,618.0,3.13,5.9,-1.7,265740000.0
2025-11-30 02:00:00,3.4,622.0,2.57,6.2,-3.7,211479999.99999997
2025-11-30 03:00:00,2.9,628.0,2.2,5.5,-0.4,182120000.0
2025-11-30 04:00:00,2.8,637.0,2.25,5.3,1.0,178360000.0
2025-11-30 05:00:00,2.7,617.0,2.04,5.1,0.2,166590000.0
2025-11-30 06:00:00,2.6,620.0,2.01,4.8,0.7,161200000.0
2025-11-30 07:00:00,2.3,594.0,1.65,5.5,0.5,136619999.99999997
2025-11-30 08:00:00,2.2,593.0,1.61,5.7,-1.7,130460000.00000001
2025-11-30 09:00:00,2.5,585.0,1.71,5.8,-1.2,146250000.0
2025-11-30 10:00:00,3.2,597.0,2.24,5.0,-0.4,191040000.0
2025-11-30 11:00:00,3.1,577.0,2.03,5.1,0.6,178870000.0
2025-11-30 12:00:00,3.2,597.0,2.19,5.2,0.4,191040000.0
2025-11-30 13:00:00,3.1,585.0,2.03,5.2,0.8,181350000.0
2025-11-30 14:00:00,2.8,583.0,1.89,4.8,-0.7,163240000.0
2025-11-30 15:00:00,2.6,590.0,1.81,4.6,-1.2,153400000.0
2025-11-30 16:00:00,2.6,573.0,1.73,4.7,1.0,148980000.0
2025-11-30 17:00:00,2.5,573.0,1.61,4.8,1.2,143250000.0
2025-11-30 18:00:00,2.4,559.0,1.43,4.9,1.1,134159999.99999999
2025-11-30 19:00:00,2.5,569.0,1.54,5.0,-0.2,142250000.0
2025-11-30 20:00:00,2.5,560.0,1.49,5.0,-1.4,140000000.0
2025-11-30 21:00:00,2.6,557.0,1.54,4.9,0.7,144820000.0
2025-11-30 22:00:00,2.3,549.0,1.38,5.3,-0.2,126269999.99999999
2025-11-30 23:00:00,2.3,561.0,1.44,5.0,-3.5,129030000.0
2025-12-01 00:00:00,2.4,540.0,1.42,4.5,-1.4,129600000.0
2025-12-01 01:00:00,3.0,537.0,1.73,4.3,0.6,161100000.0
2025-12-01 02:00:00,3.2,539.0,1.87,4.9,3.0,172480000.00000003
2025-12-01 03:00:00,3.3,530.0,1.91,4.5,1.7,174900000.0
2025-12-01 04:00:00,3.1,509.0,1.68,4.5,0.1,157790000.0
2025-12-01 05:00:00,3.5,507.0,1.83,4.6,-0.8,177450000.0
2025-12-01 06:00:00,3.8,504.0,2.0,4.8,1.3,191519999.99999997
2025-12-01 07:00:00,4.3,511.0,2.3,4.2,-0.2,219729999.99999997
2025-12-01 08:00:00,5.3,500.0,2.68,3.2,-1.6,265000000.0
2025-12-01 09:00:00,4.9,501.0,2.48,4.2,-2.6,245490000.0
2025-12-01 10:00:00,5.0,501.0,2.57,4.3,-2.2,250500000.0
2025-12-01 11:00:00,4.8,501.0,2.49,4.6,-1.4,240479999.99999997
2025-12-01 12:00:00,4.7,487.0,2.29,4.7,-1.1,228890000.0
2025-12-01 13:00:00,4.7,489.0,2.25,5.2,-0.7,229830000.00000003
2025-12-01 14:00:00,3.8,463.0,1.66,5.1,-1.9,175940000.0
2025-12-01 15:00:00,3.3,450.0,1.38,5.0,-2.0,148500000.0
2025-12-01 16:00:00,3.1,444.0,1.27,4.8,-1.7,137640000.0
2025-12-01 17:00:00,2.9,451.0,1.19,5.3,-1.5,130789999.99999999
2025-12-01 18:00:00,3.5,439.0,1.37,5.0,-1.1,153650000.0
2025-12-01 19:00:00,3.7,436.0,1.43,5.0,0.4,161320000.0
2025-12-01 20:00:00,3.5,433.0,1.31,5.0,0.5,151550000.0
2025-12-01 21:00:00,3.5,432.0,1.3,5.1,-1.4,151200000.0
2025-12-01 22:00:00,3.5,425.0,1.23,5.1,-1.6,148750000.0
2025-12-01 23:00:00,3.4,421.0,1.17,5.0,-1.3,143140000.0
2025-12-02 00:00:00,2.8,407.0,0.9,5.0,-0.6,113959999.99999999
2025-12-02 01:00:00,3.5,418.0,1.17,5.2,-1.6,146300000.0
2025-12-02 02:00:00,3.4,409.0,1.09,5.2,-0.8,139060000.0
2025-12-02 03:00:00,3.6,426.0,1.24,5.1,-1.8,153360000.0
2025-12-02 04:00:00,2.5,394.0,0.73,5.2,-1.2,98500000.0
2025-12-02 05:00:00,3.4,420.0,1.11,4.9,0.5,142800000.0
2025-12-02 06:00:00,4.0,442.0,1.46,4.7,0.1,176800000.0
2025-12-02 07:00:00,3.8,455.0,1.47,4.8,-0.9,172900000.0
2025-12-02 08:00:00,2.9,394.0,0.85,4.9,0.4,114259999.99999999
2025-12-02 09:00:00,3.0,397.0,0.88,5.1,2.4,119100000.0
2025-12-02 10:00:00,3.4,402.0,1.03,5.4,1.7,136680000.0
2025-12-02 11:00:00,3.5,385.0,1.0,5.8,1.9,134750000.0
2025-12-02 12:00:00,3.6,390.0,1.05,5.7,-2.0,140400000.0
2025-12-02 13:00:00,3.0,385.0,0.84,5.5,-2.0,115500000.0
2025-12-02 14:00:00,3.2,385.0,0.9,5.3,-1.4,123200000.0
2025-12-02 15:00:00,3.5,395.0,1.03,5.5,-1.6,138250000.0
2025-12-02 16:00:00,3.8,396.0,1.11,5.7,-1.7,150480000.0
2025-12-02 17:00:00,3.9,396.0,1.14,5.8,-3.0,154440000.0
2025-12-02 18:00:00,3.7,387.0,1.05,5.7,-2.4,143190000.0
2025-12-02 19:00:00,3.4,380.0,0.93,5.7,-2.4,129200000.0
2025-12-02 20:00:00,2.9,379.0,0.92,5.8,-1.6,109909999.99999999
2025-12-02 21:00:00,4.6,385.0,1.29,5.8,-3.3,177099999.99999997
2025-12-02 22:00:00,6.2,394.0,1.79,4.8,-0.7,244280000.00000003
2025-12-02 23:00:00,8.1,395.0,2.35,4.7,2.7,319950000.0
2025-12-03 00:00:00,9.4,400.0,2.8,6.4,4.7,376000000.0
2025-12-03 01:00:00,10.4,397.0,3.14,7.3,3.3,412880000.0
2025-12-03 02:00:00,11.8,404.0,3.86,6.7,0.3,476720000.00000006
2025-12-03 03:00:00,12.6,395.0,4.11,5.7,-0.0,497700000.0
2025-12-03 04:00:00,12.7,394.0,4.03,6.4,-0.2,500379999.99999994
2025-12-03 05:00:00,11.9,395.0,3.84,7.2,1.0,470050000.0
2025-12-03 06:00:00,10.1,386.0,3.03,8.9,-1.3,389860000.0
2025-12-03 07:00:00,9.6,378.0,2.71,9.6,-3.5,362880000.0
2025-12-03 08:00:00,9.3,376.0,2.56,9.4,-4.3,349680000.0
2025-12-03 09:00:00,10.5,374.0,2.8,9.2,-6.8,392700000.0
2025-12-03 10:00:00,10.3,375.0,2.75,9.2,-7.0,386250000.00000006
2025-12-03 11:00:00,9.2,373.0,2.46,9.8,-6.1,343160000.0
2025-12-03 12:00:00,9.8,377.0,2.62,10.7,-7.9,369460000.00000006
2025-12-03 13:00:00,13.2,393.0,3.83,13.2,-8.7,518759999.99999994
2025-12-03 14:00:00,12.9,395.0,3.79,15.3,-5.9,509550000.0
2025-12-03 15:00:00,13.6,397.0,4.1,16.1,-8.3,539920000.0
2025-12-03 16:00:00,14.7,425.0,4.82,15.9,-3.6,624750000.0
2025-12-03 17:00:00,24.7,473.0,9.93,13.4,-5.8,1168310000.0
2025-12-03 18:00:00,30.1,475.0,12.57,9.8,-9.2,1429750000.0
2025-12-03 19:00:00,40.8,461.0,16.39,8.0,-4.2,1880880000.0
2025-12-03 20:00:00,37.1,452.0,14.13,13.0,3.9,1676920000.0
2025-12-03 21:00:00,27.2,459.0,12.1,16.4,-13.2,1248480000.0
2025-12-03 22:00:00,37.0,463.0,16.58,15.3,-3.5,1713100000.0
2025-12-03 23:00:00,14.5,500.0,8.16,18.7,9.5,725000000.0
2025-12-04 00:00:00,9.7,532.0,6.31,18.6,4.5,516039999.99999994
2025-12-04 01:00:00,7.7,580.0,5.23,19.4,-7.7,446600000.0
2025-12-04 02:00:00,8.1,618.0,6.32,16.7,-5.2,500580000.0
2025-12-04 03:00:00,8.5,641.0,7.54,14.2,-0.8,544850000.0
2025-12-04 04:00:00,8.2,645.0,6.79,12.2,2.4,528899999.9999999
2025-12-04 05:00:00,6.2,682.0,5.82,9.7,1.6,422840000.00000006
2025-12-04 06:00:00,6.0,690.0,5.84,9.6,0.8,414000000.0
2025-12-04 07:00:00,5.8,696.0,5.61,9.3,3.6,403680000.0
2025-12-04 08:00:00,5.5,675.0,4.99,8.8,1.9,371250000.0
2025-12-04 09:00:00,5.6,682.0,5.27,8.1,1.9,381920000.0
2025-12-04 10:00:00,5.2,681.0,4.82,8.4,-0.7,354120000.0
2025-12-04 11:00:00,4.7,700.0,4.63,8.1,1.7,329000000.0
2025-12-04 12:00:00,4.0,695.0,4.01,7.6,-2.7,278000000.0
2025-12-04 13:00:00,4.1,691.0,4.05,7.3,-0.3,283310000.0
2025-12-04 14:00:00,4.2,680.0,3.9,7.5,0.3,285600000.0
2025-12-04 15:00:00,4.3,691.0,4.1,7.8,-3.0,297130000.0
2025-12-04 16:00:00,4.3,685.0,3.98,7.8,-3.9,294550000.0
2025-12-04 17:00:00,4.6,684.0,4.17,8.6,-2.1,314639999.99999994
2025-12-04 18:00:00,4.4,644.0,3.51,9.1,-1.0,283360000.00000006
2025-12-04 19:00:00,4.7,641.0,3.73,9.1,-0.2,301270000.0
2025-12-04 20:00:00,4.7,640.0,3.7,9.2,1.6,300800000.0
2025-12-04 21:00:00,4.4,653.0,3.6,8.5,4.7,287320000.0
2025-12-04 22:00:00,4.1,642.0,3.21,7.9,2.2,263219999.99999997
2025-12-04 23:00:00,4.2,685.0,3.74,6.8,1.4,287700000.0
2025-12-05 00:00:00,3.8,708.0,3.66,5.8,2.0,269040000.0
2025-12-05 01:00:00,4.0,704.0,3.67,6.5,-0.2,281600000.0
2025-12-05 02:00:00,3.5,644.0,3.02,6.9,-0.3,225400000.0
2025-12-05 03:00:00,3.8,629.0,3.01,7.4,1.2,239019999.99999997
2025-12-05 04:00:00,3.2,625.0,2.61,6.6,-0.1,200000000.0
2025-12-05 05:00:00,3.5,652.0,2.97,7.5,-0.9,228200000.0
2025-12-05 06:00:00,3.5,646.0,2.75,7.5,-1.1,226100000.0
2025-12-05 07:00:00,3.7,689.0,3.44,7.0,-1.3,254930000.00000003
2025-12-05 08:00:00,3.1,682.0,2.98,5.8,-1.0,211420000.00000003
2025-12-05 09:00:00,2.7,641.0,2.34,6.1,0.3,173070000.0
2025-12-05 10:00:00,2.7,635.0,2.12,6.5,1.5,171450000.0
2025-12-05 11:00:00,2.9,616.0,2.12,6.8,2.3,178640000.0
2025-12-05 12:00:00,3.3,608.0,2.34,6.0,2.9,200640000.0
2025-12-05 13:00:00,3.3,605.0,2.33,5.5,1.9,199650000.0
2025-12-05 14:00:00,3.7,599.0,2.49,5.6,2.2,221630000.00000003
2025-12-05 15:00:00,4.8,612.0,3.33,5.8,0.4,293760000.0
2025-12-05 16:00:00,5.4,622.0,3.88,6.3,1.9,335880000.0
2025-12-05 17:00:00,5.6,619.0,4.03,6.6,2.8,346639999.99999994
2025-12-05 18:00:00,4.9,601.0,3.4,7.6,-1.3,294490000.0
2025-12-05 19:00:00,4.6,623.0,3.64,6.3,-0.8,286580000.0
2025-12-05 20:00:00,4.4,646.0,3.67,6.2,0.9,284240000.0
2025-12-05 21:00:00,3.8,653.0,3.18,7.0,1.2,248140000.0
2025-12-05 22:00:00,3.7,643.0,3.01,6.4,1.4,237910000.0
2025-12-05 23:00:00,3.8,653.0,3.15,6.2,1.8,248140000.0
2025-12-06 00:00:00,3.6,659.0,3.03,6.6,0.6,237240000.0
2025-12-06 01:00:00,3.2,645.0,2.54,5.9,-0.2,206400000.0
2025-12-06 02:00:00,3.5,670.0,2.97,5.9,0.8,234500000.0
2025-12-06 03:00:00,3.5,678.0,3.04,5.8,-0.2,237300000.0
2025-12-06 04:00:00,3.4,670.0,2.91,5.5,-0.7,227800000.0
2025-12-06 05:00:00,3.2,691.0,2.95,5.9,-2.2,221120000.00000003
2025-12-06 06:00:00,3.1,662.0,2.6,6.2,0.3,205220000.00000003
2025-12-06 07:00:00,3.1,670.0,2.67,6.0,-3.5,207700000.0
2025-12-06 08:00:00,2.9,657.0,2.4,6.0,-0.6,190530000.0
2025-12-06 09:00:00,3.0,670.0,2.53,5.8,0.1,201000000.0
2025-12-06 10:00:00,3.0,678.0,2.59,6.3,-3.3,203400000.0
2025-12-06 11:00:00,2.8,684.0,2.46,6.1,-2.2,191519999.99999997
2025-12-06 12:00:00,2.5,658.0,2.02,5.9,0.9,164500000.0
2025-12-06 13:00:00,2.5,666.0,2.06,6.0,0.5,166500000.0
2025-12-06 14:00:00,2.4,671.0,2.02,5.9,2.8,161040000.0
2025-12-06 15:00:00,2.3,673.0,1.93,5.9,3.0,154790000.0
2025-12-06 16:00:00,2.2,659.0,1.76,6.1,-0.9,144980000.00000003
2025-12-06 17:00:00,2.3,650.0,1.8,6.1,0.3,149499999.99999997
2025-12-06 18:00:00,2.6,636.0,1.96,6.0,2.3,165360000.0
2025-12-06 19:00:00,2.6,629.0,1.96,5.9,0.2,163540000.0
2025-12-06 20:00:00,2.8,635.0,2.14,5.9,0.5,177800000.0
2025-12-06 21:00:00,2.8,654.0,2.34,6.3,2.9,183119999.99999997
2025-12-06 22:00:00,2.8,647.0,2.31,6.5,1.0,181160000.0
2025-12-06 23:00:00,2.9,646.0,2.38,6.7,4.4,187340000.0
2025-12-07 00:00:00,2.9,625.0,2.2,7.0,2.6,181250000.0
2025-12-07 01:00:00,2.9,621.0,2.19,7.0,0.0,180090000.0
2025-12-07 02:00:00,2.8,620.0,2.12,6.9,-0.3,173600000.0
2025-12-07 03:00:00,2.9,611.0,2.15,6.9,0.9,177190000.0
2025-12-07 04:00:00,2.9,613.0,2.19,6.7,0.9,177770000.0
2025-12-07 05:00:00,2.9,604.0,2.11,6.8,0.7,175160000.0
2025-12-07 06:00:00,2.8,595.0,1.95,7.0,0.2,166600000.0
2025-12-07 07:00:00,3.0,594.0,2.06,7.1,3.6,178200000.0
2025-12-07 08:00:00,2.9,569.0,1.88,7.1,0.4,165010000.0
2025-12-07 09:00:00,3.0,571.0,1.94,7.0,2.0,171300000.0
2025-12-07 10:00:00,3.3,573.0,2.14,7.1,2.1,189090000.0
2025-12-07 11:00:00,3.3,563.0,2.05,7.1,-0.2,185790000.0
2025-12-07 12:00:00,2.3,505.0,1.07,8.4,0.6,116150000.0
2025-12-07 13:00:00,2.5,488.0,1.1,9.1,3.1,122000000.0
2025-12-07 14:00:00,2.4,484.0,1.05,9.8,5.7,116159999.99999999
2025-12-07 15:00:00,2.5,483.0,1.09,9.1,6.5,120750000.0
2025-12-07 16:00:00,2.2,475.0,0.94,8.3,7.1,104500000.0
2025-12-07 17:00:00,2.4,470.0,1.0,8.3,6.9,112800000.0
2025-12-07 18:00:00,2.2,462.0,0.88,8.2,6.9,101640000.00000001
2025-12-07 19:00:00,1.6,462.0,0.64,8.2,7.1,73920000.0
2025-12-07 20:00:00,1.4,446.0,0.53,8.1,6.5,62440000.0
2025-12-07 21:00:00,1.4,431.0,0.53,8.0,5.1,60340000.0
2025-12-07 22:00:00,1.5,428.0,0.54,7.8,5.3,64200000.0
2025-12-07 23:00:00,1.4,429.0,0.49,7.8,4.5,60059999.99999999
2025-12-08 00:00:00,1.2,418.0,0.4,7.7,3.0,50160000.0
2025-12-08 01:00:00,1.1,436.0,0.39,7.5,4.1,47960000.0
2025-12-08 02:00:00,1.0,407.0,0.39,7.3,1.9,40700000.0
2025-12-08 03:00:00,0.9,419.0,0.32,7.3,3.7,37710000.0
2025-12-08 04:00:00,0.9,404.0,0.27,7.3,2.5,36360000.0
2025-12-08 05:00:00,1.0,399.0,0.32,7.5,2.0,39900000.0
2025-12-08 06:00:00,0.5,379.0,0.14,7.5,2.3,18950000.0
2025-12-08 07:00:00,0.4,366.0,0.1,7.4,2.7,14640000.0
2025-12-08 08:00:00,0.5,380.0,0.15,7.4,3.3,19000000.0
2025-12-08 09:00:00,0.6,361.0,0.15,7.4,1.5,21660000.0
2025-12-08 10:00:00,0.7,360.0,0.18,7.3,1.1,25199999.999999996
2025-12-08 11:00:00,0.5,353.0,0.12,7.2,1.1,17650000.0
2025-12-08 12:00:00,0.4,363.0,0.13,7.2,2.8,14520000.000000002
2025-12-08 13:00:00,0.5,350.0,0.15,7.4,-0.2,17500000.0
2025-12-08 14:00:00,0.5,340.0,0.12,7.4,-0.1,17000000.0
2025-12-08 15:00:00,0.6,337.0,0.13,7.4,-0.6,20220000.0
2025-12-08 16:00:00,0.7,339.0,0.16,7.5,-1.6,23730000.0
2025-12-08 17:00:00,0.6,345.0,0.14,7.5,-2.3,20700000.0
2025-12-08 18:00:00,0.6,332.0,0.12,7.4,-1.5,19920000.0
2025-12-08 19:00:00,0.7,341.0,0.15,7.4,-2.4,23870000.0
2025-12-08 20:00:00,0.8,357.0,0.2,7.3,-3.2,28560000.000000004
2025-12-08 21:00:00,0.6,339.0,0.14,7.3,-2.9,20340000.0
2025-12-08 22:00:00,0.6,346.0,0.14,7.4,-3.7,20760000.0
2025-12-08 23:00:00,0.7,363.0,0.18,7.5,-3.5,25410000.0
2025-12-09 00:00:00,0.9,376.0,0.25,7.7,-2.6,33840000.0
2025-12-09 01:00:00,0.9,357.0,0.22,7.8,-2.3,32130000.0
2025-12-09 02:00:00,0.9,340.0,0.2,8.0,-2.4,30600000.0
2025-12-09 03:00:00,1.3,366.0,0.33,7.9,-1.2,47580000.0
2025-12-09 04:00:00,1.2,361.0,0.29,7.7,-2.3,43320000.0
2025-12-09 05:00:00,1.0,365.0,0.27,7.5,-2.7,36500000.0
2025-12-09 06:00:00,1.0,367.0,0.27,7.4,-3.2,36700000.0
2025-12-09 07:00:00,1.1,361.0,0.27,7.4,-3.5,39710000.0
2025-12-09 08:00:00,1.1,369.0,0.28,7.2,-3.1,40590000.0
2025-12-09 09:00:00,1.5,397.0,0.42,8.9,-3.7,59550000.0
2025-12-09 10:00:00,1.3,399.0,0.42,9.9,-3.2,51870000.00000001
2025-12-09 11:00:00,1.3,372.0,0.47,9.3,-3.8,48360000.0
2025-12-09 12:00:00,1.3,345.0,0.3,9.5,-3.4,44850000.0
2025-12-09 13:00:00,1.5,345.0,0.36,9.3,-3.2,51750000.0
2025-12-09 14:00:00,,,,9.6,-2.3,
2025-12-09 15:00:00,3.2,353.0,0.75,9.2,-3.6,112960000.00000001
2025-12-09 16:00:00,2.9,372.0,0.76,8.6,-4.0,107880000.0
2025-12-09 17:00:00,3.4,371.0,0.87,8.3,-2.9,126139999.99999999
2025-12-09 18:00:00,3.5,376.0,0.9,7.9,-1.8,131600000.0
2025-12-09 19:00:00,3.1,368.0,0.75,7.6,-2.6,114080000.0
2025-12-09 20:00:00,2.6,360.0,0.61,7.4,-2.0,93600000.0
2025-12-09 21:00:00,4.0,351.0,0.91,6.5,-2.6,140400000.0
2025-12-09 22:00:00,3.8,347.0,0.86,6.5,-2.2,131859999.99999999
2025-12-09 23:00:00,4.0,345.0,0.89,6.3,-2.1,138000000.0
2025-12-10 00:00:00,2.9,335.0,0.64,6.3,-2.2,97150000.0
2025-12-10 01:00:00,3.0,331.0,0.63,7.3,-2.8,99300000.0
2025-12-10 02:00:00,3.9,346.0,0.9,8.2,-2.5,134940000.0
2025-12-10 03:00:00,5.6,366.0,1.37,8.1,0.5,204960000.0
2025-12-10 04:00:00,8.1,381.0,2.09,10.3,1.5,308610000.0
2025-12-10 05:00:00,10.1,391.0,2.74,10.9,-4.4,394910000.0
2025-12-10 06:00:00,10.2,407.0,3.34,8.1,-6.3,415139999.99999994
2025-12-10 07:00:00,9.3,400.0,3.01,7.7,-5.0,372000000.00000006
2025-12-10 08:00:00,8.3,396.0,2.68,7.2,-1.3,328680000.0
2025-12-10 09:00:00,8.3,388.0,2.57,6.1,-0.5,322040000.0
2025-12-10 10:00:00,7.7,382.0,2.33,6.7,-2.1,294140000.0
2025-12-10 11:00:00,8.0,379.0,2.33,6.6,-3.8,303200000.0
2025-12-10 12:00:00,8.1,379.0,2.32,6.7,-3.8,306990000.0
2025-12-10 13:00:00,7.6,379.0,2.17,6.9,-3.8,288040000.0
2025-12-10 14:00:00,8.1,378.0,2.27,7.0,-3.1,306180000.0
2025-12-10 15:00:00,8.5,376.0,2.29,7.2,-2.3,319600000.0
2025-12-10 16:00:00,9.2,379.0,2.49,7.4,-1.7,348680000.0
2025-12-10 17:00:00,13.7,398.0,4.07,9.6,-0.9,545260000.0
2025-12-10 18:00:00,12.9,403.0,3.92,10.5,-0.2,519870000.0
2025-12-10 19:00:00,21.4,401.0,6.46,9.2,0.8,858140000.0
2025-12-10 20:00:00,36.4,404.0,12.66,6.6,0.0,1470559999.9999998
2025-12-10 21:00:00,25.8,429.0,9.74,14.4,-11.3,1106820000.0
2025-12-10 22:00:00,17.2,449.0,7.78,16.5,-14.5,772279999.9999999
2025-12-10 23:00:00,17.2,454.0,8.17,17.0,-13.7,780879999.9999999
2025-12-11 00:00:00,17.7,452.0,7.85,16.2,-9.3,800040000.0
2025-12-11 01:00:00,13.2,425.0,4.76,16.8,-9.5,561000000.0
2025-12-11 02:00:00,9.0,436.0,3.73,17.9,-9.5,392400000.0
2025-12-11 03:00:00,9.5,432.0,3.71,19.4,0.0,410400000.0
2025-12-11 04:00:00,8.5,424.0,3.18,19.0,5.0,360400000.0
2025-12-11 05:00:00,6.6,412.0,2.36,19.6,5.1,271920000.0
2025-12-11 06:00:00,5.9,421.0,2.28,20.4,4.1,248390000.0
2025-12-11 07:00:00,7.6,419.0,2.91,21.3,6.2,318439999.99999994
2025-12-11 08:00:00,8.0,418.0,3.08,21.6,8.1,334400000.0
2025-12-11 09:00:00,8.9,413.0,3.38,20.8,13.3,367570000.0
2025-12-11 10:00:00,8.0,412.0,3.05,19.6,13.4,329600000.0
2025-12-11 11:00:00,11.9,406.0,4.3,18.3,15.0,483140000.00000006
2025-12-11 12:00:00,12.4,414.0,4.22,16.7,13.9,513360000.00000006
2025-12-11 13:00:00,10.8,417.0,3.64,16.1,15.6,450360000.00000006
2025-12-11 14:00:00,11.3,410.0,3.84,14.0,11.2,463300000.0
2025-12-11 15:00:00,13.0,408.0,4.63,12.1,-7.9,530400000.0
2025-12-11 16:00:00,5.2,379.0,1.56,12.5,9.7,197080000.0
2025-12-11 17:00:00,8.3,414.0,2.81,11.2,-4.3,343620000.0
2025-12-11 18:00:00,14.6,428.0,5.84,10.1,-3.8,624880000.0
2025-12-11 19:00:00,9.8,427.0,3.62,10.7,4.9,418460000.00000006
2025-12-11 20:00:00,9.8,410.0,2.96,9.9,-0.3,401800000.00000006
2025-12-11 21:00:00,8.5,413.0,2.65,9.6,-1.6,351050000.0
2025-12-11 22:00:00,8.2,412.0,2.58,9.6,-2.2,337839999.99999994
2025-12-11 23:00:00,8.6,411.0,2.64,10.2,-6.1,353460000.0
2025-12-12 00:00:00,7.4,410.0,2.34,10.1,-6.6,303400000.0
2025-12-12 01:00:00,7.4,433.0,2.92,9.7,-6.6,320420000.0
2025-12-12 02:00:00,7.4,448.0,3.19,9.4,-7.2,331520000.0
2025-12-12 03:00:00,8.2,458.0,3.48,9.3,-6.1,375559999.99999994
2025-12-12 04:00:00,7.6,449.0,2.97,9.8,-6.7,341239999.99999994
2025-12-12 05:00:00,7.5,436.0,2.68,9.3,-4.1,327000000.0
2025-12-12 06:00:00,7.8,455.0,3.23,9.0,-5.1,354900000.0
2025-12-12 07:00:00,8.2,439.0,3.19,9.9,-7.4,359980000.0
2025-12-12 08:00:00,8.2,428.0,2.98,10.4,-2.9,350960000.0
2025-12-12 09:00:00,8.3,437.0,3.11,10.0,-3.5,362710000.00000006
2025-12-12 10:00:00,10.6,422.0,3.77,9.2,-3.6,447320000.0
2025-12-12 11:00:00,11.9,418.0,4.22,9.0,-3.9,497420000.0
2025-12-12 12:00:00,13.7,417.0,4.89,9.0,-3.2,571290000.0
2025-12-12 13:00:00,15.7,421.0,5.89,8.8,-5.3,660970000.0
2025-12-12 14:00:00,16.3,414.0,5.9,9.6,-5.7,674820000.0000001
2025-12-12 15:00:00,16.3,424.0,6.13,10.4,-8.0,691120000.0000001
2025-12-12 16:00:00,15.5,433.0,5.92,11.4,-7.9,671150000.0
2025-12-12 17:00:00,13.5,435.0,5.0,13.0,-7.5,587250000.0
2025-12-12 18:00:00,15.1,441.0,5.79,13.5,-11.3,665910000.0
2025-12-12 19:00:00,19.9,439.0,7.94,12.4,-10.4,873609999.9999999
2025-12-12 20:00:00,19.9,449.0,8.07,11.4,-3.8,893509999.9999999
2025-12-12 21:00:00,14.0,464.0,5.92,13.2,-3.0,649600000.0
2025-12-12 22:00:00,13.4,445.0,5.48,10.6,-2.2,596300000.0
2025-12-12 23:00:00,12.4,456.0,5.43,10.6,-6.5,565440000.0
2025-12-13 00:00:00,12.6,461.0,5.72,10.6,-4.5,580860000.0
2025-12-13 01:00:00,7.1,489.0,3.32,14.3,0.4,347189999.99999994
2025-12-13 02:00:00,7.3,487.0,3.23,15.2,6.4,355510000.0
2025-12-13 03:00:00,7.3,487.0,3.26,15.2,6.8,355510000.0
2025-12-13 04:00:00,8.8,488.0,3.93,15.3,6.2,429440000.00000006
2025-12-13 05:00:00,11.9,507.0,5.74,15.3,5.6,603330000.0
2025-12-13 06:00:00,9.9,517.0,5.14,16.0,6.5,511830000.0
2025-12-13 07:00:00,10.2,521.0,5.35,16.7,8.6,531420000.0
2025-12-13 08:00:00,9.3,490.0,4.74,16.6,5.3,455700000.0
2025-12-13 09:00:00,10.1,527.0,5.77,16.3,10.4,532270000.0
2025-12-13 10:00:00,7.8,578.0,6.14,13.8,5.6,450839999.99999994
2025-12-13 11:00:00,7.9,557.0,5.71,13.2,4.1,440030000.0
2025-12-13 12:00:00,7.7,547.0,5.23,12.2,5.6,421190000.00000006
2025-12-13 13:00:00,7.4,545.0,4.65,11.9,2.8,403300000.0
2025-12-13 14:00:00,7.9,541.0,4.48,10.2,1.3,427390000.00000006
2025-12-13 15:00:00,3.2,598.0,2.21,9.2,1.1,191360000.0
2025-12-13 16:00:00,2.1,617.0,1.52,6.0,0.9,129570000.0
2025-12-13 17:00:00,1.8,594.0,1.19,6.2,-0.6,106920000.0
2025-12-13 18:00:00,2.5,636.0,1.95,5.4,1.1,159000000.0
2025-12-13 19:00:00,2.5,667.0,2.27,4.7,1.8,166750000.0
2025-12-13 20:00:00,2.4,669.0,2.17,4.8,-0.1,160560000.0
2025-12-13 21:00:00,2.3,661.0,1.99,4.6,0.1,152030000.0
2025-12-13 22:00:00,2.2,656.0,1.84,4.5,-1.2,144320000.0
2025-12-13 23:00:00,1.9,645.0,1.56,4.5,0.2,122550000.0
2025-12-14 00:00:00,2.1,648.0,1.7,4.6,-0.5,136080000.0
2025-12-14 01:00:00,2.1,643.0,1.65,4.7,-0.6,135030000.0
2025-12-14 02:00:00,1.9,623.0,1.39,4.5,-0.5,118370000.0
2025-12-14 03:00:00,1.8,614.0,1.29,4.2,-0.7,110520000.0
2025-12-14 04:00:00,1.5,589.0,0.97,4.3,-0.2,88350000.0
2025-12-14 05:00:00,1.8,588.0,1.16,4.3,1.1,105840000.00000001
2025-12-14 06:00:00,2.3,610.0,1.58,4.3,1.2,140300000.0
2025-12-14 07:00:00,2.1,601.0,1.41,4.2,0.3,126210000.00000001
2025-12-14 08:00:00,2.2,592.0,1.41,4.5,1.2,130240000.00000001
2025-12-14 09:00:00,2.0,574.0,1.23,4.3,0.7,114800000.0
2025-12-14 10:00:00,2.6,565.0,1.54,3.7,0.8,146900000.0
2025-12-14 11:00:00,2.4,569.0,1.45,3.5,0.2,136560000.0
2025-12-14 12:00:00,2.6,573.0,1.6,3.2,0.3,148980000.0
2025-12-14 13:00:00,2.5,570.0,1.5,3.2,1.0,142500000.0
2025-12-14 14:00:00,2.2,544.0,1.17,3.7,0.7,119680000.00000001
2025-12-14 15:00:00,2.0,530.0,1.01,3.9,0.2,106000000.0
2025-12-14 16:00:00,2.2,535.0,1.14,4.0,-0.0,117700000.0
2025-12-14 17:00:00,2.2,530.0,1.14,3.8,-0.0,116600000.0
2025-12-14 18:00:00,2.5,529.0,1.36,3.4,-0.4,132250000.0
2025-12-14 19:00:00,2.1,495.0,0.97,4.1,2.4,103950000.0
2025-12-14 20:00:00,1.8,498.0,0.84,4.3,0.7,89640000.0
2025-12-14 21:00:00,2.0,508.0,0.96,4.4,0.0,101600000.0
2025-12-14 22:00:00,2.0,510.0,0.96,4.4,0.0,102000000.0
2025-12-14 23:00:00,1.9,485.0,0.82,4.3,1.5,92150000.0
2025-12-15 00:00:00,2.1,501.0,0.96,4.4,1.2,105210000.00000001
2025-12-15 01:00:00,2.0,486.0,0.86,4.3,2.4,97200000.0
2025-12-15 02:00:00,2.0,475.0,0.84,4.4,2.9,95000000.0
2025-12-15 03:00:00,1.7,444.0,0.65,4.7,1.2,75480000.0
2025-12-15 04:00:00,2.2,455.0,0.86,4.7,-0.3,100100000.00000001
2025-12-15 05:00:00,2.5,448.0,1.02,4.7,-2.0,112000000.0
2025-12-15 06:00:00,3.0,460.0,1.34,4.5,-1.3,138000000.0
2025-12-15 07:00:00,4.2,484.0,2.0,4.0,1.7,203280000.00000003
2025-12-15 08:00:00,4.3,472.0,1.96,4.4,-0.5,202960000.0
2025-12-15 09:00:00,4.7,470.0,2.09,4.8,-0.7,220900000.0
2025-12-15 10:00:00,4.8,451.0,1.97,5.1,-1.0,216479999.99999997
2025-12-15 11:00:00,5.0,428.0,1.88,4.8,-1.3,214000000.0
2025-12-15 12:00:00,5.0,462.0,2.12,6.2,-3.3,231000000.0
2025-12-15 13:00:00,5.3,460.0,2.2,7.1,-2.6,243800000.0
2025-12-15 14:00:00,7.2,453.0,2.63,5.7,-2.9,326160000.0
2025-12-15 15:00:00,6.8,455.0,2.51,5.3,-0.2,309400000.0
2025-12-15 16:00:00,6.7,449.0,2.39,5.9,2.8,300830000.0
2025-12-15 17:00:00,4.5,469.0,1.75,7.1,2.7,211050000.0
2025-12-15 18:00:00,4.3,477.0,1.74,7.5,3.5,205110000.0
2025-12-15 19:00:00,4.6,478.0,2.1,8.4,2.6,219879999.99999997
2025-12-15 20:00:00,5.3,478.0,2.42,9.1,1.9,253340000.0
2025-12-15 21:00:00,7.0,482.0,2.8,9.7,2.7,337400000.0
2025-12-15 22:00:00,6.9,484.0,2.82,11.1,3.5,333960000.00000006
2025-12-15 23:00:00,5.7,482.0,2.33,12.6,5.1,274740000.0
2025-12-16 00:00:00,10.6,507.0,4.9,11.8,0.9,537420000.0
2025-12-16 01:00:00,7.6,530.0,3.92,11.9,4.0,402800000.0
2025-12-16 02:00:00,7.6,536.0,4.22,13.4,4.1,407360000.0
2025-12-16 03:00:00,9.7,542.0,5.67,12.2,7.5,525739999.99999994
2025-12-16 04:00:00,11.9,552.0,7.05,11.4,2.2,656880000.0
2025-12-16 05:00:00,10.6,555.0,6.72,11.2,4.6,588300000.0
2025-12-16 06:00:00,9.0,574.0,5.84,11.8,3.5,516600000.0
2025-12-16 07:00:00,8.5,588.0,5.58,11.4,4.8,499800000.0
2025-12-16 08:00:00,6.3,560.0,3.92,11.3,2.4,352800000.0
2025-12-16 09:00:00,6.0,575.0,3.95,10.6,2.4,345000000.0
2025-12-16 10:00:00,5.5,586.0,3.81,9.7,3.2,322300000.0
2025-12-16 11:00:00,5.6,568.0,3.67,9.5,0.4,318080000.0
2025-12-16 12:00:00,5.4,595.0,3.96,8.2,1.5,321300000.0
2025-12-16 13:00:00,5.0,600.0,3.64,8.5,2.8,300000000.0
2025-12-16 14:00:00,4.8,658.0,4.16,8.2,0.9,315840000.0
2025-12-16 15:00:00,4.2,650.0,3.54,6.5,0.4,273000000.0
2025-12-16 16:00:00,4.3,658.0,3.64,6.3,-0.8,282940000.0
2025-12-16 17:00:00,3.8,654.0,3.28,5.4,-1.2,248519999.99999997
2025-12-16 18:00:00,3.8,672.0,3.3,5.7,0.2,255360000.0
2025-12-16 19:00:00,3.9,611.0,3.01,5.9,-0.6,238290000.0
2025-12-16 20:00:00,3.5,572.0,2.26,6.9,-0.0,200200000.0
2025-12-16 21:00:00,3.8,574.0,2.44,7.2,0.1,218119999.99999997
2025-12-16 22:00:00,3.5,569.0,2.2,7.2,-2.3,199150000.0
2025-12-16 23:00:00,2.9,584.0,1.92,7.6,-1.2,169360000.0
2025-12-17 00:00:00,3.6,610.0,2.84,7.1,-2.9,219600000.0
2025-12-17 01:00:00,3.6,611.0,2.83,6.9,0.7,219960000.0
2025-12-17 02:00:00,3.9,608.0,2.97,6.7,0.4,237119999.99999997
2025-12-17 03:00:00,3.0,578.0,2.06,8.0,1.3,173400000.0
2025-12-17 04:00:00,3.0,550.0,1.76,8.0,-1.1,165000000.0
2025-12-17 05:00:00,3.8,566.0,2.52,7.2,-0.4,215079999.99999997
2025-12-17 06:00:00,4.2,567.0,2.86,6.4,-0.3,238140000.0
2025-12-17 07:00:00,4.5,574.0,2.99,6.5,2.7,258300000.0
2025-12-17 08:00:00,4.4,560.0,2.88,6.4,-0.9,246400000.0
2025-12-17 09:00:00,4.7,572.0,3.24,5.1,-0.3,268840000.0
2025-12-17 10:00:00,5.1,578.0,3.53,5.9,-0.6,294780000.0
2025-12-17 11:00:00,5.6,587.0,3.85,6.6,0.2,328720000.0
2025-12-17 12:00:00,6.0,602.0,4.31,7.0,0.8,361200000.0
2025-12-17 13:00:00,6.3,617.0,4.74,7.4,0.5,388710000.0
2025-12-17 14:00:00,,,,6.9,3.4,
2025-12-17 15:00:00,4.8,630.0,3.84,6.1,-0.5,302400000.0
2025-12-17 16:00:00,3.8,641.0,3.19,5.4,1.6,243579999.99999997
2025-12-17 17:00:00,3.4,652.0,2.98,6.1,2.9,221679999.99999997
2025-12-17 18:00:00,3.8,660.0,3.43,5.0,2.0,250800000.0
2025-12-17 19:00:00,4.0,636.0,3.36,4.9,-2.0,254400000.0
2025-12-17 20:00:00,3.7,654.0,3.15,6.2,-4.2,241980000.00000003
2025-12-17 21:00:00,3.8,658.0,3.26,5.2,-1.8,250040000.0
2025-12-17 22:00:00,2.8,656.0,2.45,4.9,-0.8,183680000.0
2025-12-17 23:00:00,2.6,661.0,2.44,6.5,-5.8,171860000.0
2025-12-18 00:00:00,3.0,653.0,2.62,5.3,-3.4,195900000.0
2025-12-18 01:00:00,3.0,650.0,2.56,5.2,-0.9,195000000.0
2025-12-18 02:00:00,2.9,648.0,2.47,5.4,-0.5,187920000.0
2025-12-18 03:00:00,2.8,650.0,2.32,6.0,0.8,181999999.99999997
2025-12-18 04:00:00,2.7,668.0,2.37,5.8,0.8,180360000.0
2025-12-18 05:00:00,2.2,689.0,2.11,5.0,-0.4,151580000.00000003
2025-12-18 06:00:00,2.2,688.0,2.18,5.0,-3.9,151360000.0
2025-12-18 07:00:00,2.4,676.0,2.32,4.4,-1.8,162240000.0
2025-12-18 08:00:00,2.3,651.0,2.1,4.4,-2.6,149730000.0
2025-12-18 09:00:00,2.3,638.0,2.02,6.1,-5.0,146740000.0
2025-12-18 10:00:00,2.8,637.0,2.4,5.6,-2.2,178360000.0
2025-12-18 11:00:00,3.0,628.0,2.32,6.7,1.2,188400000.0
2025-12-18 12:00:00,2.8,623.0,2.22,6.2,0.7,174440000.0
2025-12-18 13:00:00,2.9,611.0,2.31,6.9,1.5,177190000.0
2025-12-18 14:00:00,3.1,608.0,2.36,7.1,2.3,188480000.0
2025-12-18 15:00:00,3.2,605.0,2.46,6.3,-2.2,193600000.0
2025-12-18 16:00:00,3.4,611.0,2.5,6.8,-2.7,207740000.0
2025-12-18 17:00:00,3.1,602.0,2.12,6.2,1.1,186620000.0
2025-12-18 18:00:00,2.7,601.0,1.84,6.6,-1.1,162270000.0
2025-12-18 19:00:00,1.8,613.0,1.28,6.2,-1.1,110340000.00000001
2025-12-18 20:00:00,1.5,618.0,1.11,5.0,-0.7,92700000.0
2025-12-18 21:00:00,1.9,625.0,1.47,4.8,1.1,118750000.0
2025-12-18 22:00:00,1.7,593.0,1.17,4.7,0.7,100810000.0
2025-12-18 23:00:00,1.9,598.0,1.34,4.6,1.7,113620000.0
2025-12-19 00:00:00,1.9,592.0,1.31,4.4,-0.1,112480000.0
2025-12-19 01:00:00,2.0,608.0,1.42,4.7,-0.9,121600000.0
2025-12-19 02:00:00,2.1,606.0,1.47,4.8,-0.1,127260000.00000001
2025-12-19 03:00:00,1.9,594.0,1.27,4.5,-0.2,112859999.99999999
2025-12-19 04:00:00,2.1,612.0,1.5,4.3,-0.4,128520000.0
2025-12-19 05:00:00,2.1,603.0,1.46,4.2,0.7,126630000.0
2025-12-19 06:00:00,2.0,604.0,1.38,4.4,1.2,120800000.0
2025-12-19 07:00:00,1.8,588.0,1.18,4.1,0.6,105840000.00000001
2025-12-19 08:00:00,1.7,571.0,1.06,4.2,0.4,97070000.0
2025-12-19 09:00:00,1.9,566.0,1.18,4.2,1.3,107539999.99999999
2025-12-19 10:00:00,1.9,554.0,1.13,4.2,1.5,105259999.99999999
2025-12-19 11:00:00,2.2,535.0,1.27,3.9,2.3,117700000.0
2025-12-19 12:00:00,2.2,534.0,1.26,4.1,1.4,117480000.00000001
2025-12-19 13:00:00,2.2,536.0,1.27,3.6,0.5,117920000.0
2025-12-19 14:00:00,2.2,518.0,1.19,4.0,0.3,113960000.00000001
2025-12-19 15:00:00,2.4,531.0,1.32,4.0,1.6,127439999.99999999
2025-12-19 16:00:00,2.3,532.0,1.28,3.7,-0.1,122359999.99999999
2025-12-19 17:00:00,2.6,526.0,1.36,3.8,-0.3,136760000.0
2025-12-19 18:00:00,4.3,537.0,2.2,2.2,-1.3,230910000.0
2025-12-19 19:00:00,2.9,522.0,1.43,3.4,-2.2,151380000.0
2025-12-19 20:00:00,2.7,525.0,1.37,3.4,-2.0,141750000.0
2025-12-19 21:00:00,3.1,515.0,1.52,2.9,-1.0,159650000.0
2025-12-19 22:00:00,3.1,492.0,1.44,3.2,-1.5,152520000.0
2025-12-19 23:00:00,3.0,481.0,1.34,3.5,-0.7,144300000.0
2025-12-20 00:00:00,3.4,474.0,1.49,3.7,-1.8,161160000.0
2025-12-20 01:00:00,3.7,464.0,1.53,3.4,-1.2,171680000.00000003
2025-12-20 02:00:00,3.3,485.0,1.47,3.6,-0.6,160050000.0
2025-12-20 03:00:00,3.9,477.0,1.68,4.0,-1.1,186030000.0
2025-12-20 04:00:00,5.1,479.0,2.19,3.5,-0.6,244289999.99999997
2025-12-20 05:00:00,4.4,474.0,1.9,3.8,-0.3,208560000.00000003
2025-12-20 06:00:00,5.0,469.0,2.09,3.6,-1.2,234500000.0
2025-12-20 07:00:00,4.3,459.0,1.81,3.0,0.2,197369999.99999997
2025-12-20 08:00:00,5.3,463.0,2.19,3.2,0.3,245390000.0
2025-12-20 09:00:00,5.8,464.0,2.37,3.2,0.4,269120000.0
2025-12-20 10:00:00,6.8,455.0,2.7,2.7,0.5,309400000.0
2025-12-20 11:00:00,7.1,453.0,2.82,2.5,-0.5,321630000.0
2025-12-20 12:00:00,7.0,455.0,2.92,2.2,-0.5,318500000.0
2025-12-20 13:00:00,6.9,455.0,2.93,3.8,-2.6,313950000.0
2025-12-20 14:00:00,8.5,450.0,3.59,4.1,0.5,382500000.0
2025-12-20 15:00:00,9.5,449.0,4.06,4.0,-0.4,426550000.0
2025-12-20 16:00:00,9.8,450.0,4.27,4.1,-2.0,441000000.0
2025-12-20 17:00:00,10.6,446.0,4.56,3.3,1.3,472759999.99999994
2025-12-20 18:00:00,10.2,439.0,4.08,3.6,1.6,447779999.99999994
2025-12-20 19:00:00,12.5,428.0,4.25,3.3,-0.8,535000000.0
2025-12-20 20:00:00,15.3,415.0,4.79,2.8,-1.4,634950000.0
2025-12-20 21:00:00,13.5,407.0,4.3,4.9,0.3,549450000.0
2025-12-20 22:00:00,14.4,408.0,4.47,6.2,4.9,587520000.0
2025-12-20 23:00:00,20.1,405.0,6.19,6.3,3.9,814050000.0000001
2025-12-21 00:00:00,15.4,415.0,5.16,7.8,-5.2,639100000.0
2025-12-21 01:00:00,15.1,408.0,4.89,7.1,-4.1,616080000.0
2025-12-21 02:00:00,12.0,443.0,4.92,8.7,4.9,531600000.0
2025-12-21 03:00:00,10.3,465.0,4.78,9.0,2.8,478950000.0
2025-12-21 04:00:00,8.7,479.0,4.25,9.7,3.6,416729999.99999994
2025-12-21 05:00:00,8.4,494.0,4.35,10.4,3.0,414960000.00000006
2025-12-21 06:00:00,8.5,532.0,5.17,12.3,-3.8,452200000.0
2025-12-21 07:00:00,8.8,548.0,5.6,11.6,0.9,482240000.00000006
2025-12-21 08:00:00,8.4,578.0,6.34,9.8,0.6,485520000.0
2025-12-21 09:00:00,7.3,591.0,5.21,11.1,-2.9,431430000.0
2025-12-21 10:00:00,5.7,633.0,4.62,12.5,3.8,360810000.0
2025-12-21 11:00:00,6.0,639.0,5.3,11.5,-5.6,383400000.0
2025-12-21 12:00:00,7.0,608.0,5.67,12.4,-0.8,425600000.0
2025-12-21 13:00:00,5.7,637.0,4.94,11.1,-0.7,363090000.0
2025-12-21 14:00:00,5.8,674.0,5.46,10.4,-6.6,390920000.0
2025-12-21 15:00:00,5.8,665.0,5.26,10.4,-4.2,385700000.0
2025-12-21 16:00:00,6.4,633.0,4.98,10.8,-0.2,405120000.0
2025-12-21 17:00:00,6.1,620.0,4.42,11.4,0.4,378200000.0
2025-12-21 18:00:00,6.7,623.0,5.12,12.1,-0.3,417410000.00000006
2025-12-21 19:00:00,6.6,599.0,4.71,11.7,-0.9,395339999.99999994
2025-12-21 20:00:00,6.7,620.0,5.49,11.1,2.3,415400000.0
2025-12-21 21:00:00,6.5,679.0,6.23,9.7,-0.0,441350000.0
2025-12-21 22:00:00,6.2,690.0,5.82,9.0,-3.5,427800000.0
2025-12-21 23:00:00,5.0,693.0,4.81,8.7,3.3,346500000.0
2025-12-22 00:00:00,4.5,691.0,4.06,7.8,0.5,310950000.0
2025-12-22 01:00:00,3.8,694.0,3.57,8.4,0.5,263719999.99999997
2025-12-22 02:00:00,3.7,678.0,3.32,8.7,1.8,250860000.0
2025-12-22 03:00:00,3.7,682.0,3.44,8.6,2.1,252340000.0
2025-12-22 04:00:00,3.8,673.0,3.44,8.6,0.9,255740000.0
2025-12-22 05:00:00,3.8,701.0,3.67,8.4,0.2,266379999.99999997
2025-12-22 06:00:00,3.6,696.0,3.4,8.1,-2.2,250560000.0
2025-12-22 07:00:00,3.2,671.0,2.79,8.0,0.7,214720000.00000003
2025-12-22 08:00:00,3.1,689.0,2.82,8.1,-1.6,213590000.0
2025-12-22 09:00:00,3.5,720.0,3.47,6.8,1.1,252000000.0
2025-12-22 10:00:00,3.6,747.0,3.93,6.6,2.9,268920000.0
2025-12-22 11:00:00,3.4,746.0,3.74,6.7,2.4,253640000.0
2025-12-22 12:00:00,3.4,746.0,3.69,6.8,-0.8,253640000.0
2025-12-22 13:00:00,3.0,751.0,3.36,6.6,-2.6,225300000.0
2025-12-22 14:00:00,3.0,753.0,3.41,6.0,-0.3,225900000.0
2025-12-22 15:00:00,2.8,744.0,3.13,6.0,1.6,208319999.99999997
2025-12-22 16:00:00,2.9,747.0,3.24,6.0,0.7,216629999.99999997
2025-12-22 17:00:00,2.9,741.0,3.16,5.7,-1.3,214890000.0
2025-12-22 18:00:00,2.8,740.0,3.0,5.7,-0.1,207200000.0
2025-12-22 19:00:00,2.8,751.0,3.05,5.8,-1.8,210279999.99999997
2025-12-22 20:00:00,2.7,741.0,2.91,5.8,-0.9,200070000.0
2025-12-22 21:00:00,2.7,735.0,2.84,6.0,-0.5,198450000.00000003
2025-12-22 22:00:00,2.6,707.0,2.55,5.7,0.4,183820000.0
2025-12-22 23:00:00,2.6,741.0,2.82,6.0,1.9,192660000.0
2025-12-23 00:00:00,2.7,732.0,2.87,5.9,1.4,197640000.0
2025-12-23 01:00:00,2.6,712.0,2.47,6.2,1.3,185120000.0
2025-12-23 02:00:00,2.7,707.0,2.5,6.4,0.4,190890000.0
2025-12-23 03:00:00,2.9,747.0,3.15,5.8,-0.2,216629999.99999997
2025-12-23 04:00:00,2.8,719.0,2.81,6.0,-1.4,201319999.99999997
2025-12-23 05:00:00,2.8,725.0,2.88,5.8,-0.7,202999999.99999997
2025-12-23 06:00:00,2.6,722.0,2.62,6.2,0.5,187720000.0
2025-12-23 07:00:00,2.5,707.0,2.4,5.8,-0.3,176750000.0
2025-12-23 08:00:00,2.3,702.0,2.2,6.0,-0.3,161460000.0
2025-12-23 09:00:00,2.4,712.0,2.33,6.3,0.3,170880000.0
2025-12-23 10:00:00,2.4,701.0,2.29,6.3,-0.7,168240000.0
2025-12-23 11:00:00,2.6,690.0,2.43,6.0,-1.1,179400000.0
2025-12-23 12:00:00,2.5,710.0,2.48,6.0,-1.4,177500000.0
2025-12-23 13:00:00,2.7,708.0,2.65,5.8,0.5,191160000.0
2025-12-23 14:00:00,2.8,719.0,2.81,5.7,2.8,201319999.99999997
2025-12-23 15:00:00,2.9,693.0,2.74,5.8,-2.0,200970000.0
2025-12-23 16:00:00,2.9,697.0,2.73,5.7,-1.2,202130000.0
2025-12-23 17:00:00,3.0,705.0,2.93,5.3,-0.9,211500000.0
2025-12-23 18:00:00,3.2,703.0,3.11,5.5,-2.8,224960000.0
2025-12-23 19:00:00,3.2,712.0,3.23,5.3,-3.0,227840000.0
2025-12-23 20:00:00,3.3,693.0,3.14,5.5,-0.6,228690000.0
2025-12-23 21:00:00,3.3,688.0,3.08,5.8,1.3,227040000.0
2025-12-23 22:00:00,3.4,699.0,3.3,5.8,-2.7,237660000.0
2025-12-23 23:00:00,3.1,683.0,2.94,5.7,0.6,211730000.00000003
2025-12-24 00:00:00,3.0,700.0,2.94,5.3,-1.0,210000000.0
2025-12-24 01:00:00,2.9,687.0,2.73,5.6,-0.2,199230000.0
2025-12-24 02:00:00,2.9,680.0,2.62,5.9,1.1,197200000.0
2025-12-24 03:00:00,2.7,698.0,2.59,5.7,1.1,188460000.0
2025-12-24 04:00:00,2.9,734.0,3.07,5.4,-2.5,212860000.0
2025-12-24 05:00:00,2.9,708.0,2.87,4.8,-0.6,205319999.99999997
2025-12-24 06:00:00,2.8,710.0,2.72,4.8,0.4,198799999.99999997
2025-12-24 07:00:00,2.6,718.0,2.57,4.7,-2.4,186680000.0
2025-12-24 08:00:00,2.7,719.0,2.75,4.7,-2.6,194130000.00000003
2025-12-24 09:00:00,2.5,731.0,2.62,5.0,-0.7,182750000.0
2025-12-24 10:00:00,2.6,714.0,2.57,5.5,-2.2,185640000.0
2025-12-24 11:00:00,2.3,718.0,2.37,5.2,-0.5,165140000.0
2025-12-24 12:00:00,2.2,696.0,2.19,4.8,0.2,153120000.0
2025-12-24 13:00:00,2.1,702.0,2.08,4.8,-1.2,147420000.0
2025-12-24 14:00:00,2.1,704.0,2.09,4.8,-0.4,147840000.0
2025-12-24 15:00:00,2.2,688.0,2.09,4.4,0.6,151360000.0
2025-12-24 16:00:00,2.3,687.0,2.07,4.4,-0.9,158010000.0
2025-12-24 17:00:00,2.4,671.0,2.08,4.4,-0.1,161040000.0
2025-12-24 18:00:00,2.2,698.0,2.11,4.4,-0.9,153560000.0
2025-12-24 19:00:00,2.3,664.0,2.0,4.0,-1.1,152719999.99999997
2025-12-24 20:00:00,2.6,648.0,2.2,4.3,0.3,168480000.0
2025-12-24 21:00:00,2.9,657.0,2.49,4.7,-0.1,190530000.0
2025-12-24 22:00:00,2.9,633.0,2.35,4.6,-0.4,183570000.0
2025-12-24 23:00:00,2.9,628.0,2.34,4.7,1.4,182120000.0
2025-12-25 00:00:00,3.0,624.0,2.33,5.2,-2.0,187200000.0
2025-12-25 01:00:00,3.0,619.0,2.27,5.1,-0.9,185700000.0
2025-12-25 02:00:00,3.2,609.0,2.36,5.4,0.8,194880000.00000003
2025-12-25 03:00:00,3.4,608.0,2.49,5.8,-1.0,206719999.99999997
2025-12-25 04:00:00,3.4,605.0,2.43,5.9,-2.1,205700000.0
2025-12-25 05:00:00,3.3,605.0,2.37,5.7,-2.2,199650000.0
2025-12-25 06:00:00,3.2,604.0,2.36,5.4,-0.4,193280000.00000003
2025-12-25 07:00:00,3.6,598.0,2.56,5.8,1.9,215280000.00000003
2025-12-25 08:00:00,3.6,609.0,2.6,5.7,0.2,219240000.0
2025-12-25 09:00:00,3.1,607.0,2.27,5.0,-0.4,188170000.0
2025-12-25 10:00:00,3.0,585.0,2.15,4.6,0.6,175500000.0
2025-12-25 11:00:00,3.2,590.0,2.25,4.7,-0.2,188800000.0
2025-12-25 12:00:00,3.4,602.0,2.42,4.9,0.7,204680000.0
2025-12-25 13:00:00,3.0,601.0,2.14,4.8,-0.8,180300000.0
2025-12-25 14:00:00,2.9,571.0,1.93,4.7,-0.8,165590000.0
2025-12-25 15:00:00,3.0,582.0,2.06,4.8,-0.5,174600000.0
2025-12-25 16:00:00,3.0,578.0,2.1,4.8,0.1,173400000.0
2025-12-25 17:00:00,3.1,574.0,2.05,5.2,1.5,177940000.0
2025-12-25 18:00:00,2.8,592.0,1.91,5.5,1.0,165760000.0
2025-12-25 19:00:00,2.7,581.0,1.8,5.1,1.0,156870000.0
2025-12-25 20:00:00,2.6,561.0,1.64,5.0,1.0,145860000.0
2025-12-25 21:00:00,2.7,561.0,1.74,5.4,0.3,151470000.0
2025-12-25 22:00:00,3.0,564.0,1.92,5.4,2.3,169200000.0
2025-12-25 23:00:00,2.9,574.0,1.88,5.6,2.9,166460000.0
2025-12-26 00:00:00,2.9,561.0,1.81,5.4,2.0,162690000.0
2025-12-26 01:00:00,2.9,566.0,1.86,5.2,0.5,164140000.0
2025-12-26 02:00:00,2.9,560.0,1.82,5.1,0.6,162400000.0
2025-12-26 03:00:00,2.6,548.0,1.56,5.1,-1.7,142480000.0
2025-12-26 04:00:00,2.6,530.0,1.46,5.0,-1.2,137800000.0
2025-12-26 05:00:00,2.7,529.0,1.5,5.1,-1.0,142830000.00000003
2025-12-26 06:00:00,2.6,529.0,1.43,4.9,-1.3,137540000.0
2025-12-26 07:00:00,2.6,530.0,1.42,5.0,-1.3,137800000.0
2025-12-26 08:00:00,2.6,535.0,1.47,4.8,-0.7,139100000.0
2025-12-26 09:00:00,2.6,525.0,1.47,4.3,0.9,136500000.0
2025-12-26 10:00:00,2.7,526.0,1.52,4.5,-1.3,142020000.0
2025-12-26 11:00:00,2.9,524.0,1.64,4.5,-2.1,151960000.0
2025-12-26 12:00:00,3.0,531.0,1.73,4.6,1.2,159300000.0
2025-12-26 13:00:00,3.2,534.0,1.85,4.7,-0.7,170880000.00000003
2025-12-26 14:00:00,3.2,531.0,1.84,4.6,0.1,169920000.0
2025-12-26 15:00:00,3.3,530.0,1.87,5.0,-2.3,174900000.0
2025-12-26 16:00:00,3.4,518.0,1.83,5.1,1.6,176120000.0
2025-12-26 17:00:00,3.0,525.0,1.63,5.0,3.9,157500000.0
2025-12-26 18:00:00,3.1,520.0,1.66,4.9,2.1,161200000.0
2025-12-26 19:00:00,3.2,520.0,1.71,5.1,3.0,166400000.0
2025-12-26 20:00:00,2.9,497.0,1.37,5.1,1.3,144130000.0
2025-12-26 21:00:00,3.5,526.0,1.87,4.8,1.7,184100000.0
2025-12-26 22:00:00,3.8,521.0,1.98,4.7,0.9,197980000.0
2025-12-26 23:00:00,3.6,512.0,1.84,4.6,-0.0,184320000.0
2025-12-27 00:00:00,3.6,513.0,1.88,4.3,1.4,184680000.0
2025-12-27 01:00:00,3.7,512.0,1.96,3.9,1.1,189440000.0
2025-12-27 02:00:00,3.9,516.0,2.08,4.2,0.5,201240000.0
2025-12-27 03:00:00,3.8,521.0,2.06,4.4,-3.0,197980000.0
2025-12-27 04:00:00,3.4,505.0,1.73,4.6,-1.9,171700000.0
2025-12-27 05:00:00,3.2,504.0,1.61,4.8,-0.6,161280000.00000003
2025-12-27 06:00:00,3.1,491.0,1.45,5.1,-1.3,152210000.0
2025-12-27 07:00:00,3.2,504.0,1.59,5.0,-2.1,161280000.00000003
2025-12-27 08:00:00,3.0,497.0,1.47,5.0,-0.6,149100000.0
2025-12-27 09:00:00,3.2,495.0,1.54,5.0,-1.5,158400000.0
2025-12-27 10:00:00,2.4,498.0,1.18,5.1,-0.0,119520000.0
2025-12-27 11:00:00,2.2,507.0,1.14,5.1,-0.3,111540000.00000001
2025-12-27 12:00:00,2.3,505.0,1.16,5.1,0.8,116150000.0
2025-12-27 13:00:00,2.2,495.0,1.06,5.1,1.2,108900000.0
2025-12-27 14:00:00,2.4,473.0,1.02,5.2,0.1,113520000.0
2025-12-27 15:00:00,2.7,479.0,1.18,5.3,2.5,129330000.00000001
2025-12-27 16:00:00,2.8,473.0,1.19,5.4,-0.5,132439999.99999999
2025-12-27 17:00:00,2.8,463.0,1.13,5.6,0.6,129639999.99999999
2025-12-27 18:00:00,2.7,465.0,1.1,5.4,-2.0,125550000.0
2025-12-27 19:00:00,2.9,481.0,1.29,5.3,-0.2,139490000.0
2025-12-27 20:00:00,2.7,463.0,1.11,5.4,-0.3,125010000.00000001
2025-12-27 21:00:00,3.0,476.0,1.36,4.9,-1.6,142800000.0
2025-12-27 22:00:00,3.0,479.0,1.39,4.8,0.5,143700000.0
2025-12-27 23:00:00,3.2,479.0,1.45,5.0,-1.8,153280000.00000003
2025-12-28 00:00:00,2.9,465.0,1.25,5.4,-0.1,134850000.0
2025-12-28 01:00:00,3.2,469.0,1.43,5.3,1.3,150080000.00000003
2025-12-28 02:00:00,3.5,474.0,1.59,5.1,-0.3,165900000.0
2025-12-28 03:00:00,3.3,470.0,1.49,5.0,-0.5,155100000.0
2025-12-28 04:00:00,3.9,477.0,1.78,5.0,3.8,186030000.0
2025-12-28 05:00:00,3.4,460.0,1.39,5.3,0.9,156400000.0
2025-12-28 06:00:00,3.5,454.0,1.39,5.6,-0.5,158900000.0
2025-12-28 07:00:00,3.5,453.0,1.39,5.7,-0.3,158550000.0
2025-12-28 08:00:00,3.0,448.0,1.2,5.5,-0.9,134400000.0
2025-12-28 09:00:00,3.2,453.0,1.3,5.9,-2.1,144960000.0
2025-12-28 10:00:00,4.2,462.0,1.68,6.6,-3.4,194040000.0
2025-12-28 11:00:00,3.9,457.0,1.55,6.6,-3.2,178230000.0
2025-12-28 12:00:00,3.9,454.0,1.58,6.3,-0.6,177060000.0
2025-12-28 13:00:00,3.7,445.0,1.45,6.3,0.2,164650000.0
2025-12-28 14:00:00,4.3,454.0,1.75,6.3,-3.5,195219999.99999997
2025-12-28 15:00:00,4.5,452.0,1.81,6.3,-2.6,203400000.0
2025-12-28 16:00:00,4.9,474.0,2.17,6.3,2.0,232260000.00000003
2025-12-28 17:00:00,4.9,465.0,2.07,6.5,4.4,227850000.0
2025-12-28 18:00:00,5.8,460.0,2.35,6.0,0.5,266800000.0
2025-12-28 19:00:00,7.6,468.0,3.07,4.8,0.8,355680000.0
2025-12-28 20:00:00,6.6,471.0,2.76,5.2,-0.1,310860000.0
2025-12-28 21:00:00,5.7,459.0,2.3,5.5,-1.3,261630000.00000003
2025-12-28 22:00:00,6.0,460.0,2.42,5.7,-0.6,276000000.0
2025-12-28 23:00:00,5.6,455.0,2.25,5.8,0.4,254800000.0
2025-12-29 00:00:00,5.8,442.0,2.2,5.6,-3.0,256360000.0
2025-12-29 01:00:00,6.3,445.0,2.36,5.5,-2.6,280350000.0
2025-12-29 02:00:00,6.7,441.0,2.4,5.4,-3.0,295470000.0
2025-12-29 03:00:00,6.5,432.0,2.23,5.5,-1.8,280800000.0
2025-12-29 04:00:00,6.2,436.0,2.13,5.8,-3.5,270320000.0
2025-12-29 05:00:00,6.4,438.0,2.22,5.8,-1.4,280320000.0
2025-12-29 06:00:00,6.7,430.0,2.25,6.2,-1.9,288100000.0
2025-12-29 07:00:00,7.1,434.0,2.39,6.7,-4.5,308139999.99999994
2025-12-29 08:00:00,7.0,428.0,2.3,7.0,-4.2,299600000.0
2025-12-29 09:00:00,7.1,426.0,2.32,7.3,-3.8,302460000.0
2025-12-29 10:00:00,7.1,422.0,2.27,7.3,-3.1,299620000.0
2025-12-29 11:00:00,7.2,416.0,2.25,7.3,-2.6,299520000.0
2025-12-29 12:00:00,7.1,415.0,2.24,7.6,-2.8,294650000.0
2025-12-29 13:00:00,7.2,412.0,2.23,7.7,-3.1,296640000.0
2025-12-29 14:00:00,7.2,407.0,2.15,7.3,2.0,293040000.0
2025-12-29 15:00:00,7.8,411.0,2.4,6.7,1.7,320580000.0
2025-12-29 16:00:00,7.7,413.0,2.44,6.2,3.1,318010000.0
2025-12-29 17:00:00,6.5,398.0,1.89,6.6,2.3,258700000.0
2025-12-29 18:00:00,5.6,390.0,1.66,6.3,0.7,218400000.0
2025-12-29 19:00:00,5.3,385.0,1.49,6.0,1.6,204050000.0
2025-12-29 20:00:00,4.7,382.0,1.33,5.8,0.1,179540000.0
2025-12-29 21:00:00,4.2,379.0,1.18,5.4,-0.4,159180000.0
2025-12-29 22:00:00,4.7,387.0,1.43,5.3,1.5,181890000.0
2025-12-29 23:00:00,5.4,390.0,1.68,5.7,2.1,210600000.0
2025-12-30 00:00:00,6.0,398.0,1.97,5.4,1.5,238800000.0
2025-12-30 01:00:00,5.7,393.0,1.85,5.5,3.1,224010000.0
2025-12-30 02:00:00,4.9,378.0,1.42,5.7,2.1,185220000.0
2025-12-30 03:00:00,5.7,382.0,1.77,5.4,-0.7,217740000.0
2025-12-30 04:00:00,7.6,388.0,2.56,5.2,-2.7,294880000.0
2025-12-30 05:00:00,7.5,388.0,2.52,5.2,-2.7,291000000.0
2025-12-30 06:00:00,7.4,388.0,2.58,4.6,-2.0,287120000.0
2025-12-30 07:00:00,7.2,384.0,2.44,4.6,-0.7,276480000.0
2025-12-30 08:00:00,7.2,388.0,2.44,4.6,-0.2,279360000.0
2025-12-30 09:00:00,7.5,385.0,2.49,4.6,-0.7,288750000.0
2025-12-30 10:00:00,8.8,398.0,3.04,5.3,-2.9,350240000.0
2025-12-30 11:00:00,9.9,402.0,3.4,6.1,-4.5,397980000.0
2025-12-30 12:00:00,10.3,398.0,3.53,6.2,-3.3,409940000.00000006
2025-12-30 13:00:00,11.2,412.0,3.86,7.0,-4.2,461439999.99999994
2025-12-30 14:00:00,11.4,412.0,4.06,6.6,-5.0,469680000.0
2025-12-30 15:00:00,10.3,416.0,3.7,6.5,-3.8,428480000.0
2025-12-30 16:00:00,10.3,418.0,3.62,7.0,-4.5,430540000.00000006
2025-12-30 17:00:00,12.5,410.0,4.42,6.3,-2.9,512500000.0
2025-12-30 18:00:00,12.7,404.0,4.4,4.3,-1.1,513079999.99999994
2025-12-30 19:00:00,12.2,403.0,4.17,3.4,0.6,491659999.99999994
2025-12-30 20:00:00,11.1,400.0,3.84,4.6,3.0,444000000.0
2025-12-30 21:00:00,10.7,401.0,3.79,5.3,3.1,429070000.0
2025-12-30 22:00:00,11.5,393.0,3.93,5.3,3.6,451950000.0
2025-12-30 23:00:00,12.8,395.0,4.4,6.2,1.3,505600000.0
2025-12-31 00:00:00,17.2,395.0,5.66,8.0,1.0,679400000.0
2025-12-31 01:00:00,17.4,411.0,6.32,6.7,4.6,715140000.0
2025-12-31 02:00:00,13.8,413.0,4.91,8.3,4.7,569940000.0
2025-12-31 03:00:00,11.1,419.0,3.87,8.6,4.2,465089999.99999994
2025-12-31 04:00:00,10.4,411.0,3.43,8.9,6.0,427440000.00000006
2025-12-31 05:00:00,10.3,410.0,3.4,8.2,-0.9,422300000.0
2025-12-31 06:00:00,10.5,416.0,3.87,6.8,1.3,436800000.0
2025-12-31 07:00:00,10.3,421.0,3.89,7.7,3.7,433630000.0
2025-12-31 08:00:00,10.4,427.0,3.9,8.5,2.2,444080000.0
2025-12-31 09:00:00,9.6,430.0,3.72,9.0,-0.4,412800000.0
2025-12-31 10:00:00,8.0,409.0,2.82,9.4,-1.6,327200000.0
2025-12-31 11:00:00,6.7,412.0,2.39,9.7,-3.0,276040000.0
2025-12-31 12:00:00,9.5,440.0,3.76,9.7,-3.5,418000000.0
2025-12-31 13:00:00,21.5,468.0,9.03,6.3,0.3,1006200000.0
2025-12-31 14:00:00,15.0,477.0,6.5,6.9,2.9,715500000.0
2025-12-31 15:00:00,5.8,504.0,2.94,10.9,5.2,292320000.0
2025-12-31 16:00:00,3.8,464.0,1.68,11.1,3.8,176319999.99999997
2025-12-31 17:00:00,3.5,451.0,1.43,10.1,2.4,157850000.0
2025-12-31 18:00:00,3.1,448.0,1.26,8.3,0.5,138880000.0
2025-12-31 19:00:00,3.9,473.0,1.68,7.7,1.4,184470000.0
2025-12-31 20:00:00,3.9,451.0,1.53,7.5,-0.3,175890000.0
2025-12-31 21:00:00,3.5,455.0,1.38,7.9,-0.3,159250000.0
2025-12-31 22:00:00,3.4,457.0,1.36,8.4,2.1,155380000.0
2025-12-31 23:00:00,3.6,471.0,1.51,9.3,1.0,169560000.0
2026-01-01 00:00:00,4.1,492.0,1.86,9.6,1.9,201719999.99999997
2026-01-01 01:00:00,5.3,476.0,2.39,8.0,2.3,252279999.99999997
2026-01-01 02:00:00,4.7,470.0,1.99,8.4,-2.3,220900000.0
2026-01-01 03:00:00,5.2,464.0,2.2,7.9,-0.6,241280000.00000003
2026-01-01 04:00:00,5.7,455.0,2.48,6.7,1.3,259350000.0
2026-01-01 05:00:00,6.7,463.0,2.96,7.1,2.2,310210000.0
2026-01-01 06:00:00,6.0,474.0,2.61,7.6,0.2,284400000.0
2026-01-01 07:00:00,7.5,467.0,3.06,8.7,-4.0,350250000.0
2026-01-01 08:00:00,8.6,462.0,3.52,7.3,0.1,397320000.0
2026-01-01 09:00:00,9.3,476.0,4.22,7.5,2.8,442680000.0
2026-01-01 10:00:00,9.3,483.0,4.12,8.4,6.3,449190000.00000006
2026-01-01 11:00:00,7.5,480.0,3.27,8.8,-2.4,360000000.0
2026-01-01 12:00:00,6.8,473.0,2.88,9.2,5.2,321640000.0
2026-01-01 13:00:00,5.9,488.0,2.73,10.1,-3.6,287920000.0
2026-01-01 14:00:00,5.7,497.0,2.74,9.0,0.4,283290000.0
2026-01-01 15:00:00,5.9,496.0,2.8,9.0,1.0,292640000.0
2026-01-01 16:00:00,4.4,499.0,2.14,9.0,0.2,219560000.00000003
2026-01-01 17:00:00,4.7,499.0,2.27,8.0,-0.6,234530000.00000003
2026-01-01 18:00:00,4.4,484.0,2.02,7.6,-3.2,212960000.00000003
2026-01-01 19:00:00,4.7,494.0,2.19,7.4,-3.0,232180000.00000003
2026-01-01 20:00:00,4.7,492.0,2.14,7.5,-3.8,231240000.0
2026-01-01 21:00:00,4.6,485.0,2.02,7.8,-4.0,223100000.0
2026-01-01 22:00:00,3.9,481.0,1.72,7.8,-2.7,187590000.0
2026-01-01 23:00:00,4.7,516.0,2.37,7.3,1.7,242520000.00000003
2026-01-02 00:00:00,5.4,541.0,3.03,6.4,-0.5,292140000.0
2026-01-02 01:00:00,5.2,516.0,2.69,6.2,1.2,268320000.00000003
2026-01-02 02:00:00,4.7,525.0,2.52,6.4,2.6,246750000.0
2026-01-02 03:00:00,5.3,515.0,2.68,6.9,-5.4,272950000.0
2026-01-02 04:00:00,5.0,501.0,2.39,7.1,-3.0,250500000.0
2026-01-02 05:00:00,4.8,509.0,2.36,7.0,-3.7,244319999.99999997
2026-01-02 06:00:00,3.6,471.0,1.55,7.2,0.9,169560000.0
2026-01-02 07:00:00,4.3,473.0,1.79,7.6,-4.9,203390000.0
2026-01-02 08:00:00,4.3,488.0,1.92,7.6,-0.2,209840000.0
2026-01-02 09:00:00,3.4,497.0,1.61,8.5,6.0,168980000.0
2026-01-02 10:00:00,2.2,518.0,1.14,8.9,3.9,113960000.00000001
2026-01-02 11:00:00,2.4,556.0,1.4,8.7,-3.0,133439999.99999999
2026-01-02 12:00:00,2.7,581.0,1.8,7.9,3.9,156870000.0
2026-01-02 13:00:00,3.0,572.0,1.88,7.6,-3.3,171600000.0
2026-01-02 14:00:00,2.9,574.0,1.95,6.8,0.0,166460000.0
2026-01-02 15:00:00,3.4,589.0,2.37,7.0,2.6,200260000.0
2026-01-02 16:00:00,5.2,636.0,4.2,9.4,5.2,330720000.0
2026-01-02 17:00:00,4.6,629.0,3.57,8.6,0.9,289339999.99999994
2026-01-02 18:00:00,3.6,617.0,2.59,8.6,-3.6,222120000.00000003
2026-01-02 19:00:00,3.6,627.0,2.66,9.2,-0.6,225720000.00000003
2026-01-02 20:00:00,3.0,610.0,2.07,9.4,2.5,183000000.0
2026-01-02 21:00:00,3.0,628.0,2.17,9.7,-6.7,188400000.0
2026-01-02 22:00:00,2.7,549.0,1.63,9.2,-4.8,148230000.00000003
2026-01-02 23:00:00,2.8,566.0,1.66,9.0,-2.4,158480000.0
2026-01-03 00:00:00,2.7,573.0,1.61,8.8,2.2,154710000.0
2026-01-03 01:00:00,2.6,564.0,1.65,8.8,-0.4,146640000.0
2026-01-03 02:00:00,2.1,588.0,1.45,9.0,1.7,123480000.0
2026-01-03 03:00:00,2.0,589.0,1.37,8.6,0.6,117800000.0
2026-01-03 04:00:00,1.9,587.0,1.27,8.6,-2.9,111530000.0
2026-01-03 05:00:00,1.9,583.0,1.26,8.3,0.8,110770000.0
2026-01-03 06:00:00,1.8,592.0,1.25,8.2,1.3,106560000.00000001
2026-01-03 07:00:00,1.8,570.0,1.09,8.3,2.4,102600000.0
2026-01-03 08:00:00,1.7,539.0,0.93,8.2,0.8,91630000.0
2026-01-03 09:00:00,2.2,519.0,1.11,7.4,3.2,114180000.00000001
2026-01-03 10:00:00,2.2,523.0,1.14,7.4,1.4,115060000.00000001
2026-01-03 11:00:00,2.2,515.0,1.08,7.6,-2.1,113300000.0
2026-01-03 12:00:00,2.6,480.0,1.12,6.8,-2.2,124800000.0
2026-01-03 13:00:00,2.6,482.0,1.13,7.0,-3.3,125320000.0
2026-01-03 14:00:00,2.3,472.0,0.95,6.9,-2.0,108559999.99999999
2026-01-03 15:00:00,2.8,497.0,1.28,6.9,-4.0,139160000.0
2026-01-03 16:00:00,2.8,489.0,1.25,6.7,-1.3,136919999.99999997
2026-01-03 17:00:00,1.6,491.0,0.73,7.4,0.3,78560000.0
2026-01-03 18:00:00,1.6,486.0,0.76,7.6,1.1,77760000.0
2026-01-03 19:00:00,2.9,475.0,1.17,7.3,2.2,137750000.0
2026-01-03 20:00:00,4.4,454.0,1.61,6.5,0.1,199760000.0
2026-01-03 21:00:00,4.8,452.0,1.74,6.2,0.7,216960000.0
2026-01-03 22:00:00,6.6,438.0,2.3,5.5,4.2,289080000.0
2026-01-03 23:00:00,5.4,437.0,1.87,5.6,3.2,235980000.00000003
2026-01-04 00:00:00,4.9,439.0,1.72,5.6,3.7,215110000.00000003
2026-01-04 01:00:00,4.7,434.0,1.6,5.5,3.7,203980000.00000003
2026-01-04 02:00:00,4.4,424.0,1.44,5.5,3.8,186560000.0
2026-01-04 03:00:00,4.1,423.0,1.36,5.3,3.5,173430000.0
2026-01-04 04:00:00,3.3,424.0,1.07,5.4,2.9,139919999.99999997
2026-01-04 05:00:00,2.9,423.0,0.92,5.5,1.7,122670000.0
2026-01-04 06:00:00,2.7,420.0,0.84,5.5,1.1,113400000.0
2026-01-04 07:00:00,2.5,418.0,0.77,5.4,0.8,104500000.0
2026-01-04 08:00:00,3.2,406.0,0.94,4.8,1.9,129920000.0
2026-01-04 09:00:00,3.2,399.0,0.92,4.6,2.6,127680000.00000001
2026-01-04 10:00:00,2.7,400.0,0.78,4.6,2.8,108000000.0
2026-01-04 11:00:00,3.0,396.0,0.84,4.5,2.9,118800000.0
2026-01-04 12:00:00,3.4,390.0,0.93,4.1,2.6,132600000.0
2026-01-04 13:00:00,3.3,390.0,0.91,4.2,3.0,128700000.0
2026-01-04 14:00:00,3.2,410.0,0.96,5.0,3.9,131200000.0
2026-01-04 15:00:00,4.0,433.0,1.35,5.9,2.7,173200000.0
2026-01-04 16:00:00,5.7,459.0,2.17,5.6,3.6,261630000.00000003
2026-01-04 17:00:00,2.8,435.0,1.01,6.3,4.5,121800000.0
2026-01-04 18:00:00,4.3,441.0,1.54,6.4,1.0,189630000.0
2026-01-04 19:00:00,6.2,453.0,2.18,6.7,-3.8,280860000.0
2026-01-04 20:00:00,6.4,447.0,2.21,6.2,-0.6,286080000.0
2026-01-04 21:00:00,9.2,461.0,3.38,7.3,-0.1,424120000.0
2026-01-04 22:00:00,8.2,471.0,3.27,9.2,-0.8,386220000.0
2026-01-04 23:00:00,8.1,480.0,3.32,8.7,-1.5,388800000.0
2026-01-05 00:00:00,7.6,460.0,2.94,6.8,-0.6,349600000.0
2026-01-05 01:00:00,6.8,463.0,2.69,7.3,-1.6,314840000.0
2026-01-05 02:00:00,6.4,482.0,2.76,9.3,-4.6,308480000.0
2026-01-05 03:00:00,6.8,457.0,2.65,9.2,-7.6,310760000.0
2026-01-05 04:00:00,6.0,447.0,2.24,9.5,-7.1,268200000.0
2026-01-05 05:00:00,5.5,444.0,2.03,9.4,-7.6,244200000.0
2026-01-05 06:00:00,5.7,438.0,1.99,8.7,-7.8,249660000.0
2026-01-05 07:00:00,5.4,433.0,1.86,8.0,-7.1,233820000.00000003
2026-01-05 08:00:00,4.7,433.0,1.63,7.7,-3.3,203510000.0
2026-01-05 09:00:00,3.7,426.0,1.26,8.0,1.1,157620000.0
2026-01-05 10:00:00,3.6,417.0,1.2,7.9,-1.4,150120000.0
2026-01-05 11:00:00,3.6,416.0,1.19,7.9,-0.3,149760000.0
2026-01-05 12:00:00,4.4,415.0,1.5,7.4,-3.8,182600000.00000003
2026-01-05 13:00:00,3.0,414.0,0.99,7.4,-1.6,124200000.0
2026-01-05 14:00:00,2.7,412.0,0.84,7.5,2.5,111240000.00000001
2026-01-05 15:00:00,2.8,416.0,0.89,7.4,2.6,116480000.0
2026-01-05 16:00:00,3.1,405.0,0.94,7.2,2.4,125550000.0
2026-01-05 17:00:00,3.5,390.0,1.0,7.2,1.1,136500000.0
2026-01-05 18:00:00,3.7,387.0,1.03,7.4,1.3,143190000.0
2026-01-05 19:00:00,4.2,386.0,1.15,7.5,2.0,162120000.0
2026-01-05 20:00:00,4.4,391.0,1.24,7.7,1.9,172040000.0
2026-01-05 21:00:00,4.7,394.0,1.35,7.6,4.1,185180000.00000003
2026-01-05 22:00:00,9.9,394.0,2.81,6.6,3.4,390060000.00000006
2026-01-05 23:00:00,5.6,379.0,1.54,7.6,1.8,212240000.0
2026-01-06 00:00:00,4.1,371.0,1.03,8.0,-0.8,152110000.0
2026-01-06 01:00:00,4.6,367.0,1.16,7.7,0.0,168819999.99999997
2026-01-06 02:00:00,5.0,358.0,1.2,7.7,-1.1,179000000.0
2026-01-06 03:00:00,5.1,366.0,1.25,7.4,-0.1,186660000.0
2026-01-06 04:00:00,5.9,365.0,1.44,7.3,1.0,215350000.0
2026-01-06 05:00:00,6.3,365.0,1.53,7.1,1.6,229950000.0
2026-01-06 06:00:00,5.8,359.0,1.37,6.8,-0.3,208219999.99999997
2026-01-06 07:00:00,5.2,358.0,1.22,6.7,-2.1,186160000.0
2026-01-06 08:00:00,5.1,357.0,1.19,6.2,-3.0,182069999.99999997
2026-01-06 09:00:00,9.8,371.0,2.5,4.9,-1.3,363580000.0
2026-01-06 10:00:00,12.9,386.0,3.88,4.6,1.7,497940000.00000006
2026-01-06 11:00:00,9.1,387.0,2.7,5.5,1.8,352170000.0
2026-01-06 12:00:00,7.4,386.0,2.11,5.2,3.9,285640000.0
2026-01-06 13:00:00,11.5,390.0,3.61,6.0,4.1,448500000.0
2026-01-06 14:00:00,10.2,386.0,3.17,6.3,3.8,393720000.0
2026-01-06 15:00:00,10.3,380.0,3.14,5.7,2.8,391400000.00000006
2026-01-06 16:00:00,9.7,377.0,2.86,5.1,3.3,365689999.99999994
2026-01-06 17:00:00,11.5,366.0,3.26,4.7,3.1,420900000.0
2026-01-06 18:00:00,7.5,366.0,2.13,4.9,2.5,274500000.0
2026-01-06 19:00:00,6.7,358.0,1.64,4.5,1.3,239860000.0
2026-01-06 20:00:00,5.0,338.0,1.07,4.9,2.6,169000000.0
2026-01-06 21:00:00,3.9,337.0,0.85,5.2,2.8,131430000.0
2026-01-06 22:00:00,4.3,341.0,0.94,5.2,3.0,146630000.0
2026-01-06 23:00:00,4.6,350.0,1.07,5.5,4.9,160999999.99999997
2026-01-07 00:00:00,4.9,342.0,1.09,5.8,2.5,167580000.00000003
2026-01-07 01:00:00,5.0,361.0,1.24,5.6,3.0,180500000.0
2026-01-07 02:00:00,5.3,356.0,1.26,5.8,5.5,188680000.0
2026-01-07 03:00:00,5.4,327.0,1.15,5.7,1.3,176580000.00000003
2026-01-07 04:00:00,5.2,348.0,1.21,5.9,3.0,180960000.0
2026-01-07 05:00:00,5.4,331.0,1.14,6.2,3.0,178740000.0
2026-01-07 06:00:00,5.8,339.0,1.3,6.6,3.9,196620000.0
2026-01-07 07:00:00,6.1,349.0,1.41,6.7,5.7,212890000.0
2026-01-07 08:00:00,5.6,340.0,1.25,6.9,3.8,190399999.99999997
2026-01-07 09:00:00,4.9,336.0,1.12,6.6,2.9,164640000.0
2026-01-07 10:00:00,5.8,342.0,1.36,6.5,3.0,198360000.0
2026-01-07 11:00:00,7.1,336.0,1.62,6.9,2.7,238560000.0
2026-01-07 12:00:00,6.5,327.0,1.42,7.5,2.4,212550000.0
2026-01-07 13:00:00,7.5,328.0,1.62,7.9,1.8,246000000.0
2026-01-07 14:00:00,9.0,344.0,2.08,9.1,0.5,309600000.0
2026-01-07 15:00:00,8.6,333.0,1.89,8.7,-1.5,286380000.0
2026-01-07 16:00:00,7.3,329.0,1.6,8.7,-2.2,240169999.99999997
2026-01-07 17:00:00,7.3,329.0,1.6,8.4,-1.9,240169999.99999997
2026-01-07 18:00:00,7.0,332.0,1.55,8.4,-4.7,232400000.0
2026-01-07 19:00:00,6.2,334.0,1.35,8.1,-4.8,207080000.00000003
2026-01-07 20:00:00,6.4,344.0,1.41,8.2,-3.0,220160000.0
2026-01-07 21:00:00,7.1,345.0,1.57,9.1,-4.3,244950000.0
2026-01-07 22:00:00,9.9,351.0,2.27,9.1,-6.5,347490000.0
2026-01-07 23:00:00,8.7,351.0,2.02,9.8,-6.3,305370000.0
2026-01-08 00:00:00,9.9,353.0,2.34,10.2,-7.8,349470000.0
2026-01-08 01:00:00,9.9,355.0,2.33,10.6,-9.2,351450000.0
2026-01-08 02:00:00,9.3,354.0,2.2,11.0,-8.9,329220000.0
2026-01-08 03:00:00,11.9,355.0,2.83,10.5,-9.4,422450000.0
2026-01-08 04:00:00,18.9,365.0,4.56,8.6,-5.3,689849999.9999999
2026-01-08 05:00:00,27.5,367.0,6.66,6.9,-4.5,1009250000.0
2026-01-08 06:00:00,16.5,375.0,4.09,10.6,-9.6,618750000.0
2026-01-08 07:00:00,14.1,367.0,3.29,10.9,-9.4,517470000.0
2026-01-08 08:00:00,15.9,366.0,3.8,9.7,1.2,581940000.0
2026-01-08 09:00:00,13.8,370.0,3.42,9.6,0.9,510600000.0
2026-01-08 10:00:00,15.7,373.0,3.82,9.0,2.1,585610000.0
2026-01-08 11:00:00,14.3,376.0,3.52,10.3,2.8,537680000.0
2026-01-08 12:00:00,11.1,382.0,2.85,11.2,2.9,424020000.0
2026-01-08 13:00:00,11.9,378.0,2.96,10.8,4.4,449820000.0
2026-01-08 14:00:00,14.5,372.0,3.5,9.5,5.2,539400000.0
2026-01-08 15:00:00,12.8,379.0,3.23,10.4,8.1,485120000.0
2026-01-08 16:00:00,11.8,384.0,3.06,11.9,7.3,453120000.00000006
2026-01-08 17:00:00,9.9,391.0,2.66,14.2,-0.4,387090000.0
2026-01-08 18:00:00,9.9,391.0,2.83,13.4,1.0,387090000.0
2026-01-08 19:00:00,12.3,398.0,3.75,12.2,1.3,489540000.00000006
2026-01-08 20:00:00,12.3,408.0,3.94,12.4,-5.4,501840000.00000006
2026-01-08 21:00:00,10.5,403.0,3.47,11.2,-1.1,423150000.0
2026-01-08 22:00:00,9.1,415.0,3.15,11.5,-2.4,377650000.0
2026-01-08 23:00:00,8.8,406.0,2.84,12.2,-2.5,357280000.0
2026-01-09 00:00:00,10.8,410.0,3.57,10.2,-5.5,442800000.0
2026-01-09 01:00:00,10.7,407.0,3.66,10.3,-8.1,435489999.99999994
2026-01-09 02:00:00,11.6,398.0,3.66,9.4,-3.6,461680000.0
2026-01-09 03:00:00,12.6,393.0,3.81,9.8,-3.5,495180000.0
2026-01-09 04:00:00,14.3,400.0,4.22,9.7,-0.0,572000000.0
2026-01-09 05:00:00,17.1,403.0,5.27,4.6,0.9,689130000.0
2026-01-09 06:00:00,13.8,445.0,5.49,9.6,1.9,614100000.0
2026-01-09 07:00:00,10.5,483.0,4.99,11.4,4.8,507150000.0
2026-01-09 08:00:00,7.4,506.0,4.14,10.7,7.3,374440000.0
2026-01-09 09:00:00,8.1,537.0,5.55,12.1,1.6,434970000.0
2026-01-09 10:00:00,9.2,529.0,6.0,11.8,8.0,486679999.99999994
2026-01-09 11:00:00,10.0,518.0,5.77,13.2,4.1,518000000.0
2026-01-09 12:00:00,7.4,497.0,3.76,14.5,2.8,367780000.0
2026-01-09 13:00:00,7.6,503.0,3.79,12.6,4.8,382280000.0
2026-01-09 14:00:00,7.0,504.0,3.54,10.6,3.2,352800000.0
2026-01-09 15:00:00,5.2,476.0,2.36,11.2,0.3,247520000.00000003
2026-01-09 16:00:00,5.8,481.0,2.67,10.9,0.1,278980000.0
2026-01-09 17:00:00,6.0,473.0,2.8,10.4,-0.4,283800000.0
2026-01-09 18:00:00,6.4,501.0,3.46,9.9,-1.3,320640000.0
2026-01-09 19:00:00,5.9,490.0,2.88,9.4,0.9,289100000.0
2026-01-09 20:00:00,5.9,492.0,3.29,8.6,-0.5,290280000.0
2026-01-09 21:00:00,5.9,487.0,3.0,8.7,2.5,287330000.0
2026-01-09 22:00:00,6.7,494.0,3.34,8.1,1.9,330980000.0
2026-01-09 23:00:00,6.6,473.0,3.02,8.0,0.6,312180000.0
2026-01-10 00:00:00,7.0,477.0,3.15,8.3,1.0,333900000.0
2026-01-10 01:00:00,7.9,487.0,3.85,7.5,1.2,384730000.0
2026-01-10 02:00:00,9.6,488.0,4.84,8.1,6.1,468480000.0
2026-01-10 03:00:00,10.4,468.0,4.98,9.4,-0.5,486720000.0
2026-01-10 04:00:00,10.6,466.0,5.18,7.6,1.3,493959999.99999994
2026-01-10 05:00:00,8.4,474.0,4.16,7.7,-5.2,398160000.00000006
2026-01-10 06:00:00,7.2,474.0,3.37,6.4,-0.3,341280000.0
2026-01-10 07:00:00,7.7,478.0,3.51,6.2,-0.6,368060000.0
2026-01-10 08:00:00,6.7,470.0,3.01,6.2,-3.6,314900000.0
2026-01-10 09:00:00,5.9,484.0,2.83,6.5,-3.8,285560000.00000006
2026-01-10 10:00:00,5.2,481.0,2.45,7.2,-3.1,250120000.00000003
2026-01-10 11:00:00,4.4,485.0,2.05,8.6,-4.5,213400000.0
2026-01-10 12:00:00,4.3,485.0,1.99,8.8,-7.8,208550000.0
2026-01-10 13:00:00,5.1,483.0,2.51,7.8,-5.6,246329999.99999997
2026-01-10 14:00:00,5.4,484.0,2.75,7.6,-5.1,261360000.00000003
2026-01-10 15:00:00,6.6,480.0,3.24,8.3,-6.5,316800000.0
2026-01-10 16:00:00,7.3,471.0,3.35,7.6,-6.3,343830000.0
2026-01-10 17:00:00,7.0,469.0,3.21,7.7,-6.4,328300000.0
2026-01-10 18:00:00,5.8,471.0,2.78,8.4,-5.7,273180000.0
2026-01-10 19:00:00,5.5,459.0,2.57,8.4,-6.6,252450000.0
2026-01-10 20:00:00,10.5,540.0,7.36,11.6,-7.6,567000000.0
2026-01-10 21:00:00,14.2,576.0,11.08,17.6,-15.2,817920000.0
2026-01-10 22:00:00,18.5,570.0,14.21,16.2,-10.8,1054500000.0
2026-01-10 23:00:00,13.3,557.0,10.2,15.8,-8.2,740810000.0
2026-01-11 00:00:00,11.2,542.0,8.22,15.9,8.6,607040000.0
2026-01-11 01:00:00,6.9,529.0,5.02,16.1,2.6,365010000.00000006
2026-01-11 02:00:00,7.1,510.0,4.66,14.5,5.2,362100000.0
2026-01-11 03:00:00,7.1,506.0,4.27,13.6,11.2,359260000.0
2026-01-11 04:00:00,5.3,518.0,3.11,12.7,1.9,274540000.0
2026-01-11 05:00:00,4.0,537.0,2.31,13.5,-1.5,214800000.0
2026-01-11 06:00:00,3.8,528.0,1.92,13.4,-2.5,200640000.0
2026-01-11 07:00:00,4.2,523.0,2.13,12.8,-0.1,219660000.0
2026-01-11 08:00:00,4.7,520.0,2.2,12.5,-1.0,244400000.0
2026-01-11 09:00:00,5.0,516.0,2.66,12.0,-0.9,258000000.0
2026-01-11 10:00:00,4.7,527.0,2.3,11.5,-2.8,247690000.0
2026-01-11 11:00:00,5.1,536.0,2.57,11.0,-3.6,273360000.0
2026-01-11 12:00:00,4.7,533.0,2.37,10.2,-3.8,250510000.0
2026-01-11 13:00:00,5.9,530.0,3.01,9.7,-4.6,312700000.0
2026-01-11 14:00:00,6.1,518.0,2.89,9.9,-7.3,315980000.0
2026-01-11 15:00:00,4.2,520.0,2.01,10.3,-8.2,218400000.0
2026-01-11 16:00:00,2.6,511.0,1.22,10.6,-9.3,132860000.00000001
2026-01-11 17:00:00,8.4,514.0,3.96,9.9,-8.4,431760000.00000006
2026-01-11 18:00:00,4.5,527.0,2.53,10.1,-1.4,237150000.0
2026-01-11 19:00:00,2.4,533.0,1.42,10.4,-5.7,127920000.0
2026-01-11 20:00:00,2.2,550.0,1.42,9.9,-6.6,121000000.0
2026-01-11 21:00:00,2.1,542.0,1.33,9.9,-5.3,113820000.0
2026-01-11 22:00:00,1.8,545.0,1.34,9.3,-3.8,98100000.0
2026-01-11 23:00:00,1.7,534.0,1.25,8.6,-4.3,90780000.0
2026-01-12 00:00:00,1.8,542.0,1.32,8.2,-3.0,97560000.0
2026-01-12 01:00:00,1.6,523.0,1.09,7.5,-1.8,83680000.0
2026-01-12 02:00:00,1.7,558.0,1.14,7.0,-1.2,94860000.0
2026-01-12 03:00:00,2.0,538.0,1.4,7.8,-5.0,107600000.0
2026-01-12 04:00:00,2.0,527.0,1.31,7.6,-3.5,105400000.0
2026-01-12 05:00:00,1.9,529.0,1.24,7.5,-4.7,100509999.99999999
2026-01-12 06:00:00,1.7,513.0,1.04,7.2,-3.1,87210000.0
2026-01-12 07:00:00,1.7,514.0,1.03,7.3,-2.1,87380000.0
2026-01-12 08:00:00,1.7,499.0,1.01,7.5,-1.8,84830000.0
2026-01-12 09:00:00,1.6,520.0,1.02,7.7,2.0,83200000.0
2026-01-12 10:00:00,1.6,506.0,0.98,7.9,1.1,80960000.0
2026-01-12 11:00:00,1.7,501.0,1.04,8.3,4.2,85170000.0
2026-01-12 12:00:00,2.0,547.0,1.4,8.2,5.4,109400000.0
2026-01-12 13:00:00,2.1,539.0,1.47,8.3,1.9,113190000.00000001
2026-01-12 14:00:00,2.4,518.0,1.4,8.1,3.0,124320000.0
2026-01-12 15:00:00,3.4,557.0,1.97,7.2,2.1,189380000.0
2026-01-12 16:00:00,3.3,556.0,1.89,6.8,0.0,183480000.0
2026-01-12 17:00:00,3.4,562.0,2.0,7.0,-0.8,191080000.0
2026-01-12 18:00:00,2.5,600.0,1.68,6.8,-2.9,150000000.0
2026-01-12 19:00:00,2.3,585.0,1.47,6.5,-3.6,134550000.0
2026-01-12 20:00:00,2.2,578.0,1.35,7.2,-2.8,127160000.00000001
2026-01-12 21:00:00,2.6,566.0,1.49,7.4,-5.1,147160000.0
2026-01-12 22:00:00,2.6,558.0,1.52,7.4,-3.5,145080000.0
2026-01-12 23:00:00,2.3,570.0,1.39,7.1,-2.6,131100000.0
2026-01-13 00:00:00,2.0,553.0,1.22,7.3,-2.6,110600000.0
2026-01-13 01:00:00,2.1,564.0,1.24,7.1,-1.5,118440000.00000001
2026-01-13 02:00:00,2.2,587.0,1.42,7.0,-1.3,129140000.00000001
2026-01-13 03:00:00,1.8,565.0,1.09,7.4,1.3,101700000.0
2026-01-13 04:00:00,2.2,576.0,1.39,6.9,3.7,126720000.0
2026-01-13 05:00:00,2.7,553.0,1.65,5.5,2.1,149310000.0
2026-01-13 06:00:00,1.7,518.0,0.91,5.7,-0.2,88060000.0
2026-01-13 07:00:00,2.0,528.0,1.14,7.4,3.4,105600000.0
2026-01-13 08:00:00,2.7,528.0,1.47,7.8,-2.9,142560000.0
2026-01-13 09:00:00,1.8,558.0,1.04,7.6,2.1,100440000.0
2026-01-13 10:00:00,1.4,556.0,0.81,7.4,4.5,77840000.0
2026-01-13 11:00:00,1.2,568.0,0.74,6.7,4.0,68160000.0
2026-01-13 12:00:00,1.0,572.0,0.65,6.6,3.8,57200000.0
2026-01-13 13:00:00,1.0,571.0,0.63,6.6,3.2,57100000.0
2026-01-13 14:00:00,1.0,553.0,0.59,6.7,2.5,55300000.0
2026-01-13 15:00:00,1.0,544.0,0.58,6.5,0.9,54400000.0
2026-01-13 16:00:00,1.1,539.0,0.61,6.4,0.1,59290000.00000001
2026-01-13 17:00:00,1.1,527.0,0.58,6.5,-0.3,57970000.00000001
2026-01-13 18:00:00,0.8,536.0,0.44,6.8,0.7,42880000.0
2026-01-13 19:00:00,0.7,483.0,0.33,6.2,-2.4,33810000.0
2026-01-13 20:00:00,1.1,499.0,0.51,6.4,-2.8,54890000.00000001
2026-01-13 21:00:00,1.0,491.0,0.65,6.3,0.1,49100000.0
2026-01-13 22:00:00,0.8,496.0,0.39,6.3,0.3,39680000.0
2026-01-13 23:00:00,0.9,501.0,0.44,6.1,-0.4,45090000.0
2026-01-14 00:00:00,0.8,495.0,0.38,6.1,-0.9,39600000.0
2026-01-14 01:00:00,0.7,494.0,0.35,6.0,-0.5,34579999.99999999
2026-01-14 02:00:00,0.7,496.0,0.36,6.3,-0.9,34720000.0
2026-01-14 03:00:00,0.7,488.0,0.36,6.3,0.0,34160000.0
2026-01-14 04:00:00,0.8,505.0,0.41,6.2,-0.2,40400000.0
2026-01-14 05:00:00,0.7,498.0,0.37,6.4,-0.6,34860000.0
2026-01-14 06:00:00,0.7,490.0,0.41,6.4,1.2,34300000.0
2026-01-14 07:00:00,0.8,496.0,0.39,6.1,0.7,39680000.0
2026-01-14 08:00:00,0.8,475.0,0.38,6.0,0.4,38000000.0
2026-01-14 09:00:00,1.0,483.0,0.48,5.9,-0.0,48300000.0
2026-01-14 10:00:00,1.5,527.0,0.87,5.6,0.2,79050000.0
2026-01-14 11:00:00,1.7,512.0,0.95,5.4,0.1,87040000.0
2026-01-14 12:00:00,1.8,525.0,1.02,5.6,-0.5,94500000.0
2026-01-14 13:00:00,2.0,504.0,1.08,6.0,0.6,100800000.0
2026-01-14 14:00:00,2.3,507.0,1.24,6.2,2.8,116609999.99999999
2026-01-14 15:00:00,2.6,518.0,1.45,6.5,0.8,134680000.0
2026-01-14 16:00:00,2.7,524.0,1.53,6.8,0.9,141480000.00000003
2026-01-14 17:00:00,1.9,527.0,1.09,7.3,2.0,100130000.0
2026-01-14 18:00:00,1.8,530.0,0.99,8.2,0.2,95400000.0
2026-01-14 19:00:00,1.3,505.0,0.64,8.7,2.3,65650000.0
2026-01-14 20:00:00,1.3,507.0,0.63,9.0,1.8,65910000.0
2026-01-14 21:00:00,1.5,506.0,0.72,9.0,1.3,75900000.0
2026-01-14 22:00:00,4.3,520.0,2.17,7.5,1.0,223600000.0
2026-01-14 23:00:00,7.1,556.0,4.4,4.6,-0.0,394760000.0
2026-01-15 00:00:00,4.1,567.0,2.77,4.6,1.1,232469999.99999997
2026-01-15 01:00:00,3.8,550.0,2.39,4.4,-0.6,209000000.0
2026-01-15 02:00:00,4.4,542.0,2.5,4.2,0.0,238480000.00000003
2026-01-15 03:00:00,4.4,521.0,2.29,4.0,2.3,229240000.0
2026-01-15 04:00:00,5.0,509.0,2.45,3.2,1.3,254500000.0
2026-01-15 05:00:00,2.7,486.0,1.21,4.1,-1.7,131220000.0
2026-01-15 06:00:00,2.3,495.0,1.08,6.9,-2.5,113850000.0
2026-01-15 07:00:00,5.3,549.0,3.04,5.8,1.8,290970000.0
2026-01-15 08:00:00,3.8,571.0,2.49,7.5,-4.3,216979999.99999997
2026-01-15 09:00:00,4.4,617.0,3.35,4.7,-2.4,271480000.0
2026-01-15 10:00:00,4.0,620.0,3.11,4.7,-0.9,248000000.0
2026-01-15 11:00:00,3.5,628.0,2.81,3.6,0.8,219800000.0
2026-01-15 12:00:00,2.9,639.0,2.33,4.8,1.5,185310000.0
2026-01-15 13:00:00,3.0,587.0,2.09,4.8,0.9,176100000.0
2026-01-15 14:00:00,5.2,576.0,3.45,4.3,0.3,299520000.0
2026-01-15 15:00:00,4.2,593.0,2.97,5.7,-1.6,249060000.0
2026-01-15 16:00:00,4.3,621.0,3.42,4.7,-0.4,267029999.99999997
2026-01-15 17:00:00,4.4,628.0,3.61,5.0,-0.7,276320000.0
2026-01-15 18:00:00,4.3,626.0,3.42,5.5,-0.5,269180000.0
2026-01-15 19:00:00,4.7,615.0,3.56,6.2,-1.9,289050000.0
2026-01-15 20:00:00,5.1,611.0,3.74,5.6,-0.5,311610000.0
2026-01-15 21:00:00,5.0,599.0,3.5,5.4,2.5,299500000.0
2026-01-15 22:00:00,4.8,607.0,3.63,4.6,1.6,291360000.0
2026-01-15 23:00:00,4.4,587.0,3.24,4.7,1.8,258280000.00000003
2026-01-16 00:00:00,8.6,550.0,5.42,4.0,2.2,473000000.0
2026-01-16 01:00:00,12.2,550.0,7.59,5.8,0.5,671000000.0
2026-01-16 02:00:00,14.5,563.0,9.43,8.9,4.3,816350000.0
2026-01-16 03:00:00,10.8,594.0,7.76,10.4,2.5,641520000.0000001
2026-01-16 04:00:00,6.8,664.0,6.21,10.5,0.4,451520000.0
2026-01-16 05:00:00,6.0,707.0,5.89,7.9,2.0,424200000.0
2026-01-16 06:00:00,4.3,688.0,3.9,8.7,-1.4,295840000.0
2026-01-16 07:00:00,3.7,679.0,3.22,9.4,1.5,251230000.00000003
2026-01-16 08:00:00,4.6,679.0,4.15,9.9,1.0,312339999.99999994
2026-01-16 09:00:00,4.6,656.0,3.94,10.4,-0.4,301760000.0
2026-01-16 10:00:00,4.8,612.0,3.6,10.4,2.3,293760000.0
2026-01-16 11:00:00,4.7,604.0,3.38,11.2,5.8,283880000.0
2026-01-16 12:00:00,5.0,608.0,3.59,12.4,2.6,304000000.0
2026-01-16 13:00:00,7.4,653.0,6.24,9.8,4.0,483220000.0
2026-01-16 14:00:00,7.0,656.0,5.86,10.9,-2.3,459200000.0
2026-01-16 15:00:00,7.6,657.0,6.46,10.9,-2.1,499320000.0
2026-01-16 16:00:00,6.2,663.0,5.32,11.1,3.6,411060000.00000006
2026-01-16 17:00:00,4.9,686.0,4.61,11.3,-3.1,336140000.0
2026-01-16 18:00:00,5.2,672.0,4.56,12.2,2.1,349440000.0
2026-01-16 19:00:00,5.8,695.0,5.48,11.4,1.9,403100000.0
2026-01-16 20:00:00,5.9,690.0,5.57,10.8,1.8,407100000.00000006
2026-01-16 21:00:00,5.7,680.0,5.28,11.1,0.9,387600000.0
2026-01-16 22:00:00,4.9,691.0,4.66,11.3,-0.0,338590000.0
2026-01-16 23:00:00,4.9,671.0,4.14,11.1,3.5,328790000.0
2026-01-17 00:00:00,5.3,674.0,4.65,11.3,-0.1,357220000.0
2026-01-17 01:00:00,5.0,679.0,4.42,11.9,-1.2,339500000.0
2026-01-17 02:00:00,4.6,690.0,4.36,11.3,-2.0,317399999.99999994
2026-01-17 03:00:00,2.9,739.0,3.1,7.5,1.5,214310000.0
2026-01-17 04:00:00,2.7,741.0,2.96,7.3,0.7,200070000.0
2026-01-17 05:00:00,2.7,732.0,2.86,7.1,2.5,197640000.0
2026-01-17 06:00:00,2.7,717.0,2.77,7.2,1.9,193590000.0
2026-01-17 07:00:00,2.9,733.0,3.01,7.4,-0.2,212569999.99999997
2026-01-17 08:00:00,2.7,702.0,2.48,7.4,-0.3,189540000.0
2026-01-17 09:00:00,2.8,709.0,2.65,7.7,0.9,198519999.99999997
2026-01-17 10:00:00,2.6,693.0,2.32,7.8,-0.0,180180000.0
2026-01-17 11:00:00,2.4,692.0,2.17,7.1,-0.8,166080000.0
2026-01-17 12:00:00,2.4,708.0,2.31,6.8,-0.8,169920000.0
2026-01-17 13:00:00,2.6,678.0,2.27,6.8,0.3,176280000.0
2026-01-17 14:00:00,2.5,673.0,2.15,7.0,0.9,168250000.0
2026-01-17 15:00:00,3.0,705.0,2.84,7.5,2.5,211500000.0
2026-01-17 16:00:00,2.7,700.0,2.58,7.7,0.4,189000000.00000003
2026-01-17 17:00:00,2.7,694.0,2.62,7.4,-0.5,187380000.00000003
2026-01-17 18:00:00,2.6,699.0,2.53,7.3,1.3,181740000.0
2026-01-17 19:00:00,2.5,705.0,2.43,7.3,0.5,176250000.0
2026-01-17 20:00:00,2.4,696.0,2.29,7.3,1.3,167040000.0
2026-01-17 21:00:00,2.4,688.0,2.22,6.9,-0.6,165120000.0
2026-01-17 22:00:00,2.9,708.0,2.89,7.1,-2.5,205319999.99999997
2026-01-17 23:00:00,2.8,690.0,2.63,7.7,0.4,193199999.99999997
2026-01-18 00:00:00,2.8,681.0,2.54,7.9,2.8,190680000.0
2026-01-18 01:00:00,2.6,682.0,2.43,7.9,1.4,177320000.0
2026-01-18 02:00:00,2.5,673.0,2.31,7.9,0.3,168250000.0
2026-01-18 03:00:00,2.8,677.0,2.55,7.8,0.0,189560000.0
2026-01-18 04:00:00,2.8,662.0,2.45,7.7,0.6,185360000.0
2026-01-18 05:00:00,2.9,640.0,2.36,7.8,-0.8,185600000.0
2026-01-18 06:00:00,2.6,626.0,1.93,8.3,0.1,162760000.0
2026-01-18 07:00:00,2.5,615.0,1.79,8.5,-0.9,153750000.0
2026-01-18 08:00:00,2.6,609.0,1.82,8.5,-1.3,158340000.0
2026-01-18 09:00:00,2.4,574.0,1.47,8.5,-0.8,137760000.0
2026-01-18 10:00:00,2.5,565.0,1.49,8.5,-1.2,141250000.0
2026-01-18 11:00:00,2.5,556.0,1.45,8.6,-1.9,139000000.0
2026-01-18 12:00:00,2.3,552.0,1.35,8.5,-2.3,126959999.99999999
2026-01-18 13:00:00,2.0,535.0,1.18,8.4,-2.8,107000000.0
2026-01-18 14:00:00,2.0,528.0,1.12,8.3,-2.2,105600000.0
2026-01-18 15:00:00,2.8,541.0,1.85,8.6,-2.7,151480000.0
2026-01-18 16:00:00,2.3,523.0,1.37,8.1,-1.2,120289999.99999999
2026-01-18 17:00:00,1.8,498.0,0.96,7.9,-1.7,89640000.0
2026-01-18 18:00:00,1.9,497.0,0.99,8.0,-2.9,94430000.0
2026-01-18 19:00:00,2.0,497.0,1.05,8.1,-2.9,99400000.0
2026-01-18 20:00:00,2.3,487.0,1.15,7.8,-2.5,112009999.99999999
2026-01-18 21:00:00,2.3,481.0,1.1,7.4,-2.7,110630000.0
2026-01-18 22:00:00,2.3,480.0,1.13,7.1,-2.7,110400000.0
2026-01-18 23:00:00,2.4,466.0,1.09,7.1,-2.6,111839999.99999999
2026-01-19 00:00:00,2.5,468.0,1.14,7.1,-2.7,117000000.0
2026-01-19 01:00:00,2.5,460.0,1.12,7.2,-1.2,115000000.0
2026-01-19 02:00:00,3.1,472.0,1.43,7.6,1.7,146320000.0
2026-01-19 03:00:00,3.1,463.0,1.36,7.8,1.0,143530000.0
2026-01-19 04:00:00,3.1,444.0,1.21,7.8,-1.4,137640000.0
2026-01-19 05:00:00,3.0,434.0,1.11,7.4,0.5,130200000.0
2026-01-19 06:00:00,2.9,430.0,1.06,7.4,0.3,124700000.0
2026-01-19 07:00:00,2.9,430.0,1.07,7.7,2.4,124700000.0
2026-01-19 08:00:00,2.8,424.0,1.01,7.6,1.4,118719999.99999999
2026-01-19 09:00:00,2.8,418.0,0.97,7.4,-0.0,117039999.99999999
2026-01-19 10:00:00,2.6,416.0,0.9,7.2,-0.6,108160000.00000001
2026-01-19 11:00:00,2.7,430.0,1.0,7.6,-0.7,116100000.0
2026-01-19 12:00:00,2.6,428.0,0.94,7.8,1.1,111280000.0
2026-01-19 13:00:00,2.4,427.0,0.88,7.9,0.2,102480000.0
2026-01-19 14:00:00,2.4,422.0,0.87,8.3,-1.9,101280000.0
2026-01-19 15:00:00,2.4,423.0,0.89,8.2,-2.7,101520000.0
2026-01-19 16:00:00,2.5,418.0,0.94,7.6,-1.7,104500000.0
2026-01-19 17:00:00,3.4,430.0,1.36,8.1,-3.8,146200000.0
2026-01-19 18:00:00,3.1,440.0,1.36,7.2,-1.0,136400000.0
2026-01-19 19:00:00,8.3,698.0,8.62,14.7,-5.4,579340000.0
2026-01-19 20:00:00,23.9,1125.0,60.5,27.1,-5.7,2688750000.0
2026-01-19 21:00:00,18.9,1121.0,47.5,40.0,-21.8,2118689999.9999998
2026-01-19 22:00:00,15.8,1083.0,37.06,65.4,58.3,1711140000.0000002
2026-01-19 23:00:00,12.5,1074.0,28.84,61.9,58.9,1342500000.0
2026-01-20 00:00:00,12.8,1054.0,28.44,60.1,52.7,1349120000.0
2026-01-20 01:00:00,6.9,1034.0,14.75,56.9,36.9,713460000.0
2026-01-20 02:00:00,6.3,964.0,11.71,50.8,22.4,607320000.0
2026-01-20 03:00:00,4.4,923.0,7.5,44.9,10.1,406120000.0
2026-01-20 04:00:00,2.0,917.0,3.53,39.8,1.1,183400000.0
2026-01-20 05:00:00,1.1,909.0,2.16,36.1,-3.5,99990000.00000001
2026-01-20 06:00:00,1.3,959.0,2.5,31.9,-18.0,124670000.0
2026-01-20 07:00:00,4.5,969.0,9.31,29.3,-19.3,436050000.0
2026-01-20 08:00:00,4.1,954.0,7.46,26.9,-18.1,391139999.99999994
2026-01-20 09:00:00,7.6,951.0,13.75,22.8,-16.3,722760000.0
2026-01-20 10:00:00,10.4,951.0,18.81,16.4,-14.5,989040000.0
2026-01-20 11:00:00,10.3,948.0,18.51,14.1,-8.6,976440000.0000001
2026-01-20 12:00:00,5.8,951.0,10.49,13.7,-3.8,551580000.0
2026-01-20 13:00:00,5.6,924.0,9.56,14.1,-8.2,517439999.99999994
2026-01-20 14:00:00,5.7,906.0,9.36,14.6,-9.4,516420000.0
2026-01-20 15:00:00,5.9,882.0,9.66,15.3,-7.9,520380000.0
2026-01-20 16:00:00,4.7,867.0,7.46,16.5,-5.1,407490000.0
2026-01-20 17:00:00,4.8,862.0,7.58,20.1,-4.3,413759999.99999994
2026-01-20 18:00:00,6.1,850.0,9.27,23.0,-13.4,518500000.0
2026-01-20 19:00:00,2.1,850.0,3.07,20.7,-11.1,178500000.0
2026-01-20 20:00:00,2.9,837.0,4.08,19.1,-10.5,242729999.99999997
2026-01-20 21:00:00,4.0,843.0,6.04,17.4,-12.9,337200000.0
2026-01-20 22:00:00,4.4,817.0,6.61,15.8,-11.4,359480000.0
2026-01-20 23:00:00,4.8,796.0,6.68,14.4,-8.6,382080000.0
2026-01-21 00:00:00,4.0,782.0,5.44,12.5,-4.0,312800000.0
2026-01-21 01:00:00,3.9,771.0,5.37,9.9,-3.3,300690000.0
2026-01-21 02:00:00,2.1,758.0,2.79,9.7,5.3,159180000.0
2026-01-21 03:00:00,3.7,770.0,5.16,8.7,-2.1,284900000.0
2026-01-21 04:00:00,5.8,778.0,8.18,6.5,-5.4,451239999.99999994
2026-01-21 05:00:00,7.2,747.0,8.91,5.2,-3.1,537840000.0
2026-01-21 06:00:00,6.0,736.0,7.12,7.4,-5.7,441600000.0
2026-01-21 07:00:00,7.0,725.0,7.99,7.1,-5.4,507500000.0
2026-01-21 08:00:00,6.3,713.0,6.82,7.8,-6.0,449189999.99999994
2026-01-21 09:00:00,7.4,704.0,7.84,8.7,-5.9,520960000.00000006
2026-01-21 10:00:00,1.7,657.0,1.78,8.6,-0.8,111689999.99999999
2026-01-21 11:00:00,1.7,648.0,1.8,7.7,-2.6,110159999.99999999
2026-01-21 12:00:00,1.6,641.0,1.65,7.4,1.2,102560000.00000001
2026-01-21 13:00:00,1.6,636.0,1.68,7.1,-1.0,101760000.0
2026-01-21 14:00:00,1.8,631.0,1.78,7.0,-2.0,113580000.0
2026-01-21 15:00:00,1.9,626.0,1.88,6.9,0.8,118939999.99999999
2026-01-21 16:00:00,1.8,622.0,1.85,6.3,0.2,111960000.00000001
2026-01-21 17:00:00,1.4,597.0,1.33,6.3,-1.4,83580000.0
2026-01-21 18:00:00,1.4,588.0,1.26,6.1,-0.3,82320000.0
2026-01-21 19:00:00,1.5,584.0,1.32,5.7,1.2,87600000.0
2026-01-21 20:00:00,1.2,585.0,0.94,5.7,0.0,70200000.0
2026-01-21 21:00:00,1.5,579.0,1.23,5.7,0.5,86850000.0
2026-01-21 22:00:00,1.5,585.0,1.34,6.0,0.3,87750000.0
2026-01-21 23:00:00,2.1,591.0,2.14,5.8,-0.9,124110000.00000001
2026-01-22 00:00:00,2.5,596.0,2.58,6.3,-3.1,149000000.0
2026-01-22 01:00:00,2.3,572.0,2.1,6.9,-3.2,131559999.99999999
2026-01-22 02:00:00,1.4,549.0,1.07,7.0,-1.0,76859999.99999999
2026-01-22 03:00:00,1.7,542.0,1.23,7.1,-0.2,92140000.0
2026-01-22 04:00:00,1.6,535.0,0.94,7.2,-0.5,85600000.0
2026-01-22 05:00:00,1.6,542.0,1.0,7.4,0.9,86720000.0
2026-01-22 06:00:00,1.8,541.0,1.06,7.6,-2.1,97380000.0
2026-01-22 07:00:00,2.3,540.0,1.58,8.1,-2.2,124200000.0
2026-01-22 08:00:00,5.2,565.0,3.49,9.2,7.1,293800000.0
2026-01-22 09:00:00,4.8,565.0,3.2,9.3,7.0,271200000.0
2026-01-22 10:00:00,5.3,556.0,3.54,8.7,6.4,294680000.0
2026-01-22 11:00:00,3.9,545.0,2.45,8.7,5.8,212550000.0
2026-01-22 12:00:00,3.9,531.0,2.42,8.8,3.2,207090000.0
2026-01-22 13:00:00,4.2,531.0,2.6,9.2,2.7,223020000.00000003
2026-01-22 14:00:00,4.5,530.0,3.23,9.2,5.0,238500000.0
2026-01-22 15:00:00,4.0,523.0,2.59,9.8,2.9,209200000.0
2026-01-22 16:00:00,5.0,541.0,2.74,8.6,-0.2,270500000.0
2026-01-22 17:00:00,4.8,532.0,2.52,8.3,2.5,255360000.0
2026-01-22 18:00:00,4.8,522.0,2.46,7.9,1.5,250560000.0
2026-01-22 19:00:00,4.7,516.0,2.39,7.8,-0.9,242520000.00000003
2026-01-22 20:00:00,4.7,509.0,2.29,7.7,0.3,239230000.00000003
2026-01-22 21:00:00,4.1,519.0,2.07,8.2,-4.0,212789999.99999997
2026-01-22 22:00:00,2.9,512.0,1.41,9.2,-6.9,148480000.0
2026-01-22 23:00:00,4.3,493.0,2.09,9.2,-5.8,211990000.0
2026-01-23 00:00:00,5.3,484.0,2.81,8.6,-5.6,256519999.99999997
2026-01-23 01:00:00,4.5,477.0,2.46,8.6,-5.2,214650000.0
2026-01-23 02:00:00,5.8,477.0,2.98,8.1,-3.7,276660000.0
2026-01-23 03:00:00,7.1,492.0,3.62,6.2,-2.8,349320000.0
2026-01-23 04:00:00,5.8,503.0,3.08,6.0,-1.6,291740000.0
2026-01-23 05:00:00,6.6,499.0,3.18,6.6,-2.9,329339999.99999994
2026-01-23 06:00:00,6.6,510.0,3.51,5.5,-0.3,336600000.0
2026-01-23 07:00:00,5.3,522.0,2.9,6.9,-1.2,276660000.0
2026-01-23 08:00:00,4.3,521.0,2.26,7.5,-4.5,224029999.99999997
2026-01-23 09:00:00,3.7,544.0,2.08,7.2,-3.9,201280000.00000003
2026-01-23 10:00:00,3.7,554.0,2.31,5.9,0.7,204980000.00000003
2026-01-23 11:00:00,3.9,538.0,2.28,5.8,-0.7,209819999.99999997
2026-01-23 12:00:00,3.5,561.0,2.19,5.8,-0.2,196350000.0
2026-01-23 13:00:00,3.3,564.0,2.04,6.7,-3.3,186119999.99999997
2026-01-23 14:00:00,3.0,577.0,2.01,5.8,-1.0,173100000.0
2026-01-23 15:00:00,3.1,586.0,2.14,5.9,0.1,181660000.0
2026-01-23 16:00:00,3.1,588.0,2.16,6.0,-3.4,182280000.0
2026-01-23 17:00:00,3.0,577.0,2.03,5.8,0.4,173100000.0
2026-01-23 18:00:00,3.1,576.0,2.1,5.4,-1.2,178560000.0
2026-01-23 19:00:00,2.8,571.0,1.83,5.6,-2.8,159880000.0
2026-01-23 20:00:00,2.5,558.0,1.54,5.7,-1.4,139500000.0
2026-01-23 21:00:00,2.3,567.0,1.47,5.8,-1.0,130409999.99999999
2026-01-23 22:00:00,2.7,563.0,1.68,6.1,-2.8,152010000.0
2026-01-23 23:00:00,2.5,554.0,1.5,6.1,-3.9,138500000.0
2026-01-24 00:00:00,2.2,535.0,1.29,5.8,-0.7,117700000.0
2026-01-24 01:00:00,2.5,570.0,1.64,6.2,4.9,142500000.0
2026-01-24 02:00:00,2.8,553.0,1.73,6.3,4.0,154840000.0
2026-01-24 03:00:00,2.4,542.0,1.4,6.2,2.4,130080000.0
2026-01-24 04:00:00,2.4,549.0,1.44,6.1,2.6,131759999.99999999
2026-01-24 05:00:00,2.4,531.0,1.33,6.0,1.3,127439999.99999999
2026-01-24 06:00:00,2.5,545.0,1.47,6.1,0.7,136250000.0
2026-01-24 07:00:00,2.5,542.0,1.45,6.2,-1.7,135500000.0
2026-01-24 08:00:00,2.3,523.0,1.26,6.0,-0.8,120289999.99999999
2026-01-24 09:00:00,2.6,549.0,1.54,6.2,-4.4,142740000.0
2026-01-24 10:00:00,2.7,526.0,1.5,6.2,-1.8,142020000.0
2026-01-24 11:00:00,2.9,542.0,1.68,6.3,0.7,157180000.0
2026-01-24 12:00:00,2.7,542.0,1.59,6.2,-0.5,146340000.0
2026-01-24 13:00:00,2.7,552.0,1.66,6.2,3.7,149040000.0
2026-01-24 14:00:00,2.7,523.0,1.54,6.1,-0.0,141210000.0
2026-01-24 15:00:00,3.0,525.0,1.71,5.9,-1.6,157500000.0
2026-01-24 16:00:00,2.9,529.0,1.68,6.1,-0.1,153410000.0
2026-01-24 17:00:00,2.6,513.0,1.39,6.2,-0.7,133380000.0
2026-01-24 18:00:00,2.9,517.0,1.61,6.2,-2.3,149930000.0
2026-01-24 19:00:00,2.7,502.0,1.34,6.5,-0.7,135540000.0
2026-01-24 20:00:00,2.6,508.0,1.32,6.5,-1.2,132080000.0
2026-01-24 21:00:00,2.3,492.0,1.09,6.3,-1.7,113159999.99999999
2026-01-24 22:00:00,2.3,497.0,1.15,6.1,1.0,114309999.99999999
2026-01-24 23:00:00,2.5,500.0,1.23,6.1,-1.4,125000000.0
2026-01-25 00:00:00,2.5,505.0,1.26,5.9,-0.7,126250000.0
2026-01-25 01:00:00,2.8,521.0,1.56,5.5,-0.3,145880000.0
2026-01-25 02:00:00,3.6,543.0,2.19,5.2,3.0,195480000.0
2026-01-25 03:00:00,3.9,539.0,2.31,6.0,2.0,210210000.0
2026-01-25 04:00:00,3.7,551.0,2.25,6.5,-0.9,203870000.0
2026-01-25 05:00:00,3.8,587.0,2.67,5.7,2.3,223060000.0
2026-01-25 06:00:00,3.5,565.0,2.36,5.6,-1.1,197750000.0
2026-01-25 07:00:00,3.5,554.0,2.24,5.8,-0.7,193900000.0
2026-01-25 08:00:00,3.6,563.0,2.36,5.5,-1.6,202680000.0
2026-01-25 09:00:00,3.7,568.0,2.49,5.6,-2.6,210160000.0
2026-01-25 10:00:00,3.4,561.0,2.26,5.2,-1.8,190740000.0
2026-01-25 11:00:00,3.5,556.0,2.28,5.4,-1.0,194600000.0
2026-01-25 12:00:00,3.4,556.0,2.26,5.7,-1.4,189040000.0
2026-01-25 13:00:00,3.4,541.0,2.15,5.9,-2.4,183940000.0
2026-01-25 14:00:00,3.4,537.0,2.08,5.8,-2.5,182580000.0
2026-01-25 15:00:00,3.4,524.0,2.02,5.4,-1.1,178160000.0
2026-01-25 16:00:00,3.9,531.0,2.39,5.3,2.8,207090000.0
2026-01-25 17:00:00,3.4,503.0,1.92,5.4,-0.9,171020000.0
2026-01-25 18:00:00,3.1,500.0,1.66,5.5,-0.9,155000000.0
2026-01-25 19:00:00,3.1,505.0,1.63,5.2,-1.7,156550000.0
2026-01-25 20:00:00,3.5,519.0,1.98,4.1,0.3,181650000.0
2026-01-25 21:00:00,3.7,507.0,2.04,3.7,-0.7,187590000.0
2026-01-25 22:00:00,3.2,522.0,1.85,3.9,0.3,167040000.0
2026-01-25 23:00:00,2.7,513.0,1.5,4.4,0.2,138510000.0
2026-01-26 00:00:00,2.6,508.0,1.38,4.6,0.3,132080000.0
2026-01-26 01:00:00,2.4,485.0,1.2,4.2,-0.3,116400000.0
2026-01-26 02:00:00,2.3,479.0,1.15,4.2,0.6,110169999.99999999
2026-01-26 03:00:00,2.6,476.0,1.2,4.7,0.0,123760000.00000001
2026-01-26 04:00:00,2.3,477.0,1.05,5.2,-0.6,109709999.99999999
2026-01-26 05:00:00,2.1,488.0,0.98,5.5,1.9,102480000.0
2026-01-26 06:00:00,2.2,494.0,1.08,6.3,1.0,108680000.00000001
2026-01-26 07:00:00,2.3,526.0,1.32,7.9,1.0,120980000.0
2026-01-26 08:00:00,2.0,484.0,0.98,8.5,-0.9,96800000.0
2026-01-26 09:00:00,2.5,475.0,1.07,7.7,-1.8,118750000.0
2026-01-26 10:00:00,2.3,475.0,0.98,7.2,-0.7,109250000.0
2026-01-26 11:00:00,3.2,545.0,1.87,6.2,0.9,174400000.0
2026-01-26 12:00:00,3.5,487.0,1.71,6.4,-2.4,170450000.0
2026-01-26 13:00:00,4.0,497.0,2.07,6.7,-4.0,198800000.0
2026-01-26 14:00:00,4.1,503.0,2.17,7.1,0.4,206229999.99999997
2026-01-26 15:00:00,4.4,491.0,2.22,6.1,-1.8,216040000.0
2026-01-26 16:00:00,4.5,491.0,2.3,6.0,0.5,220950000.0
2026-01-26 17:00:00,4.5,510.0,2.45,5.8,0.3,229500000.0
2026-01-26 18:00:00,4.6,504.0,2.44,6.0,-0.9,231839999.99999997
2026-01-26 19:00:00,3.3,487.0,1.59,6.9,-3.5,160710000.0
2026-01-26 20:00:00,3.2,473.0,1.45,6.8,-3.2,151360000.0
2026-01-26 21:00:00,3.4,467.0,1.49,6.8,-1.2,158780000.0
2026-01-26 22:00:00,3.1,464.0,1.32,6.8,0.8,143840000.0
2026-01-26 23:00:00,2.6,458.0,1.09,6.5,1.1,119080000.0
2026-01-27 00:00:00,4.1,446.0,1.77,5.8,2.6,182860000.0
2026-01-27 01:00:00,3.5,435.0,1.44,6.6,0.2,152250000.0
2026-01-27 02:00:00,3.8,435.0,1.52,6.4,-1.2,165300000.0
2026-01-27 03:00:00,4.6,434.0,1.81,5.5,0.4,199640000.0
2026-01-27 04:00:00,4.6,421.0,1.74,5.5,0.1,193660000.0
2026-01-27 05:00:00,4.5,417.0,1.59,5.6,-0.8,187650000.0
2026-01-27 06:00:00,4.1,412.0,1.43,5.4,-1.6,168919999.99999997
2026-01-27 07:00:00,3.3,407.0,1.11,5.5,-2.0,134310000.0
2026-01-27 08:00:00,3.4,397.0,1.08,5.2,-1.9,134980000.0
2026-01-27 09:00:00,3.7,404.0,1.35,4.5,-1.7,149480000.00000003
2026-01-27 10:00:00,5.1,421.0,2.17,3.9,-0.5,214710000.0
2026-01-27 11:00:00,5.8,427.0,2.35,4.4,1.2,247660000.0
2026-01-27 12:00:00,5.8,416.0,2.11,6.1,1.6,241279999.99999997
2026-01-27 13:00:00,6.6,416.0,2.26,7.1,0.5,274560000.0
2026-01-27 14:00:00,7.0,414.0,2.36,7.6,-1.0,289800000.0
2026-01-27 15:00:00,9.1,413.0,2.89,7.2,-0.5,375830000.0
2026-01-27 16:00:00,13.0,423.0,4.13,6.2,-2.2,549900000.0
2026-01-27 17:00:00,9.8,417.0,3.16,7.8,-2.6,408660000.00000006
2026-01-27 18:00:00,7.9,406.0,2.54,8.3,-2.5,320740000.0
2026-01-27 19:00:00,6.1,418.0,2.04,8.1,-2.7,254979999.99999997
2026-01-27 20:00:00,6.8,435.0,2.54,7.1,-1.0,295800000.0
2026-01-27 21:00:00,6.5,444.0,2.68,6.7,0.2,288600000.0
2026-01-27 22:00:00,,,,6.9,-1.0,
2026-01-27 23:00:00,,,,6.7,-0.7,
2026-01-28 00:00:00,,,,6.0,-1.5,
2026-01-28 01:00:00,,,,6.2,-1.6,
2026-01-28 02:00:00,,,,6.6,-1.9,
2026-01-28 03:00:00,,,,7.3,-3.2,
2026-01-28 04:00:00,,,,7.7,-2.9,
2026-01-28 05:00:00,,,,8.3,-3.3,
2026-01-28 06:00:00,,,,8.2,-1.4,
2026-01-28 07:00:00,6.0,482.0,3.19,7.3,0.0,289200000.0
2026-01-28 08:00:00,4.6,500.0,2.53,9.1,2.0,230000000.0
2026-01-28 09:00:00,2.5,513.0,1.34,11.2,-3.9,128250000.0
2026-01-28 10:00:00,1.6,567.0,0.93,10.9,-0.4,90720000.0
2026-01-28 11:00:00,1.5,632.0,1.18,11.7,2.7,94800000.0
2026-01-28 12:00:00,1.7,592.0,1.21,12.4,-5.7,100640000.0
2026-01-28 13:00:00,2.1,578.0,1.35,12.1,2.8,121380000.0
2026-01-28 14:00:00,2.4,570.0,1.54,12.4,-5.8,136800000.0
2026-01-28 15:00:00,2.8,565.0,1.7,12.0,-3.8,158200000.0
2026-01-28 16:00:00,3.1,554.0,1.86,13.0,-6.2,171740000.0
2026-01-28 17:00:00,3.6,572.0,2.45,12.5,3.6,205920000.00000003
2026-01-28 18:00:00,3.7,570.0,2.51,12.3,1.4,210900000.0
2026-01-28 19:00:00,2.8,584.0,2.05,9.4,0.2,163519999.99999997
2026-01-28 20:00:00,2.7,587.0,1.95,8.2,-2.5,158490000.0
2026-01-28 21:00:00,2.7,592.0,1.86,8.2,-3.5,159840000.0
2026-01-28 22:00:00,3.0,624.0,2.24,8.4,-5.4,187200000.0
2026-01-28 23:00:00,2.4,627.0,1.75,8.8,-6.6,150480000.0
2026-01-29 00:00:00,1.9,613.0,1.37,7.3,-2.1,116470000.0
2026-01-29 01:00:00,1.7,616.0,1.25,6.6,-2.1,104720000.0
2026-01-29 02:00:00,2.2,651.0,1.79,6.6,2.7,143220000.0
2026-01-29 03:00:00,2.3,653.0,1.96,6.3,3.0,150190000.0
2026-01-29 04:00:00,2.3,686.0,2.16,6.6,3.6,157780000.0
2026-01-29 05:00:00,2.1,679.0,1.68,6.5,4.4,142590000.0
2026-01-29 06:00:00,1.8,675.0,1.59,6.5,4.5,121500000.0
2026-01-29 07:00:00,1.7,674.0,1.41,6.7,4.2,114580000.0
2026-01-29 08:00:00,1.5,669.0,1.27,7.0,-1.9,100350000.0
2026-01-29 09:00:00,1.2,673.0,1.05,6.5,-1.7,80760000.0
2026-01-29 10:00:00,1.3,697.0,1.22,6.4,-3.1,90610000.0
2026-01-29 11:00:00,1.2,701.0,1.12,6.0,-2.1,84120000.0
2026-01-29 12:00:00,1.1,658.0,0.92,6.1,2.6,72380000.0
2026-01-29 13:00:00,1.2,715.0,1.2,6.1,4.5,85800000.0
2026-01-29 14:00:00,1.1,685.0,1.0,5.7,-1.2,75350000.00000001
2026-01-29 15:00:00,1.0,664.0,0.84,6.0,-2.2,66400000.0
2026-01-29 16:00:00,1.1,678.0,0.97,6.0,-1.7,74580000.0
2026-01-29 17:00:00,1.0,665.0,0.83,5.9,-3.6,66500000.0
2026-01-29 18:00:00,1.0,664.0,0.83,5.8,-3.1,66400000.0
2026-01-29 19:00:00,1.1,681.0,0.98,5.4,-2.7,74910000.0
2026-01-29 20:00:00,1.0,681.0,0.91,5.0,0.9,68100000.0
2026-01-29 21:00:00,1.0,683.0,0.93,4.8,0.9,68300000.0
2026-01-29 22:00:00,,,,,,
2026-01-29 23:00:00,,,,,,
2026-01-30 00:00:00,,,,,,
2026-01-30 01:00:00,,,,,,
2026-01-30 02:00:00,,,,,,
2026-01-30 03:00:00,,,,,,
2026-01-30 04:00:00,,,,,,
2026-01-30 05:00:00,,,,,,
2026-01-30 06:00:00,,,,,,
2026-01-30 07:00:00,,,,,,
2026-01-30 08:00:00,,,,,,
2026-01-30 09:00:00,,,,,,
2026-01-30 10:00:00,,,,,,
2026-01-30 11:00:00,,,,,,
2026-01-30 12:00:00,,,,,,
2026-01-30 13:00:00,,,,,,
2026-01-30 14:00:00,,,,,,
2026-01-30 15:00:00,,,,,,
2026-01-30 16:00:00,,,,,,
2026-01-30 17:00:00,1.5,508.0,0.73,3.8,0.7,76200000.0
2026-01-30 18:00:00,1.4,499.0,0.66,3.9,0.4,69859999.99999999
2026-01-30 19:00:00,1.3,490.0,0.62,4.0,0.2,63700000.0
2026-01-30 20:00:00,1.7,492.0,0.81,4.1,-0.9,83640000.0
2026-01-30 21:00:00,1.8,497.0,0.88,4.1,-1.6,89460000.0
2026-01-30 22:00:00,2.0,500.0,1.01,4.0,-1.7,100000000.0
2026-01-30 23:00:00,1.9,494.0,0.96,4.0,-0.6,93859999.99999999
2026-01-31 00:00:00,2.1,502.0,1.09,3.9,-0.1,105420000.0
2026-01-31 01:00:00,1.8,480.0,0.88,3.8,-0.4,86400000.0
2026-01-31 02:00:00,1.7,465.0,0.77,4.0,-1.1,79050000.0
2026-01-31 03:00:00,1.7,467.0,0.78,3.8,-1.0,79390000.0
2026-01-31 04:00:00,1.8,466.0,0.82,3.8,-1.3,83880000.0
2026-01-31 05:00:00,2.1,471.0,0.96,3.7,-1.2,98910000.0
2026-01-31 06:00:00,1.8,458.0,0.76,3.9,-1.4,82440000.0
2026-01-31 07:00:00,1.7,450.0,0.69,4.0,-1.0,76500000.0
2026-01-31 08:00:00,1.7,444.0,0.66,3.9,-0.6,75480000.0
2026-01-31 09:00:00,2.0,441.0,0.76,4.1,-0.7,88200000.0
2026-01-31 10:00:00,2.0,437.0,0.76,4.0,-0.6,87400000.0
2026-01-31 11:00:00,1.8,432.0,0.66,3.9,0.3,77760000.0
2026-01-31 12:00:00,2.0,432.0,0.72,3.7,-0.1,86400000.0
2026-01-31 13:00:00,2.2,430.0,0.79,4.1,-0.5,94600000.00000001
2026-01-31 14:00:00,2.2,428.0,0.79,4.3,-1.0,94160000.0
2026-01-31 15:00:00,2.2,423.0,0.79,4.3,-1.1,93060000.0
2026-01-31 16:00:00,2.2,423.0,0.8,4.2,-0.8,93060000.0
2026-01-31 17:00:00,2.2,416.0,0.8,4.3,-1.1,91520000.0
2026-01-31 18:00:00,2.4,412.0,0.84,4.1,-0.8,98880000.0
2026-01-31 19:00:00,2.6,404.0,0.89,4.1,-1.3,105040000.00000001
2026-01-31 20:00:00,2.3,393.0,0.74,4.3,-1.0,90390000.0
2026-01-31 21:00:00,2.4,386.0,0.73,4.3,0.1,92640000.0
2026-01-31 22:00:00,2.6,382.0,0.78,4.4,-0.8,99320000.0
2026-01-31 23:00:00,2.2,379.0,0.64,4.4,0.1,83380000.0
2026-02-01 00:00:00,2.0,380.0,0.56,4.5,0.2,76000000.0
2026-02-01 01:00:00,2.3,379.0,0.66,4.4,0.8,87170000.0
2026-02-01 02:00:00,2.6,378.0,0.76,4.7,0.9,98280000.0
2026-02-01 03:00:00,3.3,362.0,0.83,5.1,0.5,119459999.99999999
2026-02-01 04:00:00,4.0,361.0,1.01,4.7,-1.6,144400000.0
2026-02-01 05:00:00,3.9,375.0,1.06,5.0,-2.5,146250000.0
2026-02-01 06:00:00,4.7,366.0,1.25,4.6,-1.2,172020000.0
2026-02-01 07:00:00,2.9,343.0,0.68,5.1,-0.3,99470000.0
2026-02-01 08:00:00,2.3,337.0,0.52,5.3,0.4,77509999.99999999
2026-02-01 09:00:00,3.1,342.0,0.71,5.3,0.6,106020000.0
2026-02-01 10:00:00,4.0,348.0,0.96,5.2,-1.8,139200000.0
2026-02-01 11:00:00,3.6,334.0,0.83,5.5,-0.4,120240000.00000001
2026-02-01 12:00:00,3.9,334.0,0.9,5.6,-3.1,130259999.99999999
2026-02-01 13:00:00,3.4,328.0,0.76,5.0,-2.1,111520000.0
2026-02-01 14:00:00,3.7,337.0,0.89,4.8,-1.8,124690000.00000001
2026-02-01 15:00:00,3.2,324.0,0.68,5.3,-0.4,103680000.0
2026-02-01 16:00:00,3.1,316.0,0.63,5.2,-0.9,97960000.0
2026-02-01 17:00:00,3.7,325.0,0.81,5.1,-0.3,120250000.0
2026-02-01 18:00:00,3.7,323.0,0.78,4.7,-2.5,119510000.00000001
2026-02-01 19:00:00,3.4,306.0,0.67,4.8,-2.6,104039999.99999999
2026-02-01 20:00:00,3.8,309.0,0.74,5.0,-3.0,117420000.0
2026-02-01 21:00:00,4.0,310.0,0.8,5.2,-3.0,124000000.0
2026-02-01 22:00:00,5.4,317.0,1.07,5.1,-3.3,171180000.00000003
2026-02-01 23:00:00,6.1,328.0,1.23,5.6,-5.0,200080000.0
2026-02-02 00:00:00,6.5,338.0,1.4,5.9,-3.9,219700000.0
2026-02-02 01:00:00,6.9,333.0,1.43,5.8,-4.1,229770000.00000003
2026-02-02 02:00:00,7.3,326.0,1.46,5.6,-4.1,237979999.99999997
2026-02-02 03:00:00,7.7,336.0,1.67,5.7,-2.9,258720000.00000003
2026-02-02 04:00:00,7.7,341.0,1.72,5.9,-1.9,262570000.00000003
2026-02-02 05:00:00,7.4,320.0,1.48,5.7,-2.0,236800000.0
2026-02-02 06:00:00,7.6,312.0,1.44,5.8,-1.7,237119999.99999997
2026-02-02 07:00:00,7.7,311.0,1.48,5.9,-0.4,239470000.00000003
2026-02-02 08:00:00,8.4,313.0,1.62,5.9,-1.4,262920000.00000003
2026-02-02 09:00:00,9.5,310.0,1.8,6.5,-0.4,294500000.0
2026-02-02 10:00:00,8.6,302.0,1.57,6.6,1.1,259719999.99999997
2026-02-02 11:00:00,7.1,290.0,1.18,6.3,1.0,205900000.0
2026-02-02 12:00:00,7.5,310.0,1.34,6.5,-2.7,232500000.0
2026-02-02 13:00:00,7.6,309.0,1.33,6.3,-1.4,234840000.0
2026-02-02 14:00:00,7.8,309.0,1.37,5.9,-2.5,241019999.99999997
2026-02-02 15:00:00,7.4,305.0,1.26,5.9,-0.7,225700000.0
2026-02-02 16:00:00,6.8,302.0,1.12,6.1,-0.1,205360000.0
2026-02-02 17:00:00,8.8,303.0,1.51,5.6,-1.3,266640000.0
2026-02-02 18:00:00,10.3,315.0,1.91,5.3,0.5,324450000.0
2026-02-02 19:00:00,10.5,307.0,1.86,5.6,-1.0,322350000.0
2026-02-02 20:00:00,11.4,305.0,2.0,6.1,-1.5,347700000.0
2026-02-02 21:00:00,11.6,303.0,2.05,5.9,-1.9,351480000.0
2026-02-02 22:00:00,11.1,316.0,2.23,5.9,-1.2,350760000.0
2026-02-02 23:00:00,10.4,309.0,1.98,5.9,-3.7,321360000.0
2026-02-03 00:00:00,9.1,308.0,1.73,6.0,-2.0,280280000.0
2026-02-03 01:00:00,8.5,299.0,1.54,6.0,-1.7,254150000.0
2026-02-03 02:00:00,8.0,299.0,1.46,6.0,-1.5,239200000.0
2026-02-03 03:00:00,8.3,293.0,1.46,5.5,-2.0,243190000.0
2026-02-03 04:00:00,8.3,290.0,1.45,5.5,-2.5,240700000.0
2026-02-03 05:00:00,8.4,289.0,1.45,5.5,-1.5,242760000.0
2026-02-03 06:00:00,9.4,288.0,1.59,5.4,-1.7,270720000.0
2026-02-03 07:00:00,10.5,290.0,1.81,5.7,-3.0,304500000.0
2026-02-03 08:00:00,10.8,290.0,1.78,5.5,-3.1,313200000.0
2026-02-03 09:00:00,12.2,295.0,2.06,4.7,-1.8,359900000.0
2026-02-03 10:00:00,12.1,295.0,2.05,4.6,-0.7,356950000.0
2026-02-03 11:00:00,11.4,293.0,1.93,5.2,-0.3,334020000.0
2026-02-03 12:00:00,11.9,298.0,2.06,5.5,1.4,354620000.0
2026-02-03 13:00:00,11.9,303.0,2.12,5.5,1.6,360570000.0
2026-02-03 14:00:00,11.8,293.0,1.93,5.7,-1.2,345740000.0
2026-02-03 15:00:00,11.9,295.0,1.96,5.9,-1.0,351050000.0
2026-02-03 16:00:00,12.2,300.0,2.02,6.8,-3.0,366000000.0
2026-02-03 17:00:00,12.7,310.0,2.26,7.9,-3.0,393700000.0
2026-02-03 18:00:00,13.2,313.0,2.4,7.2,-2.2,413159999.99999994
2026-02-03 19:00:00,12.7,322.0,2.51,7.3,-4.0,408939999.99999994
2026-02-03 20:00:00,11.2,310.0,1.93,7.3,1.7,347200000.0
2026-02-03 21:00:00,8.9,309.0,1.52,8.4,2.1,275010000.0
2026-02-03 22:00:00,8.0,306.0,1.37,8.4,3.3,244800000.0
2026-02-03 23:00:00,8.0,304.0,1.34,8.3,3.1,243200000.0
2026-02-04 00:00:00,7.7,296.0,1.25,8.2,2.9,227920000.00000003
2026-02-04 01:00:00,7.8,298.0,1.28,7.9,2.6,232440000.0
2026-02-04 02:00:00,8.2,301.0,1.35,7.8,3.0,246819999.99999997
2026-02-04 03:00:00,8.3,299.0,1.35,8.1,2.4,248170000.00000003
2026-02-04 04:00:00,9.3,305.0,1.54,8.1,2.0,283650000.0
2026-02-04 05:00:00,9.3,307.0,1.56,8.5,1.8,285510000.00000006
2026-02-04 06:00:00,10.0,310.0,1.75,9.1,2.6,310000000.0
2026-02-04 07:00:00,10.6,313.0,1.87,9.2,1.8,331780000.0
2026-02-04 08:00:00,10.5,314.0,1.87,9.4,0.6,329700000.0
2026-02-04 09:00:00,6.6,319.0,1.27,10.5,3.6,210540000.0
2026-02-04 10:00:00,5.0,322.0,0.97,11.2,1.4,161000000.0
2026-02-04 11:00:00,4.2,331.0,0.88,11.8,-1.4,139020000.0
2026-02-04 12:00:00,4.8,326.0,0.97,12.3,-2.5,156480000.0
2026-02-04 13:00:00,6.5,320.0,1.21,11.6,-1.2,208000000.0
2026-02-04 14:00:00,7.8,313.0,1.41,10.7,-1.6,244140000.0
2026-02-04 15:00:00,10.1,358.0,2.42,16.1,-1.6,361580000.0
2026-02-04 16:00:00,12.4,421.0,4.14,20.3,-5.4,522040000.00000006
2026-02-04 17:00:00,10.8,429.0,3.77,19.2,2.0,463320000.00000006
2026-02-04 18:00:00,10.3,432.0,3.93,19.5,-0.9,444960000.00000006
2026-02-04 19:00:00,12.8,422.0,4.57,19.4,6.3,540160000.0
2026-02-04 20:00:00,16.5,450.0,6.58,17.5,10.5,742500000.0
2026-02-04 21:00:00,15.7,444.0,6.29,15.1,2.6,697079999.9999999
2026-02-04 22:00:00,17.4,438.0,6.49,15.0,2.0,762120000.0
2026-02-04 23:00:00,36.1,456.0,14.09,12.3,-9.1,1646160000.0000002
2026-02-05 00:00:00,15.9,467.0,7.11,15.2,-0.1,742530000.0
2026-02-05 01:00:00,27.5,457.0,11.09,9.1,-1.3,1256750000.0
2026-02-05 02:00:00,12.6,477.0,5.53,14.4,-7.8,601020000.0
2026-02-05 03:00:00,4.5,496.0,2.26,18.2,-15.3,223200000.0
2026-02-05 04:00:00,4.0,499.0,1.97,17.7,-15.2,199600000.0
2026-02-05 05:00:00,4.2,501.0,2.27,17.7,-9.8,210420000.00000003
2026-02-05 06:00:00,6.6,508.0,4.02,16.8,3.2,335280000.0
2026-02-05 07:00:00,8.9,504.0,4.77,15.1,14.0,448560000.00000006
2026-02-05 08:00:00,8.3,493.0,4.23,13.4,12.5,409190000.00000006
2026-02-05 09:00:00,5.5,540.0,3.29,12.3,4.6,297000000.0
2026-02-05 10:00:00,2.8,544.0,1.54,12.8,7.2,152319999.99999997
2026-02-05 11:00:00,2.2,527.0,1.18,12.6,0.7,115940000.00000001
2026-02-05 12:00:00,2.8,541.0,1.57,11.6,3.3,151480000.0
2026-02-05 13:00:00,2.4,563.0,1.46,9.4,3.4,135120000.0
2026-02-05 14:00:00,2.3,580.0,1.51,9.3,4.6,133400000.0
2026-02-05 15:00:00,2.4,567.0,1.47,9.4,3.9,136080000.0
2026-02-05 16:00:00,2.4,578.0,1.54,9.1,3.4,138720000.0
2026-02-05 17:00:00,2.6,573.0,1.71,8.9,2.2,148980000.0
2026-02-05 18:00:00,2.6,567.0,1.67,9.1,2.0,147420000.0
2026-02-05 19:00:00,2.7,581.0,1.71,8.5,2.8,156870000.0
2026-02-05 20:00:00,1.8,598.0,1.22,6.8,3.6,107640000.00000001
2026-02-05 21:00:00,2.1,627.0,1.54,6.7,4.3,131670000.0
2026-02-05 22:00:00,2.4,614.0,1.7,6.5,4.5,147360000.0
2026-02-05 23:00:00,1.8,577.0,1.14,6.2,2.3,103860000.00000001
2026-02-06 00:00:00,1.8,583.0,1.14,6.4,2.7,104940000.00000001
2026-02-06 01:00:00,1.8,584.0,1.23,6.6,2.5,105120000.0
2026-02-06 02:00:00,2.3,600.0,1.54,6.8,2.8,138000000.0
2026-02-06 03:00:00,2.2,598.0,1.48,6.9,4.2,131560000.00000001
2026-02-06 04:00:00,1.9,586.0,1.22,6.6,-0.6,111339999.99999999
2026-02-06 05:00:00,1.9,577.0,1.18,6.9,2.3,109630000.0
2026-02-06 06:00:00,1.7,569.0,1.01,7.0,-1.1,96730000.0
2026-02-06 07:00:00,1.6,562.0,0.94,7.1,-1.2,89920000.0
2026-02-06 08:00:00,1.8,562.0,1.14,7.2,1.7,101160000.0
2026-02-06 09:00:00,2.0,578.0,1.23,7.2,4.1,115600000.0
2026-02-06 10:00:00,1.8,573.0,1.11,6.8,-0.1,103140000.00000001
2026-02-06 11:00:00,1.6,569.0,0.95,6.9,-2.6,91040000.00000001
2026-02-06 12:00:00,1.5,551.0,0.86,6.8,-0.2,82650000.0
2026-02-06 13:00:00,1.5,539.0,0.85,6.8,-0.1,80850000.0
2026-02-06 14:00:00,1.5,545.0,0.83,6.7,0.8,81750000.0
2026-02-06 15:00:00,1.6,542.0,0.89,6.7,-0.0,86720000.0
2026-02-06 16:00:00,1.5,525.0,0.79,6.9,1.1,78750000.0
2026-02-06 17:00:00,1.7,541.0,0.92,6.7,2.2,91970000.0
2026-02-06 18:00:00,1.9,559.0,1.08,6.6,-3.6,106209999.99999999
2026-02-06 19:00:00,1.8,535.0,1.03,6.5,-2.3,96300000.0
2026-02-06 20:00:00,1.8,525.0,0.91,6.6,-1.8,94500000.0
2026-02-06 21:00:00,1.9,518.0,1.02,6.5,-3.3,98420000.0
2026-02-06 22:00:00,1.8,515.0,0.86,6.4,-3.6,92700000.0
2026-02-06 23:00:00,2.2,538.0,1.16,6.3,-4.2,118360000.00000001
2026-02-07 00:00:00,2.1,517.0,1.01,6.2,-2.7,108570000.0
2026-02-07 01:00:00,1.7,494.0,0.83,6.1,-0.2,83980000.0
2026-02-07 02:00:00,2.3,507.0,1.18,6.1,-3.1,116609999.99999999
2026-02-07 03:00:00,2.3,502.0,1.16,6.1,-1.8,115459999.99999999
2026-02-07 04:00:00,2.6,503.0,1.32,6.1,-0.8,130780000.0
2026-02-07 05:00:00,2.6,518.0,1.4,6.3,-3.7,134680000.0
2026-02-07 06:00:00,2.4,505.0,1.09,6.5,-3.8,121200000.0
2026-02-07 07:00:00,2.4,491.0,1.06,6.3,-0.6,117839999.99999999
2026-02-07 08:00:00,2.4,499.0,1.2,6.9,-3.4,119759999.99999999
2026-02-07 09:00:00,2.6,512.0,1.23,7.0,-3.9,133120000.0
2026-02-07 10:00:00,2.3,495.0,1.13,6.9,-4.3,113850000.0
2026-02-07 11:00:00,2.2,462.0,0.88,6.8,0.2,101640000.00000001
2026-02-07 12:00:00,2.3,455.0,0.95,6.8,0.5,104650000.0
2026-02-07 13:00:00,2.1,453.0,0.86,6.7,-0.9,95130000.0
2026-02-07 14:00:00,2.7,463.0,1.1,6.8,2.6,125010000.00000001
2026-02-07 15:00:00,3.0,453.0,1.15,6.9,2.1,135900000.0
2026-02-07 16:00:00,3.0,449.0,1.12,7.2,-3.0,134700000.0
2026-02-07 17:00:00,2.6,446.0,0.97,7.0,-3.7,115960000.00000001
2026-02-07 18:00:00,2.8,452.0,1.07,6.9,-1.3,126559999.99999999
2026-02-07 19:00:00,3.2,452.0,1.22,6.9,1.4,144640000.0
2026-02-07 20:00:00,3.6,460.0,1.42,6.9,1.2,165600000.0
2026-02-07 21:00:00,3.9,457.0,1.52,7.2,1.6,178230000.0
2026-02-07 22:00:00,3.7,454.0,1.46,7.3,-4.8,167980000.00000003
2026-02-07 23:00:00,3.6,452.0,1.47,7.5,-2.0,162720000.0
2026-02-08 00:00:00,3.1,435.0,1.21,7.6,-1.7,134850000.0
2026-02-08 01:00:00,3.0,444.0,1.21,7.8,0.0,133200000.0
2026-02-08 02:00:00,2.9,433.0,1.13,8.0,-2.7,125570000.0
2026-02-08 03:00:00,3.0,434.0,1.17,8.0,1.2,130200000.0
2026-02-08 04:00:00,3.3,455.0,1.4,8.0,-2.5,150150000.0
2026-02-08 05:00:00,3.7,453.0,1.5,7.8,3.5,167610000.0
2026-02-08 06:00:00,3.4,443.0,1.27,7.3,3.1,150620000.0
2026-02-08 07:00:00,2.8,443.0,1.02,7.5,1.0,124039999.99999999
2026-02-08 08:00:00,2.5,439.0,0.93,7.5,0.9,109750000.0
2026-02-08 09:00:00,2.5,440.0,0.9,7.5,0.1,110000000.0
2026-02-08 10:00:00,2.4,435.0,0.86,7.3,-1.9,104400000.0
2026-02-08 11:00:00,2.7,429.0,0.94,7.5,-1.7,115830000.00000001
2026-02-08 12:00:00,3.3,454.0,1.26,7.5,3.3,149819999.99999997
2026-02-08 13:00:00,3.7,448.0,1.38,6.9,1.9,165760000.0
2026-02-08 14:00:00,3.5,452.0,1.33,7.4,2.3,158200000.0
2026-02-08 15:00:00,3.2,435.0,1.14,7.7,-0.4,139200000.0
2026-02-08 16:00:00,3.7,428.0,1.28,7.1,-0.3,158360000.0
2026-02-08 17:00:00,3.9,433.0,1.37,7.1,-1.9,168870000.0
2026-02-08 18:00:00,3.9,449.0,1.43,7.6,-0.1,175110000.0
2026-02-08 19:00:00,4.0,433.0,1.38,7.7,-2.9,173200000.0
2026-02-08 20:00:00,4.0,430.0,1.35,7.7,-1.4,172000000.0
2026-02-08 21:00:00,3.1,427.0,1.03,8.1,-4.3,132370000.0
2026-02-08 22:00:00,2.3,427.0,0.76,8.7,0.2,98209999.99999999
2026-02-08 23:00:00,2.2,423.0,0.72,8.6,-3.1,93060000.0
2026-02-09 00:00:00,2.1,407.0,0.65,9.1,-1.0,85470000.0
2026-02-09 01:00:00,2.3,415.0,0.71,9.5,0.4,95449999.99999999
2026-02-09 02:00:00,2.5,409.0,0.75,9.4,1.8,102250000.0
2026-02-09 03:00:00,2.6,409.0,0.79,9.4,0.9,106340000.00000001
2026-02-09 04:00:00,2.6,415.0,0.83,9.4,-0.3,107900000.0
2026-02-09 05:00:00,2.6,406.0,0.81,9.1,-0.1,105560000.00000001
2026-02-09 06:00:00,2.6,391.0,0.74,9.2,1.5,101660000.0
2026-02-09 07:00:00,2.8,412.0,0.89,8.8,2.4,115359999.99999999
2026-02-09 08:00:00,3.0,418.0,0.97,8.6,3.3,125400000.0
2026-02-09 09:00:00,2.8,408.0,0.88,8.9,1.2,114239999.99999999
2026-02-09 10:00:00,2.8,396.0,0.83,8.9,4.2,110880000.0
2026-02-09 11:00:00,2.9,410.0,0.91,8.5,1.0,118900000.0
2026-02-09 12:00:00,3.0,414.0,0.97,8.4,-1.4,124200000.0
2026-02-09 13:00:00,3.4,415.0,1.07,8.7,-0.8,141100000.0
2026-02-09 14:00:00,3.7,423.0,1.22,9.1,-0.5,156510000.0
2026-02-09 15:00:00,3.6,410.0,1.13,8.5,4.1,147600000.0
2026-02-09 16:00:00,3.3,413.0,1.05,8.5,3.1,136290000.0
2026-02-09 17:00:00,2.9,408.0,0.88,8.9,-0.2,118320000.0
2026-02-09 18:00:00,2.8,395.0,0.79,9.1,0.2,110600000.0
2026-02-09 19:00:00,2.7,387.0,0.72,9.3,0.3,104490000.00000001
2026-02-09 20:00:00,2.6,381.0,0.67,9.5,0.2,99060000.0
2026-02-09 21:00:00,2.6,385.0,0.69,9.8,-1.3,100100000.0
2026-02-09 22:00:00,3.0,383.0,0.79,9.6,2.2,114900000.0
2026-02-09 23:00:00,3.6,401.0,1.08,8.8,-2.6,144360000.0
2026-02-10 00:00:00,3.7,390.0,1.1,8.5,0.2,144300000.0
2026-02-10 01:00:00,5.5,417.0,2.01,6.8,1.4,229350000.0
2026-02-10 02:00:00,5.1,403.0,1.79,6.7,4.6,205529999.99999997
2026-02-10 03:00:00,4.0,401.0,1.31,8.0,6.2,160400000.0
2026-02-10 04:00:00,4.6,410.0,1.58,7.7,5.3,188599999.99999997
2026-02-10 05:00:00,5.7,405.0,1.86,7.4,2.9,230850000.0
2026-02-10 06:00:00,5.2,403.0,1.68,7.9,6.1,209560000.0
2026-02-10 07:00:00,5.2,408.0,1.72,8.6,7.0,212160000.0
2026-02-10 08:00:00,6.2,421.0,2.28,6.9,2.8,261020000.00000003
2026-02-10 09:00:00,6.7,426.0,2.46,6.7,-2.2,285420000.0
2026-02-10 10:00:00,6.0,428.0,2.17,7.5,-5.7,256800000.0
2026-02-10 11:00:00,5.9,424.0,2.06,7.4,-2.6,250160000.00000003
2026-02-10 12:00:00,5.7,452.0,2.33,6.6,-0.3,257640000.0
2026-02-10 13:00:00,5.5,440.0,2.18,7.7,-0.6,242000000.0
2026-02-10 14:00:00,5.9,441.0,2.25,7.6,0.9,260190000.0
2026-02-10 15:00:00,6.2,436.0,2.24,7.4,3.7,270320000.0
2026-02-10 16:00:00,5.9,434.0,2.09,8.0,0.9,256060000.00000003
2026-02-10 17:00:00,5.4,458.0,2.1,8.5,0.1,247320000.00000003
2026-02-10 18:00:00,5.2,457.0,2.03,8.2,-3.1,237640000.0
2026-02-10 19:00:00,5.1,475.0,2.23,7.5,-4.0,242250000.0
2026-02-10 20:00:00,5.2,487.0,2.42,7.1,-3.6,253240000.0
2026-02-10 21:00:00,5.1,468.0,2.22,7.5,-5.3,238679999.99999997
2026-02-10 22:00:00,5.2,469.0,2.22,7.5,-0.4,243880000.00000003
2026-02-10 23:00:00,4.8,464.0,2.03,7.0,-2.5,222719999.99999997
2026-02-11 00:00:00,4.8,463.0,2.0,6.9,-3.4,222240000.0
2026-02-11 01:00:00,4.9,447.0,1.9,7.0,-2.7,219030000.00000003
2026-02-11 02:00:00,4.9,465.0,2.07,7.1,-4.3,227850000.0
2026-02-11 03:00:00,4.7,460.0,1.97,6.5,2.6,216200000.0
2026-02-11 04:00:00,4.3,459.0,1.89,6.3,0.0,197369999.99999997
2026-02-11 05:00:00,4.5,442.0,1.74,6.4,-1.0,198900000.0
2026-02-11 06:00:00,4.5,467.0,1.95,6.6,-0.9,210150000.0
2026-02-11 07:00:00,5.0,490.0,2.29,6.9,-3.4,245000000.0
2026-02-11 08:00:00,5.0,478.0,2.22,6.5,-2.7,239000000.0
2026-02-11 09:00:00,4.7,478.0,2.04,6.6,1.1,224660000.0
2026-02-11 10:00:00,4.9,480.0,2.18,6.7,-1.4,235200000.0
2026-02-11 11:00:00,4.9,494.0,2.29,6.5,-3.1,242060000.00000003
2026-02-11 12:00:00,5.1,471.0,2.18,6.9,-0.5,240210000.0
2026-02-11 13:00:00,4.9,471.0,2.11,6.4,-3.1,230790000.0
2026-02-11 14:00:00,4.5,454.0,1.74,7.0,-1.2,204300000.0
2026-02-11 15:00:00,3.8,433.0,1.35,7.1,-2.4,164540000.0
2026-02-11 16:00:00,3.9,456.0,1.53,7.1,-3.3,177840000.0
2026-02-11 17:00:00,4.3,460.0,1.72,7.0,-4.5,197800000.0
2026-02-11 18:00:00,4.2,451.0,1.61,6.7,-3.8,189420000.0
2026-02-11 19:00:00,4.7,453.0,1.92,6.0,-3.9,212910000.0
2026-02-11 20:00:00,5.1,440.0,2.01,5.9,-3.6,224400000.0
2026-02-11 21:00:00,5.0,433.0,1.9,5.8,-2.8,216500000.0
2026-02-11 22:00:00,4.5,418.0,1.55,6.1,-2.3,188100000.0
2026-02-11 23:00:00,4.8,423.0,1.66,5.9,-0.9,203040000.0
2026-02-12 00:00:00,5.1,431.0,1.82,6.0,-0.7,219810000.0
2026-02-12 01:00:00,5.6,428.0,1.94,6.9,0.9,239679999.99999997
2026-02-12 02:00:00,5.3,412.0,1.76,6.8,3.1,218360000.0
2026-02-12 03:00:00,5.2,397.0,1.62,6.7,-2.0,206440000.0
2026-02-12 04:00:00,5.6,407.0,1.9,6.0,-0.7,227919999.99999997
2026-02-12 05:00:00,5.3,399.0,1.78,5.8,-0.2,211469999.99999997
2026-02-12 06:00:00,5.5,405.0,1.8,6.1,0.3,222750000.0
2026-02-12 07:00:00,5.5,401.0,1.75,6.5,-1.9,220550000.0
2026-02-12 08:00:00,5.2,407.0,1.68,6.5,-3.1,211640000.0
2026-02-12 09:00:00,5.0,412.0,1.64,6.3,-4.0,206000000.0
2026-02-12 10:00:00,4.6,396.0,1.45,5.5,-3.4,182160000.0
2026-02-12 11:00:00,4.7,388.0,1.48,4.9,1.6,182360000.0
2026-02-12 12:00:00,4.6,369.0,1.41,5.8,-0.1,169740000.0
2026-02-12 13:00:00,4.9,369.0,1.33,5.9,-1.5,180810000.0
2026-02-12 14:00:00,4.4,376.0,1.25,6.0,-3.0,165440000.0
2026-02-12 15:00:00,4.9,378.0,1.44,5.5,-3.3,185220000.0
2026-02-12 16:00:00,4.8,376.0,1.37,5.6,-3.8,180480000.0
2026-02-12 17:00:00,4.4,377.0,1.31,4.4,-0.0,165880000.00000003
2026-02-12 18:00:00,4.2,373.0,1.2,5.1,-1.0,156660000.0
2026-02-12 19:00:00,5.0,405.0,1.54,5.3,2.3,202500000.0
2026-02-12 20:00:00,4.9,398.0,1.47,5.4,1.1,195020000.0
2026-02-12 21:00:00,4.8,391.0,1.39,5.4,-0.4,187680000.0
2026-02-12 22:00:00,4.7,386.0,1.37,5.5,-1.2,181420000.0
2026-02-12 23:00:00,6.4,402.0,2.02,7.5,-5.8,257280000.00000003
2026-02-13 00:00:00,6.5,395.0,1.95,7.4,-5.9,256750000.0
2026-02-13 01:00:00,6.5,391.0,1.93,7.1,-3.6,254150000.0
2026-02-13 02:00:00,5.5,390.0,1.6,7.3,-3.4,214500000.0
2026-02-13 03:00:00,3.8,410.0,1.19,8.5,6.7,155800000.0
2026-02-13 04:00:00,3.2,395.0,0.93,8.4,4.9,126400000.0
2026-02-13 05:00:00,3.2,372.0,0.83,8.5,2.7,119040000.00000001
2026-02-13 06:00:00,2.9,372.0,0.75,8.4,-2.0,107880000.0
2026-02-13 07:00:00,3.7,359.0,0.91,8.3,-4.0,132830000.0
2026-02-13 08:00:00,3.1,360.0,0.75,7.7,-5.3,111600000.0
2026-02-13 09:00:00,2.4,368.0,0.61,6.6,-4.6,88320000.0
2026-02-13 10:00:00,3.7,414.0,1.16,5.5,0.1,153180000.00000003
2026-02-13 11:00:00,3.4,410.0,1.04,6.4,2.6,139400000.0
2026-02-13 12:00:00,3.3,404.0,0.99,7.0,0.3,133319999.99999999
2026-02-13 13:00:00,3.3,397.0,0.98,6.9,-1.3,131009999.99999999
2026-02-13 14:00:00,3.7,391.0,1.07,7.3,-1.5,144670000.0
2026-02-13 15:00:00,5.6,415.0,1.8,7.0,-3.3,232400000.0
2026-02-13 16:00:00,5.8,419.0,1.87,6.9,-1.7,243019999.99999997
2026-02-13 17:00:00,7.4,434.0,2.51,7.4,-0.5,321160000.00000006
2026-02-13 18:00:00,5.6,428.0,1.86,8.7,-2.0,239679999.99999997
2026-02-13 19:00:00,4.7,421.0,1.51,9.5,-3.4,197870000.0
2026-02-13 20:00:00,5.3,412.0,1.63,9.3,-5.6,218360000.0
2026-02-13 21:00:00,5.7,399.0,1.64,8.4,-6.2,227430000.00000003
2026-02-13 22:00:00,8.1,395.0,2.33,6.8,-2.8,319950000.0
2026-02-13 23:00:00,2.9,424.0,0.98,8.2,-5.8,122959999.99999999
2026-02-14 00:00:00,2.4,424.0,0.82,8.2,-1.8,101759999.99999999
2026-02-14 01:00:00,2.5,438.0,0.93,7.5,-1.5,109500000.0
2026-02-14 02:00:00,1.8,440.0,0.78,7.4,-0.7,79200000.0
2026-02-14 03:00:00,2.1,461.0,0.89,8.0,1.8,96810000.0
2026-02-14 04:00:00,2.7,454.0,1.06,7.8,1.8,122580000.00000001
2026-02-14 05:00:00,2.5,434.0,0.93,7.4,2.6,108500000.0
2026-02-14 06:00:00,2.2,443.0,1.07,7.6,2.0,97460000.0
2026-02-14 07:00:00,2.1,445.0,1.05,7.7,2.2,93450000.0
2026-02-14 08:00:00,2.6,433.0,0.97,7.5,3.0,112580000.0
2026-02-14 09:00:00,2.5,430.0,0.94,7.1,3.5,107500000.0
2026-02-14 10:00:00,3.1,436.0,1.2,7.0,5.2,135160000.0
2026-02-14 11:00:00,5.4,416.0,1.82,6.2,4.0,224640000.0
2026-02-14 12:00:00,4.7,415.0,1.64,8.9,3.8,195050000.0
2026-02-14 13:00:00,4.6,408.0,1.52,8.4,4.2,187680000.0
2026-02-14 14:00:00,5.4,392.0,1.62,7.5,1.6,211680000.00000003
2026-02-14 15:00:00,5.7,373.0,1.52,8.6,1.2,212610000.0
2026-02-14 16:00:00,7.6,383.0,2.24,9.1,3.9,291080000.0
2026-02-14 17:00:00,8.6,422.0,2.91,9.1,3.3,362920000.0
2026-02-14 18:00:00,9.8,442.0,3.63,9.1,4.3,433160000.00000006
2026-02-14 19:00:00,10.9,466.0,4.38,11.3,-4.1,507940000.00000006
2026-02-14 20:00:00,7.4,472.0,3.08,12.8,-8.6,349280000.0
2026-02-14 21:00:00,4.6,481.0,1.99,11.7,-11.0,221260000.0
2026-02-14 22:00:00,4.0,490.0,1.81,10.7,-7.4,196000000.0
2026-02-14 23:00:00,5.6,494.0,2.55,8.4,-7.1,276639999.99999994
2026-02-15 00:00:00,6.9,518.0,3.43,7.1,-3.7,357420000.0
2026-02-15 01:00:00,5.7,549.0,3.12,7.8,-6.8,312930000.0
2026-02-15 02:00:00,3.4,562.0,2.02,6.9,0.8,191080000.0
2026-02-15 03:00:00,2.6,579.0,1.72,9.0,-0.0,150540000.0
2026-02-15 04:00:00,2.7,605.0,1.99,10.3,-5.7,163350000.0
2026-02-15 05:00:00,2.8,590.0,1.91,10.7,-0.9,165200000.0
2026-02-15 06:00:00,3.3,587.0,2.16,10.4,3.7,193710000.0
2026-02-15 07:00:00,4.0,585.0,2.6,11.0,2.0,234000000.0
2026-02-15 08:00:00,3.3,588.0,2.26,11.5,3.9,194040000.0
2026-02-15 09:00:00,4.0,606.0,2.75,11.8,4.6,242400000.0
2026-02-15 10:00:00,3.4,628.0,2.5,10.5,6.7,213519999.99999997
2026-02-15 11:00:00,2.5,638.0,1.88,8.5,2.1,159500000.0
2026-02-15 12:00:00,2.9,667.0,2.39,8.7,5.8,193430000.0
2026-02-15 13:00:00,2.5,638.0,1.9,8.4,1.6,159500000.0
2026-02-15 14:00:00,2.9,670.0,2.43,8.2,3.3,194300000.0
2026-02-15 15:00:00,2.4,621.0,1.77,8.1,1.7,149040000.0
2026-02-15 16:00:00,2.9,632.0,2.17,8.2,-0.1,183280000.0
2026-02-15 17:00:00,3.1,643.0,2.42,8.0,-1.5,199330000.0
2026-02-15 18:00:00,3.0,648.0,2.39,8.1,2.0,194400000.0
2026-02-15 19:00:00,3.0,653.0,2.48,7.7,1.5,195900000.0
2026-02-15 20:00:00,2.9,657.0,2.63,7.0,1.8,190530000.0
2026-02-15 21:00:00,3.0,636.0,2.44,7.2,2.5,190800000.0
2026-02-15 22:00:00,3.2,620.0,2.39,6.8,-1.0,198400000.0
2026-02-15 23:00:00,2.8,611.0,2.06,5.2,-1.8,171080000.0
2026-02-16 00:00:00,3.2,631.0,2.44,5.4,-3.1,201920000.0
2026-02-16 01:00:00,3.1,610.0,2.2,5.5,0.6,189100000.0
2026-02-16 02:00:00,3.6,621.0,2.68,6.4,1.7,223560000.0
2026-02-16 03:00:00,4.1,613.0,2.99,7.0,-3.7,251329999.99999997
2026-02-16 04:00:00,4.0,617.0,2.94,6.7,-4.8,246800000.0
2026-02-16 05:00:00,4.1,610.0,2.96,6.8,-4.8,250100000.0
2026-02-16 06:00:00,3.9,597.0,2.68,6.8,-2.0,232829999.99999997
2026-02-16 07:00:00,3.7,583.0,2.39,6.5,1.1,215710000.0
2026-02-16 08:00:00,3.5,575.0,2.17,6.7,0.1,201250000.0
2026-02-16 09:00:00,2.7,566.0,1.68,6.4,-0.6,152820000.0
2026-02-16 10:00:00,2.2,577.0,1.42,7.2,2.3,126940000.00000001
2026-02-16 11:00:00,2.9,597.0,1.95,7.8,4.1,173130000.0
2026-02-16 12:00:00,2.7,602.0,1.89,7.5,0.4,162540000.0
2026-02-16 13:00:00,2.8,622.0,2.18,6.9,2.3,174160000.0
2026-02-16 14:00:00,2.9,638.0,2.38,7.1,1.8,185020000.0
2026-02-16 15:00:00,3.2,644.0,2.64,7.3,1.0,206080000.00000003
2026-02-16 16:00:00,4.1,655.0,3.36,7.0,-2.7,268549999.99999994
2026-02-16 17:00:00,4.3,662.0,3.68,6.8,-3.1,284660000.0
2026-02-16 18:00:00,4.7,670.0,4.07,6.8,-4.8,314900000.0
2026-02-16 19:00:00,4.9,663.0,4.11,6.4,2.2,324870000.0
2026-02-16 20:00:00,4.1,673.0,3.56,5.6,0.7,275930000.0
2026-02-16 21:00:00,3.7,658.0,3.12,5.7,3.1,243460000.0
2026-02-16 22:00:00,3.4,659.0,2.88,6.1,1.9,224060000.0
2026-02-16 23:00:00,3.4,647.0,2.76,6.0,3.0,219979999.99999997
2026-02-17 00:00:00,3.4,638.0,2.64,5.9,1.0,216919999.99999997
2026-02-17 01:00:00,3.2,658.0,2.67,5.6,2.8,210560000.0
2026-02-17 02:00:00,2.7,676.0,2.35,5.7,1.8,182520000.0
2026-02-17 03:00:00,2.7,649.0,2.22,4.7,2.5,175230000.00000003
2026-02-17 04:00:00,2.4,642.0,1.92,4.8,2.2,154080000.0
2026-02-17 05:00:00,2.2,643.0,1.76,5.0,2.1,141460000.0
2026-02-17 06:00:00,2.1,621.0,1.51,5.0,1.6,130410000.00000001
2026-02-17 07:00:00,2.1,616.0,1.5,5.0,1.3,129360000.00000001
2026-02-17 08:00:00,2.3,600.0,1.63,5.1,-3.3,138000000.0
2026-02-17 09:00:00,2.5,585.0,1.69,5.5,-3.2,146250000.0
2026-02-17 10:00:00,2.5,574.0,1.65,5.3,-2.0,143500000.0
2026-02-17 11:00:00,2.5,568.0,1.58,5.1,-0.2,142000000.0
2026-02-17 12:00:00,2.4,561.0,1.49,4.9,-0.4,134640000.0
2026-02-17 13:00:00,2.4,584.0,1.62,4.9,1.7,140160000.0
2026-02-17 14:00:00,2.3,566.0,1.48,4.8,-0.6,130180000.0
2026-02-17 15:00:00,2.5,565.0,1.61,4.7,-1.8,141250000.0
2026-02-17 16:00:00,2.5,574.0,1.69,4.1,1.2,143500000.0
2026-02-17 17:00:00,2.6,571.0,1.73,3.9,1.5,148460000.0
2026-02-17 18:00:00,2.7,567.0,1.79,3.8,2.3,153090000.0
2026-02-17 19:00:00,2.9,574.0,1.97,3.4,2.2,166460000.0
2026-02-17 20:00:00,2.7,552.0,1.7,3.9,-0.1,149040000.0
2026-02-17 21:00:00,2.4,536.0,1.46,4.3,-0.2,128639999.99999999
2026-02-17 22:00:00,2.8,534.0,1.66,4.2,1.5,149519999.99999997
2026-02-17 23:00:00,3.1,542.0,1.86,4.2,2.8,168020000.0
2026-02-18 00:00:00,3.2,540.0,1.85,4.2,0.5,172800000.0
2026-02-18 01:00:00,3.4,547.0,2.03,4.2,-0.7,185980000.0
2026-02-18 02:00:00,3.1,539.0,1.86,4.2,0.6,167090000.0
2026-02-18 03:00:00,3.2,543.0,1.9,4.0,-1.0,173760000.0
2026-02-18 04:00:00,3.3,545.0,1.93,4.3,-0.2,179850000.0
2026-02-18 05:00:00,3.4,540.0,1.94,4.1,-1.8,183600000.0
2026-02-18 06:00:00,3.4,536.0,1.92,3.9,-0.8,182240000.0
2026-02-18 07:00:00,3.1,525.0,1.71,4.0,-0.2,162750000.0
2026-02-18 08:00:00,3.4,522.0,1.79,4.5,0.1,177480000.0
2026-02-18 09:00:00,3.2,510.0,1.65,4.8,-0.2,163200000.0
2026-02-18 10:00:00,3.5,518.0,1.91,4.6,1.3,181300000.0
2026-02-18 11:00:00,3.6,526.0,2.0,3.9,0.8,189360000.0
2026-02-18 12:00:00,3.8,513.0,1.94,4.6,0.9,194940000.0
2026-02-18 13:00:00,3.5,498.0,1.68,5.0,-1.4,174300000.0
2026-02-18 14:00:00,3.3,495.0,1.56,4.9,-1.1,163350000.0
2026-02-18 15:00:00,3.8,504.0,1.86,4.9,1.1,191519999.99999997
2026-02-18 16:00:00,,,,4.4,0.1,
2026-02-18 17:00:00,3.8,477.0,1.73,4.6,-1.4,181260000.0
2026-02-18 18:00:00,4.1,475.0,1.86,4.7,1.6,194749999.99999997
2026-02-18 19:00:00,4.5,462.0,1.96,4.7,1.3,207900000.0
2026-02-18 20:00:00,4.2,469.0,1.87,4.5,2.8,196980000.00000003
2026-02-18 21:00:00,4.5,461.0,1.95,5.6,3.7,207450000.0
2026-02-18 22:00:00,4.6,460.0,2.02,5.4,-1.6,211600000.0
2026-02-18 23:00:00,4.8,463.0,2.06,5.3,-3.1,222240000.0
2026-02-19 00:00:00,5.2,465.0,2.34,4.8,-1.1,241800000.0
2026-02-19 01:00:00,5.5,473.0,2.47,4.7,-2.1,260150000.0
2026-02-19 02:00:00,5.6,480.0,2.6,5.0,-3.9,268800000.0
2026-02-19 03:00:00,5.4,471.0,2.45,5.6,-0.8,254340000.0
2026-02-19 04:00:00,4.8,459.0,2.09,6.0,-1.7,220319999.99999997
2026-02-19 05:00:00,5.5,466.0,2.39,6.8,-2.0,256300000.0
2026-02-19 06:00:00,5.4,466.0,2.3,6.7,-2.9,251640000.0
2026-02-19 07:00:00,4.9,468.0,2.08,5.7,-1.4,229320000.00000003
2026-02-19 08:00:00,4.0,461.0,1.64,6.0,-2.3,184400000.0
2026-02-19 09:00:00,4.5,475.0,1.99,6.0,1.4,213750000.0
2026-02-19 10:00:00,4.7,480.0,2.21,5.6,0.7,225600000.0
2026-02-19 11:00:00,5.2,478.0,2.38,6.0,-0.7,248560000.0
2026-02-19 12:00:00,4.6,481.0,2.14,6.0,-2.3,221260000.0
2026-02-19 13:00:00,4.3,501.0,2.1,6.0,1.8,215429999.99999997
2026-02-19 14:00:00,3.5,493.0,1.6,6.0,-0.9,172550000.0
2026-02-19 15:00:00,3.4,541.0,1.91,5.2,2.8,183940000.0
2026-02-19 16:00:00,3.0,524.0,1.59,5.7,2.7,157200000.0
2026-02-19 17:00:00,3.5,524.0,1.84,5.2,2.8,183400000.0
2026-02-19 18:00:00,3.5,493.0,1.68,5.0,1.3,172550000.0
2026-02-19 19:00:00,3.6,504.0,1.81,4.5,1.2,181440000.0
2026-02-19 20:00:00,3.3,493.0,1.57,4.5,1.5,162690000.0
2026-02-19 21:00:00,3.4,506.0,1.72,4.6,2.0,172040000.0
2026-02-19 22:00:00,3.5,502.0,1.75,4.5,1.4,175700000.0
2026-02-19 23:00:00,3.1,496.0,1.5,4.9,0.4,153760000.0
2026-02-20 00:00:00,3.2,496.0,1.55,4.9,0.8,158720000.0
2026-02-20 01:00:00,3.0,492.0,1.44,4.6,0.4,147600000.0
2026-02-20 02:00:00,3.4,488.0,1.63,4.2,0.9,165920000.0
2026-02-20 03:00:00,4.2,471.0,1.9,4.6,2.1,197820000.0
2026-02-20 04:00:00,4.4,468.0,1.96,5.5,0.2,205920000.00000003
2026-02-20 05:00:00,3.5,479.0,1.59,5.9,-2.1,167650000.0
2026-02-20 06:00:00,3.0,481.0,1.41,5.6,-1.1,144300000.0
2026-02-20 07:00:00,2.7,481.0,1.24,5.5,-1.1,129870000.0
2026-02-20 08:00:00,2.7,481.0,1.22,5.4,-1.4,129870000.0
2026-02-20 09:00:00,2.2,492.0,1.06,5.5,-1.1,108240000.00000001
2026-02-20 10:00:00,2.7,469.0,1.14,5.6,-0.6,126630000.00000001
2026-02-20 11:00:00,4.1,476.0,1.73,6.7,-1.6,195160000.0
2026-02-20 12:00:00,5.9,470.0,2.57,8.7,-1.9,277300000.0
2026-02-20 13:00:00,5.6,451.0,2.34,9.2,-1.8,252560000.0
2026-02-20 14:00:00,8.6,457.0,3.78,6.6,0.5,393020000.0
2026-02-20 15:00:00,9.2,465.0,4.07,5.9,0.7,427800000.0
2026-02-20 16:00:00,8.1,478.0,3.67,6.6,-0.3,387180000.0
2026-02-20 17:00:00,9.3,479.0,4.26,5.7,-0.7,445470000.00000006
2026-02-20 18:00:00,8.3,472.0,3.67,8.2,1.3,391760000.00000006
2026-02-20 19:00:00,6.9,477.0,3.1,7.8,-2.3,329130000.0
2026-02-20 20:00:00,6.1,471.0,3.03,7.9,-0.1,287310000.0
2026-02-20 21:00:00,7.0,467.0,3.28,7.4,1.4,326900000.0
2026-02-20 22:00:00,10.5,473.0,4.77,7.3,0.5,496650000.0
2026-02-20 23:00:00,10.8,480.0,5.12,9.6,-1.1,518400000.0
2026-02-21 00:00:00,11.7,497.0,6.22,13.9,-6.3,581490000.0
2026-02-21 01:00:00,14.4,513.0,7.67,14.1,5.5,738720000.0
2026-02-21 02:00:00,17.6,494.0,10.01,12.1,8.2,869440000.0000001
2026-02-21 03:00:00,9.8,503.0,5.4,12.5,6.6,492940000.00000006
2026-02-21 04:00:00,4.2,531.0,2.38,13.3,2.5,223020000.00000003
2026-02-21 05:00:00,5.4,537.0,2.84,12.5,8.0,289980000.0
2026-02-21 06:00:00,6.1,519.0,3.35,12.1,7.8,316589999.99999994
2026-02-21 07:00:00,6.9,509.0,3.65,11.4,7.5,351210000.00000006
2026-02-21 08:00:00,9.5,502.0,4.54,11.5,7.9,476900000.0
2026-02-21 09:00:00,10.6,516.0,5.15,10.7,7.4,546960000.0
2026-02-21 10:00:00,9.3,517.0,4.55,10.5,6.6,480810000.00000006
2026-02-21 11:00:00,8.3,504.0,3.77,11.3,8.1,418320000.00000006
2026-02-21 12:00:00,7.5,478.0,3.09,10.9,8.1,358500000.0
2026-02-21 13:00:00,6.7,467.0,2.67,9.9,7.5,312890000.0
2026-02-21 14:00:00,5.7,470.0,2.25,9.3,6.3,267900000.0
2026-02-21 15:00:00,3.8,479.0,1.57,10.2,6.9,182019999.99999997
2026-02-21 16:00:00,4.7,482.0,2.03,11.8,9.3,226540000.0
2026-02-21 17:00:00,5.0,489.0,2.2,12.7,8.4,244500000.0
2026-02-21 18:00:00,5.7,500.0,2.63,12.1,0.0,285000000.0
2026-02-21 19:00:00,5.4,496.0,2.6,12.7,5.9,267840000.0
2026-02-21 20:00:00,7.5,511.0,4.29,13.0,2.7,383250000.0
2026-02-21 21:00:00,11.5,525.0,7.07,11.4,-1.2,603750000.0
2026-02-21 22:00:00,11.8,542.0,6.74,10.5,1.7,639560000.0
2026-02-21 23:00:00,8.3,544.0,4.99,11.4,4.6,451520000.00000006
2026-02-22 00:00:00,10.5,555.0,6.5,10.1,4.0,582750000.0
2026-02-22 01:00:00,12.0,555.0,7.21,9.2,0.9,666000000.0
2026-02-22 02:00:00,10.0,560.0,5.87,11.6,-5.9,560000000.0
2026-02-22 03:00:00,11.1,559.0,6.33,15.6,0.8,620490000.0
2026-02-22 04:00:00,10.8,545.0,5.83,13.5,5.5,588600000.0
2026-02-22 05:00:00,7.4,542.0,4.75,12.7,4.1,401080000.0
2026-02-22 06:00:00,5.7,541.0,3.96,11.3,-3.5,308370000.0
2026-02-22 07:00:00,6.0,512.0,3.52,10.7,-2.0,307200000.0
2026-02-22 08:00:00,6.3,532.0,3.85,11.2,-6.4,335160000.0
2026-02-22 09:00:00,5.4,621.0,4.31,11.6,-4.6,335340000.0
2026-02-22 10:00:00,5.4,637.0,4.63,10.8,-3.6,343980000.0
2026-02-22 11:00:00,6.0,653.0,5.33,10.1,1.7,391800000.0
2026-02-22 12:00:00,5.8,644.0,5.06,10.1,5.3,373520000.0
2026-02-22 13:00:00,5.6,629.0,4.65,10.2,-1.1,352239999.99999994
2026-02-22 14:00:00,5.0,619.0,4.02,9.4,-1.5,309500000.0
2026-02-22 15:00:00,4.6,611.0,3.43,9.8,-3.5,281060000.0
2026-02-22 16:00:00,4.2,607.0,3.1,9.7,-3.1,254940000.0
2026-02-22 17:00:00,4.8,645.0,4.19,7.2,1.5,309600000.0
2026-02-22 18:00:00,4.1,655.0,3.61,6.9,-1.5,268549999.99999994
2026-02-22 19:00:00,3.9,640.0,3.25,6.8,-2.7,249600000.0
2026-02-22 20:00:00,3.7,659.0,3.38,6.6,-2.1,243830000.00000003
2026-02-22 21:00:00,3.8,662.0,3.47,7.1,-3.8,251560000.0
2026-02-22 22:00:00,3.8,667.0,3.43,6.9,-1.9,253460000.0
2026-02-22 23:00:00,3.9,651.0,3.28,7.6,-3.4,253890000.0
2026-02-23 00:00:00,3.4,629.0,2.65,7.5,1.7,213860000.0
2026-02-23 01:00:00,2.6,629.0,1.96,7.8,-1.9,163540000.0
2026-02-23 02:00:00,2.4,637.0,1.84,7.8,-2.3,152880000.0
2026-02-23 03:00:00,2.3,672.0,1.95,7.1,-2.5,154560000.0
2026-02-23 04:00:00,2.2,684.0,1.97,7.1,-4.8,150480000.00000003
2026-02-23 05:00:00,2.4,681.0,2.08,6.8,-1.6,163440000.0
2026-02-23 06:00:00,2.5,679.0,2.13,6.8,-0.7,169750000.0
2026-02-23 07:00:00,2.6,687.0,2.32,6.8,0.6,178620000.0
2026-02-23 08:00:00,2.6,703.0,2.52,7.0,-0.3,182780000.0
2026-02-23 09:00:00,2.4,684.0,2.18,6.4,-2.5,164160000.0
2026-02-23 10:00:00,2.2,692.0,2.06,5.7,-1.3,152240000.0
2026-02-23 11:00:00,2.2,692.0,2.17,5.1,-0.1,152240000.0
2026-02-23 12:00:00,2.2,694.0,2.16,4.9,-2.0,152680000.00000003
2026-02-23 13:00:00,2.1,685.0,2.02,4.8,-0.6,143850000.0
2026-02-23 14:00:00,2.3,698.0,2.24,4.9,-1.5,160540000.0
2026-02-23 15:00:00,2.5,674.0,2.18,5.1,0.9,168500000.0
2026-02-23 16:00:00,2.2,678.0,1.99,4.8,-0.4,149160000.0
2026-02-23 17:00:00,2.0,676.0,1.76,4.5,2.2,135200000.0
2026-02-23 18:00:00,2.1,657.0,1.79,4.3,2.4,137970000.0
2026-02-23 19:00:00,2.2,656.0,1.84,4.7,-1.9,144320000.0
2026-02-23 20:00:00,2.1,658.0,1.79,4.6,-2.6,138180000.0
2026-02-23 21:00:00,2.2,665.0,1.9,4.5,-1.4,146300000.00000003
2026-02-23 22:00:00,2.0,635.0,1.61,4.3,-1.6,127000000.0
2026-02-23 23:00:00,1.9,611.0,1.4,4.3,-0.6,116089999.99999999
2026-02-24 00:00:00,2.2,613.0,1.66,4.2,-0.7,134860000.0
2026-02-24 01:00:00,2.5,616.0,1.9,4.2,-0.3,154000000.0
2026-02-24 02:00:00,2.2,603.0,1.57,4.9,-2.6,132660000.00000001
2026-02-24 03:00:00,2.3,611.0,1.65,5.3,-3.9,140530000.0
2026-02-24 04:00:00,2.1,604.0,1.49,5.4,-3.3,126840000.00000001
2026-02-24 05:00:00,2.2,602.0,1.57,5.2,-2.4,132440000.00000001
2026-02-24 06:00:00,2.4,615.0,1.83,5.0,-2.4,147600000.0
2026-02-24 07:00:00,2.5,628.0,1.94,4.8,1.7,157000000.0
2026-02-24 08:00:00,2.4,606.0,1.78,4.5,0.7,145440000.0
2026-02-24 09:00:00,2.4,591.0,1.7,4.6,-1.0,141840000.0
2026-02-24 10:00:00,2.5,599.0,1.8,4.7,-1.1,149750000.0
2026-02-24 11:00:00,2.5,601.0,1.83,4.5,-2.1,150250000.0
2026-02-24 12:00:00,2.6,605.0,1.91,4.7,-2.6,157300000.0
2026-02-24 13:00:00,2.5,593.0,1.82,4.7,-1.8,148250000.0
2026-02-24 14:00:00,2.9,584.0,1.98,5.1,1.2,169360000.0
2026-02-24 15:00:00,3.0,596.0,2.11,4.8,1.4,178800000.0
2026-02-24 16:00:00,2.9,583.0,1.95,4.6,-1.2,169070000.0
2026-02-24 17:00:00,2.9,588.0,1.98,4.6,-3.1,170520000.0
2026-02-24 18:00:00,2.9,600.0,2.07,4.6,-1.7,174000000.0
2026-02-24 19:00:00,2.9,563.0,1.84,4.7,-0.6,163270000.0
2026-02-24 20:00:00,2.7,566.0,1.76,5.0,-1.9,152820000.0
2026-02-24 21:00:00,2.3,539.0,1.34,5.1,-1.1,123969999.99999999
2026-02-24 22:00:00,2.3,551.0,1.46,4.9,-3.3,126730000.0
2026-02-24 23:00:00,2.4,547.0,1.51,5.0,-1.7,131280000.0
2026-02-25 00:00:00,2.6,550.0,1.64,5.0,-1.6,143000000.0
2026-02-25 01:00:00,2.4,534.0,1.42,4.8,-0.6,128159999.99999999
2026-02-25 02:00:00,2.4,525.0,1.34,5.1,-0.4,126000000.0
2026-02-25 03:00:00,2.4,525.0,1.37,5.3,-2.1,126000000.0
2026-02-25 04:00:00,2.8,536.0,1.66,4.8,0.8,150080000.0
2026-02-25 05:00:00,2.3,531.0,1.32,4.9,-0.8,122130000.0
2026-02-25 06:00:00,2.5,544.0,1.52,4.8,0.9,136000000.0
2026-02-25 07:00:00,2.6,547.0,1.56,5.0,1.8,142220000.0
2026-02-25 08:00:00,3.0,556.0,1.85,4.1,2.3,166800000.0
2026-02-25 09:00:00,2.8,547.0,1.73,5.0,-0.6,153160000.0
2026-02-25 10:00:00,3.1,561.0,1.94,4.8,-0.1,173910000.0
2026-02-25 11:00:00,3.1,551.0,1.85,4.8,-1.8,170810000.0
2026-02-25 12:00:00,3.1,543.0,1.77,5.3,-2.1,168330000.0
2026-02-25 13:00:00,3.3,558.0,2.0,5.4,-1.3,184140000.0
2026-02-25 14:00:00,3.2,560.0,1.98,4.6,-0.8,179200000.0
2026-02-25 15:00:00,3.0,559.0,1.86,4.9,-0.5,167700000.0
2026-02-25 16:00:00,2.8,564.0,1.76,5.3,0.2,157919999.99999997
2026-02-25 17:00:00,2.7,564.0,1.64,5.4,1.4,152280000.00000003
2026-02-25 18:00:00,2.5,557.0,1.51,5.8,0.6,139250000.0
2026-02-25 19:00:00,2.8,538.0,1.58,5.1,-0.3,150640000.0
2026-02-25 20:00:00,2.6,544.0,1.49,5.6,-2.5,141440000.0
2026-02-25 21:00:00,2.4,544.0,1.37,5.8,-4.0,130559999.99999999
2026-02-25 22:00:00,2.5,529.0,1.34,5.7,-1.7,132250000.0
2026-02-25 23:00:00,2.5,525.0,1.3,5.6,-2.5,131250000.0
2026-02-26 00:00:00,2.5,533.0,1.35,5.6,-4.0,133250000.0
2026-02-26 01:00:00,2.6,522.0,1.36,5.7,-4.0,135720000.0
2026-02-26 02:00:00,2.7,522.0,1.38,6.0,-3.9,140940000.0
2026-02-26 03:00:00,2.6,531.0,1.38,6.1,-4.2,138060000.0
2026-02-26 04:00:00,3.0,538.0,1.61,5.8,-3.5,161400000.0
2026-02-26 05:00:00,2.8,562.0,1.7,5.5,-2.1,157360000.0
2026-02-26 06:00:00,2.9,549.0,1.72,5.9,-3.4,159210000.0
2026-02-26 07:00:00,2.5,544.0,1.45,5.9,-3.8,136000000.0
2026-02-26 08:00:00,2.7,550.0,1.58,5.8,-2.8,148500000.0
2026-02-26 09:00:00,2.6,529.0,1.43,5.7,-3.0,137540000.0
2026-02-26 10:00:00,2.5,529.0,1.37,5.7,-1.8,132250000.0
2026-02-26 11:00:00,2.5,535.0,1.41,5.5,-1.8,133750000.0
2026-02-26 12:00:00,2.2,511.0,1.14,5.6,-2.7,112420000.0
2026-02-26 13:00:00,2.4,514.0,1.25,5.5,-0.5,123359999.99999999
2026-02-26 14:00:00,2.5,548.0,1.46,5.1,0.4,137000000.0
2026-02-26 15:00:00,2.5,549.0,1.47,5.1,1.2,137250000.0
2026-02-26 16:00:00,2.5,532.0,1.38,5.0,-1.0,133000000.0
2026-02-26 17:00:00,2.5,550.0,1.46,4.8,0.2,137500000.0
2026-02-26 18:00:00,2.4,507.0,1.2,4.9,-1.7,121680000.0
2026-02-26 19:00:00,2.7,538.0,1.5,4.6,-0.6,145260000.0
2026-02-26 20:00:00,2.8,518.0,1.46,4.4,0.1,145040000.0
2026-02-26 21:00:00,2.7,528.0,1.43,4.5,-0.7,142560000.0
2026-02-26 22:00:00,2.8,530.0,1.47,4.5,0.5,148400000.0
2026-02-26 23:00:00,2.8,496.0,1.27,4.8,-2.8,138880000.0
2026-02-27 00:00:00,2.8,492.0,1.25,4.9,-3.4,137760000.0
2026-02-27 01:00:00,2.8,475.0,1.17,4.7,-2.2,133000000.0
2026-02-27 02:00:00,2.7,463.0,1.07,4.7,-1.5,125010000.00000001
2026-02-27 03:00:00,2.6,461.0,1.04,4.5,-0.1,119860000.00000001
2026-02-27 04:00:00,2.8,465.0,1.16,4.5,-1.9,130200000.0
2026-02-27 05:00:00,2.5,449.0,0.96,4.6,-1.3,112250000.0
2026-02-27 06:00:00,2.5,443.0,0.91,4.6,-0.6,110750000.0
2026-02-27 07:00:00,2.4,447.0,0.9,4.4,-0.3,107280000.0
2026-02-27 08:00:00,2.6,458.0,1.03,4.5,-0.9,119080000.0
2026-02-27 09:00:00,2.9,476.0,1.26,4.4,-0.8,138040000.0
2026-02-27 10:00:00,3.0,469.0,1.26,4.5,-0.3,140700000.0
2026-02-27 11:00:00,2.6,446.0,1.0,4.4,-1.4,115960000.00000001
2026-02-27 12:00:00,2.9,456.0,1.18,4.1,-0.8,132239999.99999999
2026-02-27 13:00:00,3.1,488.0,1.42,4.4,-3.3,151280000.0
2026-02-27 14:00:00,3.3,465.0,1.38,4.6,-3.2,153450000.0
2026-02-27 15:00:00,3.5,441.0,1.3,4.7,-1.5,154350000.0
2026-02-27 16:00:00,3.2,444.0,1.24,4.2,0.3,142080000.00000003
2026-02-27 17:00:00,3.3,451.0,1.3,4.1,-0.9,148830000.0
2026-02-27 18:00:00,3.0,446.0,1.15,4.4,-2.6,133800000.0
2026-02-27 19:00:00,2.9,429.0,1.03,4.3,-0.5,124409999.99999999
2026-02-27 20:00:00,3.1,431.0,1.09,4.5,-1.9,133610000.00000001
2026-02-27 21:00:00,3.2,439.0,1.18,4.5,-2.2,140480000.00000003
2026-02-27 22:00:00,3.3,448.0,1.27,4.3,-2.2,147840000.0
2026-02-27 23:00:00,2.6,406.0,0.84,4.3,-1.2,105560000.00000001
2026-02-28 00:00:00,3.4,443.0,1.28,4.3,-0.5,150620000.0
2026-02-28 01:00:00,3.2,457.0,1.29,4.2,1.1,146240000.0
2026-02-28 02:00:00,3.1,440.0,1.17,4.1,-1.5,136400000.0
2026-02-28 03:00:00,3.2,446.0,1.23,3.9,0.2,142720000.0
2026-02-28 04:00:00,3.0,425.0,1.05,4.3,-3.0,127500000.0
2026-02-28 05:00:00,3.1,431.0,1.13,3.9,-0.5,133610000.00000001
2026-02-28 06:00:00,3.1,432.0,1.12,4.0,-2.8,133920000.0
2026-02-28 07:00:00,3.2,429.0,1.15,3.9,0.6,137280000.00000003
2026-02-28 08:00:00,3.2,435.0,1.16,3.9,0.1,139200000.0
2026-02-28 09:00:00,3.1,422.0,1.07,4.0,1.4,130820000.0
2026-02-28 10:00:00,3.2,420.0,1.1,3.9,-0.0,134400000.0
2026-02-28 11:00:00,2.9,405.0,0.93,4.2,1.5,117450000.0
2026-02-28 12:00:00,3.1,406.0,0.98,4.5,-2.8,125860000.00000001
2026-02-28 13:00:00,2.8,403.0,0.87,4.4,-2.9,112839999.99999999
2026-02-28 14:00:00,2.5,391.0,0.74,4.1,-1.7,97750000.0
2026-02-28 15:00:00,2.9,400.0,0.91,4.0,-2.7,116000000.0
2026-02-28 16:00:00,3.1,420.0,1.07,3.9,-2.2,130200000.0
2026-02-28 17:00:00,2.9,395.0,0.89,3.9,0.8,114550000.0
2026-02-28 18:00:00,3.0,410.0,0.99,4.0,-3.0,123000000.0
2026-02-28 19:00:00,3.0,408.0,0.98,4.2,-3.0,122400000.0
2026-02-28 20:00:00,2.9,390.0,0.86,4.3,-3.2,113100000.0
2026-02-28 21:00:00,2.9,386.0,0.84,4.2,-2.8,111939999.99999999
2026-02-28 22:00:00,3.0,385.0,0.86,4.2,-2.3,115500000.0
2026-02-28 23:00:00,3.1,387.0,0.89,4.2,-3.5,119970000.0
2026-03-01 00:00:00,3.4,389.0,0.99,4.3,-2.3,132259999.99999999
2026-03-01 01:00:00,3.3,402.0,1.02,4.6,-4.3,132659999.99999999
2026-03-01 02:00:00,3.4,397.0,1.03,4.5,-3.4,134980000.0
2026-03-01 03:00:00,3.4,395.0,1.03,4.3,0.3,134300000.0
2026-03-01 04:00:00,3.5,389.0,1.05,4.2,-1.7,136150000.0
2026-03-01 05:00:00,3.6,378.0,1.02,4.3,-1.9,136080000.0
2026-03-01 06:00:00,3.7,382.0,1.07,4.1,-0.9,141340000.0
2026-03-01 07:00:00,3.7,374.0,1.04,3.8,-1.2,138380000.0
2026-03-01 08:00:00,3.5,373.0,0.98,3.7,1.7,130550000.0
2026-03-01 09:00:00,3.5,378.0,0.98,3.9,2.9,132300000.0
2026-03-01 10:00:00,3.4,393.0,1.0,4.3,-3.6,133620000.0
2026-03-01 11:00:00,3.5,402.0,1.08,4.4,-2.7,140700000.0
2026-03-01 12:00:00,3.4,402.0,1.04,4.3,-2.3,136680000.0
2026-03-01 13:00:00,3.2,401.0,0.98,4.0,0.3,128320000.0
2026-03-01 14:00:00,3.5,398.0,1.05,3.6,-1.4,139300000.0
2026-03-01 15:00:00,3.2,355.0,0.77,4.0,-0.9,113600000.0
2026-03-01 16:00:00,3.7,356.0,0.89,3.9,-0.9,131720000.0
2026-03-01 17:00:00,4.0,360.0,1.0,3.8,-2.1,144000000.0
2026-03-01 18:00:00,4.3,359.0,1.08,3.7,-1.6,154370000.0
2026-03-01 19:00:00,4.8,362.0,1.19,4.0,-1.2,173760000.0
2026-03-01 20:00:00,5.4,361.0,1.31,4.3,-1.3,194940000.0
2026-03-01 21:00:00,7.3,365.0,1.85,3.6,-2.2,266450000.0
2026-03-01 22:00:00,7.0,361.0,1.72,4.2,1.6,252700000.0
2026-03-01 23:00:00,8.6,356.0,2.0,4.5,0.3,306160000.0
2026-03-02 00:00:00,8.8,351.0,2.01,4.8,-1.8,308880000.0
2026-03-02 01:00:00,11.0,355.0,2.57,3.6,1.2,390500000.0
2026-03-02 02:00:00,10.6,353.0,2.42,3.9,2.9,374180000.0
2026-03-02 03:00:00,8.2,347.0,1.83,5.3,1.3,284539999.99999994
2026-03-02 04:00:00,7.2,340.0,1.56,5.3,-0.2,244800000.0
2026-03-02 05:00:00,7.5,337.0,1.6,5.0,-1.5,252750000.0
2026-03-02 06:00:00,8.0,340.0,1.74,4.5,2.3,272000000.0
2026-03-02 07:00:00,10.1,340.0,2.17,4.1,2.5,343400000.0
2026-03-02 08:00:00,12.5,341.0,2.72,3.7,3.1,426250000.0
2026-03-02 09:00:00,13.7,342.0,3.02,3.8,1.6,468539999.99999994
2026-03-02 10:00:00,13.2,339.0,2.8,4.3,0.6,447480000.0
2026-03-02 11:00:00,13.6,338.0,2.87,4.5,-1.6,459680000.0
2026-03-02 12:00:00,14.5,342.0,3.35,3.6,-2.6,495900000.0
2026-03-02 13:00:00,13.3,342.0,3.09,2.5,-0.4,454860000.00000006
2026-03-02 14:00:00,12.0,331.0,2.42,4.6,-0.3,397200000.0
2026-03-02 15:00:00,11.7,328.0,2.35,4.8,0.5,383760000.0
2026-03-02 16:00:00,11.4,328.0,2.32,4.5,-0.1,373920000.0
2026-03-02 17:00:00,11.6,324.0,2.29,4.5,1.1,375840000.0
2026-03-02 18:00:00,11.7,324.0,2.31,4.5,0.8,379080000.0
2026-03-02 19:00:00,11.7,319.0,2.24,4.7,-0.5,373230000.0
2026-03-02 20:00:00,15.1,318.0,2.97,2.9,0.5,480180000.0
2026-03-02 21:00:00,15.7,314.0,3.1,4.1,-0.6,492980000.0
2026-03-02 22:00:00,17.0,319.0,3.5,3.9,1.4,542300000.0
2026-03-02 23:00:00,17.5,321.0,3.57,5.7,2.9,561750000.0
2026-03-03 00:00:00,18.1,329.0,3.86,6.0,3.4,595490000.0
2026-03-03 01:00:00,14.6,347.0,3.44,7.9,5.6,506620000.0
2026-03-03 02:00:00,13.6,352.0,3.24,9.3,2.4,478720000.0
2026-03-03 03:00:00,11.8,357.0,2.82,9.8,-3.1,421260000.00000006
2026-03-03 04:00:00,9.6,358.0,2.28,10.0,-2.4,343680000.0
2026-03-03 05:00:00,10.0,359.0,2.41,9.4,-0.6,359000000.0
2026-03-03 06:00:00,10.1,367.0,2.54,9.1,1.3,370670000.0
2026-03-03 07:00:00,9.6,366.0,2.47,8.3,0.3,351360000.0
2026-03-03 08:00:00,9.0,379.0,2.44,8.4,-1.4,341100000.0
2026-03-03 09:00:00,8.7,375.0,2.34,9.0,-2.9,326249999.99999994
2026-03-03 10:00:00,8.2,361.0,2.12,8.8,1.7,296020000.0
2026-03-03 11:00:00,8.5,362.0,2.12,8.8,6.2,307700000.0
2026-03-03 12:00:00,7.5,380.0,2.15,9.6,1.6,285000000.0
2026-03-03 13:00:00,9.4,390.0,2.87,8.4,1.8,366600000.0
2026-03-03 14:00:00,9.0,385.0,2.71,8.8,-1.7,346500000.0
2026-03-03 15:00:00,8.6,406.0,2.76,10.6,-2.2,349160000.0
2026-03-03 16:00:00,8.8,398.0,2.71,10.5,2.4,350240000.0
2026-03-03 17:00:00,9.5,405.0,2.98,10.3,-4.0,384750000.0
2026-03-03 18:00:00,8.1,401.0,2.47,10.2,6.9,324810000.0
2026-03-03 19:00:00,8.2,400.0,2.59,9.4,-1.3,327999999.99999994
2026-03-03 20:00:00,8.8,412.0,2.87,9.4,-8.9,362560000.00000006
2026-03-03 21:00:00,8.6,414.0,2.87,8.9,-4.4,356039999.99999994
2026-03-03 22:00:00,7.7,411.0,2.6,8.7,-0.6,316470000.0
2026-03-03 23:00:00,7.1,408.0,2.43,7.9,4.2,289680000.0
2026-03-04 00:00:00,6.3,403.0,2.14,7.3,3.5,253890000.0
2026-03-04 01:00:00,6.2,422.0,2.14,7.4,1.8,261640000.0
2026-03-04 02:00:00,5.8,407.0,1.87,7.2,4.4,236060000.0
2026-03-04 03:00:00,6.6,427.0,2.26,7.1,1.1,281820000.0
2026-03-04 04:00:00,7.1,429.0,2.44,7.2,-4.0,304589999.99999994
2026-03-04 05:00:00,6.4,430.0,2.23,6.4,4.0,275200000.0
2026-03-04 06:00:00,6.3,419.0,2.12,6.3,3.1,263969999.99999997
2026-03-04 07:00:00,6.0,414.0,1.99,6.0,0.5,248400000.0
2026-03-04 08:00:00,5.9,427.0,2.06,6.0,-1.2,251930000.00000003
2026-03-04 09:00:00,5.8,434.0,2.07,6.0,-3.6,251719999.99999997
2026-03-04 10:00:00,4.8,398.0,1.49,5.3,1.0,191040000.0
2026-03-04 11:00:00,5.0,421.0,1.7,5.6,-0.3,210500000.0
2026-03-04 12:00:00,4.8,404.0,1.51,5.9,2.2,193919999.99999997
2026-03-04 13:00:00,5.2,427.0,1.82,5.6,1.5,222040000.0
2026-03-04 14:00:00,4.9,423.0,1.7,5.7,1.9,207270000.00000003
2026-03-04 15:00:00,4.5,402.0,1.44,5.7,3.3,180900000.0
2026-03-04 16:00:00,5.5,420.0,1.91,5.5,2.6,231000000.0
2026-03-04 17:00:00,5.6,410.0,1.89,4.9,0.9,229600000.0
2026-03-04 18:00:00,5.2,410.0,1.75,4.9,-0.1,213200000.0
2026-03-04 19:00:00,5.2,404.0,1.71,4.5,1.6,210080000.00000003
2026-03-04 20:00:00,5.0,416.0,1.72,4.9,0.7,208000000.0
2026-03-04 21:00:00,4.9,408.0,1.63,4.7,1.8,199920000.0
2026-03-04 22:00:00,4.9,425.0,1.71,5.1,0.0,208250000.0
2026-03-04 23:00:00,4.7,413.0,1.55,5.0,2.7,194110000.0
2026-03-05 00:00:00,4.6,428.0,1.62,5.1,1.0,196880000.0
2026-03-05 01:00:00,4.9,409.0,1.58,4.7,-1.6,200410000.0
2026-03-05 02:00:00,4.8,409.0,1.54,4.5,0.6,196319999.99999997
2026-03-05 03:00:00,4.8,399.0,1.47,4.5,1.6,191519999.99999997
2026-03-05 04:00:00,4.7,403.0,1.45,4.6,3.3,189410000.0
2026-03-05 05:00:00,4.4,405.0,1.37,4.8,-0.3,178200000.00000003
2026-03-05 06:00:00,4.5,405.0,1.41,4.7,-1.2,182250000.0
2026-03-05 07:00:00,4.3,408.0,1.35,4.4,2.0,175440000.0
2026-03-05 08:00:00,4.2,401.0,1.28,4.4,1.1,168420000.0
2026-03-05 09:00:00,4.0,392.0,1.18,4.2,2.6,156800000.0
2026-03-05 10:00:00,3.5,386.0,0.99,4.2,3.1,135100000.0
2026-03-05 11:00:00,4.1,401.0,1.24,4.5,1.7,164410000.0
2026-03-05 12:00:00,3.8,380.0,1.03,4.5,-1.1,144400000.0
2026-03-05 13:00:00,4.0,380.0,1.08,4.4,-0.8,152000000.0
2026-03-05 14:00:00,4.2,381.0,1.12,4.4,0.6,160020000.0
2026-03-05 15:00:00,4.4,383.0,1.17,4.6,1.6,168520000.0
2026-03-05 16:00:00,4.0,372.0,1.04,4.5,2.1,148800000.0
2026-03-05 17:00:00,3.5,362.0,0.89,4.6,1.9,126700000.0
2026-03-05 18:00:00,3.8,359.0,0.94,4.7,0.7,136420000.0
2026-03-05 19:00:00,3.6,356.0,0.86,4.6,-0.1,128160000.00000001
2026-03-05 20:00:00,3.9,356.0,0.94,4.5,1.5,138840000.0
2026-03-05 21:00:00,4.1,359.0,1.01,4.6,1.0,147190000.0
2026-03-05 22:00:00,4.1,359.0,1.02,4.6,1.1,147190000.0
2026-03-05 23:00:00,4.5,362.0,1.09,4.6,1.6,162900000.0
2026-03-06 00:00:00,4.7,358.0,1.15,4.6,0.2,168260000.0
2026-03-06 01:00:00,5.2,354.0,1.31,4.4,-0.1,184080000.0
2026-03-06 02:00:00,5.5,352.0,1.35,4.6,0.3,193600000.0
2026-03-06 03:00:00,5.5,348.0,1.32,4.7,-1.9,191400000.0
2026-03-06 04:00:00,5.3,340.0,1.24,4.9,0.6,180200000.0
2026-03-06 05:00:00,6.2,346.0,1.51,5.6,1.4,214520000.00000003
2026-03-06 06:00:00,10.9,359.0,2.8,8.2,3.3,391310000.0
2026-03-06 07:00:00,22.8,373.0,6.08,2.7,-1.1,850440000.0
2026-03-06 08:00:00,22.1,372.0,5.72,2.1,-0.6,822120000.0000001
2026-03-06 09:00:00,20.4,366.0,5.18,2.9,0.4,746640000.0
2026-03-06 10:00:00,19.1,364.0,4.78,2.7,0.8,695240000.0
2026-03-06 11:00:00,16.8,358.0,4.0,3.8,-0.9,601440000.0
2026-03-06 12:00:00,14.0,354.0,3.12,5.7,-2.6,495600000.0
2026-03-06 13:00:00,13.9,353.0,3.09,5.4,-3.7,490670000.0
2026-03-06 14:00:00,13.1,344.0,2.74,5.3,-3.9,450639999.99999994
2026-03-06 15:00:00,7.9,337.0,1.61,6.7,-3.0,266230000.00000003
2026-03-06 16:00:00,7.5,336.0,1.53,6.9,-2.3,252000000.0
2026-03-06 17:00:00,8.6,337.0,1.78,7.3,-1.7,289820000.0
2026-03-06 18:00:00,8.2,334.0,1.68,7.8,-2.7,273880000.0
2026-03-06 19:00:00,9.7,332.0,1.96,7.5,-1.0,322039999.99999994
2026-03-06 20:00:00,10.3,334.0,2.17,7.6,-1.2,344020000.0
2026-03-06 21:00:00,12.7,349.0,2.81,8.1,-6.0,443230000.0
2026-03-06 22:00:00,13.2,347.0,2.89,8.6,-6.8,458039999.99999994
2026-03-06 23:00:00,10.7,357.0,2.5,9.8,-6.7,381989999.99999994
2026-03-07 00:00:00,5.6,385.0,1.57,11.5,-7.9,215600000.0
2026-03-07 01:00:00,4.9,406.0,1.65,11.7,-6.8,198940000.0
2026-03-07 02:00:00,4.6,404.0,1.62,11.6,-6.4,185840000.0
2026-03-07 03:00:00,5.3,432.0,1.98,11.2,-0.8,228960000.0
2026-03-07 04:00:00,5.8,444.0,2.25,10.8,0.6,257519999.99999997
2026-03-07 05:00:00,6.5,422.0,2.37,9.8,-3.2,274300000.0
2026-03-07 06:00:00,6.2,416.0,2.14,10.6,2.3,257920000.00000003
2026-03-07 07:00:00,7.6,439.0,2.86,9.1,-1.6,333639999.99999994
2026-03-07 08:00:00,7.7,444.0,2.93,8.9,-1.8,341880000.0
2026-03-07 09:00:00,6.8,440.0,2.52,9.8,0.2,299200000.0
2026-03-07 10:00:00,6.8,438.0,2.46,11.2,1.9,297840000.0
2026-03-07 11:00:00,6.7,440.0,2.47,12.1,3.3,294800000.0
2026-03-07 12:00:00,6.2,439.0,2.27,11.8,2.8,272180000.0
2026-03-07 13:00:00,6.0,465.0,2.48,11.9,2.6,279000000.0
2026-03-07 14:00:00,6.1,470.0,2.61,10.9,3.0,286700000.0
2026-03-07 15:00:00,5.8,482.0,2.63,9.3,1.7,279560000.0
2026-03-07 16:00:00,5.3,529.0,2.97,8.4,-4.2,280370000.0
2026-03-07 17:00:00,5.4,554.0,3.28,7.5,-2.7,299160000.00000006
2026-03-07 18:00:00,5.5,592.0,3.79,7.2,0.3,325600000.0
2026-03-07 19:00:00,4.7,600.0,3.26,7.5,-3.2,282000000.0
2026-03-07 20:00:00,4.2,647.0,3.46,6.7,-0.3,271740000.0
2026-03-07 21:00:00,3.6,636.0,3.01,5.9,-0.7,228960000.0
2026-03-07 22:00:00,4.0,636.0,3.27,6.2,1.1,254400000.0
2026-03-07 23:00:00,3.9,607.0,2.85,7.0,-1.9,236729999.99999997
2026-03-08 00:00:00,4.1,612.0,3.07,6.8,-2.7,250919999.99999997
2026-03-08 01:00:00,4.4,602.0,3.21,6.4,-0.8,264880000.00000003
2026-03-08 02:00:00,4.5,589.0,3.12,6.6,0.4,265050000.0
2026-03-08 03:00:00,4.0,558.0,2.36,7.6,-1.7,223200000.0
2026-03-08 04:00:00,4.4,561.0,2.65,7.5,-4.1,246840000.0
2026-03-08 05:00:00,4.4,563.0,2.75,7.5,-4.0,247720000.00000003
2026-03-08 06:00:00,4.3,556.0,2.64,7.9,-3.0,239079999.99999997
2026-03-08 07:00:00,4.1,551.0,2.64,8.1,-2.0,225910000.0
2026-03-08 08:00:00,4.5,551.0,2.81,7.9,3.2,247950000.0
2026-03-08 09:00:00,4.6,567.0,2.95,7.9,2.2,260819999.99999997
2026-03-08 10:00:00,4.2,544.0,2.63,7.7,-0.2,228480000.00000003
2026-03-08 11:00:00,4.6,536.0,2.76,7.8,2.4,246560000.0
2026-03-08 12:00:00,5.0,522.0,2.83,7.4,0.2,261000000.0
2026-03-08 13:00:00,5.9,539.0,3.41,8.2,-3.9,318010000.00000006
2026-03-08 14:00:00,5.2,520.0,2.87,8.7,-2.6,270400000.0
2026-03-08 15:00:00,6.3,497.0,3.24,9.5,-0.5,313110000.0
2026-03-08 16:00:00,6.7,489.0,3.23,8.8,-3.5,327630000.0
2026-03-08 17:00:00,7.0,489.0,3.42,8.4,-2.2,342300000.0
2026-03-08 18:00:00,7.6,482.0,3.47,7.7,-0.8,366320000.0
2026-03-08 19:00:00,5.0,501.0,2.48,6.2,0.7,250500000.0
2026-03-08 20:00:00,3.6,492.0,1.72,4.9,0.4,177120000.0
2026-03-08 21:00:00,3.6,493.0,1.73,4.8,-0.2,177480000.0
2026-03-08 22:00:00,3.6,511.0,1.86,4.5,-0.7,183960000.0
2026-03-08 23:00:00,3.8,506.0,1.93,4.7,-0.9,192280000.0
2026-03-09 00:00:00,3.4,482.0,1.6,4.6,-0.2,163880000.0
2026-03-09 01:00:00,3.6,486.0,1.7,4.5,-0.4,174960000.0
2026-03-09 02:00:00,3.6,493.0,1.79,4.3,0.3,177480000.0
2026-03-09 03:00:00,4.0,498.0,2.01,4.7,1.2,199200000.0
2026-03-09 04:00:00,4.1,489.0,1.98,4.9,1.1,200490000.0
2026-03-09 05:00:00,4.0,507.0,2.08,5.1,2.3,202800000.0
2026-03-09 06:00:00,4.1,491.0,2.01,5.2,2.0,201310000.0
2026-03-09 07:00:00,4.1,488.0,1.98,5.2,0.9,200079999.99999997
2026-03-09 08:00:00,4.1,498.0,2.01,5.3,2.6,204179999.99999997
2026-03-09 09:00:00,4.1,492.0,1.95,5.5,2.8,201719999.99999997
2026-03-09 10:00:00,4.1,479.0,1.87,5.2,0.8,196390000.0
2026-03-09 11:00:00,3.4,476.0,1.52,5.4,-1.8,161840000.0
2026-03-09 12:00:00,3.5,471.0,1.56,4.9,-2.1,164850000.0
2026-03-09 13:00:00,3.7,466.0,1.64,4.0,-2.0,172420000.0
2026-03-09 14:00:00,3.6,461.0,1.56,4.3,-1.6,165960000.0
2026-03-09 15:00:00,3.5,454.0,1.48,4.3,-2.0,158900000.0
2026-03-09 16:00:00,3.5,449.0,1.41,4.3,0.5,157150000.0
2026-03-09 17:00:00,3.0,430.0,1.08,4.7,-1.4,129000000.0
2026-03-09 18:00:00,3.2,446.0,1.21,4.9,-2.0,142720000.0
2026-03-09 19:00:00,3.2,452.0,1.25,4.8,-2.1,144640000.0
2026-03-09 20:00:00,3.2,444.0,1.23,4.6,-0.4,142080000.00000003
2026-03-09 21:00:00,3.3,439.0,1.23,4.8,-2.3,144869999.99999997
2026-03-09 22:00:00,3.4,447.0,1.31,4.8,-2.1,151980000.0
2026-03-09 23:00:00,3.2,432.0,1.15,4.8,-2.8,138240000.0
2026-03-10 00:00:00,3.4,439.0,1.25,5.0,-3.9,149260000.0
2026-03-10 01:00:00,3.5,454.0,1.39,4.9,-3.9,158900000.0
2026-03-10 02:00:00,3.8,428.0,1.37,4.6,1.6,162640000.0
2026-03-10 03:00:00,3.5,430.0,1.27,4.7,-0.9,150500000.0
2026-03-10 04:00:00,4.0,430.0,1.43,4.9,-0.3,172000000.0
2026-03-10 05:00:00,4.1,438.0,1.53,4.7,-0.5,179580000.0
2026-03-10 06:00:00,4.2,425.0,1.49,4.8,-1.3,178500000.0
2026-03-10 07:00:00,4.1,411.0,1.38,5.2,-2.7,168510000.0
2026-03-10 08:00:00,4.1,415.0,1.41,5.3,-4.5,170149999.99999997
2026-03-10 09:00:00,4.2,418.0,1.45,5.4,-4.6,175560000.0
2026-03-10 10:00:00,4.1,407.0,1.39,5.2,-1.9,166869999.99999997
2026-03-10 11:00:00,5.0,429.0,1.81,5.3,-2.1,214500000.0
2026-03-10 12:00:00,5.9,432.0,2.15,5.9,-1.6,254880000.00000003
2026-03-10 13:00:00,7.0,432.0,2.58,6.2,0.6,302400000.0
2026-03-10 14:00:00,7.2,435.0,2.71,7.1,-1.1,313200000.0
2026-03-10 15:00:00,7.4,445.0,2.92,7.4,1.6,329300000.0
2026-03-10 16:00:00,6.5,449.0,2.56,8.4,-1.6,291850000.0
2026-03-10 17:00:00,6.1,445.0,2.36,8.2,-1.5,271450000.0
2026-03-10 18:00:00,5.1,432.0,1.87,8.3,-2.9,220319999.99999997
2026-03-10 19:00:00,4.1,454.0,1.68,8.6,1.2,186140000.0
2026-03-10 20:00:00,5.5,488.0,2.57,6.0,1.5,268400000.0
2026-03-10 21:00:00,5.1,489.0,2.36,5.8,-1.6,249389999.99999997
2026-03-10 22:00:00,4.5,499.0,2.12,6.2,-0.8,224550000.0
2026-03-10 23:00:00,3.8,504.0,1.85,6.4,-1.4,191519999.99999997
2026-03-11 00:00:00,3.6,509.0,1.8,6.6,-1.0,183240000.0
2026-03-11 01:00:00,3.4,512.0,1.75,6.5,-2.2,174080000.0
2026-03-11 02:00:00,3.4,519.0,1.87,6.1,-3.9,176460000.0
2026-03-11 03:00:00,3.0,512.0,1.55,6.2,-2.2,153600000.0
2026-03-11 04:00:00,2.6,505.0,1.26,6.3,-1.4,131300000.0
2026-03-11 05:00:00,1.9,499.0,0.9,6.6,-0.1,94809999.99999999
2026-03-11 06:00:00,2.7,505.0,1.3,6.1,1.4,136350000.0
2026-03-11 07:00:00,3.0,512.0,1.51,5.6,0.2,153600000.0
2026-03-11 08:00:00,2.9,500.0,1.39,5.2,-0.4,145000000.0
2026-03-11 09:00:00,2.5,495.0,1.14,5.7,0.9,123750000.0
2026-03-11 10:00:00,2.4,448.0,0.87,6.3,0.2,107520000.0
2026-03-11 11:00:00,2.5,441.0,0.9,6.2,-1.1,110250000.0
2026-03-11 12:00:00,2.6,434.0,0.91,6.4,1.6,112840000.00000001
2026-03-11 13:00:00,2.7,432.0,0.91,6.4,1.9,116640000.00000001
2026-03-11 14:00:00,2.9,425.0,0.97,6.5,0.9,123250000.0
2026-03-11 15:00:00,2.9,422.0,0.94,6.6,0.7,122380000.0
2026-03-11 16:00:00,2.8,422.0,0.93,6.6,-0.5,118159999.99999999
2026-03-11 17:00:00,2.6,418.0,0.85,6.4,0.8,108680000.0
2026-03-11 18:00:00,3.1,441.0,1.11,6.3,-1.7,136710000.0
2026-03-11 19:00:00,3.0,441.0,1.07,6.1,-0.4,132300000.0
2026-03-11 20:00:00,3.1,436.0,1.09,6.1,-2.2,135160000.0
2026-03-11 21:00:00,3.1,430.0,1.05,6.1,-2.7,133300000.0
2026-03-11 22:00:00,3.5,444.0,1.26,6.2,-0.6,155400000.0
2026-03-11 23:00:00,3.7,441.0,1.34,6.2,-1.5,163170000.0
2026-03-12 00:00:00,3.8,437.0,1.34,6.4,-1.8,166060000.0
2026-03-12 01:00:00,3.8,444.0,1.39,6.4,-1.6,168719999.99999997
2026-03-12 02:00:00,3.9,445.0,1.43,6.5,-3.0,173550000.0
2026-03-12 03:00:00,3.2,416.0,1.02,6.4,-0.6,133120000.0
2026-03-12 04:00:00,3.6,431.0,1.23,6.3,1.4,155160000.0
2026-03-12 05:00:00,3.6,426.0,1.2,6.4,2.1,153360000.0
2026-03-12 06:00:00,3.7,428.0,1.25,6.5,0.9,158360000.0
2026-03-12 07:00:00,3.4,413.0,1.08,6.1,-1.5,140420000.0
2026-03-12 08:00:00,3.9,443.0,1.4,5.9,0.8,172770000.0
2026-03-12 09:00:00,3.8,432.0,1.31,5.8,2.3,164160000.0
2026-03-12 10:00:00,3.8,421.0,1.25,5.9,2.4,159980000.0
2026-03-12 11:00:00,3.9,419.0,1.28,5.4,0.2,163410000.0
2026-03-12 12:00:00,3.9,418.0,1.27,5.4,-0.2,163020000.0
2026-03-12 13:00:00,4.0,433.0,1.37,5.8,-1.7,173200000.0
2026-03-12 14:00:00,4.1,439.0,1.45,6.0,-4.5,179990000.0
2026-03-12 15:00:00,4.0,415.0,1.27,6.0,-2.8,166000000.0
2026-03-12 16:00:00,3.7,407.0,1.13,6.1,-2.0,150590000.0
2026-03-12 17:00:00,4.0,407.0,1.21,6.1,1.6,162800000.0
2026-03-12 18:00:00,3.7,417.0,1.18,5.6,1.1,154290000.0
2026-03-12 19:00:00,3.4,399.0,1.0,5.5,-0.7,135660000.0
2026-03-12 20:00:00,3.5,403.0,1.04,5.6,0.3,141050000.0
2026-03-12 21:00:00,3.8,427.0,1.25,5.8,3.7,162260000.0
2026-03-12 22:00:00,3.9,417.0,1.24,5.8,-0.0,162630000.0
2026-03-12 23:00:00,4.1,425.0,1.34,6.1,-3.3,174249999.99999997
2026-03-13 00:00:00,3.7,407.0,1.11,6.2,-0.8,150590000.0
2026-03-13 01:00:00,3.7,395.0,1.05,6.7,-3.0,146150000.0
2026-03-13 02:00:00,3.9,402.0,1.13,6.6,-4.7,156780000.0
2026-03-13 03:00:00,4.1,405.0,1.22,7.0,-3.9,166049999.99999997
2026-03-13 04:00:00,4.3,407.0,1.28,7.3,-0.5,175010000.0
2026-03-13 05:00:00,5.7,404.0,1.65,6.7,-0.5,230280000.00000003
2026-03-13 06:00:00,13.6,406.0,4.04,7.0,3.5,552160000.0
2026-03-13 07:00:00,15.1,401.0,4.38,7.5,0.0,605510000.0
2026-03-13 08:00:00,18.5,410.0,5.53,9.8,-5.6,758500000.0
2026-03-13 09:00:00,26.4,430.0,8.8,10.0,2.2,1135200000.0
2026-03-13 10:00:00,15.5,448.0,5.96,10.9,5.9,694400000.0
2026-03-13 11:00:00,13.4,467.0,5.86,9.3,2.2,625780000.0
2026-03-13 12:00:00,11.9,475.0,5.36,9.1,4.0,565250000.0
2026-03-13 13:00:00,8.3,513.0,4.11,12.3,4.1,425790000.00000006
2026-03-13 14:00:00,7.5,544.0,4.2,12.1,2.0,408000000.0
2026-03-13 15:00:00,7.5,571.0,5.01,9.9,2.7,428250000.0
2026-03-13 16:00:00,8.0,585.0,5.5,9.6,2.9,468000000.0
2026-03-13 17:00:00,10.1,584.0,6.88,7.8,1.4,589840000.0
2026-03-13 18:00:00,7.8,604.0,5.63,11.5,5.6,471120000.0
2026-03-13 19:00:00,7.8,621.0,6.03,11.5,5.1,484380000.0
2026-03-13 20:00:00,5.8,651.0,4.93,7.3,3.4,377580000.0
2026-03-13 21:00:00,5.9,667.0,5.3,6.9,-0.5,393530000.0
2026-03-13 22:00:00,6.8,667.0,5.98,7.8,-3.6,453559999.99999994
2026-03-13 23:00:00,6.7,655.0,5.65,7.9,-2.9,438850000.0
2026-03-14 00:00:00,7.1,662.0,6.26,8.4,-5.4,470020000.0
2026-03-14 01:00:00,6.9,649.0,5.69,8.3,1.8,447810000.00000006
2026-03-14 02:00:00,7.3,639.0,5.97,9.2,-5.7,466470000.0
2026-03-14 03:00:00,7.1,651.0,5.87,9.3,-5.9,462209999.99999994
2026-03-14 04:00:00,5.7,593.0,3.91,10.9,2.8,338010000.0
2026-03-14 05:00:00,5.4,616.0,4.0,11.9,2.1,332640000.0
2026-03-14 06:00:00,6.8,659.0,5.86,11.2,2.1,448120000.0
2026-03-14 07:00:00,7.1,678.0,6.39,10.6,1.6,481380000.0
2026-03-14 08:00:00,7.2,681.0,6.6,9.7,-2.0,490320000.0
2026-03-14 09:00:00,5.0,687.0,4.79,8.0,0.2,343500000.0
2026-03-14 10:00:00,4.5,692.0,4.36,7.2,0.5,311400000.0
2026-03-14 11:00:00,4.5,691.0,4.25,7.6,-0.7,310950000.0
2026-03-14 12:00:00,4.2,680.0,3.74,7.5,1.6,285600000.0
2026-03-14 13:00:00,4.4,696.0,4.17,7.6,-1.3,306240000.0
2026-03-14 14:00:00,4.2,673.0,3.88,7.7,-0.6,282660000.0
2026-03-14 15:00:00,4.4,660.0,3.83,7.7,1.9,290400000.00000006
2026-03-14 16:00:00,4.3,671.0,3.92,8.0,4.6,288530000.0
2026-03-14 17:00:00,4.3,674.0,3.88,8.0,2.4,289820000.0
2026-03-14 18:00:00,4.3,659.0,3.74,8.0,2.1,283370000.0
2026-03-14 19:00:00,4.1,667.0,3.68,7.6,1.8,273470000.0
2026-03-14 20:00:00,4.1,674.0,3.84,7.3,-0.4,276339999.99999994
2026-03-14 21:00:00,3.7,661.0,3.34,7.1,1.2,244570000.00000003
2026-03-14 22:00:00,4.2,658.0,3.67,7.2,1.9,276360000.0
2026-03-14 23:00:00,3.8,695.0,3.75,7.6,-0.9,264100000.0
2026-03-15 00:00:00,3.9,689.0,3.75,7.5,2.8,268710000.0
2026-03-15 01:00:00,3.4,681.0,3.19,6.5,5.1,231540000.0
2026-03-15 02:00:00,3.0,668.0,2.69,5.5,4.2,200400000.0
2026-03-15 03:00:00,2.9,667.0,2.58,5.1,2.7,193430000.0
2026-03-15 04:00:00,3.1,664.0,2.61,4.9,2.7,205840000.0
2026-03-15 05:00:00,3.1,667.0,2.64,4.8,-0.9,206770000.00000003
2026-03-15 06:00:00,3.0,658.0,2.52,4.7,2.5,197400000.0
2026-03-15 07:00:00,2.9,649.0,2.35,5.1,3.4,188210000.0
2026-03-15 08:00:00,2.8,649.0,2.27,4.9,1.6,181719999.99999997
2026-03-15 09:00:00,2.9,658.0,2.43,5.1,-1.7,190820000.0
2026-03-15 10:00:00,2.9,655.0,2.44,5.1,2.4,189950000.0
2026-03-15 11:00:00,2.7,662.0,2.36,4.7,-0.6,178740000.0
2026-03-15 12:00:00,2.6,642.0,2.15,4.4,-0.1,166920000.0
2026-03-15 13:00:00,2.6,633.0,2.09,4.4,0.3,164580000.0
2026-03-15 14:00:00,2.7,636.0,2.2,4.8,1.5,171720000.0
2026-03-15 15:00:00,2.6,623.0,2.1,4.9,0.5,161980000.0
2026-03-15 16:00:00,3.1,630.0,2.45,5.2,0.3,195300000.0
2026-03-15 17:00:00,2.9,606.0,2.14,5.4,-1.3,175740000.0
2026-03-15 18:00:00,3.1,635.0,2.45,4.9,0.2,196850000.0
2026-03-15 19:00:00,3.3,621.0,2.49,4.9,-0.7,204929999.99999997
2026-03-15 20:00:00,3.4,601.0,2.38,4.9,-2.5,204340000.0
2026-03-15 21:00:00,3.2,607.0,2.32,4.6,-0.6,194240000.0
2026-03-15 22:00:00,3.3,616.0,2.43,4.6,0.1,203280000.0
2026-03-15 23:00:00,3.2,612.0,2.33,4.7,2.0,195840000.0
2026-03-16 00:00:00,2.9,599.0,2.05,4.4,1.7,173710000.0
2026-03-16 01:00:00,3.1,602.0,2.19,4.4,0.2,186620000.0
2026-03-16 02:00:00,3.2,594.0,2.23,4.2,-0.9,190080000.00000003
2026-03-16 03:00:00,3.0,587.0,2.04,4.3,-0.4,176100000.0
2026-03-16 04:00:00,2.8,601.0,2.0,4.4,1.0,168280000.0
2026-03-16 05:00:00,2.7,577.0,1.78,4.3,0.7,155790000.0
2026-03-16 06:00:00,2.6,565.0,1.66,4.4,0.9,146900000.0
2026-03-16 07:00:00,2.5,559.0,1.53,4.3,-0.0,139750000.0
2026-03-16 08:00:00,2.4,558.0,1.47,4.4,1.2,133920000.0
2026-03-16 09:00:00,2.7,564.0,1.7,4.5,1.4,152280000.00000003
2026-03-16 10:00:00,2.7,537.0,1.56,4.9,0.5,144990000.0
2026-03-16 11:00:00,3.3,552.0,1.99,4.9,0.1,182160000.0
2026-03-16 12:00:00,3.0,534.0,1.7,5.1,-3.0,160200000.0
2026-03-16 13:00:00,3.1,531.0,1.74,5.2,-2.3,164610000.0
2026-03-16 14:00:00,3.2,536.0,1.85,5.1,-0.7,171520000.0
2026-03-16 15:00:00,3.0,519.0,1.66,4.7,1.7,155700000.0
2026-03-16 16:00:00,3.1,513.0,1.68,5.0,0.6,159030000.0
2026-03-16 17:00:00,3.3,523.0,1.82,4.9,1.1,172590000.0
2026-03-16 18:00:00,3.3,521.0,1.8,4.8,3.3,171930000.0
2026-03-16 19:00:00,3.2,518.0,1.7,4.9,2.8,165760000.0
2026-03-16 20:00:00,3.2,515.0,1.69,4.5,2.8,164800000.0
2026-03-16 21:00:00,3.3,498.0,1.65,4.3,0.0,164340000.0
2026-03-16 22:00:00,3.2,499.0,1.62,3.8,2.0,159680000.00000003
2026-03-16 23:00:00,3.4,502.0,1.75,3.7,2.9,170680000.0
2026-03-17 00:00:00,3.3,493.0,1.65,3.5,1.8,162690000.0
2026-03-17 01:00:00,3.2,488.0,1.57,3.5,0.7,156160000.0
2026-03-17 02:00:00,3.2,503.0,1.64,3.6,2.0,160960000.0
2026-03-17 03:00:00,3.4,498.0,1.68,3.6,1.7,169320000.0
2026-03-17 04:00:00,3.3,495.0,1.6,3.4,1.3,163350000.0
2026-03-17 05:00:00,3.4,496.0,1.65,3.2,0.7,168640000.0
2026-03-17 06:00:00,3.3,479.0,1.51,2.9,0.8,158069999.99999997
2026-03-17 07:00:00,3.1,502.0,1.56,3.3,1.6,155620000.0
2026-03-17 08:00:00,3.3,494.0,1.59,3.7,2.4,163019999.99999997
2026-03-17 09:00:00,3.4,474.0,1.51,4.0,-0.2,161160000.0
2026-03-17 10:00:00,3.4,476.0,1.53,3.7,2.6,161840000.0
2026-03-17 11:00:00,3.0,471.0,1.32,4.4,1.6,141300000.0
2026-03-17 12:00:00,2.9,466.0,1.26,3.9,0.1,135140000.0
2026-03-17 13:00:00,2.6,446.0,1.05,3.8,1.8,115960000.00000001
2026-03-17 14:00:00,4.0,449.0,1.65,3.9,2.0,179600000.0
2026-03-17 15:00:00,4.1,450.0,1.7,3.6,0.1,184499999.99999997
2026-03-17 16:00:00,4.2,445.0,1.67,3.8,0.3,186900000.0
2026-03-17 17:00:00,4.2,442.0,1.66,3.8,2.8,185640000.0
2026-03-17 18:00:00,3.8,431.0,1.41,3.9,0.5,163780000.0
2026-03-17 19:00:00,4.0,456.0,1.64,4.2,2.0,182400000.0
2026-03-17 20:00:00,4.3,450.0,1.72,4.4,2.9,193500000.0
2026-03-17 21:00:00,4.5,445.0,1.77,4.4,3.1,200250000.0
2026-03-17 22:00:00,3.9,450.0,1.58,4.9,3.0,175500000.0
2026-03-17 23:00:00,4.3,448.0,1.68,5.2,3.0,192640000.0
2026-03-18 00:00:00,4.7,442.0,1.79,5.4,3.4,207740000.0
2026-03-18 01:00:00,4.6,438.0,1.79,5.1,1.9,201480000.0
2026-03-18 02:00:00,4.9,431.0,1.84,4.5,0.6,211190000.0
2026-03-18 03:00:00,5.0,423.0,1.83,4.2,1.5,211500000.0
2026-03-18 04:00:00,4.6,415.0,1.63,4.5,1.9,190899999.99999997
2026-03-18 05:00:00,5.0,417.0,1.77,4.7,2.0,208500000.0
2026-03-18 06:00:00,4.9,421.0,1.76,4.8,1.1,206290000.0
2026-03-18 07:00:00,4.8,415.0,1.7,4.6,2.8,199200000.0
2026-03-18 08:00:00,5.2,415.0,1.87,4.3,-1.1,215800000.0
2026-03-18 09:00:00,5.4,415.0,1.94,4.2,-1.7,224100000.0
2026-03-18 10:00:00,5.8,410.0,2.02,4.1,2.7,237800000.0
2026-03-18 11:00:00,5.6,403.0,1.9,3.7,1.6,225679999.99999997
2026-03-18 12:00:00,5.4,398.0,1.77,3.7,1.1,214920000.00000003
2026-03-18 13:00:00,5.5,397.0,1.75,4.1,2.2,218350000.0
2026-03-18 14:00:00,5.4,401.0,1.73,4.3,2.7,216540000.0
2026-03-18 15:00:00,4.9,395.0,1.5,4.6,3.0,193550000.00000003
2026-03-18 16:00:00,5.2,416.0,1.82,3.5,1.4,216320000.00000003
2026-03-18 17:00:00,5.2,418.0,1.87,3.7,2.0,217360000.0
2026-03-18 18:00:00,5.1,409.0,1.77,3.9,2.7,208589999.99999997
2026-03-18 19:00:00,5.2,400.0,1.73,3.7,1.8,208000000.0
2026-03-18 20:00:00,5.1,393.0,1.65,3.8,0.2,200430000.0
2026-03-18 21:00:00,4.8,394.0,1.53,3.8,-0.1,189119999.99999997
2026-03-18 22:00:00,4.4,393.0,1.37,4.3,2.5,172920000.0
2026-03-18 23:00:00,4.3,390.0,1.31,4.3,2.2,167700000.0
2026-03-19 00:00:00,4.3,380.0,1.25,4.0,0.7,163400000.0
2026-03-19 01:00:00,4.2,376.0,1.19,4.4,0.9,157920000.0
2026-03-19 02:00:00,4.1,372.0,1.11,4.5,-0.8,152519999.99999997
2026-03-19 03:00:00,4.0,368.0,1.07,4.5,-1.1,147200000.0
2026-03-19 04:00:00,3.9,370.0,1.07,4.4,-0.1,144300000.0
2026-03-19 05:00:00,4.0,368.0,1.05,4.7,0.3,147200000.0
2026-03-19 06:00:00,4.2,368.0,1.15,4.4,0.9,154560000.0
2026-03-19 07:00:00,4.1,362.0,1.05,4.6,1.1,148419999.99999997
2026-03-19 08:00:00,4.7,360.0,1.17,5.0,0.8,169200000.0
2026-03-19 09:00:00,4.5,356.0,1.1,5.0,0.0,160200000.0
2026-03-19 10:00:00,4.4,357.0,1.09,4.7,-0.2,157080000.00000003
2026-03-19 11:00:00,4.3,355.0,1.13,4.7,0.1,152650000.0
2026-03-19 12:00:00,4.5,356.0,1.16,4.4,-0.9,160200000.0
2026-03-19 13:00:00,4.4,357.0,1.15,4.3,-0.0,157080000.00000003
2026-03-19 14:00:00,4.6,357.0,1.15,3.9,0.6,164219999.99999997
2026-03-19 15:00:00,4.5,349.0,1.08,3.8,1.6,157050000.0
2026-03-19 16:00:00,4.5,346.0,1.06,4.1,2.2,155700000.0
2026-03-19 17:00:00,5.3,343.0,1.2,3.8,0.7,181790000.0
2026-03-19 18:00:00,5.5,341.0,1.23,4.2,1.3,187550000.0
2026-03-19 19:00:00,5.2,348.0,1.23,4.2,2.8,180960000.0
2026-03-19 20:00:00,4.9,362.0,1.23,3.7,2.7,177380000.00000003
2026-03-19 21:00:00,5.0,357.0,1.23,4.3,3.1,178500000.0
2026-03-19 22:00:00,5.2,348.0,1.21,4.5,3.9,180960000.0
2026-03-19 23:00:00,5.8,350.0,1.35,4.6,3.7,203000000.0
2026-03-20 00:00:00,5.4,347.0,1.24,4.5,2.3,187380000.00000003
2026-03-20 01:00:00,5.2,341.0,1.14,4.4,0.1,177320000.0
2026-03-20 02:00:00,6.2,347.0,1.41,5.6,2.0,215140000.0
2026-03-20 03:00:00,9.5,375.0,2.53,7.8,3.7,356250000.0
2026-03-20 04:00:00,13.9,391.0,4.12,9.7,-0.6,543490000.0
2026-03-20 05:00:00,15.6,422.0,5.34,11.6,-2.3,658320000.0
2026-03-20 06:00:00,18.8,424.0,6.43,11.3,1.5,797120000.0000001
2026-03-20 07:00:00,15.5,434.0,5.52,12.7,9.0,672700000.0
2026-03-20 08:00:00,17.5,434.0,6.28,12.1,2.5,759500000.0
2026-03-20 09:00:00,21.0,442.0,7.78,10.8,10.1,928200000.0
2026-03-20 10:00:00,23.0,455.0,8.91,14.4,12.6,1046500000.0
2026-03-20 11:00:00,35.7,448.0,13.5,16.6,12.1,1599360000.0000002
2026-03-20 12:00:00,10.5,457.0,4.04,18.2,-0.5,479850000.0
2026-03-20 13:00:00,8.2,461.0,3.2,,,378020000.0
2026-03-20 14:00:00,6.7,468.0,2.9,,,313560000.0
2026-03-20 15:00:00,8.6,466.0,4.4,,,400760000.0
2026-03-20 16:00:00,9.4,469.0,4.57,,,440860000.00000006
2026-03-20 17:00:00,14.6,472.0,7.13,,,689120000.0
2026-03-20 18:00:00,22.5,469.0,11.17,18.9,2.9,1055250000.0
2026-03-20 19:00:00,21.9,468.0,11.02,19.1,-0.8,1024919999.9999999
2026-03-20 20:00:00,12.5,466.0,5.91,20.4,-3.3,582500000.0
2026-03-20 21:00:00,31.4,502.0,17.13,30.7,-13.3,1576280000.0
2026-03-20 22:00:00,56.9,505.0,29.86,26.8,-10.4,2873450000.0
2026-03-20 23:00:00,68.0,508.0,33.41,16.8,3.0,3454400000.0
2026-03-21 00:00:00,42.4,490.0,18.57,26.8,-14.1,2077600000.0
2026-03-21 01:00:00,33.6,496.0,15.85,19.4,-6.2,1666560000.0000002
2026-03-21 02:00:00,23.6,505.0,11.7,19.8,11.6,1191800000.0
2026-03-21 03:00:00,27.3,506.0,14.19,24.4,4.2,1381380000.0
2026-03-21 04:00:00,9.7,495.0,5.35,27.5,-2.0,480150000.0
2026-03-21 05:00:00,12.5,499.0,6.84,27.1,-7.5,623750000.0
2026-03-21 06:00:00,15.4,492.0,8.91,25.7,-7.4,757680000.0
2026-03-21 07:00:00,12.5,496.0,7.7,26.3,-1.7,620000000.0
2026-03-21 08:00:00,12.3,478.0,6.85,24.9,8.5,587940000.0
2026-03-21 09:00:00,9.8,477.0,5.3,26.3,-3.8,467460000.00000006
2026-03-21 10:00:00,8.1,482.0,4.39,26.4,9.8,390420000.0
2026-03-21 11:00:00,10.6,484.0,5.56,25.2,12.2,513039999.99999994
2026-03-21 12:00:00,8.8,488.0,4.35,25.8,16.4,429440000.00000006
2026-03-21 13:00:00,4.1,509.0,2.47,27.3,5.7,208689999.99999997
2026-03-21 14:00:00,3.9,518.0,2.19,29.9,10.6,202020000.0
2026-03-21 15:00:00,7.5,523.0,4.95,33.7,20.2,392250000.0
2026-03-21 16:00:00,6.5,519.0,4.41,36.5,18.8,337350000.0
2026-03-21 17:00:00,5.5,500.0,3.33,30.0,6.5,275000000.0
2026-03-21 18:00:00,4.8,494.0,2.53,21.7,2.8,237119999.99999997
2026-03-21 19:00:00,3.1,469.0,1.64,18.6,7.8,145390000.0
2026-03-21 20:00:00,5.8,504.0,3.12,9.9,-2.4,292320000.0
2026-03-21 21:00:00,5.8,508.0,3.11,10.4,-2.1,294640000.0
2026-03-21 22:00:00,4.3,519.0,2.51,8.7,-0.3,223169999.99999997
2026-03-21 23:00:00,3.9,502.0,2.0,8.8,-1.2,195780000.0
2026-03-22 00:00:00,3.5,499.0,1.79,8.1,-1.1,174650000.0
2026-03-22 01:00:00,3.5,511.0,1.8,8.2,-0.6,178850000.0
2026-03-22 02:00:00,4.1,529.0,2.14,9.3,-3.7,216889999.99999997
2026-03-22 03:00:00,4.0,541.0,2.23,10.2,-2.3,216400000.0
2026-03-22 04:00:00,4.9,532.0,2.77,10.1,-0.8,260680000.00000003
2026-03-22 05:00:00,5.2,581.0,4.14,10.3,-1.0,302120000.0
2026-03-22 06:00:00,6.2,572.0,5.0,10.6,-0.7,354640000.0
2026-03-22 07:00:00,7.0,558.0,4.99,12.2,-3.9,390600000.0
2026-03-22 08:00:00,11.0,567.0,7.06,12.8,-7.8,623700000.0
2026-03-22 09:00:00,4.6,588.0,3.02,14.2,-10.0,270480000.0
2026-03-22 10:00:00,4.9,624.0,3.8,12.2,-9.2,305760000.00000006
2026-03-22 11:00:00,5.6,619.0,4.44,11.0,-7.2,346639999.99999994
2026-03-22 12:00:00,5.1,611.0,4.03,11.5,-6.4,311610000.0
2026-03-22 13:00:00,5.0,610.0,3.84,13.4,-9.5,305000000.0
2026-03-22 14:00:00,5.8,598.0,4.17,12.4,-9.2,346840000.0
2026-03-22 15:00:00,5.3,586.0,3.61,11.7,-9.0,310580000.0
2026-03-22 16:00:00,5.2,585.0,3.57,11.0,-9.7,304200000.0
2026-03-22 17:00:00,5.9,608.0,4.65,10.3,-5.6,358720000.0
2026-03-22 18:00:00,6.6,602.0,4.92,10.4,-2.5,397320000.0
2026-03-22 19:00:00,5.5,605.0,4.18,9.5,-5.4,332750000.0
2026-03-22 20:00:00,3.2,635.0,2.7,7.2,-2.4,203200000.0
2026-03-22 21:00:00,3.3,653.0,2.76,7.1,-3.8,215490000.0
2026-03-22 22:00:00,3.2,669.0,2.99,6.8,-4.0,214080000.00000003
2026-03-22 23:00:00,3.3,682.0,3.18,6.5,-1.8,225060000.0
2026-03-23 00:00:00,3.2,674.0,2.97,6.2,-1.8,215680000.00000003
2026-03-23 01:00:00,2.7,662.0,2.41,6.0,-1.7,178740000.0
2026-03-23 02:00:00,2.4,666.0,2.11,5.8,-2.6,159840000.0
2026-03-23 03:00:00,2.3,670.0,2.01,5.8,-2.2,154099999.99999997
2026-03-23 04:00:00,2.1,671.0,1.81,5.8,-3.1,140910000.0
2026-03-23 05:00:00,2.0,668.0,1.72,5.6,-0.3,133600000.0
2026-03-23 06:00:00,2.0,679.0,1.82,5.3,-1.2,135800000.0
2026-03-23 07:00:00,2.0,695.0,1.96,5.1,-1.5,139000000.0
2026-03-23 08:00:00,1.9,682.0,1.74,5.2,-1.0,129580000.0
2026-03-23 09:00:00,1.9,679.0,1.73,5.2,-0.7,129009999.99999999
2026-03-23 10:00:00,1.8,675.0,1.62,5.1,-0.1,121500000.0
2026-03-23 11:00:00,1.8,692.0,1.69,5.0,-1.2,124560000.00000001
2026-03-23 12:00:00,1.9,641.0,1.52,4.8,-1.9,121789999.99999999
2026-03-23 13:00:00,2.1,651.0,1.72,4.9,-3.2,136710000.0
2026-03-23 14:00:00,1.9,631.0,1.47,4.9,-1.3,119889999.99999999
2026-03-23 15:00:00,1.7,621.0,1.26,5.0,0.8,105570000.0
2026-03-23 16:00:00,2.1,632.0,1.67,4.8,-2.0,132720000.0
2026-03-23 17:00:00,2.3,650.0,1.91,5.3,-3.7,149499999.99999997
2026-03-23 18:00:00,2.5,656.0,2.11,5.4,-4.3,164000000.0
2026-03-23 19:00:00,2.5,651.0,2.07,5.0,-3.3,162750000.0
2026-03-23 20:00:00,2.4,623.0,1.86,4.6,-2.5,149520000.0
2026-03-23 21:00:00,2.4,637.0,1.91,4.6,-2.4,152880000.0
2026-03-23 22:00:00,2.6,638.0,2.06,4.5,1.0,165880000.0
2026-03-23 23:00:00,2.7,638.0,2.16,4.1,0.1,172260000.0
2026-03-24 00:00:00,2.5,625.0,1.94,3.8,0.8,156250000.0
2026-03-24 01:00:00,2.6,634.0,2.03,4.1,-1.5,164840000.0
2026-03-24 02:00:00,2.5,616.0,1.84,4.1,-1.1,154000000.0
2026-03-24 03:00:00,2.1,613.0,1.58,4.5,-3.0,128730000.0
2026-03-24 04:00:00,2.1,606.0,1.57,4.4,-2.4,127260000.00000001
2026-03-24 05:00:00,2.2,611.0,1.64,4.5,-3.4,134420000.0
2026-03-24 06:00:00,2.0,589.0,1.39,4.5,-1.6,117800000.0
2026-03-24 07:00:00,2.0,612.0,1.53,4.5,-2.5,122400000.0
2026-03-24 08:00:00,2.2,600.0,1.6,4.4,-2.0,132000000.0
2026-03-24 09:00:00,2.2,579.0,1.53,4.3,-1.0,127380000.00000001
2026-03-24 10:00:00,2.3,606.0,1.66,4.5,-1.2,139380000.0
2026-03-24 11:00:00,2.4,579.0,1.59,4.6,-1.4,138960000.0
2026-03-24 12:00:00,2.4,600.0,1.68,4.5,-0.2,144000000.0
2026-03-24 13:00:00,2.4,598.0,1.67,4.4,-0.8,143520000.0
2026-03-24 14:00:00,2.5,599.0,1.74,4.2,-0.6,149750000.0
2026-03-24 15:00:00,2.4,604.0,1.71,4.1,-0.9,144960000.0
2026-03-24 16:00:00,2.6,579.0,1.75,4.0,-0.6,150540000.0
2026-03-24 17:00:00,2.6,574.0,1.69,4.1,-2.2,149240000.0
2026-03-24 18:00:00,2.7,581.0,1.78,3.9,2.1,156870000.0
2026-03-24 19:00:00,2.7,564.0,1.67,4.3,-0.7,152280000.00000003
2026-03-24 20:00:00,2.6,553.0,1.56,4.1,-1.6,143780000.0
2026-03-24 21:00:00,2.4,544.0,1.38,4.2,1.4,130559999.99999999
2026-03-24 22:00:00,2.3,548.0,1.32,4.1,3.1,126039999.99999999
2026-03-24 23:00:00,2.3,551.0,1.38,3.8,-1.0,126730000.0
2026-03-25 00:00:00,2.3,543.0,1.33,3.8,-1.6,124889999.99999999
2026-03-25 01:00:00,2.5,549.0,1.47,3.8,-0.5,137250000.0
2026-03-25 02:00:00,2.4,533.0,1.33,3.8,-0.2,127920000.0
2026-03-25 03:00:00,2.6,546.0,1.49,4.1,-2.3,141960000.0
2026-03-25 04:00:00,2.6,519.0,1.36,4.2,-2.0,134940000.0
2026-03-25 05:00:00,2.6,522.0,1.37,4.1,-0.4,135720000.0
2026-03-25 06:00:00,3.4,541.0,1.92,5.2,-1.9,183940000.0
2026-03-25 07:00:00,5.6,589.0,3.82,8.5,-3.9,329839999.99999994
2026-03-25 08:00:00,6.5,588.0,4.38,9.0,2.8,382200000.0
2026-03-25 09:00:00,5.0,589.0,3.31,9.5,-2.1,294500000.0
2026-03-25 10:00:00,3.7,578.0,2.31,9.3,4.2,213860000.0
2026-03-25 11:00:00,4.9,578.0,3.04,8.3,5.5,283220000.0
2026-03-25 12:00:00,5.7,572.0,3.55,7.9,5.1,326040000.0
2026-03-25 13:00:00,5.5,555.0,3.26,7.7,3.9,305250000.0
2026-03-25 14:00:00,5.3,542.0,3.01,7.6,2.9,287260000.0
2026-03-25 15:00:00,5.4,560.0,3.28,7.0,0.7,302400000.0
2026-03-25 16:00:00,4.5,542.0,2.6,6.3,1.7,243900000.0
2026-03-25 17:00:00,4.1,526.0,2.28,6.1,2.5,215660000.0
2026-03-25 18:00:00,3.7,543.0,2.18,5.9,1.8,200910000.0
2026-03-25 19:00:00,3.1,509.0,1.56,5.1,0.9,157790000.0
2026-03-25 20:00:00,2.8,495.0,1.31,4.9,2.1,138600000.0
2026-03-25 21:00:00,3.2,502.0,1.64,4.7,1.8,160640000.0
2026-03-25 22:00:00,3.2,495.0,1.64,4.5,1.5,158400000.0
2026-03-25 23:00:00,3.0,484.0,1.46,4.4,0.8,145200000.0
2026-03-26 00:00:00,3.2,490.0,1.57,4.1,-0.5,156800000.0
2026-03-26 01:00:00,3.2,485.0,1.56,4.1,0.5,155200000.0
2026-03-26 02:00:00,3.3,493.0,1.72,4.3,0.1,162690000.0
2026-03-26 03:00:00,3.0,478.0,1.49,4.1,1.5,143400000.0
2026-03-26 04:00:00,3.4,487.0,1.75,4.1,0.0,165580000.0
2026-03-26 05:00:00,3.5,476.0,1.72,4.6,0.1,166600000.0
2026-03-26 06:00:00,3.4,469.0,1.64,4.7,-1.5,159460000.0
2026-03-26 07:00:00,4.0,470.0,1.91,4.9,-1.4,188000000.0
2026-03-26 08:00:00,4.4,452.0,1.88,5.0,-1.4,198880000.00000003
2026-03-26 09:00:00,5.2,454.0,2.21,5.2,-2.0,236080000.00000003
2026-03-26 10:00:00,4.4,442.0,1.79,5.3,-0.6,194480000.00000003
2026-03-26 11:00:00,4.4,453.0,1.83,5.0,-0.9,199320000.00000003
2026-03-26 12:00:00,4.5,457.0,1.86,5.1,-3.6,205650000.0
2026-03-26 13:00:00,4.4,455.0,1.8,5.3,-2.1,200200000.00000003
2026-03-26 14:00:00,4.3,454.0,1.69,5.9,-2.8,195219999.99999997
2026-03-26 15:00:00,4.9,452.0,1.96,5.7,-3.3,221480000.00000003
2026-03-26 16:00:00,3.7,442.0,1.54,5.7,0.9,163540000.0
2026-03-26 17:00:00,3.3,439.0,1.44,5.8,-0.4,144869999.99999997
2026-03-26 18:00:00,3.2,438.0,1.44,5.7,-1.1,140160000.0
2026-03-26 19:00:00,3.2,470.0,1.39,5.6,2.8,150400000.0
2026-03-26 20:00:00,3.6,472.0,1.55,5.3,2.0,169920000.0
2026-03-26 21:00:00,4.0,475.0,1.77,4.3,0.4,190000000.0
2026-03-26 22:00:00,4.3,473.0,1.86,4.4,-0.8,203390000.0
2026-03-26 23:00:00,4.1,469.0,1.78,4.0,0.6,192290000.0
2026-03-27 00:00:00,4.1,482.0,1.89,4.2,1.1,197619999.99999997
2026-03-27 01:00:00,3.8,474.0,1.73,4.2,0.7,180119999.99999997
2026-03-27 02:00:00,3.7,470.0,1.62,5.1,-0.2,173900000.0
2026-03-27 03:00:00,3.6,463.0,1.56,5.7,1.3,166680000.0
2026-03-27 04:00:00,3.5,466.0,1.56,4.6,3.0,163100000.0
2026-03-27 05:00:00,3.6,470.0,1.6,4.4,3.0,169200000.0
2026-03-27 06:00:00,2.9,457.0,1.23,4.4,0.6,132530000.0
2026-03-27 07:00:00,3.1,454.0,1.34,4.0,1.2,140740000.0
2026-03-27 08:00:00,3.2,452.0,1.35,4.2,1.0,144640000.0
2026-03-27 09:00:00,3.2,438.0,1.26,4.5,1.2,140160000.0
2026-03-27 10:00:00,3.8,411.0,1.42,4.7,1.5,156180000.0
2026-03-27 11:00:00,3.9,407.0,1.42,4.7,-0.8,158730000.0
2026-03-27 12:00:00,4.3,412.0,1.57,4.6,-2.1,177160000.0
2026-03-27 13:00:00,4.9,419.0,1.78,4.9,-3.4,205310000.00000003
2026-03-27 14:00:00,4.6,413.0,1.66,4.9,-4.0,189980000.0
2026-03-27 15:00:00,4.7,404.0,1.64,4.8,-3.6,189880000.00000003
2026-03-27 16:00:00,4.5,394.0,1.55,4.7,-2.1,177300000.0
2026-03-27 17:00:00,5.0,402.0,1.73,4.5,-2.6,201000000.0
2026-03-27 18:00:00,5.0,394.0,1.69,3.9,-2.4,197000000.0
2026-03-27 19:00:00,4.8,390.0,1.59,3.9,-2.6,187200000.0
2026-03-27 20:00:00,4.8,392.0,1.62,3.9,-2.5,188160000.0
2026-03-27 21:00:00,4.7,389.0,1.56,4.5,-2.6,182830000.00000003
2026-03-27 22:00:00,5.4,403.0,1.83,5.0,-2.6,217620000.00000003
2026-03-27 23:00:00,5.3,401.0,1.77,4.9,-2.5,212529999.99999997
2026-03-28 00:00:00,4.8,393.0,1.55,4.7,-3.7,188640000.0
2026-03-28 01:00:00,4.6,387.0,1.42,4.4,-4.0,178019999.99999997
2026-03-28 02:00:00,4.4,389.0,1.41,4.0,-3.5,171160000.0
2026-03-28 03:00:00,4.5,366.0,1.28,3.9,-1.5,164700000.0
2026-03-28 04:00:00,4.3,376.0,1.28,4.0,-2.9,161680000.0
2026-03-28 05:00:00,4.4,373.0,1.28,4.1,-3.1,164120000.0
2026-03-28 06:00:00,4.4,374.0,1.26,4.4,-3.3,164560000.0
2026-03-28 07:00:00,5.2,377.0,1.47,4.8,-2.6,196040000.0
2026-03-28 08:00:00,5.4,377.0,1.54,5.2,-4.4,203580000.00000003
2026-03-28 09:00:00,5.3,388.0,1.61,4.8,-3.2,205640000.0
2026-03-28 10:00:00,5.4,384.0,1.61,4.8,-3.9,207360000.00000003
2026-03-28 11:00:00,5.6,374.0,1.6,4.6,-2.3,209440000.0
2026-03-28 12:00:00,5.6,370.0,1.56,4.6,-2.6,207200000.0
2026-03-28 13:00:00,5.5,377.0,1.58,4.7,-0.2,207350000.0
2026-03-28 14:00:00,5.7,366.0,1.53,4.3,-2.2,208620000.00000003
2026-03-28 15:00:00,5.3,362.0,1.36,4.7,-2.0,191860000.0
2026-03-28 16:00:00,5.4,357.0,1.34,5.0,-3.0,192780000.00000003
2026-03-28 17:00:00,5.8,355.0,1.41,5.3,-3.6,205900000.0
2026-03-28 18:00:00,7.3,356.0,1.74,5.3,-3.9,259879999.99999997
2026-03-28 19:00:00,8.2,360.0,1.98,5.2,-4.7,295199999.99999994
2026-03-28 20:00:00,10.2,364.0,2.48,4.7,-3.6,371280000.0
2026-03-28 21:00:00,7.5,368.0,1.85,6.7,-5.9,276000000.0
2026-03-28 22:00:00,6.4,366.0,1.59,7.3,-7.1,234240000.0
2026-03-28 23:00:00,5.1,357.0,1.25,7.1,-4.5,182069999.99999997
2026-03-29 00:00:00,5.0,355.0,1.2,7.2,-4.8,177500000.0
2026-03-29 01:00:00,4.8,351.0,1.11,7.3,-4.7,168480000.0
2026-03-29 02:00:00,6.2,353.0,1.47,7.2,-4.3,218860000.0
2026-03-29 03:00:00,6.5,356.0,1.55,7.5,-3.2,231400000.0
2026-03-29 04:00:00,7.2,360.0,1.75,7.7,-4.4,259200000.0
2026-03-29 05:00:00,7.3,357.0,1.75,7.6,-3.7,260610000.0
2026-03-29 06:00:00,7.2,352.0,1.69,7.8,-1.6,253440000.0
2026-03-29 07:00:00,7.7,353.0,1.8,7.8,-3.7,271810000.0
2026-03-29 08:00:00,6.9,349.0,1.58,8.3,-3.3,240810000.0
2026-03-29 09:00:00,6.9,353.0,1.55,8.5,-1.4,243570000.00000003
2026-03-29 10:00:00,7.1,356.0,1.62,8.4,-1.3,252760000.0
2026-03-29 11:00:00,8.8,359.0,2.04,8.6,-1.0,315920000.0
2026-03-29 12:00:00,12.6,376.0,3.31,9.9,-4.2,473759999.99999994
2026-03-29 13:00:00,14.3,375.0,3.75,10.7,-3.3,536250000.0
2026-03-29 14:00:00,16.4,372.0,4.31,11.4,-3.7,610079999.9999999
2026-03-29 15:00:00,20.3,383.0,5.49,11.2,3.3,777490000.0
2026-03-29 16:00:00,11.3,399.0,3.39,12.0,6.4,450870000.00000006
2026-03-29 17:00:00,10.2,398.0,2.99,12.8,9.6,405960000.0
2026-03-29 18:00:00,10.1,415.0,3.56,11.7,6.9,419150000.0
2026-03-29 19:00:00,10.7,428.0,4.09,9.6,5.9,457959999.99999994
2026-03-29 20:00:00,9.9,412.0,3.51,9.8,3.1,407880000.0
2026-03-29 21:00:00,10.9,433.0,4.04,9.6,7.4,471970000.0
2026-03-29 22:00:00,9.2,419.0,3.19,9.5,4.3,385480000.0
2026-03-29 23:00:00,9.7,432.0,3.54,9.0,5.0,419039999.99999994
2026-03-30 00:00:00,9.6,433.0,3.9,10.3,5.4,415680000.0
2026-03-30 01:00:00,8.2,430.0,2.91,11.3,4.9,352599999.99999994
2026-03-30 02:00:00,8.2,435.0,3.07,10.5,3.3,356699999.99999994
2026-03-30 03:00:00,8.2,445.0,3.35,9.4,2.6,364899999.99999994
2026-03-30 04:00:00,7.5,462.0,3.2,8.8,0.2,346500000.0
2026-03-30 05:00:00,7.3,466.0,3.13,8.1,1.6,340180000.0
2026-03-30 06:00:00,7.0,476.0,3.1,8.2,1.0,333200000.0
2026-03-30 07:00:00,7.1,479.0,3.2,7.4,3.0,340089999.99999994
2026-03-30 08:00:00,6.5,446.0,2.6,7.2,2.2,289900000.0
2026-03-30 09:00:00,6.7,458.0,2.69,8.2,-3.9,306860000.0
2026-03-30 10:00:00,6.6,455.0,2.6,8.3,-2.1,300300000.0
2026-03-30 11:00:00,6.6,443.0,2.6,7.7,-1.9,292380000.0
2026-03-30 12:00:00,6.7,433.0,2.46,7.4,-1.1,290110000.0
2026-03-30 13:00:00,6.3,454.0,2.45,7.9,-0.3,286020000.0
2026-03-30 14:00:00,6.3,437.0,2.35,7.1,0.0,275310000.0
2026-03-30 15:00:00,6.2,430.0,2.24,6.8,1.7,266600000.0
2026-03-30 16:00:00,5.9,456.0,2.34,6.5,2.3,269040000.0
2026-03-30 17:00:00,5.1,455.0,2.03,6.2,2.0,232050000.0
2026-03-30 18:00:00,4.5,447.0,1.78,5.8,0.4,201150000.0
2026-03-30 19:00:00,3.9,455.0,1.61,5.6,1.4,177450000.0
2026-03-30 20:00:00,3.8,425.0,1.4,5.4,-1.5,161500000.0
2026-03-30 21:00:00,3.9,443.0,1.53,5.7,1.8,172770000.0
2026-03-30 22:00:00,3.9,436.0,1.44,5.7,3.2,170040000.0
2026-03-30 23:00:00,4.2,431.0,1.56,5.3,-2.2,181020000.0
2026-03-31 00:00:00,4.2,438.0,1.58,5.1,2.0,183960000.0
2026-03-31 01:00:00,3.9,454.0,1.55,5.4,3.6,177060000.0
2026-03-31 02:00:00,4.0,447.0,1.52,5.5,2.7,178800000.0
2026-03-31 03:00:00,4.2,437.0,1.56,5.0,1.5,183540000.0
2026-03-31 04:00:00,4.4,434.0,1.6,5.1,-1.1,190960000.0
2026-03-31 05:00:00,4.2,434.0,1.53,5.2,0.7,182280000.00000003
2026-03-31 06:00:00,4.1,439.0,1.51,5.2,-0.8,179990000.0
2026-03-31 07:00:00,4.2,437.0,1.53,5.1,-0.1,183540000.0
2026-03-31 08:00:00,4.1,423.0,1.42,4.9,-1.3,173430000.0
2026-03-31 09:00:00,4.0,430.0,1.43,4.9,0.6,172000000.0
2026-03-31 10:00:00,4.3,425.0,1.49,4.9,1.4,182750000.0
2026-03-31 11:00:00,4.1,426.0,1.43,5.0,-1.3,174660000.0
2026-03-31 12:00:00,4.4,426.0,1.51,4.9,-0.2,187440000.0
2026-03-31 13:00:00,4.0,411.0,1.3,4.9,-2.5,164400000.0
2026-03-31 14:00:00,4.0,408.0,1.28,4.6,-2.9,163200000.0
2026-03-31 15:00:00,3.8,405.0,1.25,4.3,-0.8,153900000.0
2026-03-31 16:00:00,4.0,406.0,1.32,4.0,1.9,162400000.0
2026-03-31 17:00:00,4.1,408.0,1.34,4.1,-0.5,167280000.0
2026-03-31 18:00:00,4.3,406.0,1.39,4.2,1.8,174580000.0
2026-03-31 19:00:00,4.2,397.0,1.33,4.1,1.4,166740000.0
2026-03-31 20:00:00,4.8,403.0,1.52,4.6,-1.2,193440000.0
2026-03-31 21:00:00,4.5,418.0,1.57,4.8,2.2,188100000.0
2026-03-31 22:00:00,4.6,408.0,1.54,4.7,2.7,187680000.0
2026-03-31 23:00:00,4.9,415.0,1.68,4.7,2.4,203350000.00000003
2026-04-01 00:00:00,5.1,396.0,1.59,4.6,-0.6,201960000.0
2026-04-01 01:00:00,4.8,382.0,1.42,4.9,-0.5,183360000.0
2026-04-01 02:00:00,4.5,380.0,1.33,4.9,0.7,171000000.0
2026-04-01 03:00:00,4.6,379.0,1.34,4.6,-1.2,174340000.0
2026-04-01 04:00:00,4.9,384.0,1.44,4.3,-2.0,188160000.0
2026-04-01 05:00:00,4.3,366.0,1.19,4.5,-1.1,157380000.0
2026-04-01 06:00:00,4.2,361.0,1.12,4.6,-0.1,151620000.0
2026-04-01 07:00:00,4.5,363.0,1.19,4.7,0.9,163350000.0
2026-04-01 08:00:00,5.3,376.0,1.46,4.8,0.7,199280000.0
2026-04-01 09:00:00,5.2,376.0,1.43,5.1,0.2,195520000.0
2026-04-01 10:00:00,5.3,364.0,1.39,5.3,0.1,192920000.0
2026-04-01 11:00:00,6.4,390.0,1.89,5.9,1.1,249600000.0
2026-04-01 12:00:00,14.4,453.0,5.94,12.1,0.5,652320000.0
2026-04-01 13:00:00,18.3,461.0,7.77,11.4,-0.6,843630000.0000001
2026-04-01 14:00:00,18.1,452.0,7.44,10.3,-0.3,818120000.0000001
2026-04-01 15:00:00,17.6,448.0,6.87,9.7,2.2,788480000.0000001
2026-04-01 16:00:00,15.9,435.0,5.93,10.2,-0.3,691650000.0
2026-04-01 17:00:00,17.8,433.0,6.55,7.7,0.5,770740000.0
2026-04-01 18:00:00,16.5,427.0,6.03,6.6,3.1,704550000.0
2026-04-01 19:00:00,15.6,422.0,5.31,7.4,2.3,658320000.0
2026-04-01 20:00:00,16.4,420.0,5.47,6.9,0.9,688799999.9999999
2026-04-01 21:00:00,21.0,410.0,6.7,7.8,4.7,861000000.0
2026-04-01 22:00:00,23.5,413.0,7.71,7.5,2.1,970550000.0
2026-04-01 23:00:00,27.2,418.0,9.4,7.6,-1.7,1136960000.0
2026-04-02 00:00:00,16.2,429.0,5.74,11.0,1.7,694979999.9999999
2026-04-02 01:00:00,15.1,426.0,5.27,12.9,-6.4,643260000.0
2026-04-02 02:00:00,16.3,427.0,6.43,11.3,-5.0,696010000.0
2026-04-02 03:00:00,15.0,440.0,6.36,12.6,5.3,660000000.0
2026-04-02 04:00:00,12.5,462.0,5.65,13.0,0.2,577500000.0
2026-04-02 05:00:00,13.7,498.0,6.81,13.8,-1.9,682260000.0
2026-04-02 06:00:00,10.6,524.0,5.91,16.0,-9.3,555440000.0
2026-04-02 07:00:00,9.0,568.0,6.61,15.8,-9.6,511200000.0
2026-04-02 08:00:00,8.0,575.0,5.57,15.8,-7.3,460000000.0
2026-04-02 09:00:00,7.8,598.0,5.83,13.3,-4.9,466439999.99999994
2026-04-02 10:00:00,7.0,589.0,5.0,14.6,-5.7,412300000.0
2026-04-02 11:00:00,7.0,596.0,5.27,14.6,-6.1,417200000.0
2026-04-02 12:00:00,7.8,597.0,5.53,14.7,-2.0,465659999.99999994
2026-04-02 13:00:00,5.8,610.0,4.21,12.9,-6.2,353800000.0
2026-04-02 14:00:00,5.7,616.0,4.45,11.9,-0.1,351120000.0
2026-04-02 15:00:00,7.0,632.0,5.51,11.1,-8.4,442400000.0
2026-04-02 16:00:00,6.0,622.0,4.73,9.6,-3.9,373200000.0
2026-04-02 17:00:00,5.4,630.0,4.38,9.4,-4.3,340200000.0
2026-04-02 18:00:00,3.6,650.0,2.98,7.2,-3.0,234000000.0
2026-04-02 19:00:00,3.1,675.0,2.77,6.1,-2.6,209250000.0
2026-04-02 20:00:00,2.4,674.0,2.18,6.1,-1.7,161760000.0
2026-04-02 21:00:00,2.4,682.0,2.24,6.2,0.5,163680000.0
2026-04-02 22:00:00,2.6,680.0,2.39,6.0,1.4,176800000.0
2026-04-02 23:00:00,2.6,666.0,2.29,5.9,1.0,173160000.0
2026-04-03 00:00:00,2.5,668.0,2.25,6.0,-0.9,167000000.0
2026-04-03 01:00:00,2.8,672.0,2.58,6.1,1.1,188160000.0
2026-04-03 02:00:00,2.9,678.0,2.67,6.1,4.0,196620000.0
2026-04-03 03:00:00,2.7,655.0,2.34,6.0,0.4,176850000.00000003
2026-04-03 04:00:00,2.6,658.0,2.26,6.1,-1.3,171080000.0
2026-04-03 05:00:00,2.6,658.0,2.25,5.7,-1.9,171080000.0
2026-04-03 06:00:00,2.4,648.0,2.03,5.7,0.1,155520000.0
2026-04-03 07:00:00,2.6,665.0,2.29,5.6,1.1,172900000.0
2026-04-03 08:00:00,2.6,633.0,2.07,5.8,1.7,164580000.0
2026-04-03 09:00:00,2.7,666.0,2.34,5.7,-3.5,179820000.0
2026-04-03 10:00:00,2.7,671.0,2.35,5.7,-2.9,181170000.0
2026-04-03 11:00:00,2.8,646.0,2.32,5.6,-2.4,180880000.0
2026-04-03 12:00:00,3.2,644.0,2.6,5.8,-3.7,206080000.00000003
2026-04-03 13:00:00,3.0,662.0,2.56,5.8,-4.4,198600000.0
2026-04-03 14:00:00,2.4,620.0,1.74,5.7,-1.4,148800000.0
2026-04-03 15:00:00,2.9,650.0,2.38,8.3,-3.5,188500000.0
2026-04-03 16:00:00,6.9,763.0,9.87,11.9,-4.0,526470000.0
2026-04-03 17:00:00,7.8,761.0,9.6,10.9,-5.8,593580000.0
2026-04-03 18:00:00,7.6,747.0,8.5,8.7,-5.1,567720000.0
2026-04-03 19:00:00,6.4,725.0,6.56,8.1,-2.6,464000000.0
2026-04-03 20:00:00,5.6,707.0,5.35,7.4,-3.9,395920000.0
2026-04-03 21:00:00,5.1,702.0,4.8,6.0,-4.4,358020000.0
2026-04-03 22:00:00,4.8,693.0,4.37,5.0,-2.9,332640000.0
2026-04-03 23:00:00,4.3,688.0,3.9,4.4,-1.7,295840000.0
2026-04-04 00:00:00,3.8,671.0,3.26,4.2,-1.4,254979999.99999997
2026-04-04 01:00:00,3.3,662.0,2.77,4.4,-2.5,218460000.0
2026-04-04 02:00:00,2.9,654.0,2.4,3.6,-1.4,189660000.0
2026-04-04 03:00:00,2.9,642.0,2.29,3.7,-1.1,186180000.0
2026-04-04 04:00:00,2.6,646.0,2.1,3.9,-1.9,167960000.0
2026-04-04 05:00:00,2.5,639.0,1.96,4.0,-0.9,159750000.0
2026-04-04 06:00:00,2.3,634.0,1.78,4.1,-1.9,145819999.99999997
2026-04-04 07:00:00,2.1,630.0,1.6,4.1,-0.3,132300000.0
2026-04-04 08:00:00,2.1,628.0,1.59,4.1,-0.5,131880000.0
2026-04-04 09:00:00,1.8,627.0,1.32,4.2,-1.3,112860000.00000001
2026-04-04 10:00:00,1.6,625.0,1.18,4.2,-0.8,100000000.0
2026-04-04 11:00:00,1.5,654.0,1.23,3.9,1.5,98100000.0
2026-04-04 12:00:00,1.7,660.0,1.44,3.8,2.5,112200000.0
2026-04-04 13:00:00,1.7,639.0,1.39,4.1,3.4,108630000.0
2026-04-04 14:00:00,2.0,621.0,1.49,3.7,2.1,124200000.0
2026-04-04 15:00:00,2.0,611.0,1.44,3.8,-1.0,122200000.0
2026-04-04 16:00:00,2.0,605.0,1.41,3.9,-1.3,121000000.0
2026-04-04 17:00:00,2.0,597.0,1.39,3.9,-2.0,119400000.0
2026-04-04 18:00:00,2.1,597.0,1.44,3.9,-1.3,125370000.0
2026-04-04 19:00:00,2.2,597.0,1.5,3.9,-1.0,131340000.00000001
2026-04-04 20:00:00,2.2,578.0,1.41,4.0,-0.9,127160000.00000001
2026-04-04 21:00:00,2.3,580.0,1.48,4.2,-1.3,133400000.0
2026-04-04 22:00:00,2.3,617.0,1.67,4.4,0.5,141910000.0
2026-04-04 23:00:00,2.2,595.0,1.5,4.5,-0.0,130900000.0
2026-04-05 00:00:00,2.3,598.0,1.63,4.5,-2.2,137540000.0
2026-04-05 01:00:00,2.5,584.0,1.68,4.7,-3.7,146000000.0
2026-04-05 02:00:00,2.4,568.0,1.53,4.5,-1.1,136320000.0
2026-04-05 03:00:00,2.4,561.0,1.5,4.5,1.0,134640000.0
2026-04-05 04:00:00,2.4,547.0,1.41,4.6,-0.1,131280000.0
2026-04-05 05:00:00,2.5,556.0,1.52,4.7,-1.6,139000000.0
2026-04-05 06:00:00,2.5,549.0,1.47,4.7,2.0,137250000.0
2026-04-05 07:00:00,2.8,561.0,1.73,5.0,-1.6,157080000.0
2026-04-05 08:00:00,3.4,583.0,2.27,5.8,-1.9,198220000.0
2026-04-05 09:00:00,3.4,562.0,2.09,5.8,4.0,191080000.0
2026-04-05 10:00:00,3.0,540.0,1.71,5.8,1.4,162000000.0
2026-04-05 11:00:00,2.9,541.0,1.69,5.2,1.0,156890000.0
2026-04-05 12:00:00,2.7,525.0,1.45,5.1,-0.8,141750000.0
2026-04-05 13:00:00,2.8,536.0,1.56,5.1,-2.6,150080000.0
2026-04-05 14:00:00,2.8,533.0,1.55,5.0,-2.8,149240000.0
2026-04-05 15:00:00,2.7,519.0,1.42,4.7,-1.4,140130000.00000003
2026-04-05 16:00:00,3.0,532.0,1.66,4.6,-0.5,159600000.0
2026-04-05 17:00:00,3.1,532.0,1.69,4.8,0.2,164920000.0
2026-04-05 18:00:00,3.1,529.0,1.66,4.6,1.3,163990000.0
2026-04-05 19:00:00,3.2,535.0,1.76,4.6,1.2,171200000.0
2026-04-05 20:00:00,3.3,533.0,1.82,4.6,1.4,175890000.0
2026-04-05 21:00:00,3.3,532.0,1.8,4.6,2.1,175560000.0
2026-04-05 22:00:00,3.3,539.0,1.84,4.6,3.2,177869999.99999997
2026-04-05 23:00:00,3.4,550.0,1.96,4.6,3.5,187000000.0
2026-04-06 00:00:00,3.3,537.0,1.85,4.5,3.3,177210000.0
2026-04-06 01:00:00,3.0,527.0,1.66,4.6,1.8,158100000.0
2026-04-06 02:00:00,3.3,534.0,1.82,5.0,-0.4,176219999.99999997
2026-04-06 03:00:00,3.3,537.0,1.85,4.6,-0.8,177210000.0
2026-04-06 04:00:00,3.5,544.0,2.03,4.4,2.1,190400000.0
2026-04-06 05:00:00,3.5,546.0,2.03,4.1,-0.9,191100000.0
2026-04-06 06:00:00,3.3,540.0,1.89,4.2,-0.4,178200000.0
2026-04-06 07:00:00,3.2,533.0,1.77,4.4,0.3,170560000.0
2026-04-06 08:00:00,3.0,543.0,1.7,4.3,0.5,162900000.0
2026-04-06 09:00:00,3.0,524.0,1.58,4.2,0.4,157200000.0
2026-04-06 10:00:00,3.0,528.0,1.56,4.5,-0.5,158400000.0
2026-04-06 11:00:00,2.9,534.0,1.6,4.7,0.8,154860000.0
2026-04-06 12:00:00,2.5,542.0,1.46,4.9,-3.2,135500000.0
2026-04-06 13:00:00,2.5,530.0,1.4,4.7,-0.5,132500000.0
2026-04-06 14:00:00,2.6,542.0,1.51,4.6,-0.9,140920000.0
2026-04-06 15:00:00,2.4,526.0,1.31,4.5,0.5,126239999.99999999
2026-04-06 16:00:00,2.5,529.0,1.37,4.4,-0.3,132250000.0
2026-04-06 17:00:00,2.5,523.0,1.37,3.9,0.5,130750000.0
2026-04-06 18:00:00,2.6,523.0,1.41,3.9,-1.4,135980000.0
2026-04-06 19:00:00,2.6,538.0,1.46,3.9,-0.5,139880000.0
2026-04-06 20:00:00,2.5,536.0,1.39,3.9,-1.3,134000000.0
2026-04-06 21:00:00,2.3,525.0,1.24,3.8,-1.7,120750000.0
2026-04-06 22:00:00,2.3,517.0,1.21,3.6,-0.8,118909999.99999999
2026-04-06 23:00:00,2.3,510.0,1.16,3.8,-2.7,117300000.0
2026-04-07 00:00:00,2.3,497.0,1.1,4.0,-2.7,114309999.99999999
2026-04-07 01:00:00,2.3,495.0,1.11,3.6,-1.4,113850000.0
2026-04-07 02:00:00,2.6,489.0,1.21,3.3,-0.7,127140000.00000001
2026-04-07 03:00:00,3.0,493.0,1.38,3.1,-1.8,147900000.0
2026-04-07 04:00:00,3.2,489.0,1.47,2.9,-1.6,156480000.00000003
2026-04-07 05:00:00,3.1,491.0,1.47,2.5,-0.7,152210000.0
2026-04-07 06:00:00,3.0,483.0,1.39,2.6,-0.5,144900000.0
2026-04-07 07:00:00,2.9,483.0,1.34,2.6,-0.2,140070000.0
2026-04-07 08:00:00,3.2,480.0,1.43,3.4,-0.4,153600000.0
2026-04-07 09:00:00,3.4,475.0,1.49,3.2,0.4,161500000.0
2026-04-07 10:00:00,3.2,477.0,1.41,3.5,0.2,152640000.0
2026-04-07 11:00:00,3.4,461.0,1.39,3.3,0.5,156740000.0
2026-04-07 12:00:00,3.5,448.0,1.37,3.5,-0.4,156800000.0
2026-04-07 13:00:00,3.6,441.0,1.38,3.6,-0.2,158760000.0
2026-04-07 14:00:00,3.7,434.0,1.36,4.0,-2.0,160580000.00000003
2026-04-07 15:00:00,4.2,448.0,1.58,4.3,-2.5,188160000.0
2026-04-07 16:00:00,4.2,443.0,1.57,4.1,-2.1,186060000.0
2026-04-07 17:00:00,4.3,423.0,1.48,4.2,-2.4,181890000.0
2026-04-07 18:00:00,4.2,419.0,1.43,4.1,-2.1,175980000.00000003
2026-04-07 19:00:00,4.0,419.0,1.37,4.1,-2.0,167600000.0
2026-04-07 20:00:00,3.5,399.0,1.06,4.7,-1.4,139650000.0
2026-04-07 21:00:00,3.8,410.0,1.24,4.9,-3.4,155800000.0
2026-04-07 22:00:00,4.1,411.0,1.31,5.5,-4.6,168510000.0
2026-04-07 23:00:00,4.1,410.0,1.31,5.1,-2.2,168099999.99999997
2026-04-08 00:00:00,3.9,412.0,1.26,5.0,-0.1,160680000.0
2026-04-08 01:00:00,3.5,408.0,1.08,5.1,1.8,142800000.0
2026-04-08 02:00:00,3.4,414.0,1.08,5.0,2.1,140760000.0
2026-04-08 03:00:00,2.6,378.0,0.7,5.0,1.1,98280000.0
2026-04-08 04:00:00,3.8,405.0,1.19,4.1,2.5,153900000.0
2026-04-08 05:00:00,2.8,378.0,0.75,5.3,0.9,105839999.99999999
2026-04-08 06:00:00,2.6,375.0,0.7,5.1,-2.1,97500000.0
2026-04-08 07:00:00,3.1,383.0,0.87,4.9,-2.0,118730000.0
2026-04-08 08:00:00,3.3,396.0,0.96,4.9,-0.0,130680000.0
2026-04-08 09:00:00,3.1,398.0,0.92,4.9,-3.3,123380000.0
2026-04-08 10:00:00,2.8,388.0,0.79,5.6,-4.1,108639999.99999999
2026-04-08 11:00:00,2.7,382.0,0.74,5.7,-3.0,103140000.00000001
2026-04-08 12:00:00,3.1,400.0,0.92,5.9,-3.6,124000000.0
2026-04-08 13:00:00,3.3,401.0,0.97,5.8,-3.2,132330000.0
2026-04-08 14:00:00,3.7,403.0,1.09,5.8,-3.0,149110000.0
2026-04-08 15:00:00,3.5,399.0,1.02,5.2,0.3,139650000.0
2026-04-08 16:00:00,3.4,389.0,0.95,4.7,-2.0,132259999.99999999
2026-04-08 17:00:00,3.4,392.0,0.96,5.1,-2.1,133280000.0
2026-04-08 18:00:00,3.4,384.0,0.91,5.5,-3.6,130559999.99999999
2026-04-08 19:00:00,3.1,374.0,0.8,5.0,-3.0,115940000.00000001
2026-04-08 20:00:00,2.9,381.0,0.76,5.2,-0.8,110489999.99999999
2026-04-08 21:00:00,3.1,383.0,0.83,5.1,-2.9,118730000.0
2026-04-08 22:00:00,3.2,378.0,0.84,5.1,-3.0,120960000.00000001
2026-04-08 23:00:00,2.9,373.0,0.77,5.3,-3.7,108170000.0
2026-04-09 00:00:00,2.6,365.0,0.65,5.4,-2.8,94900000.0
2026-04-09 01:00:00,2.8,361.0,0.73,5.3,-1.3,101080000.0
2026-04-09 02:00:00,3.0,365.0,0.72,5.6,-0.4,109500000.0
2026-04-09 03:00:00,3.7,368.0,0.89,5.9,1.3,136160000.0
2026-04-09 04:00:00,2.9,362.0,0.68,5.6,-0.5,104980000.0
2026-04-09 05:00:00,2.4,360.0,0.62,5.8,-2.5,86400000.0
2026-04-09 06:00:00,2.8,383.0,0.82,5.8,-0.6,107239999.99999999
2026-04-09 07:00:00,2.4,378.0,0.64,5.9,-2.3,90720000.0
2026-04-09 08:00:00,2.1,373.0,0.58,6.0,-0.5,78330000.0
2026-04-09 09:00:00,2.3,370.0,0.57,6.0,-0.2,85099999.99999999
2026-04-09 10:00:00,2.1,372.0,0.52,6.1,1.1,78120000.0
2026-04-09 11:00:00,4.5,373.0,1.15,4.6,-0.7,167850000.0
2026-04-09 12:00:00,4.8,396.0,1.35,5.3,-2.9,190080000.0
2026-04-09 13:00:00,5.7,378.0,1.47,5.4,-4.9,215460000.0
2026-04-09 14:00:00,6.1,356.0,1.43,5.7,-4.2,217160000.0
2026-04-09 15:00:00,6.3,347.0,1.38,7.2,-5.0,218610000.0
2026-04-09 16:00:00,7.5,344.0,1.61,8.5,-5.0,258000000.0
2026-04-09 17:00:00,6.7,350.0,1.49,9.9,-4.6,234500000.0
2026-04-09 18:00:00,7.4,362.0,1.78,9.7,-3.9,267880000.00000003
2026-04-09 19:00:00,7.1,361.0,1.73,9.2,-3.7,256310000.0
2026-04-09 20:00:00,7.2,364.0,1.78,9.1,-3.4,262080000.00000003
2026-04-09 21:00:00,8.0,363.0,1.96,9.0,-1.1,290400000.0
2026-04-09 22:00:00,9.3,363.0,2.3,8.2,-5.1,337590000.0
2026-04-09 23:00:00,9.4,373.0,2.43,8.2,-2.6,350620000.0
2026-04-10 00:00:00,8.6,365.0,2.14,8.7,-3.4,313900000.0
2026-04-10 01:00:00,9.0,356.0,2.16,8.9,-2.4,320400000.0
2026-04-10 02:00:00,9.7,365.0,2.38,9.7,-3.0,354049999.99999994
2026-04-10 03:00:00,17.4,393.0,4.76,7.1,-1.1,683820000.0
2026-04-10 04:00:00,18.8,395.0,5.29,3.9,-1.0,742600000.0
2026-04-10 05:00:00,22.7,399.0,6.52,7.0,1.7,905729999.9999999
2026-04-10 06:00:00,25.1,403.0,7.35,6.3,1.0,1011530000.0000001
2026-04-10 07:00:00,20.2,401.0,5.99,9.8,2.8,810020000.0
2026-04-10 08:00:00,14.6,429.0,5.24,11.7,3.8,626340000.0
2026-04-10 09:00:00,18.7,426.0,6.55,10.0,4.6,796620000.0
2026-04-10 10:00:00,10.9,440.0,3.95,11.7,8.8,479600000.0
2026-04-10 11:00:00,8.4,457.0,3.97,8.4,1.9,383880000.0
2026-04-10 12:00:00,6.7,472.0,3.49,9.3,1.8,316240000.0
2026-04-10 13:00:00,9.0,486.0,4.57,8.8,-5.4,437400000.0
2026-04-10 14:00:00,7.8,482.0,3.86,9.3,3.0,375960000.0
2026-04-10 15:00:00,6.4,518.0,4.19,10.0,-0.8,331520000.0
2026-04-10 16:00:00,8.6,563.0,6.03,7.0,-3.6,484180000.0
2026-04-10 17:00:00,7.7,571.0,4.91,6.6,-1.3,439670000.0
2026-04-10 18:00:00,5.1,583.0,3.3,7.4,1.0,297330000.0
2026-04-10 19:00:00,4.3,598.0,3.09,6.1,3.1,257140000.0
2026-04-10 20:00:00,3.6,604.0,2.9,6.8,2.8,217440000.0
2026-04-10 21:00:00,3.2,620.0,2.71,6.4,2.8,198400000.0
2026-04-10 22:00:00,3.5,582.0,2.46,8.2,4.4,203700000.0
2026-04-10 23:00:00,3.5,557.0,2.07,7.3,3.3,194950000.0
2026-04-11 00:00:00,4.6,561.0,2.78,7.6,4.7,258060000.0
2026-04-11 01:00:00,6.9,567.0,4.4,6.7,4.0,391230000.0
2026-04-11 02:00:00,7.2,570.0,4.77,6.6,2.7,410400000.0
2026-04-11 03:00:00,5.7,571.0,3.66,7.4,4.7,325470000.0
2026-04-11 04:00:00,2.9,594.0,2.41,9.6,-2.2,172260000.0
2026-04-11 05:00:00,3.3,587.0,2.48,9.9,-1.8,193710000.0
2026-04-11 06:00:00,3.7,562.0,2.62,9.4,-0.8,207940000.0
2026-04-11 07:00:00,4.4,536.0,2.69,9.6,0.6,235840000.0
2026-04-11 08:00:00,6.4,530.0,3.82,7.9,2.2,339200000.0
2026-04-11 09:00:00,6.1,543.0,3.62,5.4,-2.5,331230000.0
2026-04-11 10:00:00,3.6,512.0,2.0,8.7,1.6,184320000.0
2026-04-11 11:00:00,3.7,517.0,2.14,9.5,1.5,191290000.0
2026-04-11 12:00:00,4.6,508.0,2.53,7.8,3.2,233679999.99999997
2026-04-11 13:00:00,4.3,566.0,2.69,5.8,0.9,243379999.99999997
2026-04-11 14:00:00,3.3,577.0,2.24,4.1,0.7,190410000.0
2026-04-11 15:00:00,3.4,574.0,2.21,4.2,-0.9,195160000.0
2026-04-11 16:00:00,3.6,582.0,2.35,4.6,0.6,209520000.00000003
2026-04-11 17:00:00,3.2,584.0,2.16,5.0,1.4,186880000.00000003
2026-04-11 18:00:00,3.5,576.0,2.3,4.7,1.4,201600000.0
2026-04-11 19:00:00,3.5,582.0,2.28,4.8,1.2,203700000.0
2026-04-11 20:00:00,3.1,576.0,2.02,5.0,1.9,178560000.0
2026-04-11 21:00:00,3.5,562.0,2.21,4.5,2.8,196700000.0
2026-04-11 22:00:00,3.5,562.0,2.19,4.4,2.3,196700000.0
2026-04-11 23:00:00,3.0,572.0,1.92,4.4,2.1,171600000.0
2026-04-12 00:00:00,3.1,570.0,1.95,4.3,1.5,176700000.0
2026-04-12 01:00:00,3.0,582.0,1.94,4.6,2.1,174600000.0
2026-04-12 02:00:00,3.0,556.0,1.82,4.2,2.5,166800000.0
2026-04-12 03:00:00,3.1,570.0,1.95,4.5,2.5,176700000.0
2026-04-12 04:00:00,3.3,560.0,2.05,4.2,2.0,184800000.0
2026-04-12 05:00:00,3.2,534.0,1.83,3.7,-0.0,170880000.00000003
2026-04-12 06:00:00,3.3,538.0,1.9,3.7,-1.0,177540000.0
2026-04-12 07:00:00,3.1,515.0,1.66,4.0,-0.7,159650000.0
2026-04-12 08:00:00,3.2,511.0,1.66,4.2,-1.4,163520000.0
2026-04-12 09:00:00,3.5,529.0,1.94,3.8,1.3,185150000.0
2026-04-12 10:00:00,3.3,518.0,1.77,4.0,-0.1,170940000.0
2026-04-12 11:00:00,3.2,504.0,1.63,4.5,-2.0,161280000.00000003
2026-04-12 12:00:00,3.4,498.0,1.71,4.4,-1.3,169320000.0
2026-04-12 13:00:00,3.7,504.0,1.87,4.4,-0.8,186480000.00000003
2026-04-12 14:00:00,3.6,488.0,1.71,4.5,1.1,175680000.0
2026-04-12 15:00:00,3.7,490.0,1.75,4.5,0.5,181300000.0
2026-04-12 16:00:00,3.6,486.0,1.67,4.4,1.1,174960000.0
2026-04-12 17:00:00,3.7,490.0,1.73,4.4,1.3,181300000.0
2026-04-12 18:00:00,3.4,509.0,1.71,4.4,-0.4,173060000.0
2026-04-12 19:00:00,3.6,481.0,1.62,4.1,0.1,173160000.0
2026-04-12 20:00:00,3.4,480.0,1.53,4.6,-3.7,163200000.0
2026-04-12 21:00:00,3.6,465.0,1.48,4.9,1.1,167400000.0
2026-04-12 22:00:00,3.5,473.0,1.5,4.7,1.8,165550000.0
2026-04-12 23:00:00,3.5,475.0,1.51,4.5,3.2,166250000.0
2026-04-13 00:00:00,3.3,471.0,1.39,4.6,2.9,155430000.0
2026-04-13 01:00:00,3.4,458.0,1.43,4.5,1.7,155720000.0
2026-04-13 02:00:00,3.1,456.0,1.29,4.7,1.0,141360000.0
2026-04-13 03:00:00,2.9,454.0,1.2,4.6,0.7,131659999.99999999
2026-04-13 04:00:00,3.1,430.0,1.15,4.6,1.6,133300000.0
2026-04-13 05:00:00,3.0,434.0,1.13,4.6,1.4,130200000.0
2026-04-13 06:00:00,3.4,424.0,1.22,4.6,-1.0,144160000.0
2026-04-13 07:00:00,2.8,421.0,0.99,4.7,-0.4,117880000.0
2026-04-13 08:00:00,3.3,427.0,1.2,4.6,1.4,140910000.0
2026-04-13 09:00:00,3.4,424.0,1.22,4.8,1.0,144160000.0
2026-04-13 10:00:00,3.8,420.0,1.34,5.2,1.7,159600000.0
2026-04-13 11:00:00,3.7,418.0,1.29,5.3,0.2,154660000.0
2026-04-13 12:00:00,3.8,422.0,1.35,5.2,2.0,160360000.0
2026-04-13 13:00:00,3.6,422.0,1.28,5.2,2.9,151920000.0
2026-04-13 14:00:00,3.8,439.0,1.46,5.3,1.5,166819999.99999997
2026-04-13 15:00:00,3.6,454.0,1.48,5.6,-0.1,163440000.0
2026-04-13 16:00:00,3.9,443.0,1.53,5.8,2.2,172770000.0
2026-04-13 17:00:00,3.6,441.0,1.4,5.6,3.3,158760000.0
2026-04-13 18:00:00,3.8,423.0,1.36,5.3,2.5,160740000.0
2026-04-13 19:00:00,3.4,401.0,1.09,5.2,1.2,136340000.0
2026-04-13 20:00:00,3.7,395.0,1.15,5.2,-1.1,146150000.0
2026-04-13 21:00:00,4.5,396.0,1.41,4.9,-1.4,178200000.0
2026-04-13 22:00:00,4.1,392.0,1.26,4.8,-1.2,160719999.99999997
2026-04-13 23:00:00,4.2,389.0,1.27,4.6,-0.7,163380000.00000003
2026-04-14 00:00:00,4.1,388.0,1.23,4.3,-1.2,159080000.0
2026-04-14 01:00:00,4.0,392.0,1.23,4.4,-1.9,156800000.0
2026-04-14 02:00:00,4.2,388.0,1.26,4.4,-1.2,162960000.0
2026-04-14 03:00:00,3.7,378.0,1.06,4.4,0.6,139860000.0
2026-04-14 04:00:00,3.9,389.0,1.18,4.3,-0.3,151710000.0
2026-04-14 05:00:00,3.1,379.0,0.89,4.7,3.3,117490000.00000001
2026-04-14 06:00:00,3.4,372.0,0.94,5.3,2.0,126480000.0
2026-04-14 07:00:00,3.9,374.0,1.09,5.1,-0.5,145860000.0
2026-04-14 08:00:00,4.0,368.0,1.08,4.9,-1.4,147200000.0
2026-04-14 09:00:00,3.7,365.0,0.99,5.0,-0.5,135050000.0
2026-04-14 10:00:00,3.9,374.0,1.09,5.3,-1.3,145860000.0
2026-04-14 11:00:00,3.8,370.0,1.04,5.2,0.0,140600000.0
2026-04-14 12:00:00,4.6,365.0,1.23,5.0,-0.5,167899999.99999997
2026-04-14 13:00:00,3.9,373.0,1.09,5.3,-0.1,145470000.0
2026-04-14 14:00:00,4.2,365.0,1.12,4.9,1.7,153300000.0
2026-04-14 15:00:00,4.2,364.0,1.11,4.8,0.9,152880000.0
2026-04-14 16:00:00,3.9,359.0,1.01,4.8,1.5,140010000.0
2026-04-14 17:00:00,4.2,382.0,1.23,4.9,-0.4,160440000.0
2026-04-14 18:00:00,4.0,357.0,1.02,5.0,3.1,142800000.0
2026-04-14 19:00:00,4.5,359.0,1.16,4.8,2.2,161550000.0
2026-04-14 20:00:00,5.1,360.0,1.32,4.6,2.4,183599999.99999997
2026-04-14 21:00:00,5.1,360.0,1.32,4.6,2.2,183599999.99999997
2026-04-14 22:00:00,5.4,352.0,1.34,4.7,1.3,190080000.00000003
2026-04-14 23:00:00,5.2,365.0,1.39,4.5,1.7,189800000.0
2026-04-15 00:00:00,5.4,375.0,1.52,4.5,0.9,202500000.00000003
2026-04-15 01:00:00,6.0,355.0,1.51,4.7,0.0,213000000.0
2026-04-15 02:00:00,5.5,367.0,1.48,4.7,1.4,201850000.0
2026-04-15 03:00:00,5.7,374.0,1.59,5.0,1.0,213180000.00000003
2026-04-15 04:00:00,6.1,373.0,1.7,5.1,1.3,227529999.99999997
2026-04-15 05:00:00,5.8,363.0,1.53,5.1,3.1,210540000.0
2026-04-15 06:00:00,6.1,355.0,1.54,5.0,0.9,216550000.0
2026-04-15 07:00:00,6.7,347.0,1.61,4.9,0.5,232490000.0
2026-04-15 08:00:00,6.4,340.0,1.48,5.0,0.7,217600000.0
2026-04-15 09:00:00,5.6,332.0,1.23,5.1,-0.1,185919999.99999997
2026-04-15 10:00:00,5.5,329.0,1.19,5.0,0.4,180950000.0
2026-04-15 11:00:00,5.4,327.0,1.15,4.9,-0.9,176580000.00000003
2026-04-15 12:00:00,6.1,334.0,1.36,4.3,1.1,203740000.0
2026-04-15 13:00:00,6.6,332.0,1.45,4.6,-0.7,219119999.99999997
2026-04-15 14:00:00,6.1,329.0,1.32,4.1,-0.7,200690000.0
2026-04-15 15:00:00,6.3,335.0,1.41,4.2,-2.2,211050000.0
2026-04-15 16:00:00,6.6,333.0,1.46,4.6,-2.5,219779999.99999997
2026-04-15 17:00:00,6.3,336.0,1.42,4.7,-3.0,211679999.99999997
2026-04-15 18:00:00,6.3,339.0,1.45,4.5,-0.7,213569999.99999997
2026-04-15 19:00:00,6.7,335.0,1.5,4.6,-0.1,224450000.0
2026-04-15 20:00:00,6.9,339.0,1.59,4.5,1.7,233910000.0
2026-04-15 21:00:00,7.0,335.0,1.57,4.6,1.0,234500000.0
2026-04-15 22:00:00,7.0,343.0,1.65,4.9,2.5,240100000.0
2026-04-15 23:00:00,7.2,333.0,1.6,4.7,2.2,239760000.0
2026-04-16 00:00:00,7.3,336.0,1.65,4.8,1.8,245279999.99999997
2026-04-16 01:00:00,8.0,333.0,1.77,5.3,2.1,266400000.0
2026-04-16 02:00:00,8.1,332.0,1.79,5.4,2.7,268920000.0
2026-04-16 03:00:00,8.1,330.0,1.76,5.4,3.0,267300000.0
2026-04-16 04:00:00,8.2,309.0,1.57,5.9,-0.5,253379999.99999997
2026-04-16 05:00:00,8.2,300.0,1.48,6.1,-0.3,246000000.0
2026-04-16 06:00:00,8.7,306.0,1.63,6.2,-1.1,266219999.99999997
2026-04-16 07:00:00,9.8,326.0,2.08,5.4,1.0,319480000.0
2026-04-16 08:00:00,9.7,329.0,2.1,4.0,0.5,319130000.0
2026-04-16 09:00:00,9.5,322.0,1.97,4.6,0.6,305900000.0
2026-04-16 10:00:00,9.5,309.0,1.81,5.6,1.9,293550000.0
2026-04-16 11:00:00,9.2,303.0,1.69,5.8,-0.1,278760000.0
2026-04-16 12:00:00,9.3,322.0,1.93,5.4,1.2,299460000.00000006
2026-04-16 13:00:00,8.7,297.0,1.53,5.7,-0.7,258389999.99999997
2026-04-16 14:00:00,9.6,295.0,1.67,5.2,0.3,283200000.0
2026-04-16 15:00:00,10.6,298.0,1.88,4.8,0.8,315880000.0
2026-04-16 16:00:00,9.3,300.0,1.67,5.2,0.2,279000000.0
2026-04-16 17:00:00,7.2,309.0,1.37,5.3,-0.7,222480000.00000003
2026-04-16 18:00:00,6.3,315.0,1.25,5.1,-1.7,198450000.0
2026-04-16 19:00:00,6.3,313.0,1.23,5.0,-1.7,197190000.0
2026-04-16 20:00:00,6.6,315.0,1.31,5.2,-1.2,207900000.0
2026-04-16 21:00:00,8.6,318.0,1.74,5.1,0.0,273480000.0
2026-04-16 22:00:00,10.4,318.0,2.1,4.9,-0.1,330720000.0
2026-04-16 23:00:00,10.6,321.0,2.18,4.5,1.1,340260000.0
2026-04-17 00:00:00,10.5,317.0,2.11,4.1,0.7,332850000.0
2026-04-17 01:00:00,9.9,312.0,1.93,4.4,0.8,308880000.0
2026-04-17 02:00:00,9.5,305.0,1.77,4.7,0.7,289750000.0
2026-04-17 03:00:00,9.0,300.0,1.62,4.6,0.6,270000000.0
2026-04-17 04:00:00,9.5,305.0,1.77,4.5,2.0,289750000.0
2026-04-17 05:00:00,8.5,297.0,1.5,4.5,1.1,252450000.0
2026-04-17 06:00:00,7.9,290.0,1.33,4.6,-0.0,229100000.0
2026-04-17 07:00:00,8.2,287.0,1.35,4.6,-0.0,235339999.99999997
2026-04-17 08:00:00,9.8,294.0,1.69,5.2,-0.4,288120000.0
2026-04-17 09:00:00,10.7,301.0,1.94,5.4,1.0,322070000.0
2026-04-17 10:00:00,11.5,309.0,2.2,5.8,2.9,355350000.0
2026-04-17 11:00:00,12.4,317.0,2.49,5.7,2.5,393080000.0
2026-04-17 12:00:00,14.3,320.0,2.93,5.6,2.8,457600000.0
2026-04-17 13:00:00,12.2,321.0,2.51,6.0,1.9,391620000.0
2026-04-17 14:00:00,9.6,328.0,2.07,7.5,0.3,314880000.0
2026-04-17 15:00:00,11.0,332.0,2.42,8.0,-0.4,365200000.0
2026-04-17 16:00:00,13.0,338.0,2.97,9.1,-0.1,439400000.0
2026-04-17 17:00:00,13.2,341.0,3.07,10.0,-0.5,450120000.0
2026-04-17 18:00:00,15.7,341.0,3.65,9.9,-1.7,535370000.0
2026-04-17 19:00:00,26.8,341.0,6.23,6.6,1.5,913880000.0000001
2026-04-17 20:00:00,30.7,334.0,6.85,6.2,2.5,1025379999.9999999
2026-04-17 21:00:00,25.0,325.0,5.28,8.8,-2.1,812500000.0
2026-04-17 22:00:00,26.0,334.0,5.8,9.2,-3.0,868400000.0
2026-04-17 23:00:00,41.2,343.0,9.69,5.2,-1.2,1413160000.0
2026-04-18 00:00:00,41.0,359.0,10.57,7.5,-4.2,1471900000.0
2026-04-18 01:00:00,45.3,366.0,12.14,7.1,-5.0,1657980000.0
2026-04-18 02:00:00,12.9,398.0,4.09,13.5,-4.4,513420000.0
2026-04-18 03:00:00,10.0,423.0,3.58,14.2,-5.1,423000000.0
2026-04-18 04:00:00,10.9,460.0,4.61,12.5,-7.2,501400000.0
2026-04-18 05:00:00,10.2,470.0,4.51,14.6,-9.5,479400000.0
2026-04-18 06:00:00,8.9,475.0,4.02,16.1,-11.3,422750000.0
2026-04-18 07:00:00,10.5,492.0,5.08,14.1,-1.9,516600000.0
2026-04-18 08:00:00,11.4,485.0,5.36,12.8,1.2,552900000.0
2026-04-18 09:00:00,8.2,511.0,4.28,11.1,-4.9,419020000.0
2026-04-18 10:00:00,9.1,488.0,4.33,11.0,-0.8,444080000.0
2026-04-18 11:00:00,8.5,510.0,4.42,11.4,5.6,433500000.0
2026-04-18 12:00:00,9.8,491.0,4.73,10.6,6.7,481180000.0
2026-04-18 13:00:00,10.6,472.0,4.72,9.2,0.3,500320000.0
2026-04-18 14:00:00,10.3,481.0,4.77,9.1,0.5,495430000.0
2026-04-18 15:00:00,9.1,482.0,4.23,8.4,1.6,438620000.0
2026-04-18 16:00:00,8.5,476.0,3.85,10.0,-2.6,404600000.0
2026-04-18 17:00:00,8.0,518.0,4.29,9.1,-1.1,414400000.0
2026-04-18 18:00:00,8.7,543.0,5.13,7.5,0.4,472409999.99999994
2026-04-18 19:00:00,8.5,541.0,4.98,9.0,6.2,459850000.0
2026-04-18 20:00:00,8.3,507.0,4.27,8.9,-0.5,420810000.00000006
2026-04-18 21:00:00,9.2,505.0,4.69,8.8,-0.6,464600000.0
2026-04-18 22:00:00,8.7,487.0,4.13,10.6,-1.3,423689999.99999994
2026-04-18 23:00:00,8.2,461.0,3.49,11.0,1.1,378020000.0
2026-04-19 00:00:00,9.5,479.0,4.36,10.3,-0.9,455050000.0
2026-04-19 01:00:00,5.7,459.0,2.4,9.3,-5.1,261630000.00000003
2026-04-19 02:00:00,6.4,482.0,2.97,7.1,-1.2,308480000.0
2026-04-19 03:00:00,7.0,468.0,3.07,6.0,-1.4,327600000.0
2026-04-19 04:00:00,6.2,477.0,2.82,7.2,-2.5,295740000.0
2026-04-19 05:00:00,5.7,484.0,2.67,8.0,-3.7,275880000.0
2026-04-19 06:00:00,5.9,487.0,2.8,7.2,-4.5,287330000.0
2026-04-19 07:00:00,6.1,499.0,3.04,7.2,-1.6,304389999.99999994
2026-04-19 08:00:00,6.1,486.0,2.88,6.3,-1.6,296460000.0
2026-04-19 09:00:00,6.6,504.0,3.35,6.2,2.6,332639999.99999994
2026-04-19 10:00:00,6.2,499.0,3.09,6.5,-1.8,309380000.0
2026-04-19 11:00:00,7.2,499.0,3.59,7.2,1.6,359280000.0
2026-04-19 12:00:00,6.7,498.0,3.32,6.9,4.4,333660000.0
2026-04-19 13:00:00,5.5,494.0,2.68,6.5,0.9,271700000.0
2026-04-19 14:00:00,5.4,477.0,2.46,5.1,-0.2,257580000.00000003
2026-04-19 15:00:00,6.0,510.0,3.12,3.9,-0.3,306000000.0
2026-04-19 16:00:00,5.0,498.0,2.48,5.8,-2.7,249000000.0
2026-04-19 17:00:00,4.7,510.0,2.44,5.9,-2.5,239700000.0
2026-04-19 18:00:00,4.2,503.0,2.13,5.6,-1.6,211260000.0
2026-04-19 19:00:00,3.7,508.0,1.91,5.5,-1.0,187960000.0
2026-04-19 20:00:00,3.8,510.0,1.98,5.2,-0.1,193800000.0
2026-04-19 21:00:00,3.5,495.0,1.72,5.3,0.8,173250000.0
2026-04-19 22:00:00,3.5,472.0,1.56,4.3,-0.1,165200000.0
2026-04-19 23:00:00,3.4,470.0,1.5,6.1,1.0,159800000.0
2026-04-20 00:00:00,3.3,443.0,1.3,5.9,1.5,146190000.0
2026-04-20 01:00:00,2.7,442.0,1.05,6.0,1.6,119340000.00000001
2026-04-20 02:00:00,3.7,427.0,1.35,5.4,-1.0,157990000.0
2026-04-20 03:00:00,4.7,411.0,1.59,6.2,-2.1,193170000.0
2026-04-20 04:00:00,5.3,405.0,1.74,6.0,-1.8,214650000.0
2026-04-20 05:00:00,5.3,402.0,1.71,6.6,-0.5,213060000.0
2026-04-20 06:00:00,6.1,405.0,2.0,6.4,-1.6,247050000.0
2026-04-20 07:00:00,8.7,432.0,3.25,7.4,-5.8,375839999.99999994
2026-04-20 08:00:00,10.3,436.0,3.92,8.5,-5.4,449080000.0
2026-04-20 09:00:00,5.9,477.0,2.68,8.3,-4.8,281430000.0
2026-04-20 10:00:00,5.6,484.0,2.62,9.0,-7.2,271039999.99999994
2026-04-20 11:00:00,5.6,478.0,2.56,8.4,-1.7,267679999.99999997
2026-04-20 12:00:00,5.6,484.0,2.62,8.7,-1.4,271039999.99999994
2026-04-20 13:00:00,4.8,486.0,2.27,9.9,-2.4,233279999.99999997
2026-04-20 14:00:00,4.5,508.0,2.32,10.4,-1.6,228600000.0
2026-04-20 15:00:00,5.5,538.0,3.18,9.6,-2.2,295900000.0
2026-04-20 16:00:00,5.2,523.0,2.84,9.9,-6.4,271960000.0
2026-04-20 17:00:00,5.5,528.0,3.07,9.5,-5.9,290400000.0
2026-04-20 18:00:00,6.1,531.0,3.44,8.8,-5.2,323910000.0
2026-04-20 19:00:00,5.6,512.0,2.94,8.7,-4.1,286720000.0
2026-04-20 20:00:00,5.2,507.0,2.67,8.7,-4.4,263640000.0
2026-04-20 21:00:00,5.0,491.0,2.41,8.7,-2.4,245500000.0
2026-04-20 22:00:00,5.4,493.0,2.62,8.4,-3.5,266220000.00000003
2026-04-20 23:00:00,5.0,495.0,2.45,7.9,-3.7,247500000.0
2026-04-21 00:00:00,4.8,477.0,2.18,8.2,-3.5,228960000.0
2026-04-21 01:00:00,4.6,467.0,2.01,8.2,-3.9,214819999.99999997
2026-04-21 02:00:00,4.6,477.0,2.09,7.3,-4.0,219419999.99999997
2026-04-21 03:00:00,4.8,471.0,2.13,6.8,-3.8,226079999.99999997
2026-04-21 04:00:00,2.9,496.0,1.43,5.1,-2.9,143840000.0
2026-04-21 05:00:00,2.9,512.0,1.52,4.6,0.3,148480000.0
2026-04-21 06:00:00,3.2,516.0,1.7,4.7,-1.7,165120000.0
2026-04-21 07:00:00,3.2,517.0,1.71,4.7,-1.9,165440000.0
2026-04-21 08:00:00,3.3,528.0,1.84,4.6,-0.7,174240000.0
2026-04-21 09:00:00,3.4,527.0,1.89,4.8,1.8,179180000.0
2026-04-21 10:00:00,3.4,533.0,1.93,4.9,-1.5,181220000.0
2026-04-21 11:00:00,3.1,534.0,1.77,5.0,-2.6,165540000.0
2026-04-21 12:00:00,3.2,530.0,1.8,4.8,-0.9,169600000.0
2026-04-21 13:00:00,3.0,533.0,1.7,5.2,-3.5,159900000.0
2026-04-21 14:00:00,2.8,537.0,1.61,5.3,-4.1,150360000.0
2026-04-21 15:00:00,3.0,528.0,1.67,5.1,-2.5,158400000.0
2026-04-21 16:00:00,2.8,541.0,1.64,5.5,-3.5,151480000.0
2026-04-21 17:00:00,3.1,537.0,1.79,5.6,-3.5,166470000.0
2026-04-21 18:00:00,3.1,535.0,1.77,5.5,-4.3,165850000.0
2026-04-21 19:00:00,3.0,509.0,1.55,5.5,0.1,152700000.0
2026-04-21 20:00:00,3.6,516.0,1.92,5.2,-0.8,185760000.0
2026-04-21 21:00:00,3.7,520.0,2.0,5.0,-0.5,192400000.0
2026-04-21 22:00:00,3.9,511.0,2.04,4.9,1.2,199290000.0
2026-04-21 23:00:00,4.2,504.0,2.13,5.0,0.7,211680000.00000003
2026-04-22 00:00:00,4.0,505.0,2.04,5.3,1.6,202000000.0
2026-04-22 01:00:00,3.2,515.0,1.7,5.3,2.8,164800000.0
2026-04-22 02:00:00,3.4,513.0,1.79,4.9,1.3,174420000.0
2026-04-22 03:00:00,3.9,513.0,2.05,4.8,-2.0,200070000.0
2026-04-22 04:00:00,3.8,508.0,1.96,4.8,0.1,193040000.0
2026-04-22 05:00:00,3.7,504.0,1.88,4.9,1.7,186480000.00000003
2026-04-22 06:00:00,4.3,499.0,2.14,4.9,1.8,214569999.99999997
2026-04-22 07:00:00,3.5,505.0,1.79,5.2,3.1,176750000.0
2026-04-22 08:00:00,3.5,502.0,1.76,5.3,3.3,175700000.0
2026-04-22 09:00:00,3.7,497.0,1.83,5.2,1.4,183890000.0
2026-04-22 10:00:00,4.4,487.0,2.09,5.2,-0.2,214280000.00000003
2026-04-22 11:00:00,4.2,491.0,2.03,5.3,1.7,206220000.00000003
2026-04-22 12:00:00,4.1,494.0,2.0,5.2,1.9,202540000.0
2026-04-22 13:00:00,4.3,494.0,2.1,5.1,1.9,212419999.99999997
2026-04-22 14:00:00,4.0,490.0,1.92,5.5,2.3,196000000.0
2026-04-22 15:00:00,3.5,487.0,1.66,5.8,2.0,170450000.0
2026-04-22 16:00:00,4.2,493.0,2.04,5.8,3.2,207060000.0
2026-04-22 17:00:00,4.5,480.0,2.07,6.0,3.0,216000000.0
2026-04-22 18:00:00,4.4,482.0,2.04,6.0,2.7,212080000.00000003
2026-04-22 19:00:00,4.2,484.0,1.97,6.1,3.7,203280000.00000003
2026-04-22 20:00:00,4.8,483.0,2.24,6.2,2.8,231840000.0
2026-04-22 21:00:00,4.3,474.0,1.93,6.2,1.6,203819999.99999997
2026-04-22 22:00:00,4.7,467.0,2.05,6.2,0.3,219490000.0
2026-04-22 23:00:00,4.8,471.0,2.13,5.9,2.2,226079999.99999997
2026-04-23 00:00:00,4.7,469.0,2.07,5.6,-1.3,220430000.00000003
2026-04-23 01:00:00,4.2,468.0,1.84,5.2,-1.8,196560000.0
2026-04-23 02:00:00,4.7,462.0,2.01,5.8,-2.5,217140000.0
2026-04-23 03:00:00,4.3,471.0,1.91,5.6,-2.8,202530000.0
2026-04-23 04:00:00,4.2,461.0,1.79,4.8,1.5,193620000.0
2026-04-23 05:00:00,4.0,454.0,1.65,5.0,0.2,181600000.0
2026-04-23 06:00:00,3.8,440.0,1.47,5.2,-1.6,167200000.0
2026-04-23 07:00:00,3.7,439.0,1.43,5.2,-1.0,162430000.00000003
2026-04-23 08:00:00,3.6,443.0,1.41,5.3,-1.3,159480000.0
2026-04-23 09:00:00,3.4,439.0,1.31,5.3,-0.9,149260000.0
2026-04-23 10:00:00,3.2,442.0,1.25,5.0,0.6,141440000.0
2026-04-23 11:00:00,3.0,438.0,1.15,4.8,0.7,131400000.0
2026-04-23 12:00:00,3.0,439.0,1.16,4.6,-0.2,131700000.0
2026-04-23 13:00:00,2.7,431.0,1.0,4.6,-0.1,116370000.0
2026-04-23 14:00:00,2.8,442.0,1.09,4.7,-0.4,123759999.99999999
2026-04-23 15:00:00,2.8,448.0,1.12,4.7,-1.1,125439999.99999999
2026-04-23 16:00:00,2.7,435.0,1.02,4.4,-1.1,117450000.0
2026-04-23 17:00:00,2.8,433.0,1.05,4.3,-1.8,121239999.99999999
2026-04-23 18:00:00,2.9,435.0,1.1,4.3,-1.0,126150000.0
2026-04-23 19:00:00,3.2,430.0,1.18,4.2,1.3,137600000.0
2026-04-23 20:00:00,2.9,441.0,1.13,4.2,3.0,127889999.99999999
2026-04-23 21:00:00,3.9,433.0,1.46,3.7,1.1,168870000.0
2026-04-23 22:00:00,3.8,427.0,1.39,3.7,0.0,162260000.0
2026-04-23 23:00:00,3.3,424.0,1.19,3.4,-1.1,139919999.99999997
2026-04-24 00:00:00,3.0,414.0,1.03,3.6,-0.6,124200000.0
2026-04-24 01:00:00,2.8,414.0,0.96,3.5,-2.1,115919999.99999999
2026-04-24 02:00:00,2.9,405.0,0.95,3.5,-0.2,117450000.0
2026-04-24 03:00:00,2.9,397.0,0.91,3.2,0.8,115130000.0
2026-04-24 04:00:00,3.1,393.0,0.96,3.7,0.5,121830000.0
2026-04-24 05:00:00,3.1,391.0,0.95,3.8,-0.4,121210000.00000001
2026-04-24 06:00:00,3.6,385.0,1.07,4.0,-1.7,138600000.0
2026-04-24 07:00:00,3.5,397.0,1.1,4.2,-2.9,138950000.0
2026-04-24 08:00:00,3.6,399.0,1.15,4.3,-2.0,143640000.0
2026-04-24 09:00:00,3.9,394.0,1.21,4.1,-2.0,153660000.0
2026-04-24 10:00:00,4.2,391.0,1.28,4.0,0.8,164220000.0
2026-04-24 11:00:00,4.2,386.0,1.25,4.1,2.9,162120000.0
2026-04-24 12:00:00,4.3,392.0,1.32,4.1,-1.0,168560000.0
2026-04-24 13:00:00,4.5,384.0,1.33,4.3,1.2,172800000.0
2026-04-24 14:00:00,4.7,391.0,1.44,4.6,0.2,183770000.0
2026-04-24 15:00:00,5.4,380.0,1.56,4.8,1.4,205200000.0
2026-04-24 16:00:00,5.2,372.0,1.44,5.7,-0.8,193440000.0
2026-04-24 17:00:00,5.0,371.0,1.38,6.2,-4.4,185500000.0
2026-04-24 18:00:00,5.6,378.0,1.6,6.4,-5.3,211679999.99999997
2026-04-24 19:00:00,7.2,388.0,2.17,6.6,-6.1,279360000.0
2026-04-24 20:00:00,6.9,386.0,2.06,6.6,-5.0,266340000.0
2026-04-24 21:00:00,8.3,392.0,2.55,6.5,-4.9,325360000.00000006
2026-04-24 22:00:00,10.4,396.0,3.26,6.4,-5.5,411840000.00000006
2026-04-24 23:00:00,11.1,390.0,3.38,7.5,-4.1,432900000.0
2026-04-25 00:00:00,11.1,395.0,3.46,7.5,2.0,438450000.0
2026-04-25 01:00:00,11.2,418.0,3.91,7.5,3.3,468159999.99999994
2026-04-25 02:00:00,5.3,411.0,1.79,8.7,7.4,217829999.99999997
2026-04-25 03:00:00,5.6,424.0,2.01,7.7,3.3,237439999.99999997
2026-04-25 04:00:00,5.4,430.0,2.0,7.8,1.4,232200000.0
2026-04-25 05:00:00,5.1,431.0,1.89,7.4,3.3,219810000.0
2026-04-25 06:00:00,5.6,436.0,2.13,6.5,4.1,244160000.0
2026-04-25 07:00:00,5.8,423.0,2.08,5.2,3.6,245340000.0
2026-04-25 08:00:00,5.0,429.0,1.84,5.7,3.2,214500000.0
2026-04-25 09:00:00,5.2,418.0,1.82,5.0,2.8,217360000.0
2026-04-25 10:00:00,4.9,411.0,1.66,5.2,0.7,201390000.0
2026-04-25 11:00:00,5.1,399.0,1.62,5.8,-0.1,203490000.0
2026-04-25 12:00:00,5.3,401.0,1.7,5.5,2.0,212529999.99999997
2026-04-25 13:00:00,5.3,397.0,1.67,4.8,3.1,210410000.0
2026-04-25 14:00:00,6.7,394.0,2.08,3.1,0.4,263980000.00000003
2026-04-25 15:00:00,6.9,376.0,1.95,5.3,1.2,259440000.0
2026-04-25 16:00:00,8.1,371.0,2.23,5.8,0.1,300510000.0
2026-04-25 17:00:00,11.3,368.0,3.06,6.2,-3.3,415840000.00000006
2026-04-25 18:00:00,12.7,380.0,3.67,6.1,-2.2,482600000.0
2026-04-25 19:00:00,12.9,384.0,3.8,6.6,-4.2,495360000.00000006
2026-04-25 20:00:00,11.2,396.0,3.51,9.0,-3.2,443520000.0
2026-04-25 21:00:00,4.5,410.0,1.51,10.8,-7.5,184500000.0
2026-04-25 22:00:00,5.8,421.0,2.06,9.6,-3.9,244179999.99999997
2026-04-25 23:00:00,7.0,420.0,2.47,8.7,1.3,294000000.0
2026-04-26 00:00:00,8.0,419.0,2.81,8.2,0.7,335200000.0
2026-04-26 01:00:00,8.6,418.0,3.01,7.4,-0.8,359480000.0
2026-04-26 02:00:00,9.7,420.0,3.42,8.1,-1.5,407399999.99999994
2026-04-26 03:00:00,11.9,440.0,4.61,10.6,-0.1,523600000.0
2026-04-26 04:00:00,10.7,464.0,4.61,12.1,8.6,496479999.99999994
2026-04-26 05:00:00,7.6,463.0,3.26,10.6,5.7,351880000.0
2026-04-26 06:00:00,8.1,474.0,3.64,8.0,3.2,383939999.99999994
2026-04-26 07:00:00,7.7,483.0,3.59,8.2,0.8,371910000.0
2026-04-26 08:00:00,8.3,487.0,3.94,7.5,-3.9,404210000.00000006
2026-04-26 09:00:00,7.5,464.0,3.23,8.0,3.0,348000000.0
2026-04-26 10:00:00,6.8,456.0,2.83,7.9,2.2,310080000.0
2026-04-26 11:00:00,6.5,459.0,2.74,8.2,4.3,298350000.0
2026-04-26 12:00:00,7.1,459.0,2.99,7.9,4.6,325889999.99999994
2026-04-26 13:00:00,7.3,454.0,3.01,8.0,1.9,331420000.0
2026-04-26 14:00:00,6.9,438.0,2.65,7.8,1.2,302220000.0
2026-04-26 15:00:00,7.1,449.0,2.86,7.4,2.4,318789999.99999994
2026-04-26 16:00:00,6.8,457.0,2.84,7.4,5.2,310760000.0
2026-04-26 17:00:00,7.1,456.0,2.95,7.2,5.7,323760000.0
2026-04-26 18:00:00,9.0,455.0,3.73,6.3,4.3,409500000.0
2026-04-26 19:00:00,15.2,474.0,6.83,3.5,0.9,720479999.9999999
2026-04-26 20:00:00,15.6,475.0,7.04,3.3,-0.4,741000000.0
2026-04-26 21:00:00,14.4,472.0,6.42,4.1,-2.0,679680000.0
2026-04-26 22:00:00,13.1,463.0,5.62,3.6,-2.4,606530000.0
2026-04-26 23:00:00,10.6,454.0,4.37,5.1,-2.2,481239999.99999994
2026-04-27 00:00:00,9.3,456.0,3.87,4.7,-1.3,424080000.0
2026-04-27 01:00:00,11.3,455.0,4.68,2.4,-0.8,514150000.0
2026-04-27 02:00:00,5.8,441.0,2.26,4.7,2.1,255779999.99999997
2026-04-27 03:00:00,4.6,450.0,1.86,5.7,4.4,207000000.0
2026-04-27 04:00:00,4.6,449.0,1.85,5.3,2.1,206539999.99999997
2026-04-27 05:00:00,4.3,436.0,1.63,6.2,1.0,187480000.0
2026-04-27 06:00:00,4.5,439.0,1.73,4.8,-0.4,197550000.0
2026-04-27 07:00:00,4.3,441.0,1.67,4.4,-2.7,189630000.0
2026-04-27 08:00:00,4.6,438.0,1.76,4.2,-0.1,201480000.0
2026-04-27 09:00:00,4.8,444.0,1.89,4.2,2.2,213119999.99999997
2026-04-27 10:00:00,5.4,441.0,2.1,3.2,1.0,238140000.0
2026-04-27 11:00:00,4.8,450.0,1.94,3.1,1.6,216000000.0
2026-04-27 12:00:00,5.3,440.0,2.05,2.6,-0.3,233200000.0
2026-04-27 13:00:00,5.4,446.0,2.15,2.5,0.9,240840000.0
2026-04-27 14:00:00,5.6,440.0,2.17,3.2,2.0,246400000.0
2026-04-27 15:00:00,5.6,438.0,2.15,3.7,0.4,245279999.99999997
2026-04-27 16:00:00,5.4,437.0,2.06,3.3,-1.7,235980000.00000003
2026-04-27 17:00:00,5.6,432.0,2.09,3.5,-0.3,241919999.99999997
2026-04-27 18:00:00,5.8,428.0,2.12,3.5,1.3,248240000.0
2026-04-27 19:00:00,5.1,445.0,2.02,3.6,1.4,226950000.0
2026-04-27 20:00:00,5.3,448.0,2.13,3.6,0.3,237440000.0
2026-04-27 21:00:00,5.4,447.0,2.16,3.7,0.7,241380000.00000003
2026-04-27 22:00:00,5.0,432.0,1.87,3.7,1.6,216000000.0
2026-04-27 23:00:00,5.0,421.0,1.77,4.1,1.1,210500000.0
2026-04-28 00:00:00,4.5,418.0,1.57,4.6,3.4,188100000.0
2026-04-28 01:00:00,4.8,415.0,1.65,4.1,2.8,199200000.0
2026-04-28 02:00:00,4.8,410.0,1.61,3.7,2.6,196800000.0
2026-04-28 03:00:00,4.4,406.0,1.45,4.0,2.8,178640000.0
2026-04-28 04:00:00,5.1,391.0,1.56,4.1,-0.8,199410000.0
2026-04-28 05:00:00,5.0,384.0,1.47,3.4,1.7,192000000.0
2026-04-28 06:00:00,4.9,382.0,1.43,3.3,2.1,187180000.00000003
2026-04-28 07:00:00,4.8,384.0,1.42,3.8,3.1,184319999.99999997
2026-04-28 08:00:00,4.9,378.0,1.4,3.5,2.7,185220000.0
2026-04-28 09:00:00,5.0,377.0,1.42,3.5,2.8,188500000.0
2026-04-28 10:00:00,5.2,369.0,1.42,3.1,2.3,191880000.0
2026-04-28 11:00:00,5.2,363.0,1.37,3.1,1.5,188760000.0
2026-04-28 12:00:00,5.5,359.0,1.42,3.2,1.1,197450000.0
2026-04-28 13:00:00,5.2,358.0,1.33,3.3,0.4,186160000.0
2026-04-28 14:00:00,5.5,357.0,1.4,3.3,1.2,196350000.0
2026-04-28 15:00:00,5.3,360.0,1.37,3.3,2.4,190800000.0
2026-04-28 16:00:00,5.4,359.0,1.39,3.2,2.2,193860000.0
2026-04-28 17:00:00,5.6,354.0,1.4,3.2,1.5,198240000.0
2026-04-28 18:00:00,5.5,355.0,1.39,3.8,2.7,195250000.0
2026-04-28 19:00:00,5.3,354.0,1.33,4.1,3.2,187620000.0
2026-04-28 20:00:00,5.5,354.0,1.38,3.6,2.4,194700000.0
2026-04-28 21:00:00,6.6,353.0,1.64,2.4,1.3,232979999.99999997
2026-04-28 22:00:00,6.7,354.0,1.68,3.0,1.1,237180000.00000003
2026-04-28 23:00:00,6.8,349.0,1.66,2.9,2.3,237319999.99999997
2026-04-29 00:00:00,6.7,350.0,1.64,2.7,1.6,234500000.0
2026-04-29 01:00:00,7.2,341.0,1.67,2.6,1.5,245520000.00000003
2026-04-29 02:00:00,6.6,338.0,1.51,3.0,2.0,223079999.99999997
2026-04-29 03:00:00,8.0,343.0,1.88,3.1,1.7,274400000.0
2026-04-29 04:00:00,8.6,341.0,2.0,3.7,0.3,293260000.0
2026-04-29 05:00:00,9.0,338.0,2.06,3.5,-0.7,304200000.0
2026-04-29 06:00:00,9.0,339.0,2.07,3.7,-0.9,305100000.0
2026-04-29 07:00:00,10.0,337.0,2.27,3.2,-0.2,337000000.0
2026-04-29 08:00:00,10.5,334.0,2.34,3.2,0.1,350700000.0
2026-04-29 09:00:00,10.8,332.0,2.38,3.4,-0.1,358560000.00000006
2026-04-29 10:00:00,11.5,330.0,2.5,3.5,-0.9,379500000.0
2026-04-29 11:00:00,12.1,328.0,2.6,3.4,-0.1,396880000.0
2026-04-29 12:00:00,14.2,326.0,3.02,2.8,-0.8,462920000.0
2026-04-29 13:00:00,15.6,322.0,3.23,3.2,-2.0,502320000.0
2026-04-29 14:00:00,16.0,320.0,3.28,3.5,-2.5,512000000.0
2026-04-29 15:00:00,17.0,321.0,3.5,3.5,-3.3,545700000.0
2026-04-29 16:00:00,17.2,320.0,3.52,3.7,-3.2,550400000.0
2026-04-29 17:00:00,15.0,319.0,3.05,4.3,-2.3,478500000.0
2026-04-29 18:00:00,13.2,324.0,2.77,5.2,0.3,427680000.0
2026-04-29 19:00:00,,,,2.9,1.6,
2026-04-29 20:00:00,18.7,323.0,3.9,3.3,2.0,604010000.0
2026-04-29 21:00:00,16.2,325.0,3.42,4.7,2.6,526500000.0
2026-04-29 22:00:00,11.5,322.0,2.38,6.4,1.6,370300000.0
2026-04-29 23:00:00,12.7,321.0,2.62,6.7,-2.7,407670000.0
2026-04-30 00:00:00,10.0,336.0,2.26,7.5,0.7,336000000.0
2026-04-30 01:00:00,9.3,346.0,2.23,7.3,-2.2,321780000.0
2026-04-30 02:00:00,8.1,342.0,1.89,7.6,-0.0,277020000.0
2026-04-30 03:00:00,8.4,356.0,2.13,6.9,2.0,299040000.0
2026-04-30 04:00:00,7.7,350.0,1.89,7.5,-2.2,269500000.0
2026-04-30 05:00:00,7.8,343.0,1.84,7.4,-1.2,267540000.0
2026-04-30 06:00:00,9.3,350.0,2.28,6.2,0.8,325500000.00000006
2026-04-30 07:00:00,9.2,363.0,2.42,7.5,1.6,333960000.0
2026-04-30 08:00:00,9.0,373.0,2.5,7.8,1.1,335700000.0
2026-04-30 09:00:00,7.9,376.0,2.23,8.3,1.7,297040000.0
2026-04-30 10:00:00,7.8,371.0,2.15,8.3,-0.5,289380000.0
2026-04-30 11:00:00,7.5,372.0,2.08,8.4,-3.9,279000000.0
2026-04-30 12:00:00,4.5,363.0,1.19,10.9,-5.8,163350000.0
2026-04-30 13:00:00,3.8,375.0,1.07,11.4,-5.8,142500000.0
2026-04-30 14:00:00,3.7,366.0,0.99,11.5,-4.5,135420000.0
2026-04-30 15:00:00,3.7,371.0,1.02,11.9,-2.6,137270000.0
2026-04-30 16:00:00,2.7,380.0,0.78,13.2,-3.6,102600000.0
2026-04-30 17:00:00,1.0,383.0,0.29,13.9,-1.5,38300000.0
2026-04-30 18:00:00,1.2,394.0,0.37,13.6,-8.7,47279999.99999999
2026-04-30 19:00:00,2.7,433.0,1.01,11.8,0.4,116910000.00000001
2026-04-30 20:00:00,3.7,465.0,1.6,10.3,-9.7,172050000.0
2026-04-30 21:00:00,5.0,485.0,2.35,10.8,-8.7,242500000.0
2026-04-30 22:00:00,7.0,489.0,3.35,9.5,-4.0,342300000.0
2026-04-30 23:00:00,8.3,486.0,3.92,8.4,-0.1,403380000.0
2026-05-01 00:00:00,8.1,492.0,3.92,8.5,-3.7,398520000.0
2026-05-01 01:00:00,7.0,486.0,3.31,8.4,-2.7,340200000.0
2026-05-01 02:00:00,6.4,501.0,3.21,8.0,-5.2,320640000.0
2026-05-01 03:00:00,6.7,503.0,3.39,6.4,-1.7,337010000.0
2026-05-01 04:00:00,6.7,486.0,3.17,6.7,-2.8,325620000.0
2026-05-01 05:00:00,6.3,483.0,2.94,6.0,-2.0,304290000.0
2026-05-01 06:00:00,5.5,480.0,2.53,5.5,-2.1,264000000.0
2026-05-01 07:00:00,4.8,499.0,2.39,6.2,-2.1,239519999.99999997
2026-05-01 08:00:00,4.0,488.0,1.91,6.3,2.9,195200000.0
2026-05-01 09:00:00,4.2,477.0,1.91,5.9,-0.8,200340000.0
2026-05-01 10:00:00,3.5,445.0,1.39,5.9,-0.1,155750000.0
2026-05-01 11:00:00,3.7,450.0,1.5,4.9,-0.1,166500000.0
2026-05-01 12:00:00,3.4,455.0,1.41,4.6,1.8,154700000.0
2026-05-01 13:00:00,3.0,458.0,1.26,4.9,2.7,137400000.0
2026-05-01 14:00:00,3.3,451.0,1.34,4.8,1.7,148830000.0
2026-05-01 15:00:00,3.3,453.0,1.35,5.5,-2.3,149490000.0
2026-05-01 16:00:00,3.2,436.0,1.22,5.4,-0.9,139520000.0
2026-05-01 17:00:00,3.3,443.0,1.3,5.4,-4.4,146190000.0
2026-05-01 18:00:00,3.3,449.0,1.33,4.9,-4.1,148169999.99999997
2026-05-01 19:00:00,3.4,441.0,1.32,4.4,-1.4,149940000.0
2026-05-01 20:00:00,3.4,453.0,1.4,4.7,-1.6,154020000.0
2026-05-01 21:00:00,3.6,439.0,1.39,4.5,0.0,158040000.0
2026-05-01 22:00:00,3.8,445.0,1.5,4.9,-0.8,169100000.0
2026-05-01 23:00:00,3.8,446.0,1.51,4.5,-1.7,169480000.0
2026-05-02 00:00:00,3.6,452.0,1.47,4.6,-0.0,162720000.0
2026-05-02 01:00:00,3.6,446.0,1.43,4.1,-2.9,160560000.0
2026-05-02 02:00:00,3.7,431.0,1.37,4.0,-1.0,159470000.0
2026-05-02 03:00:00,3.6,440.0,1.39,4.0,1.5,158400000.0
2026-05-02 04:00:00,3.7,435.0,1.4,3.6,1.0,160950000.0
2026-05-02 05:00:00,3.7,435.0,1.4,3.9,-0.0,160950000.0
2026-05-02 06:00:00,3.7,428.0,1.36,4.3,-0.0,158360000.0
2026-05-02 07:00:00,3.6,438.0,1.38,4.2,2.7,157680000.0
2026-05-02 08:00:00,3.8,436.0,1.44,4.3,2.2,165680000.0
2026-05-02 09:00:00,3.8,431.0,1.41,4.1,2.0,163780000.0
2026-05-02 10:00:00,3.9,426.0,1.42,4.7,0.2,166140000.0
2026-05-02 11:00:00,3.9,429.0,1.44,4.7,-0.6,167310000.0
2026-05-02 12:00:00,4.0,424.0,1.44,4.7,2.1,169600000.0
2026-05-02 13:00:00,3.9,422.0,1.39,4.9,1.6,164580000.0
2026-05-02 14:00:00,4.4,424.0,1.58,3.8,0.8,186560000.0
2026-05-02 15:00:00,4.5,421.0,1.6,5.0,0.2,189450000.0
2026-05-02 16:00:00,4.5,422.0,1.6,5.1,-1.0,189900000.0
2026-05-02 17:00:00,4.6,420.0,1.62,5.1,-0.2,193199999.99999997
2026-05-02 18:00:00,4.2,436.0,1.6,4.8,0.9,183120000.0
2026-05-02 19:00:00,4.1,413.0,1.4,5.0,-2.0,169330000.0
2026-05-02 20:00:00,4.0,425.0,1.44,4.9,-3.2,170000000.0
2026-05-02 21:00:00,4.4,416.0,1.52,4.9,2.1,183040000.0
2026-05-02 22:00:00,3.7,409.0,1.24,4.7,-1.1,151330000.00000003
2026-05-02 23:00:00,3.9,411.0,1.32,5.1,-3.1,160290000.0
2026-05-03 00:00:00,3.4,421.0,1.21,5.3,-3.8,143140000.0
2026-05-03 01:00:00,3.3,433.0,1.24,5.5,-5.0,142890000.0
2026-05-03 02:00:00,3.5,420.0,1.23,5.3,-3.6,147000000.0
2026-05-03 03:00:00,4.2,409.0,1.41,5.2,-2.1,171780000.00000003
2026-05-03 04:00:00,4.2,405.0,1.38,5.1,-1.0,170100000.0
2026-05-03 05:00:00,3.7,420.0,1.31,4.4,1.0,155400000.0
2026-05-03 06:00:00,4.3,430.0,1.59,3.1,1.2,184900000.0
2026-05-03 07:00:00,4.0,426.0,1.45,3.1,-1.3,170400000.0
2026-05-03 08:00:00,3.7,422.0,1.32,3.5,-1.1,156140000.0
2026-05-03 09:00:00,3.8,417.0,1.32,3.7,0.1,158460000.0
2026-05-03 10:00:00,3.9,415.0,1.34,3.4,-0.7,161850000.0
2026-05-03 11:00:00,3.9,417.0,1.36,3.5,-0.0,162630000.0
2026-05-03 12:00:00,3.6,426.0,1.31,3.7,-2.3,153360000.0
2026-05-03 13:00:00,3.3,431.0,1.23,4.2,-3.6,142230000.0
2026-05-03 14:00:00,3.5,414.0,1.2,4.3,-1.7,144900000.0
2026-05-03 15:00:00,3.6,402.0,1.16,4.3,1.0,144720000.0
2026-05-03 16:00:00,3.6,401.0,1.16,4.3,-0.8,144360000.0
2026-05-03 17:00:00,3.6,400.0,1.15,4.0,0.7,144000000.0
2026-05-03 18:00:00,3.8,408.0,1.27,4.0,-0.3,155040000.0
2026-05-03 19:00:00,3.6,415.0,1.24,4.1,-3.1,149400000.0
2026-05-03 20:00:00,3.6,407.0,1.19,4.1,-2.9,146520000.0
2026-05-03 21:00:00,3.5,387.0,1.05,4.3,-0.5,135450000.0
2026-05-03 22:00:00,3.4,392.0,1.04,4.2,-0.4,133280000.0
2026-05-03 23:00:00,3.5,394.0,1.09,4.0,-1.3,137900000.0
2026-05-04 00:00:00,3.5,402.0,1.13,4.2,-2.2,140700000.0
2026-05-04 01:00:00,3.6,408.0,1.2,4.3,-2.2,146880000.0
2026-05-04 02:00:00,3.8,390.0,1.16,4.3,-0.2,148200000.0
2026-05-04 03:00:00,3.6,387.0,1.08,4.3,-0.1,139320000.0
2026-05-04 04:00:00,3.5,397.0,1.1,4.4,-0.4,138950000.0
2026-05-04 05:00:00,5.6,428.0,2.05,6.4,-0.2,239679999.99999997
2026-05-04 06:00:00,6.4,413.0,2.18,7.7,-0.3,264320000.00000003
2026-05-04 07:00:00,8.3,409.0,2.78,7.7,1.7,339470000.0
2026-05-04 08:00:00,9.4,387.0,2.82,7.4,-0.8,363780000.0
2026-05-04 09:00:00,10.0,377.0,2.84,7.6,-2.2,377000000.0
2026-05-04 10:00:00,12.2,397.0,3.85,7.7,-2.9,484339999.99999994
2026-05-04 11:00:00,15.7,410.0,5.28,7.3,-0.6,643700000.0
2026-05-04 12:00:00,13.5,405.0,4.43,8.1,0.9,546750000.0
2026-05-04 13:00:00,12.4,420.0,4.37,8.0,3.1,520800000.0
2026-05-04 14:00:00,12.1,422.0,4.31,9.0,2.8,510620000.0
2026-05-04 15:00:00,12.9,404.0,4.21,9.8,0.0,521160000.00000006
2026-05-04 16:00:00,11.5,426.0,4.17,9.9,-9.5,489900000.0
2026-05-04 17:00:00,10.6,419.0,3.72,10.0,-9.5,444139999.99999994
2026-05-04 18:00:00,10.9,424.0,3.92,9.2,-8.8,462160000.00000006
2026-05-04 19:00:00,9.9,420.0,3.49,9.4,-8.7,415800000.0
2026-05-04 20:00:00,9.0,420.0,3.18,8.6,-7.7,378000000.0
2026-05-04 21:00:00,6.3,421.0,2.23,8.6,-6.3,265229999.99999997
2026-05-04 22:00:00,5.5,415.0,1.89,8.6,-5.3,228250000.0
2026-05-04 23:00:00,2.9,412.0,0.98,10.8,-8.1,119480000.0
2026-05-05 00:00:00,2.6,429.0,0.96,11.6,-7.6,111540000.00000001
2026-05-05 01:00:00,1.9,437.0,0.73,11.6,-6.4,83030000.0
2026-05-05 02:00:00,2.0,434.0,0.75,11.4,-5.4,86800000.0
2026-05-05 03:00:00,2.7,428.0,0.99,11.4,-3.4,115560000.00000001
2026-05-05 04:00:00,3.2,420.0,1.13,11.6,-3.3,134400000.0
2026-05-05 05:00:00,3.6,416.0,1.25,11.7,-2.2,149760000.0
2026-05-05 06:00:00,4.5,408.0,1.5,11.6,-1.5,183600000.0
2026-05-05 07:00:00,6.8,416.0,2.35,11.4,0.6,282880000.0
2026-05-05 08:00:00,4.7,409.0,1.57,11.6,0.5,192230000.00000003
2026-05-05 09:00:00,5.1,399.0,1.62,11.4,1.4,203490000.0
2026-05-05 10:00:00,3.2,402.0,1.03,11.6,0.2,128640000.00000001
2026-05-05 11:00:00,2.6,406.0,0.86,11.7,2.3,105560000.00000001
2026-05-05 12:00:00,3.4,395.0,1.06,11.5,3.3,134300000.0
2026-05-05 13:00:00,4.6,391.0,1.41,11.3,4.0,179860000.0
2026-05-05 14:00:00,3.2,395.0,1.0,11.7,3.2,126400000.0
2026-05-05 15:00:00,3.6,389.0,1.09,11.5,3.2,140040000.0
2026-05-05 16:00:00,4.9,381.0,1.42,11.1,4.4,186690000.0
2026-05-05 17:00:00,5.8,379.0,1.67,10.7,5.6,219819999.99999997
2026-05-05 18:00:00,7.4,379.0,2.13,10.3,6.7,280460000.0
2026-05-05 19:00:00,7.8,376.0,2.21,10.0,6.7,293280000.0
2026-05-05 20:00:00,4.7,372.0,1.3,10.2,7.4,174840000.0
2026-05-05 21:00:00,4.0,366.0,1.07,10.1,8.5,146400000.0
2026-05-05 22:00:00,5.6,360.0,1.45,9.3,8.8,201599999.99999997
2026-05-05 23:00:00,5.4,354.0,1.35,9.1,9.0,191160000.0
2026-05-06 00:00:00,4.8,348.0,1.16,9.4,9.2,167040000.0
2026-05-06 01:00:00,5.6,346.0,1.34,9.1,8.7,193760000.0
2026-05-06 02:00:00,4.5,352.0,1.12,8.9,8.6,158400000.0
2026-05-06 03:00:00,6.2,357.0,1.58,8.1,7.9,221340000.0
2026-05-06 04:00:00,5.8,357.0,1.48,7.6,7.6,207060000.0
2026-05-06 05:00:00,7.0,357.0,1.78,6.3,5.8,249900000.0
2026-05-06 06:00:00,4.8,356.0,1.22,7.7,7.3,170880000.0
2026-05-06 07:00:00,5.0,350.0,1.22,7.3,6.8,175000000.0
2026-05-06 08:00:00,5.7,361.0,1.49,6.5,6.1,205770000.00000003
2026-05-06 09:00:00,4.0,368.0,1.08,7.3,6.6,147200000.0
2026-05-06 10:00:00,5.6,362.0,1.47,6.0,5.7,202719999.99999997
2026-05-06 11:00:00,5.7,359.0,1.47,5.8,5.5,204630000.0
2026-05-06 12:00:00,5.6,364.0,1.48,6.1,5.3,203840000.0
2026-05-06 13:00:00,5.3,358.0,1.36,6.4,5.3,189740000.0
2026-05-06 14:00:00,4.6,357.0,1.17,6.9,5.9,164219999.99999997
2026-05-06 15:00:00,4.6,363.0,1.21,6.6,6.0,166980000.0
2026-05-06 16:00:00,4.7,367.0,1.27,6.7,6.2,172490000.0
2026-05-06 17:00:00,5.1,378.0,1.46,6.9,6.7,192780000.0
2026-05-06 18:00:00,6.7,380.0,1.93,7.0,6.0,254600000.0
2026-05-06 19:00:00,7.4,375.0,2.08,6.5,5.8,277500000.0
2026-05-06 20:00:00,8.7,365.0,2.32,5.2,1.1,317549999.99999994
2026-05-06 21:00:00,8.4,370.0,2.3,5.3,1.6,310800000.0
2026-05-06 22:00:00,7.9,362.0,2.07,4.9,3.8,285980000.0
2026-05-06 23:00:00,7.0,375.0,1.97,6.3,5.0,262500000.0
2026-05-07 00:00:00,6.7,371.0,1.84,5.9,4.6,248570000.00000003
2026-05-07 01:00:00,6.8,362.0,1.78,4.8,3.4,246160000.0
2026-05-07 02:00:00,6.8,362.0,1.78,4.1,2.9,246160000.0
2026-05-07 03:00:00,6.8,355.0,1.71,4.4,3.9,241400000.0
2026-05-07 04:00:00,6.3,356.0,1.6,4.8,3.7,224279999.99999997
2026-05-07 05:00:00,6.1,343.0,1.44,4.7,2.4,209229999.99999997
2026-05-07 06:00:00,5.7,338.0,1.3,4.9,3.4,192660000.0
2026-05-07 07:00:00,5.6,336.0,1.26,5.1,3.0,188160000.0
2026-05-07 08:00:00,5.4,329.0,1.17,5.0,1.8,177660000.0
2026-05-07 09:00:00,5.5,328.0,1.18,5.0,1.9,180400000.0
2026-05-07 10:00:00,5.5,330.0,1.2,5.1,3.0,181500000.0
2026-05-07 11:00:00,8.0,337.0,1.82,5.3,2.4,269600000.0
2026-05-07 12:00:00,10.7,342.0,2.5,5.4,1.8,365939999.99999994
2026-05-07 13:00:00,12.5,344.0,2.96,5.5,1.6,430000000.0
2026-05-07 14:00:00,16.8,337.0,3.82,3.7,-0.8,566160000.0
2026-05-07 15:00:00,17.6,330.0,3.83,4.0,0.3,580800000.0000001
2026-05-07 16:00:00,31.8,352.0,7.88,7.7,1.3,1119360000.0
2026-05-07 17:00:00,40.6,381.0,11.79,14.2,9.5,1546860000.0
2026-05-07 18:00:00,36.7,384.0,10.82,15.4,11.7,1409280000.0
2026-05-07 19:00:00,17.2,406.0,5.67,18.3,4.6,698320000.0
2026-05-07 20:00:00,8.5,393.0,2.63,18.6,2.6,334050000.0
2026-05-07 21:00:00,9.1,393.0,2.81,18.2,0.5,357630000.0
2026-05-07 22:00:00,8.9,387.0,2.67,17.4,0.2,344430000.0
2026-05-07 23:00:00,10.7,396.0,3.36,15.9,0.8,423720000.0
2026-05-08 00:00:00,11.7,396.0,3.67,15.8,0.2,463320000.0
2026-05-08 01:00:00,12.3,401.0,3.96,18.0,6.1,493230000.0
2026-05-08 02:00:00,11.9,417.0,4.14,18.9,6.2,496230000.0
2026-05-08 03:00:00,10.2,409.0,3.41,18.6,11.2,417179999.99999994
2026-05-08 04:00:00,8.8,412.0,2.99,18.2,6.6,362560000.00000006
2026-05-08 05:00:00,8.6,407.0,2.85,18.1,9.1,350020000.0
2026-05-08 06:00:00,13.1,430.0,4.84,17.5,10.6,563300000.0
2026-05-08 07:00:00,17.5,429.0,6.44,15.0,7.8,750750000.0
2026-05-08 08:00:00,14.7,459.0,6.19,12.5,2.1,674729999.9999999
2026-05-08 09:00:00,8.3,501.0,4.17,14.0,0.0,415830000.0
2026-05-08 10:00:00,7.7,518.0,4.13,13.3,4.2,398860000.0
2026-05-08 11:00:00,7.8,549.0,4.7,9.0,3.9,428220000.0
2026-05-08 12:00:00,6.2,531.0,3.5,8.9,3.1,329220000.0
2026-05-08 13:00:00,5.2,540.0,3.03,8.5,1.7,280800000.0
2026-05-08 14:00:00,3.8,532.0,2.15,8.6,1.7,202160000.0
2026-05-08 15:00:00,4.2,523.0,2.3,6.0,-0.3,219660000.0
2026-05-08 16:00:00,4.7,550.0,2.84,4.2,-3.7,258500000.0
2026-05-08 17:00:00,4.7,547.0,2.81,4.6,-2.8,257090000.0
2026-05-08 18:00:00,4.6,544.0,2.72,4.4,1.0,250239999.99999997
2026-05-08 19:00:00,4.1,533.0,2.33,4.5,3.2,218529999.99999997
2026-05-08 20:00:00,4.6,534.0,2.62,4.1,-0.7,245639999.99999997
2026-05-08 21:00:00,4.4,541.0,2.58,4.6,-0.7,238040000.0
2026-05-08 22:00:00,4.0,543.0,2.36,4.9,1.5,217200000.0
2026-05-08 23:00:00,4.3,534.0,2.45,5.5,2.0,229619999.99999997
2026-05-09 00:00:00,4.3,531.0,2.42,4.9,0.5,228329999.99999997
2026-05-09 01:00:00,5.6,532.0,3.17,4.5,0.3,297920000.0
2026-05-09 02:00:00,6.1,527.0,3.39,4.6,-0.7,321470000.0
2026-05-09 03:00:00,5.7,530.0,3.2,5.1,0.5,302100000.0
2026-05-09 04:00:00,5.2,544.0,3.08,4.0,2.3,282880000.0
2026-05-09 05:00:00,4.4,535.0,2.52,4.5,1.9,235400000.0
2026-05-09 06:00:00,3.7,537.0,2.13,4.0,1.8,198690000.0
2026-05-09 07:00:00,3.0,525.0,1.65,3.9,3.1,157500000.0
2026-05-09 08:00:00,3.4,525.0,1.87,4.3,2.1,178500000.0
2026-05-09 09:00:00,3.1,520.0,1.68,2.4,0.8,161200000.0
2026-05-09 10:00:00,2.7,512.0,1.42,2.5,0.1,138240000.0
2026-05-09 11:00:00,2.5,515.0,1.33,3.0,1.4,128750000.0
2026-05-09 12:00:00,2.8,501.0,1.41,2.7,0.2,140280000.0
2026-05-09 13:00:00,2.8,486.0,1.32,2.3,0.1,136080000.0
2026-05-09 14:00:00,2.8,493.0,1.36,2.4,-0.6,138040000.0
2026-05-09 15:00:00,3.0,491.0,1.45,2.3,0.7,147300000.0
2026-05-09 16:00:00,3.0,485.0,1.41,3.0,-1.8,145500000.0
2026-05-09 17:00:00,3.0,484.0,1.41,2.2,0.3,145200000.0
2026-05-09 18:00:00,2.9,488.0,1.38,2.1,1.0,141520000.0
2026-05-09 19:00:00,2.4,493.0,1.17,3.1,0.7,118320000.0
2026-05-09 20:00:00,2.5,494.0,1.22,2.8,0.3,123500000.0
2026-05-09 21:00:00,2.6,484.0,1.22,2.1,0.5,125840000.00000001
2026-05-09 22:00:00,2.4,483.0,1.12,2.8,1.8,115920000.0
2026-05-09 23:00:00,2.1,475.0,0.95,3.0,1.9,99750000.0
2026-05-10 00:00:00,2.1,463.0,0.9,3.1,1.0,97230000.0
2026-05-10 01:00:00,2.3,462.0,0.98,3.1,0.9,106259999.99999999
2026-05-10 02:00:00,3.0,453.0,1.23,3.1,1.2,135900000.0
2026-05-10 03:00:00,2.8,456.0,1.16,3.4,1.5,127680000.0
2026-05-10 04:00:00,3.5,438.0,1.34,3.6,2.1,153300000.0
2026-05-10 05:00:00,4.6,442.0,1.8,4.1,0.4,203319999.99999997
2026-05-10 06:00:00,5.3,435.0,2.01,3.3,-0.3,230550000.0
2026-05-10 07:00:00,4.9,440.0,1.9,3.7,0.3,215600000.0
2026-05-10 08:00:00,4.8,434.0,1.81,4.1,0.2,208319999.99999997
2026-05-10 09:00:00,5.1,439.0,1.97,4.2,1.0,223889999.99999997
2026-05-10 10:00:00,4.7,433.0,1.76,4.4,0.4,203510000.0
2026-05-10 11:00:00,4.8,430.0,1.78,4.5,0.2,206400000.0
2026-05-10 12:00:00,5.1,413.0,1.74,4.3,1.0,210629999.99999997
2026-05-10 13:00:00,5.2,416.0,1.8,4.6,-0.6,216320000.00000003
2026-05-10 14:00:00,5.4,425.0,1.95,4.4,1.7,229500000.0
2026-05-10 15:00:00,5.5,420.0,1.94,4.9,0.9,231000000.0
2026-05-10 16:00:00,5.2,404.0,1.7,4.4,0.4,210080000.00000003
2026-05-10 17:00:00,5.6,389.0,1.69,4.5,1.2,217839999.99999997
2026-05-10 18:00:00,5.1,402.0,1.65,4.9,2.0,205019999.99999997
2026-05-10 19:00:00,5.2,403.0,1.69,5.5,2.5,209560000.0
2026-05-10 20:00:00,4.8,402.0,1.55,5.6,1.5,192960000.0
2026-05-10 21:00:00,5.4,395.0,1.69,5.4,0.3,213300000.0
2026-05-10 22:00:00,4.5,405.0,1.48,5.7,3.1,182250000.0
2026-05-10 23:00:00,3.9,404.0,1.27,6.2,3.0,157560000.0
2026-05-11 00:00:00,3.8,383.0,1.11,5.5,-1.3,145540000.0
2026-05-11 01:00:00,3.5,391.0,1.07,5.3,-1.3,136850000.0
2026-05-11 02:00:00,3.9,394.0,1.21,5.5,-0.0,153660000.0
2026-05-11 03:00:00,3.9,390.0,1.19,5.6,-0.2,152100000.0
2026-05-11 04:00:00,4.1,388.0,1.23,5.2,2.2,159080000.0
2026-05-11 05:00:00,4.6,385.0,1.36,5.1,2.4,177099999.99999997
2026-05-11 06:00:00,4.6,383.0,1.35,5.3,1.1,176180000.0
2026-05-11 07:00:00,5.3,364.0,1.4,5.1,-0.3,192920000.0
2026-05-11 08:00:00,5.1,380.0,1.47,5.5,1.0,193799999.99999997
2026-05-11 09:00:00,5.0,394.0,1.55,5.9,1.2,197000000.0
2026-05-11 10:00:00,5.5,383.0,1.61,6.0,-0.2,210650000.0
2026-05-11 11:00:00,5.5,394.0,1.71,6.0,2.2,216700000.0
2026-05-11 12:00:00,5.4,402.0,1.75,6.1,-0.9,217080000.00000003
2026-05-11 13:00:00,6.1,367.0,1.64,6.3,2.1,223869999.99999997
2026-05-11 14:00:00,5.1,371.0,1.4,6.6,-3.9,189210000.0
2026-05-11 15:00:00,4.7,374.0,1.31,6.2,-1.6,175780000.0
2026-05-11 16:00:00,5.0,385.0,1.48,6.2,-0.2,192500000.0
2026-05-11 17:00:00,4.7,382.0,1.37,6.2,1.8,179540000.0
2026-05-11 18:00:00,5.1,388.0,1.54,5.9,-0.7,197880000.0
2026-05-11 19:00:00,4.7,377.0,1.34,6.0,-0.0,177190000.0
2026-05-11 20:00:00,5.0,367.0,1.35,6.0,1.0,183500000.0
2026-05-11 21:00:00,5.0,359.0,1.29,5.9,2.2,179500000.0
2026-05-11 22:00:00,4.7,373.0,1.31,6.0,3.4,175310000.0
2026-05-11 23:00:00,4.7,380.0,1.36,5.9,2.7,178600000.0
2026-05-12 00:00:00,4.6,376.0,1.3,6.0,2.3,172960000.0
2026-05-12 01:00:00,4.7,368.0,1.27,5.9,3.5,172960000.0
2026-05-12 02:00:00,4.7,374.0,1.31,5.9,3.2,175780000.0
2026-05-12 03:00:00,4.9,364.0,1.3,5.6,1.9,178360000.0
2026-05-12 04:00:00,4.9,364.0,1.3,5.5,0.6,178360000.0
2026-05-12 05:00:00,4.8,365.0,1.28,5.7,3.1,175200000.0
2026-05-12 06:00:00,4.8,352.0,1.19,5.7,0.5,168960000.0
2026-05-12 07:00:00,4.6,362.0,1.21,5.6,-0.5,166519999.99999997
2026-05-12 08:00:00,4.7,357.0,1.2,5.5,2.0,167790000.0
2026-05-12 09:00:00,4.5,361.0,1.17,5.5,0.9,162450000.0
2026-05-12 10:00:00,4.4,362.0,1.15,5.7,-0.8,159280000.00000003
2026-05-12 11:00:00,4.5,366.0,1.21,5.6,-1.2,164700000.0
2026-05-12 12:00:00,4.7,371.0,1.29,5.3,-1.3,174370000.0
2026-05-12 13:00:00,4.3,356.0,1.09,5.0,-0.9,153080000.0
2026-05-12 14:00:00,4.0,341.0,0.93,5.1,0.2,136400000.0
2026-05-12 15:00:00,4.2,340.0,0.97,5.1,-2.0,142800000.0
2026-05-12 16:00:00,4.4,336.0,0.99,5.1,-1.0,147840000.0
2026-05-12 17:00:00,4.7,333.0,1.04,5.5,0.3,156510000.0
2026-05-12 18:00:00,4.8,337.0,1.09,5.5,1.8,161760000.0
2026-05-12 19:00:00,5.5,356.0,1.39,5.5,-1.2,195800000.0
2026-05-12 20:00:00,5.3,333.0,1.18,5.8,0.7,176490000.0
2026-05-12 21:00:00,5.6,327.0,1.2,6.2,-1.0,183119999.99999997
2026-05-12 22:00:00,5.6,326.0,1.19,6.2,0.1,182560000.0
2026-05-12 23:00:00,5.6,332.0,1.23,6.2,1.0,185919999.99999997
2026-05-13 00:00:00,6.5,355.0,1.64,6.3,2.8,230750000.0
2026-05-13 01:00:00,6.5,367.0,1.75,6.5,3.5,238550000.0
2026-05-13 02:00:00,6.8,355.0,1.71,6.7,2.4,241400000.0
2026-05-13 03:00:00,6.7,339.0,1.54,6.9,2.0,227130000.00000003
2026-05-13 04:00:00,6.7,347.0,1.61,6.9,1.5,232490000.0
2026-05-13 05:00:00,6.7,347.0,1.61,7.1,0.2,232490000.0
2026-05-13 06:00:00,5.6,342.0,1.31,7.4,0.9,191519999.99999997
2026-05-13 07:00:00,5.0,343.0,1.18,7.5,2.0,171500000.0
2026-05-13 08:00:00,5.4,339.0,1.24,8.0,3.0,183060000.0
2026-05-13 09:00:00,7.9,371.0,2.17,9.9,3.2,293090000.0
2026-05-13 10:00:00,9.6,387.0,2.88,10.6,2.2,371520000.0
2026-05-13 11:00:00,12.7,377.0,3.61,10.9,5.3,478789999.99999994
2026-05-13 12:00:00,10.5,389.0,3.18,11.8,8.7,408450000.0
2026-05-13 13:00:00,9.7,433.0,3.64,10.0,-3.5,420009999.99999994
2026-05-13 14:00:00,10.9,450.0,4.41,8.7,-1.5,490500000.0
2026-05-13 15:00:00,9.9,462.0,4.23,9.0,-5.3,457380000.0
2026-05-13 16:00:00,8.5,448.0,3.41,7.7,3.1,380800000.0
2026-05-13 17:00:00,6.8,474.0,3.06,7.2,3.7,322320000.0
2026-05-13 18:00:00,6.4,487.0,3.04,6.6,2.8,311680000.0
2026-05-13 19:00:00,7.5,489.0,3.59,6.3,-2.2,366750000.0
2026-05-13 20:00:00,7.6,474.0,3.42,7.1,2.6,360239999.99999994
2026-05-13 21:00:00,7.5,467.0,3.27,7.0,0.4,350250000.0
2026-05-13 22:00:00,7.4,467.0,3.23,6.7,-2.8,345580000.0
2026-05-13 23:00:00,6.5,455.0,2.69,6.9,-0.5,295750000.0
2026-05-14 00:00:00,6.5,452.0,2.66,6.7,-0.6,293800000.0
2026-05-14 01:00:00,6.3,455.0,2.61,6.4,-1.8,286650000.0
2026-05-14 02:00:00,6.3,449.0,2.54,6.4,-0.2,282870000.0
2026-05-14 03:00:00,5.7,457.0,2.38,6.9,-0.6,260490000.0
2026-05-14 04:00:00,5.9,448.0,2.37,6.7,3.1,264320000.00000003
2026-05-14 05:00:00,5.6,440.0,2.17,7.0,2.2,246400000.0
2026-05-14 06:00:00,5.4,435.0,2.04,7.2,2.4,234900000.0
2026-05-14 07:00:00,5.6,445.0,2.22,6.9,3.2,249200000.0
2026-05-14 08:00:00,5.9,443.0,2.32,6.2,2.5,261370000.00000003
2026-05-14 09:00:00,6.3,439.0,2.43,5.9,1.4,276570000.0
2026-05-14 10:00:00,6.2,427.0,2.26,5.5,1.5,264740000.0
2026-05-14 11:00:00,5.6,422.0,1.99,6.0,1.1,236319999.99999997
2026-05-14 12:00:00,5.7,417.0,1.98,5.8,-0.6,237690000.0
2026-05-14 13:00:00,6.5,412.0,2.21,5.3,2.5,267800000.0
2026-05-14 14:00:00,6.6,417.0,2.3,5.0,4.5,275220000.0
2026-05-14 15:00:00,6.8,412.0,2.31,4.8,3.7,280160000.0
2026-05-14 16:00:00,8.6,395.0,2.68,4.9,-0.1,339700000.0
2026-05-14 17:00:00,8.6,392.0,2.64,4.9,0.2,337120000.0
2026-05-14 18:00:00,7.9,393.0,2.44,4.7,1.8,310470000.0
2026-05-14 19:00:00,8.4,395.0,2.62,4.4,2.1,331800000.0
2026-05-14 20:00:00,11.1,379.0,3.19,4.2,2.4,420689999.99999994
2026-05-14 21:00:00,10.9,376.0,3.08,4.2,2.7,409840000.00000006
2026-05-14 22:00:00,10.0,392.0,3.07,4.1,-0.9,392000000.0
2026-05-14 23:00:00,8.1,396.0,2.54,5.1,-2.5,320760000.0
2026-05-15 00:00:00,9.2,400.0,2.94,5.9,-1.7,367999999.99999994
2026-05-15 01:00:00,9.7,403.0,3.15,6.8,2.0,390910000.0
2026-05-15 02:00:00,9.7,405.0,3.18,7.1,2.5,392849999.99999994
2026-05-15 03:00:00,11.3,409.0,3.78,8.9,4.6,462170000.00000006
2026-05-15 04:00:00,14.4,401.0,4.63,9.7,-0.2,577440000.0
2026-05-15 05:00:00,15.4,400.0,4.93,9.6,-0.8,616000000.0
2026-05-15 06:00:00,20.0,408.0,6.66,8.5,-0.4,816000000.0
2026-05-15 07:00:00,43.0,433.0,16.12,7.1,-0.1,1861900000.0
2026-05-15 08:00:00,19.4,442.0,7.58,11.3,7.1,857479999.9999999
2026-05-15 09:00:00,11.9,457.0,4.97,11.9,4.6,543830000.0
2026-05-15 10:00:00,10.6,491.0,5.11,12.0,0.3,520459999.99999994
2026-05-15 11:00:00,10.5,556.0,6.49,8.3,-3.8,583800000.0
2026-05-15 12:00:00,9.4,567.0,6.04,11.6,-1.7,532980000.0
2026-05-15 13:00:00,8.0,582.0,5.42,12.0,-2.7,465600000.0
2026-05-15 14:00:00,6.9,589.0,4.79,13.3,-2.6,406410000.00000006
2026-05-15 15:00:00,7.6,618.0,5.81,13.7,2.2,469680000.0
2026-05-15 16:00:00,8.6,610.0,6.4,15.6,-1.4,524600000.0
2026-05-15 17:00:00,8.5,646.0,7.09,13.6,-0.9,549100000.0
2026-05-15 18:00:00,6.9,672.0,6.23,10.8,-2.7,463680000.0
2026-05-15 19:00:00,7.6,691.0,7.26,10.6,-2.9,525159999.99999994
2026-05-15 20:00:00,8.1,648.0,6.8,11.3,-3.4,524880000.0
2026-05-15 21:00:00,7.9,637.0,6.41,12.4,-6.8,503230000.0
2026-05-15 22:00:00,7.0,626.0,5.49,14.1,-1.7,438200000.0
2026-05-15 23:00:00,8.1,712.0,8.21,9.5,-2.6,576720000.0
2026-05-16 00:00:00,6.3,737.0,6.84,7.2,-1.1,464309999.99999994
2026-05-16 01:00:00,5.3,751.0,5.98,7.8,-4.1,398030000.0
2026-05-16 02:00:00,5.0,725.0,5.26,7.7,2.0,362500000.0
2026-05-16 03:00:00,4.9,708.0,4.91,7.4,-0.7,346920000.0
2026-05-16 04:00:00,3.9,747.0,4.35,7.9,-0.8,291330000.0
2026-05-16 05:00:00,4.0,701.0,3.93,7.3,-4.5,280400000.0
2026-05-16 06:00:00,4.0,661.0,3.5,8.4,-1.8,264400000.0
2026-05-16 07:00:00,3.9,667.0,3.47,8.2,-3.1,260129999.99999997
2026-05-16 08:00:00,4.1,652.0,3.49,7.8,-1.1,267319999.99999997
2026-05-16 09:00:00,4.5,640.0,3.69,8.0,-1.0,288000000.0
2026-05-16 10:00:00,3.0,626.0,2.35,6.6,-1.1,187800000.0
2026-05-16 11:00:00,2.6,648.0,2.18,5.4,1.7,168480000.0
2026-05-16 12:00:00,2.5,653.0,2.13,5.4,-0.6,163250000.0
2026-05-16 13:00:00,2.3,639.0,1.88,5.3,-1.3,146969999.99999997
2026-05-16 14:00:00,2.4,658.0,2.08,5.4,-0.2,157920000.0
2026-05-16 15:00:00,2.6,669.0,2.33,5.3,-2.5,173940000.0
2026-05-16 16:00:00,2.7,675.0,2.46,5.1,-3.4,182250000.00000003
2026-05-16 17:00:00,2.6,678.0,2.39,4.5,0.2,176280000.0
2026-05-16 18:00:00,2.7,670.0,2.42,4.4,-1.1,180900000.00000003
2026-05-16 19:00:00,2.9,658.0,2.51,5.0,-2.2,190820000.0
2026-05-16 20:00:00,2.9,657.0,2.5,4.6,1.0,190530000.0
2026-05-16 21:00:00,2.4,682.0,2.23,4.2,-0.6,163680000.0
2026-05-16 22:00:00,2.5,665.0,2.21,4.5,1.5,166250000.0
2026-05-16 23:00:00,2.2,645.0,1.83,4.5,0.9,141900000.00000003
2026-05-17 00:00:00,2.0,636.0,1.62,4.5,0.7,127200000.0
2026-05-17 01:00:00,1.8,618.0,1.37,4.7,-0.6,111240000.00000001
2026-05-17 02:00:00,1.8,614.0,1.36,4.7,-0.6,110520000.0
2026-05-17 03:00:00,1.8,634.0,1.45,4.5,-0.6,114120000.0
2026-05-17 04:00:00,1.7,638.0,1.38,4.6,-0.5,108459999.99999999
2026-05-17 05:00:00,2.0,650.0,1.69,4.4,0.5,130000000.0
2026-05-17 06:00:00,2.2,655.0,1.89,4.0,-1.0,144100000.00000003
2026-05-17 07:00:00,2.2,657.0,1.9,4.1,-2.1,144540000.0
2026-05-17 08:00:00,2.2,645.0,1.83,4.2,-1.7,141900000.00000003
2026-05-17 09:00:00,1.9,642.0,1.57,4.2,-1.5,121980000.0
2026-05-17 10:00:00,2.1,634.0,1.69,3.9,-1.7,133140000.00000001
2026-05-17 11:00:00,2.1,643.0,1.74,3.3,-0.6,135030000.0
2026-05-17 12:00:00,2.4,642.0,1.98,3.5,-1.3,154080000.0
2026-05-17 13:00:00,2.6,635.0,2.1,3.4,0.2,165100000.0
2026-05-17 14:00:00,2.6,626.0,2.04,3.7,-1.2,162760000.0
2026-05-17 15:00:00,2.5,619.0,1.92,3.7,-0.3,154750000.0
2026-05-17 16:00:00,2.6,611.0,1.94,3.8,-0.2,158860000.0
2026-05-17 17:00:00,2.3,620.0,1.77,3.4,-2.3,142600000.0
2026-05-17 18:00:00,2.6,584.0,1.77,3.5,-0.3,151840000.0
2026-05-17 19:00:00,2.3,567.0,1.48,4.1,0.7,130409999.99999999
2026-05-17 20:00:00,2.8,562.0,1.77,4.0,0.6,157360000.0
2026-05-17 21:00:00,2.5,562.0,1.58,3.8,1.4,140500000.0
2026-05-17 22:00:00,2.8,553.0,1.71,4.2,1.8,154840000.0
2026-05-17 23:00:00,2.8,559.0,1.75,4.1,2.0,156519999.99999997
2026-05-18 00:00:00,2.9,544.0,1.72,4.1,0.5,157760000.0
2026-05-18 01:00:00,2.4,531.0,1.35,4.2,0.1,127439999.99999999
2026-05-18 02:00:00,2.6,546.0,1.55,4.4,2.2,141960000.0
2026-05-18 03:00:00,2.4,527.0,1.33,4.1,0.0,126480000.0
2026-05-18 04:00:00,2.6,541.0,1.52,4.2,-0.3,140660000.0
2026-05-18 05:00:00,2.9,542.0,1.7,4.2,-0.7,157180000.0
2026-05-18 06:00:00,2.9,533.0,1.65,4.4,-0.3,154570000.0
2026-05-18 07:00:00,3.0,536.0,1.72,4.5,-1.2,160800000.0
2026-05-18 08:00:00,2.8,531.0,1.58,4.3,-1.7,148680000.0
2026-05-18 09:00:00,3.0,541.0,1.76,4.0,-1.6,162300000.0
2026-05-18 10:00:00,3.2,536.0,1.84,3.8,0.8,171520000.0
2026-05-18 11:00:00,3.0,541.0,1.76,4.1,-2.3,162300000.0
2026-05-18 12:00:00,3.1,551.0,1.88,4.3,-0.9,170810000.0
2026-05-18 13:00:00,2.8,549.0,1.69,4.6,-3.9,153719999.99999997
2026-05-18 14:00:00,3.2,527.0,1.78,4.2,-0.3,168640000.0
2026-05-18 15:00:00,3.3,538.0,1.91,4.0,-0.4,177540000.0
2026-05-18 16:00:00,3.3,544.0,1.95,4.1,2.5,179519999.99999997
2026-05-18 17:00:00,3.2,540.0,1.87,3.9,2.4,172800000.0
2026-05-18 18:00:00,3.4,527.0,1.89,4.2,0.2,179180000.0
2026-05-18 19:00:00,3.0,532.0,1.7,4.2,-2.5,159600000.0
2026-05-18 20:00:00,2.9,538.0,1.68,4.7,-2.9,156020000.0
2026-05-18 21:00:00,2.9,534.0,1.65,4.7,-2.9,154860000.0
2026-05-18 22:00:00,3.0,527.0,1.67,4.5,3.1,158100000.0
2026-05-18 23:00:00,3.0,518.0,1.61,4.2,2.7,155400000.0
2026-05-19 00:00:00,3.0,526.0,1.66,4.2,2.7,157800000.0
2026-05-19 01:00:00,3.1,521.0,1.68,4.4,1.5,161510000.0
2026-05-19 02:00:00,3.6,517.0,1.92,5.0,0.5,186120000.0
2026-05-19 03:00:00,3.0,518.0,1.61,4.8,-2.0,155400000.0
2026-05-19 04:00:00,3.2,536.0,1.84,4.9,-4.0,171520000.0
2026-05-19 05:00:00,2.9,520.0,1.57,4.6,-2.7,150800000.0
2026-05-19 06:00:00,3.2,523.0,1.75,4.5,-1.8,167360000.0
2026-05-19 07:00:00,5.0,574.0,3.29,5.4,-2.8,287000000.0
2026-05-19 08:00:00,6.6,606.0,4.85,6.7,-0.8,399960000.0
2026-05-19 09:00:00,6.2,601.0,4.48,6.3,-3.6,372620000.0
2026-05-19 10:00:00,5.9,603.0,4.29,5.8,-2.9,355770000.0
2026-05-19 11:00:00,4.6,592.0,3.22,7.0,-3.7,272320000.0
2026-05-19 12:00:00,5.3,561.0,3.34,6.1,-1.4,297330000.0
2026-05-19 13:00:00,4.3,568.0,2.77,7.4,-5.6,244240000.0
2026-05-19 14:00:00,4.1,542.0,2.41,7.3,-4.8,222219999.99999997
2026-05-19 15:00:00,3.7,532.0,2.09,6.9,-4.8,196840000.0
2026-05-19 16:00:00,3.6,522.0,1.96,6.6,-2.7,187920000.0
2026-05-19 17:00:00,3.8,524.0,2.09,6.3,-4.1,199119999.99999997
2026-05-19 18:00:00,3.9,517.0,2.08,5.9,-2.6,201630000.0
2026-05-19 19:00:00,3.9,511.0,2.04,5.7,-0.7,199290000.0
2026-05-19 20:00:00,3.8,508.0,1.96,5.6,-0.7,193040000.0
2026-05-19 21:00:00,3.7,504.0,1.88,5.7,-0.4,186480000.00000003
2026-05-19 22:00:00,3.7,499.0,1.84,6.0,-0.2,184630000.00000003
2026-05-19 23:00:00,3.7,501.0,1.86,5.9,0.2,185370000.0
2026-05-20 00:00:00,4.1,507.0,2.11,6.4,-1.6,207869999.99999997
2026-05-20 01:00:00,4.4,521.0,2.39,6.7,-3.4,229240000.0
2026-05-20 02:00:00,4.1,518.0,2.2,6.6,-3.3,212379999.99999997
2026-05-20 03:00:00,3.7,501.0,1.86,6.3,-0.4,185370000.0
2026-05-20 04:00:00,3.3,496.0,1.62,5.5,1.3,163680000.0
2026-05-20 05:00:00,3.1,506.0,1.59,5.5,0.5,156860000.0
2026-05-20 06:00:00,2.5,483.0,1.17,5.8,1.6,120750000.0
2026-05-20 07:00:00,2.5,484.0,1.17,5.3,2.4,121000000.0
2026-05-20 08:00:00,2.3,482.0,1.07,5.2,3.2,110859999.99999999
2026-05-20 09:00:00,2.7,478.0,1.23,4.9,1.3,129060000.00000001
2026-05-20 10:00:00,3.0,476.0,1.36,4.9,1.7,142800000.0
2026-05-20 11:00:00,2.3,482.0,1.07,4.9,2.5,110859999.99999999
2026-05-20 12:00:00,3.0,478.0,1.37,4.7,1.6,143400000.0
2026-05-20 13:00:00,2.8,482.0,1.3,4.7,2.0,134960000.0
2026-05-20 14:00:00,3.0,462.0,1.28,4.9,2.2,138600000.0
2026-05-20 15:00:00,3.3,461.0,1.4,4.7,1.5,152130000.0
2026-05-20 16:00:00,3.0,467.0,1.31,4.7,3.5,140100000.0
2026-05-20 17:00:00,3.5,457.0,1.46,4.6,2.3,159950000.0
2026-05-20 18:00:00,3.4,466.0,1.48,4.7,3.3,158440000.0
2026-05-20 19:00:00,3.7,456.0,1.54,5.0,2.6,168720000.0
2026-05-20 20:00:00,3.6,457.0,1.5,4.9,0.8,164520000.0
2026-05-20 21:00:00,3.8,447.0,1.52,5.0,-1.0,169860000.0
2026-05-20 22:00:00,3.0,455.0,1.24,5.0,-0.9,136500000.0
2026-05-20 23:00:00,3.0,455.0,1.24,5.0,4.4,136500000.0
2026-05-21 00:00:00,2.9,449.0,1.17,4.6,1.4,130209999.99999999
2026-05-21 01:00:00,3.3,447.0,1.32,4.4,-0.3,147510000.0
2026-05-21 02:00:00,3.5,428.0,1.28,4.4,0.2,149800000.0
2026-05-21 03:00:00,2.6,471.0,1.15,4.7,-2.3,122460000.00000001
2026-05-21 04:00:00,2.8,467.0,1.22,4.4,1.2,130759999.99999999
2026-05-21 05:00:00,3.0,436.0,1.14,4.4,1.6,130800000.0
2026-05-21 06:00:00,2.9,435.0,1.1,4.1,1.0,126150000.0
2026-05-21 07:00:00,3.0,438.0,1.15,4.2,0.5,131400000.0
2026-05-21 08:00:00,3.0,429.0,1.1,4.4,2.7,128700000.0
2026-05-21 09:00:00,3.0,437.0,1.15,4.4,3.2,131100000.0
2026-05-21 10:00:00,3.0,426.0,1.09,4.2,-0.5,127800000.0
2026-05-21 11:00:00,2.9,444.0,1.14,4.3,-0.1,128759999.99999999
2026-05-21 12:00:00,2.9,430.0,1.07,4.4,-2.0,124700000.0
2026-05-21 13:00:00,3.1,429.0,1.14,4.4,-0.5,132990000.00000001
2026-05-21 14:00:00,2.7,420.0,0.95,4.6,-2.2,113400000.0
2026-05-21 15:00:00,2.8,438.0,1.07,4.5,-2.5,122639999.99999999
2026-05-21 16:00:00,2.7,424.0,0.97,4.4,-2.1,114480000.00000001
2026-05-21 17:00:00,2.8,427.0,1.02,4.4,-2.4,119559999.99999999
2026-05-21 18:00:00,2.8,419.0,0.98,4.3,-2.3,117319999.99999999
2026-05-21 19:00:00,2.6,426.0,0.94,4.4,-2.2,110760000.00000001
2026-05-21 20:00:00,2.5,412.0,0.85,4.3,-2.9,103000000.0
2026-05-21 21:00:00,2.9,396.0,0.91,4.3,-1.9,114839999.99999999
2026-05-21 22:00:00,3.0,401.0,0.96,4.2,-1.3,120300000.0
2026-05-21 23:00:00,3.0,416.0,1.04,4.2,-2.7,124800000.0
2026-05-22 00:00:00,3.5,392.0,1.08,3.9,-1.2,137200000.0
2026-05-22 01:00:00,3.4,402.0,1.1,3.6,-1.4,136680000.0
2026-05-22 02:00:00,3.9,385.0,1.16,4.1,1.6,150150000.0
2026-05-22 03:00:00,4.3,384.0,1.27,4.2,1.1,165119999.99999997
2026-05-22 04:00:00,4.4,381.0,1.28,4.1,1.4,167640000.0
2026-05-22 05:00:00,4.3,384.0,1.27,3.9,-2.0,165119999.99999997
2026-05-22 06:00:00,4.4,380.0,1.27,3.8,-2.2,167200000.00000003
2026-05-22 07:00:00,4.4,382.0,1.28,3.8,-1.9,168080000.00000003
2026-05-22 08:00:00,4.5,381.0,1.31,3.8,-2.9,171450000.0
2026-05-22 09:00:00,4.8,374.0,1.34,3.9,-0.3,179520000.0
2026-05-22 10:00:00,4.9,369.0,1.33,4.1,1.2,180810000.0
2026-05-22 11:00:00,4.6,365.0,1.23,3.8,2.1,167899999.99999997
2026-05-22 12:00:00,4.5,363.0,1.19,3.7,1.0,163350000.0
2026-05-22 13:00:00,4.1,373.0,1.14,3.7,2.4,152930000.0
2026-05-22 14:00:00,4.3,363.0,1.13,3.7,1.3,156090000.0
2026-05-22 15:00:00,4.2,362.0,1.1,3.7,2.3,152040000.0
2026-05-22 16:00:00,4.3,360.0,1.11,3.7,0.4,154800000.0
2026-05-22 17:00:00,4.0,359.0,1.03,3.6,-1.7,143600000.0
2026-05-22 18:00:00,4.1,352.0,1.02,3.5,-1.3,144319999.99999997
2026-05-22 19:00:00,3.9,365.0,1.04,3.6,-1.0,142350000.0
2026-05-22 20:00:00,3.9,372.0,1.08,3.6,-0.5,145080000.0
2026-05-22 21:00:00,4.0,367.0,1.08,3.0,0.7,146800000.0
2026-05-22 22:00:00,4.0,366.0,1.07,3.3,-0.4,146400000.0
2026-05-22 23:00:00,5.1,360.0,1.32,3.5,2.7,183599999.99999997
2026-05-23 00:00:00,5.2,365.0,1.39,4.0,1.6,189800000.0
2026-05-23 01:00:00,4.7,366.0,1.26,4.3,0.9,172020000.0
2026-05-23 02:00:00,4.8,355.0,1.21,4.2,0.6,170400000.0
2026-05-23 03:00:00,5.1,353.0,1.27,3.9,-0.7,180030000.0
2026-05-23 04:00:00,5.1,354.0,1.28,3.8,-0.4,180540000.0
2026-05-23 05:00:00,5.2,340.0,1.2,4.0,-0.9,176800000.0
2026-05-23 06:00:00,5.3,329.0,1.15,4.0,-1.3,174370000.0
2026-05-23 07:00:00,5.1,325.0,1.08,4.0,-1.3,165749999.99999997
2026-05-23 08:00:00,4.7,320.0,0.96,4.0,-0.6,150400000.0
2026-05-23 09:00:00,4.3,329.0,0.93,4.3,-1.1,141470000.0
2026-05-23 10:00:00,4.2,325.0,0.89,4.2,-1.2,136500000.0
2026-05-23 11:00:00,3.9,323.0,0.81,4.3,-1.0,125970000.0
2026-05-23 12:00:00,4.1,321.0,0.84,4.2,-0.7,131609999.99999999
2026-05-23 13:00:00,4.1,317.0,0.82,4.1,-0.7,129969999.99999999
2026-05-23 14:00:00,4.3,315.0,0.85,4.1,-0.5,135450000.0
2026-05-23 15:00:00,4.7,315.0,0.93,4.0,-0.1,148050000.0
2026-05-23 16:00:00,4.4,315.0,0.87,4.0,0.5,138600000.0
2026-05-23 17:00:00,5.6,317.0,1.13,3.8,0.7,177519999.99999997
2026-05-23 18:00:00,4.9,312.0,0.95,4.3,1.1,152880000.00000003
2026-05-23 19:00:00,6.7,318.0,1.36,4.1,1.7,213060000.0
2026-05-23 20:00:00,7.0,322.0,1.45,3.9,2.8,225400000.0
2026-05-23 21:00:00,7.2,322.0,1.49,3.9,2.8,231840000.0
2026-05-23 22:00:00,7.6,324.0,1.6,4.0,3.2,246240000.0
2026-05-23 23:00:00,6.8,318.0,1.38,4.5,2.8,216240000.0
2026-05-24 00:00:00,7.6,312.0,1.48,4.7,3.6,237119999.99999997
2026-05-24 01:00:00,8.4,313.0,1.65,4.7,1.3,262920000.00000003
2026-05-24 02:00:00,8.7,317.0,1.75,4.6,-1.5,275789999.99999994
2026-05-24 03:00:00,8.8,313.0,1.72,4.6,-1.5,275440000.0
2026-05-24 04:00:00,9.1,310.0,1.75,4.6,-0.9,282100000.0
2026-05-24 05:00:00,9.8,300.0,1.76,4.7,-0.1,294000000.0
2026-05-24 06:00:00,10.2,308.0,1.94,4.9,-1.2,314160000.0
2026-05-24 07:00:00,11.2,308.0,2.12,4.7,-1.2,344960000.0
2026-05-24 08:00:00,11.0,305.0,2.05,4.9,-0.7,335500000.0
2026-05-24 09:00:00,11.0,301.0,1.99,5.2,-1.7,331100000.0
2026-05-24 10:00:00,11.3,298.0,2.01,5.5,-2.0,336740000.0
2026-05-24 11:00:00,11.8,298.0,2.1,5.0,-2.7,351640000.0
2026-05-24 12:00:00,13.6,302.0,2.48,4.4,-1.6,410720000.0
2026-05-24 13:00:00,12.3,304.0,2.27,4.6,-2.4,373920000.0
2026-05-24 14:00:00,11.1,293.0,1.91,4.8,0.6,325230000.0
2026-05-24 15:00:00,10.6,291.0,1.8,5.1,0.7,308460000.0
2026-05-24 16:00:00,11.9,289.0,1.99,5.2,-1.0,343910000.0
2026-05-24 17:00:00,14.4,288.0,2.39,5.3,-2.7,414720000.0
2026-05-24 18:00:00,19.2,296.0,3.36,4.7,-3.6,568320000.0
2026-05-24 19:00:00,24.3,296.0,4.26,3.9,-2.4,719280000.0
2026-05-24 20:00:00,22.8,287.0,3.76,5.6,-1.0,654360000.0
2026-05-24 21:00:00,25.2,294.0,4.36,4.8,-1.6,740880000.0
2026-05-24 22:00:00,33.3,299.0,5.95,3.6,3.4,995669999.9999999
2026-05-24 23:00:00,37.5,305.0,6.98,3.3,2.4,1143750000.0
2026-05-25 00:00:00,34.7,311.0,6.71,4.3,1.3,1079170000.0
2026-05-25 01:00:00,21.7,306.0,4.06,8.1,-2.3,664020000.0
2026-05-25 02:00:00,15.8,323.0,3.3,6.4,-3.4,510340000.00000006
2026-05-25 03:00:00,13.8,321.0,2.84,5.1,-1.2,442980000.0
2026-05-25 04:00:00,13.4,325.0,2.83,5.7,0.6,435500000.0
2026-05-25 05:00:00,13.2,329.0,2.86,4.0,0.2,434280000.0
2026-05-25 06:00:00,12.8,331.0,2.8,6.3,-0.4,423680000.0
2026-05-25 07:00:00,13.2,328.0,2.84,6.3,-2.4,432959999.99999994
2026-05-25 08:00:00,13.3,336.0,3.0,6.8,-5.5,446880000.0
2026-05-25 09:00:00,14.3,337.0,3.25,5.7,0.9,481910000.00000006
2026-05-25 10:00:00,14.6,338.0,3.34,6.0,-1.1,493480000.0
2026-05-25 11:00:00,14.6,343.0,3.44,6.4,-3.0,500780000.0
2026-05-25 12:00:00,21.6,356.0,5.47,2.2,1.1,768960000.0
2026-05-25 13:00:00,22.3,359.0,5.75,2.2,-0.6,800570000.0
2026-05-25 14:00:00,19.2,356.0,4.87,4.6,3.1,683520000.0
2026-05-25 15:00:00,19.2,358.0,4.92,4.9,2.3,687360000.0
2026-05-25 16:00:00,14.7,363.0,3.87,7.0,-3.6,533609999.99999994
2026-05-25 17:00:00,7.9,391.0,2.42,8.5,-4.6,308890000.0
2026-05-25 18:00:00,7.5,402.0,2.42,8.5,-2.7,301500000.0
2026-05-25 19:00:00,7.9,412.0,2.68,8.1,-3.0,325480000.0
2026-05-25 20:00:00,8.2,412.0,2.78,8.0,-2.8,337839999.99999994
2026-05-25 21:00:00,8.4,403.0,2.73,8.2,-3.5,338520000.0
2026-05-25 22:00:00,8.5,403.0,2.76,8.2,-4.8,342550000.0
2026-05-25 23:00:00,8.9,402.0,2.88,7.4,-2.7,357780000.0
2026-05-26 00:00:00,8.6,398.0,2.72,7.4,-1.3,342280000.0
2026-05-26 01:00:00,8.8,396.0,2.76,6.9,0.1,348480000.0
2026-05-26 02:00:00,8.1,397.0,2.55,6.7,1.6,321570000.0
2026-05-26 03:00:00,7.6,394.0,2.36,6.7,0.2,299439999.99999994
2026-05-26 04:00:00,7.7,396.0,2.41,6.8,2.1,304920000.0
2026-05-26 05:00:00,7.9,392.0,2.43,6.7,2.3,309680000.0
2026-05-26 06:00:00,8.0,395.0,2.5,6.4,2.2,316000000.0
2026-05-26 07:00:00,8.0,394.0,2.48,6.2,1.4,315200000.0
2026-05-26 08:00:00,8.9,397.0,2.81,5.8,2.1,353330000.0
2026-05-26 09:00:00,8.8,398.0,2.79,6.2,3.4,350240000.0
2026-05-26 10:00:00,8.7,390.0,2.65,6.3,3.5,339299999.99999994
2026-05-26 11:00:00,8.3,389.0,2.51,7.4,4.5,322870000.0
2026-05-26 12:00:00,8.5,380.0,2.45,7.6,4.1,323000000.0
2026-05-26 13:00:00,7.9,381.0,2.29,8.4,4.0,300990000.0
2026-05-26 14:00:00,7.1,387.0,2.13,8.0,4.5,274770000.0
2026-05-26 15:00:00,7.4,394.0,2.3,7.1,3.8,291560000.00000006
2026-05-26 16:00:00,,,,,,
2026-05-26 17:00:00,,,,,,
2026-05-26 18:00:00,,,,,,
2026-05-26 19:00:00,,,,,,
2026-05-26 20:00:00,,,,,,
2026-05-26 21:00:00,,,,,,
2026-05-26 22:00:00,,,,,,
2026-05-26 23:00:00,,,,,,
2026-05-27 00:00:00,5.5,400.0,1.76,7.0,-0.9,220000000.0
2026-05-27 01:00:00,5.3,380.0,1.53,7.0,-1.3,201400000.0
2026-05-27 02:00:00,5.4,377.0,1.53,7.2,-3.3,203580000.00000003
2026-05-27 03:00:00,5.0,389.0,1.51,7.2,-5.8,194500000.0
2026-05-27 04:00:00,4.7,397.0,1.48,6.7,-6.2,186590000.0
2026-05-27 05:00:00,4.8,396.0,1.51,6.1,-0.3,190080000.0
2026-05-27 06:00:00,5.5,396.0,1.72,5.1,-3.2,217800000.0
2026-05-27 07:00:00,5.7,389.0,1.73,5.7,-3.7,221730000.00000003
2026-05-27 08:00:00,5.6,383.0,1.64,6.0,0.1,214479999.99999997
2026-05-27 09:00:00,5.2,400.0,1.66,6.7,5.0,208000000.0
2026-05-27 10:00:00,5.3,383.0,1.55,6.3,4.7,202990000.0
2026-05-27 11:00:00,6.1,375.0,1.72,5.1,-0.4,228750000.0
2026-05-27 12:00:00,5.6,380.0,1.62,5.8,4.0,212800000.0
2026-05-27 13:00:00,5.8,390.0,1.76,6.2,3.0,226200000.0
2026-05-27 14:00:00,6.0,395.0,1.87,5.9,-2.0,237000000.0
2026-05-27 15:00:00,6.2,399.0,1.97,6.4,-3.8,247380000.00000003
2026-05-27 16:00:00,5.8,387.0,1.74,6.2,-0.5,224460000.0
2026-05-27 17:00:00,5.8,364.0,1.54,6.5,2.1,211119999.99999997
2026-05-27 18:00:00,5.8,370.0,1.59,6.7,0.2,214600000.0
2026-05-27 19:00:00,6.2,386.0,1.85,6.5,-3.0,239320000.00000003
2026-05-27 20:00:00,6.2,384.0,1.83,6.2,-1.2,238080000.00000003
2026-05-27 21:00:00,5.8,391.0,1.77,6.6,-4.5,226779999.99999997
2026-05-27 22:00:00,6.4,386.0,1.91,6.1,-1.3,247040000.0
2026-05-27 23:00:00,6.3,382.0,1.84,5.8,-0.0,240660000.0
2026-05-28 00:00:00,6.5,380.0,1.88,6.2,1.3,247000000.0
2026-05-28 01:00:00,6.6,373.0,1.84,6.4,2.1,246179999.99999997
2026-05-28 02:00:00,7.2,385.0,2.13,6.5,3.7,277200000.0
2026-05-28 03:00:00,7.1,383.0,2.08,6.6,-2.3,271930000.0
2026-05-28 04:00:00,7.2,373.0,2.0,6.9,-0.9,268560000.0
2026-05-28 05:00:00,7.1,379.0,2.04,7.5,-3.3,269090000.0
2026-05-28 06:00:00,7.3,385.0,2.16,8.6,-6.6,281050000.0
2026-05-28 07:00:00,8.3,388.0,2.5,8.3,-1.8,322040000.0
2026-05-28 08:00:00,8.5,391.0,2.6,8.4,5.7,332350000.0
2026-05-28 09:00:00,8.4,395.0,2.62,8.5,0.6,331800000.0
2026-05-28 10:00:00,8.0,395.0,2.5,8.2,-3.6,316000000.0
2026-05-28 11:00:00,9.4,384.0,2.77,9.2,-2.8,360960000.00000006
2026-05-28 12:00:00,9.5,388.0,2.86,8.5,5.3,368600000.0
2026-05-28 13:00:00,8.1,389.0,2.45,8.3,-2.4,315089999.99999994
2026-05-28 14:00:00,6.8,406.0,2.24,8.7,2.5,276080000.0
2026-05-28 15:00:00,6.6,415.0,2.27,8.9,-5.0,273900000.0
2026-05-28 16:00:00,7.1,426.0,2.58,8.3,-4.5,302460000.0
2026-05-28 17:00:00,7.6,433.0,2.85,7.8,-3.9,329080000.0
2026-05-28 18:00:00,6.9,439.0,2.66,7.9,-0.2,302910000.00000006
2026-05-28 19:00:00,7.1,444.0,2.8,7.7,3.0,315239999.99999994
2026-05-28 20:00:00,7.3,431.0,2.71,7.0,-1.1,314630000.0
2026-05-28 21:00:00,7.5,446.0,2.98,6.4,-3.9,334500000.0
2026-05-28 22:00:00,6.6,445.0,2.61,5.5,-2.1,293700000.0
2026-05-28 23:00:00,6.5,440.0,2.52,5.8,-2.0,286000000.0
2026-05-29 00:00:00,7.7,436.0,2.93,4.7,-1.0,335720000.0
2026-05-29 01:00:00,7.0,406.0,2.31,5.6,-1.2,284200000.0
2026-05-29 02:00:00,6.9,397.0,2.18,5.7,-2.0,273930000.0
2026-05-29 03:00:00,6.1,417.0,2.12,6.0,-5.4,254369999.99999997
2026-05-29 04:00:00,6.0,399.0,1.91,6.2,-3.4,239400000.0
2026-05-29 05:00:00,5.0,407.0,1.66,6.9,-0.3,203500000.0
2026-05-29 06:00:00,5.0,418.0,1.75,6.1,0.1,209000000.0
2026-05-29 07:00:00,5.5,419.0,1.93,5.2,0.3,230450000.0
2026-05-29 08:00:00,5.6,415.0,1.93,4.7,-1.0,232400000.0
2026-05-29 09:00:00,5.6,421.0,1.99,5.4,-3.4,235760000.0
2026-05-29 10:00:00,6.0,421.0,2.13,5.5,0.1,252600000.0
2026-05-29 11:00:00,5.6,411.0,1.89,6.3,1.1,230160000.0
2026-05-29 12:00:00,6.0,417.0,2.09,6.8,-2.8,250200000.0
2026-05-29 13:00:00,6.2,418.0,2.17,7.2,-4.9,259160000.0
2026-05-29 14:00:00,6.4,405.0,2.1,8.2,-4.1,259200000.0
2026-05-29 15:00:00,6.7,410.0,2.25,8.0,-7.0,274700000.0
2026-05-29 16:00:00,6.1,412.0,2.07,7.8,-4.6,251319999.99999997
2026-05-29 17:00:00,4.8,417.0,1.67,8.1,-6.3,200160000.0
2026-05-29 18:00:00,5.0,410.0,1.68,8.0,-5.4,205000000.0
2026-05-29 19:00:00,5.0,408.0,1.66,7.5,-2.9,204000000.0
2026-05-29 20:00:00,5.6,413.0,1.91,6.7,-0.5,231279999.99999997
2026-05-29 21:00:00,5.3,414.0,1.82,6.7,-0.8,219419999.99999997
2026-05-29 22:00:00,5.4,408.0,1.8,6.5,-4.1,220320000.00000003
2026-05-29 23:00:00,5.7,407.0,1.89,6.2,-2.8,231990000.0
2026-05-30 00:00:00,5.6,408.0,1.86,6.4,-2.3,228479999.99999997
2026-05-30 01:00:00,5.5,429.0,2.02,7.0,-3.6,235950000.0
2026-05-30 02:00:00,5.8,430.0,2.14,7.6,-5.0,249400000.0
2026-05-30 03:00:00,5.4,433.0,2.02,8.5,-0.5,233820000.00000003
2026-05-30 04:00:00,5.5,399.0,1.75,8.8,-0.4,219450000.0
2026-05-30 05:00:00,5.2,414.0,1.78,9.4,3.8,215280000.00000003
2026-05-30 06:00:00,4.8,402.0,1.55,10.0,4.0,192960000.0
2026-05-30 07:00:00,4.1,410.0,1.38,10.4,4.7,168099999.99999997
2026-05-30 08:00:00,3.7,397.0,1.17,10.4,4.7,146890000.0
2026-05-30 09:00:00,3.4,387.0,1.02,10.3,5.8,131580000.0
2026-05-30 10:00:00,3.0,383.0,0.88,10.1,3.7,114900000.0
2026-05-30 11:00:00,2.2,413.0,0.75,10.9,0.7,90860000.0
2026-05-30 12:00:00,2.5,415.0,0.86,11.1,3.2,103750000.0
2026-05-30 13:00:00,3.2,419.0,1.12,11.1,0.3,134080000.00000001
2026-05-30 14:00:00,3.8,417.0,1.32,11.4,0.8,158460000.0
2026-05-30 15:00:00,3.8,408.0,1.27,11.4,1.0,155040000.0
2026-05-30 16:00:00,5.6,415.0,1.93,10.2,-4.0,232400000.0
2026-05-30 17:00:00,4.8,411.0,1.62,9.9,-4.6,197280000.0
2026-05-30 18:00:00,4.9,450.0,1.98,10.4,-6.9,220500000.0
2026-05-30 19:00:00,5.6,509.0,2.9,9.1,-6.6,285039999.99999994
2026-05-30 20:00:00,4.0,520.0,2.16,8.7,2.2,208000000.0
2026-05-30 21:00:00,4.1,516.0,2.18,7.0,-3.0,211560000.0
2026-05-30 22:00:00,3.9,524.0,2.14,7.0,-3.0,204360000.0
2026-05-30 23:00:00,3.5,508.0,1.81,7.5,0.4,177800000.0
2026-05-31 00:00:00,3.8,491.0,1.83,6.9,-2.8,186580000.0
2026-05-31 01:00:00,4.8,484.0,2.25,6.1,-2.5,232319999.99999997
2026-05-31 02:00:00,4.2,488.0,2.0,5.3,-3.8,204960000.0
2026-05-31 03:00:00,4.0,497.0,1.98,4.3,-2.2,198800000.0
2026-05-31 04:00:00,3.6,500.0,1.8,4.9,0.7,180000000.0
2026-05-31 05:00:00,3.7,528.0,2.06,4.9,1.5,195360000.0
2026-05-31 06:00:00,3.9,528.0,2.17,5.0,0.7,205919999.99999997
2026-05-31 07:00:00,3.9,522.0,2.13,5.2,0.7,203580000.0
2026-05-31 08:00:00,4.0,506.0,2.05,4.8,2.3,202400000.0
2026-05-31 09:00:00,4.2,505.0,2.14,5.1,2.2,212100000.0
2026-05-31 10:00:00,3.4,495.0,1.67,5.4,3.5,168300000.0
2026-05-31 11:00:00,4.2,480.0,1.94,4.9,2.9,201600000.0
2026-05-31 12:00:00,3.1,473.0,1.39,6.5,3.5,146630000.0
2026-05-31 13:00:00,3.0,476.0,1.36,7.1,1.7,142800000.0
2026-05-31 14:00:00,3.8,506.0,1.95,6.4,-1.9,192280000.0
2026-05-31 15:00:00,2.8,515.0,1.49,5.2,1.2,144200000.0
2026-05-31 16:00:00,2.1,513.0,1.11,5.5,-0.0,107730000.0
2026-05-31 17:00:00,2.3,510.0,1.2,5.7,-0.9,117300000.0
2026-05-31 18:00:00,2.6,496.0,1.28,5.9,-1.3,128960000.00000001
2026-05-31 19:00:00,2.8,489.0,1.34,5.8,-1.7,136919999.99999997
2026-05-31 20:00:00,3.1,486.0,1.46,5.7,-1.9,150660000.0
2026-05-31 21:00:00,3.0,480.0,1.38,5.5,-2.3,144000000.0
2026-05-31 22:00:00,3.0,477.0,1.37,5.4,-2.4,143100000.0
2026-05-31 23:00:00,2.9,471.0,1.29,5.4,-2.3,136590000.0
2026-06-01 00:00:00,3.1,462.0,1.32,5.4,-2.1,143220000.0
2026-06-01 01:00:00,3.7,459.0,1.56,5.2,-2.7,169830000.00000003
2026-06-01 02:00:00,4.1,451.0,1.67,5.0,-2.2,184910000.0
2026-06-01 03:00:00,4.1,445.0,1.62,4.9,-1.6,182449999.99999997
2026-06-01 04:00:00,4.3,442.0,1.68,4.8,-1.3,190060000.0
2026-06-01 05:00:00,4.6,436.0,1.75,4.6,-1.6,200560000.0
2026-06-01 06:00:00,4.0,434.0,1.51,4.6,-1.5,173600000.0
2026-06-01 07:00:00,4.2,424.0,1.51,4.4,-1.2,178080000.00000003
2026-06-01 08:00:00,4.7,417.0,1.63,4.3,-1.7,195990000.0
2026-06-01 09:00:00,4.7,412.0,1.6,4.3,-2.0,193640000.0
2026-06-01 10:00:00,4.3,410.0,1.45,4.4,-2.5,176300000.0
2026-06-01 11:00:00,4.2,402.0,1.36,4.7,-2.0,168840000.0
2026-06-01 12:00:00,4.0,394.0,1.24,4.9,-2.2,157600000.0
2026-06-01 13:00:00,2.2,390.0,0.67,5.4,-5.0,85800000.00000001
2026-06-01 14:00:00,2.2,409.0,0.74,5.9,-5.5,89980000.0
2026-06-01 15:00:00,3.1,419.0,1.09,6.1,-5.6,129890000.00000001
2026-06-01 16:00:00,2.9,417.0,1.01,6.7,-5.5,120930000.0
2026-06-01 17:00:00,1.9,408.0,0.63,6.9,-4.0,77520000.0
2026-06-01 18:00:00,2.8,401.0,0.9,6.7,-3.4,112280000.0
2026-06-01 19:00:00,3.1,403.0,1.01,6.9,-4.2,124930000.0
2026-06-01 20:00:00,2.7,399.0,0.86,7.0,-3.1,107730000.00000001
2026-06-01 21:00:00,2.0,398.0,0.63,7.3,-2.7,79600000.0
2026-06-01 22:00:00,1.8,396.0,0.56,7.3,-2.7,71280000.0
2026-06-01 23:00:00,2.4,397.0,0.76,7.1,-2.0,95280000.0
2026-06-02 00:00:00,2.6,397.0,0.82,7.1,-3.1,103220000.0
2026-06-02 01:00:00,1.7,395.0,0.53,7.2,-4.7,67150000.0
2026-06-02 02:00:00,2.2,392.0,0.68,7.0,-2.2,86240000.00000001
2026-06-02 03:00:00,2.8,396.0,0.88,6.5,-0.4,110880000.0
2026-06-02 04:00:00,3.1,390.0,0.94,6.4,-0.9,120900000.0
2026-06-02 05:00:00,3.3,390.0,1.0,6.9,-0.7,128700000.0
2026-06-02 06:00:00,3.4,392.0,1.04,6.6,-0.4,133280000.0
2026-06-02 07:00:00,5.6,377.0,1.59,6.0,-0.4,211119999.99999997
2026-06-02 08:00:00,6.6,378.0,1.89,5.3,0.5,249479999.99999997
2026-06-02 09:00:00,5.8,369.0,1.58,5.6,0.7,214019999.99999997
2026-06-02 10:00:00,5.5,371.0,1.51,5.6,-0.2,204050000.0
2026-06-02 11:00:00,5.4,388.0,1.63,5.6,-0.7,209520000.00000003
2026-06-02 12:00:00,5.0,388.0,1.51,5.9,-2.4,194000000.0
2026-06-02 13:00:00,3.9,384.0,1.15,6.3,0.4,149760000.0
2026-06-02 14:00:00,5.6,395.0,1.75,5.7,2.7,221200000.0
2026-06-02 15:00:00,7.3,403.0,2.37,6.0,3.8,294190000.0
2026-06-02 16:00:00,8.1,394.0,2.51,6.4,1.3,319139999.99999994
2026-06-02 17:00:00,7.8,389.0,2.36,6.5,-3.1,303420000.0
2026-06-02 18:00:00,7.3,388.0,2.2,6.2,-5.0,283240000.0
2026-06-02 19:00:00,7.3,386.0,2.18,6.1,-1.5,281780000.0
2026-06-02 20:00:00,6.8,369.0,1.85,6.1,-2.1,250919999.99999997
2026-06-02 21:00:00,6.7,381.0,1.95,6.1,-0.2,255270000.00000003
2026-06-02 22:00:00,6.9,374.0,1.93,6.5,-0.3,258060000.0
2026-06-02 23:00:00,6.2,366.0,1.66,7.2,-3.4,226920000.00000003
2026-06-03 00:00:00,6.7,371.0,1.84,7.3,-4.6,248570000.00000003
2026-06-03 01:00:00,5.1,380.0,1.47,7.7,-5.3,193799999.99999997
2026-06-03 02:00:00,5.0,390.0,1.52,7.7,-2.1,195000000.0
2026-06-03 03:00:00,6.4,392.0,1.97,7.3,3.1,250880000.00000003
2026-06-03 04:00:00,5.3,393.0,1.64,8.3,3.4,208290000.0
2026-06-03 05:00:00,2.9,380.0,0.84,9.1,0.3,110200000.0
2026-06-03 06:00:00,3.1,377.0,0.88,9.5,0.9,116870000.0
2026-06-03 07:00:00,3.9,379.0,1.12,9.6,2.5,147810000.0
2026-06-03 08:00:00,3.8,379.0,1.09,9.9,2.8,144020000.0
2026-06-03 09:00:00,8.4,403.0,2.73,7.4,6.0,338520000.0
2026-06-03 10:00:00,6.2,416.0,2.15,7.7,6.5,257920000.00000003
2026-06-03 11:00:00,5.2,430.0,1.92,7.7,5.8,223600000.0
2026-06-03 12:00:00,6.6,424.0,2.37,5.7,3.8,279839999.99999994
2026-06-03 13:00:00,6.9,424.0,2.48,4.8,3.9,292560000.00000006
2026-06-03 14:00:00,5.7,399.0,1.81,6.7,2.1,227430000.00000003
2026-06-03 15:00:00,10.5,435.0,3.97,4.7,-0.9,456750000.0
2026-06-03 16:00:00,12.4,436.0,4.71,3.2,-1.4,540640000.0
2026-06-03 17:00:00,12.2,436.0,4.64,3.9,-2.5,531920000.0
2026-06-03 18:00:00,13.2,428.0,4.84,5.6,-0.9,564960000.0
2026-06-03 19:00:00,15.4,429.0,5.67,3.5,0.3,660660000.0
2026-06-03 20:00:00,14.3,426.0,5.19,5.0,0.1,609180000.0
2026-06-03 21:00:00,9.0,424.0,3.24,10.7,-0.6,381600000.0
2026-06-03 22:00:00,10.4,437.0,3.97,8.5,4.8,454480000.0
2026-06-03 23:00:00,8.9,431.0,3.31,10.3,8.7,383590000.0
2026-06-04 00:00:00,9.0,411.0,3.04,9.7,-0.8,369900000.0
2026-06-04 01:00:00,10.2,393.0,3.15,7.0,-2.7,400860000.0
2026-06-04 02:00:00,8.2,390.0,2.49,8.3,-4.1,319799999.99999994
2026-06-04 03:00:00,5.7,383.0,1.67,8.9,-4.3,218310000.0
2026-06-04 04:00:00,5.0,386.0,1.49,7.9,-0.7,193000000.0
2026-06-04 05:00:00,4.4,387.0,1.32,7.0,1.9,170280000.00000003
2026-06-04 06:00:00,3.8,396.0,1.19,6.6,0.2,150480000.0
2026-06-04 07:00:00,3.3,396.0,1.03,6.2,1.0,130680000.0
2026-06-04 08:00:00,3.3,384.0,0.97,5.5,-0.5,126719999.99999999
2026-06-04 09:00:00,3.3,387.0,0.99,5.1,-2.8,127709999.99999999
2026-06-04 10:00:00,3.2,404.0,1.04,4.6,2.0,129280000.00000001
2026-06-04 11:00:00,3.0,414.0,1.03,5.7,5.1,124200000.0
2026-06-04 12:00:00,2.8,403.0,0.91,5.0,0.1,112839999.99999999
2026-06-04 13:00:00,2.6,407.0,0.86,3.5,0.3,105820000.0
2026-06-04 14:00:00,2.2,419.0,0.77,3.8,1.8,92180000.0
2026-06-04 15:00:00,2.2,431.0,0.82,3.9,2.8,94820000.0
2026-06-04 16:00:00,2.0,420.0,0.71,3.5,1.6,84000000.0
2026-06-04 17:00:00,2.5,427.0,0.91,2.6,0.7,106750000.0
2026-06-04 18:00:00,2.5,428.0,0.92,3.6,1.7,107000000.0
2026-06-04 19:00:00,2.6,432.0,0.97,3.6,1.4,112320000.0
2026-06-04 20:00:00,2.9,429.0,1.07,3.5,2.3,124409999.99999999
2026-06-04 21:00:00,3.0,418.0,1.05,4.1,2.1,125400000.0
2026-06-04 22:00:00,3.4,427.0,1.24,4.2,1.3,145180000.0
2026-06-04 23:00:00,3.5,419.0,1.23,5.1,2.5,146650000.0
2026-06-05 00:00:00,3.7,417.0,1.29,5.1,2.7,154290000.0
2026-06-05 01:00:00,3.8,424.0,1.37,4.9,3.7,161119999.99999997
2026-06-05 02:00:00,4.0,423.0,1.43,5.2,2.5,169200000.0
2026-06-05 03:00:00,4.4,423.0,1.57,6.5,2.5,186120000.0
2026-06-05 04:00:00,4.6,402.0,1.49,7.3,4.8,184919999.99999997
2026-06-05 05:00:00,8.7,484.0,4.08,12.6,10.9,421079999.99999994
2026-06-05 06:00:00,9.7,515.0,5.15,17.7,14.4,499550000.0
2026-06-05 07:00:00,12.9,479.0,5.92,14.7,8.7,617910000.0
2026-06-05 08:00:00,9.8,460.0,4.15,13.8,-0.8,450800000.0
2026-06-05 09:00:00,9.5,447.0,3.8,12.6,-0.1,424650000.0
2026-06-05 10:00:00,9.4,452.0,3.84,12.1,4.0,424880000.0
2026-06-05 11:00:00,7.6,526.0,4.21,15.3,-2.7,399760000.0
2026-06-05 12:00:00,10.1,557.0,6.27,17.3,-2.4,562570000.0
2026-06-05 13:00:00,6.9,610.0,5.13,17.4,-6.2,420900000.0
2026-06-05 14:00:00,9.8,600.0,7.06,13.6,2.7,588000000.0
2026-06-05 15:00:00,8.2,599.0,5.88,12.9,1.2,491179999.99999994
2026-06-05 16:00:00,8.2,634.0,6.59,13.8,-7.8,519879999.99999994
2026-06-05 17:00:00,6.3,550.0,3.81,13.3,9.5,346500000.0
2026-06-05 18:00:00,4.8,623.0,3.73,12.5,6.8,299040000.0
2026-06-05 19:00:00,4.9,618.0,3.74,10.5,0.5,302820000.0
2026-06-05 20:00:00,3.1,691.0,2.96,7.9,0.6,214210000.0
2026-06-05 21:00:00,3.3,649.0,2.78,6.1,-3.0,214169999.99999997
2026-06-05 22:00:00,3.0,644.0,2.49,6.7,-5.5,193200000.0
2026-06-05 23:00:00,2.9,654.0,2.48,6.4,-5.4,189660000.0
2026-06-06 00:00:00,2.9,628.0,2.29,6.5,-2.8,182120000.0
2026-06-06 01:00:00,2.8,616.0,2.12,6.3,-2.9,172480000.0
2026-06-06 02:00:00,3.0,595.0,2.12,6.3,-2.4,178500000.0
2026-06-06 03:00:00,3.7,584.0,2.52,6.2,-0.5,216080000.00000003
2026-06-06 04:00:00,3.6,581.0,2.43,6.0,-1.3,209160000.0
2026-06-06 05:00:00,3.8,589.0,2.64,6.0,-0.3,223819999.99999997
2026-06-06 06:00:00,3.9,595.0,2.76,5.8,0.4,232050000.0
2026-06-06 07:00:00,3.3,585.0,2.26,5.9,1.7,193050000.0
2026-06-06 08:00:00,2.6,583.0,1.77,5.8,-0.4,151580000.0
2026-06-06 09:00:00,2.0,595.0,1.42,5.3,-2.0,119000000.0
2026-06-06 10:00:00,2.4,595.0,1.7,4.9,-2.4,142800000.0
2026-06-06 11:00:00,2.6,608.0,1.92,4.6,0.4,158080000.0
2026-06-06 12:00:00,2.6,592.0,1.82,4.5,-1.6,153920000.0
2026-06-06 13:00:00,2.3,582.0,1.56,5.0,-1.4,133859999.99999999
2026-06-06 14:00:00,2.7,586.0,1.85,4.7,-2.9,158220000.0
2026-06-06 15:00:00,2.2,579.0,1.48,5.1,-2.4,127380000.00000001
2026-06-06 16:00:00,2.1,567.0,1.35,5.0,1.0,119070000.0
2026-06-06 17:00:00,2.1,564.0,1.34,4.7,0.9,118440000.00000001
2026-06-06 18:00:00,2.1,584.0,1.43,4.5,1.8,122640000.00000001
2026-06-06 19:00:00,2.0,600.0,1.44,4.3,2.6,120000000.0
2026-06-06 20:00:00,2.2,583.0,1.5,4.1,1.6,128260000.00000001
2026-06-06 21:00:00,1.9,588.0,1.31,4.0,-1.0,111720000.0
2026-06-06 22:00:00,1.7,589.0,1.18,3.8,-2.0,100130000.0
2026-06-06 23:00:00,1.7,581.0,1.15,3.9,-0.4,98770000.0
2026-06-07 00:00:00,1.9,568.0,1.23,3.8,-0.5,107920000.0
2026-06-07 01:00:00,1.8,574.0,1.19,4.2,-1.1,103320000.0
2026-06-07 02:00:00,2.1,554.0,1.29,4.0,0.6,116340000.00000001
2026-06-07 03:00:00,1.7,562.0,1.07,4.0,1.5,95540000.0
2026-06-07 04:00:00,1.5,567.0,0.96,4.3,0.4,85050000.0
2026-06-07 05:00:00,1.6,553.0,0.98,4.3,-1.0,88480000.0
2026-06-07 06:00:00,1.7,548.0,1.02,4.2,0.5,93160000.0
2026-06-07 07:00:00,1.7,551.0,1.03,4.2,-1.4,93670000.0
2026-06-07 08:00:00,1.9,552.0,1.16,4.3,-2.4,104880000.0
2026-06-07 09:00:00,2.0,541.0,1.17,4.3,-0.8,108200000.0
2026-06-07 10:00:00,2.0,540.0,1.17,4.3,-2.4,108000000.0
2026-06-07 11:00:00,2.2,536.0,1.26,4.2,-0.3,117920000.0
2026-06-07 12:00:00,2.0,538.0,1.16,4.4,2.2,107600000.0
2026-06-07 13:00:00,1.9,531.0,1.07,4.6,0.5,100890000.0
2026-06-07 14:00:00,2.1,561.0,1.32,4.5,-2.0,117810000.00000001
2026-06-07 15:00:00,2.3,569.0,1.49,4.4,-2.0,130869999.99999999
2026-06-07 16:00:00,2.8,558.0,1.74,4.3,0.4,156240000.0
2026-06-07 17:00:00,2.4,556.0,1.48,4.0,0.5,133439999.99999999
2026-06-07 18:00:00,2.1,564.0,1.34,4.4,1.3,118440000.00000001
2026-06-07 19:00:00,2.1,546.0,1.25,4.4,1.7,114660000.00000001
2026-06-07 20:00:00,2.1,543.0,1.24,4.4,1.6,114030000.0
2026-06-07 21:00:00,2.1,529.0,1.18,4.6,2.3,111090000.00000001
2026-06-07 22:00:00,2.1,551.0,1.28,4.2,-1.5,115710000.00000001
2026-06-07 23:00:00,2.3,527.0,1.28,4.2,3.1,121209999.99999999
2026-06-08 00:00:00,2.2,524.0,1.21,4.4,3.5,115280000.00000001
2026-06-08 01:00:00,2.2,519.0,1.19,4.2,3.0,114180000.00000001
2026-06-08 02:00:00,2.7,507.0,1.39,4.1,1.5,136890000.0
2026-06-08 03:00:00,2.7,500.0,1.35,4.2,0.4,135000000.0
2026-06-08 04:00:00,2.6,499.0,1.29,4.1,-0.4,129740000.00000001
2026-06-08 05:00:00,2.3,490.0,1.1,4.1,-1.0,112700000.0
2026-06-08 06:00:00,2.0,499.0,1.0,4.1,-2.6,99800000.0
2026-06-08 07:00:00,2.0,499.0,1.0,4.0,-3.3,99800000.0
2026-06-08 08:00:00,2.0,494.0,0.98,4.0,-3.5,98800000.0
2026-06-08 09:00:00,2.0,493.0,0.97,4.0,-3.2,98600000.0
2026-06-08 10:00:00,2.1,491.0,1.01,4.0,-2.6,103110000.00000001
2026-06-08 11:00:00,2.1,482.0,0.98,3.9,-2.7,101220000.0
2026-06-08 12:00:00,2.3,479.0,1.06,3.7,-2.3,110169999.99999999
2026-06-08 13:00:00,1.7,468.0,0.74,3.7,-1.6,79560000.0
2026-06-08 14:00:00,1.8,470.0,0.8,3.7,-0.4,84600000.0
2026-06-08 15:00:00,1.9,481.0,0.88,3.6,2.7,91390000.0
2026-06-08 16:00:00,2.2,484.0,1.03,3.5,0.0,106480000.00000001
2026-06-08 17:00:00,2.1,474.0,0.94,3.5,-0.1,99540000.00000001
2026-06-08 18:00:00,2.2,478.0,1.01,4.1,-3.1,105160000.00000001
2026-06-08 19:00:00,2.1,460.0,0.89,4.1,-2.0,96600000.0
2026-06-08 20:00:00,2.0,454.0,0.82,4.0,-0.9,90800000.0
2026-06-08 21:00:00,2.0,454.0,0.82,3.8,-1.2,90800000.0
2026-06-08 22:00:00,2.0,446.0,0.8,3.9,-1.7,89200000.0
2026-06-08 23:00:00,2.0,447.0,0.8,4.0,-1.5,89400000.0
2026-06-09 00:00:00,2.0,439.0,0.77,4.1,-0.3,87800000.0
2026-06-09 01:00:00,2.2,443.0,0.86,4.4,-0.9,97460000.0
2026-06-09 02:00:00,2.2,453.0,0.9,4.8,-1.9,99660000.00000001
2026-06-09 03:00:00,2.2,450.0,0.89,4.8,-1.4,99000000.00000001
2026-06-09 04:00:00,2.3,455.0,0.95,5.0,-1.4,104650000.0
2026-06-09 05:00:00,2.2,443.0,0.86,4.9,-1.5,97460000.0
2026-06-09 06:00:00,2.3,451.0,0.94,4.9,-0.9,103730000.0
2026-06-09 07:00:00,2.1,434.0,0.79,4.8,-2.1,91140000.00000001
2026-06-09 08:00:00,2.1,420.0,0.74,5.1,0.3,88200000.0
2026-06-09 09:00:00,2.4,423.0,0.86,5.4,-0.4,101520000.0
2026-06-09 10:00:00,2.6,418.0,0.91,5.8,-0.4,108680000.0
2026-06-09 11:00:00,4.1,441.0,1.59,9.4,-2.1,180810000.0
2026-06-09 12:00:00,5.2,452.0,2.12,9.5,-1.2,235040000.0
2026-06-09 13:00:00,6.8,444.0,2.68,9.1,-1.8,301920000.0
2026-06-09 14:00:00,7.9,439.0,3.04,8.5,-2.4,346810000.00000006
2026-06-09 15:00:00,8.4,429.0,3.09,7.2,-3.9,360360000.00000006
2026-06-09 16:00:00,9.5,437.0,3.63,5.5,1.0,415150000.0
2026-06-09 17:00:00,10.6,444.0,4.18,5.9,2.2,470639999.99999994
2026-06-09 18:00:00,9.0,449.0,3.63,6.3,-4.9,404100000.0
2026-06-09 19:00:00,5.4,452.0,2.21,7.7,-6.0,244080000.00000003
2026-06-09 20:00:00,4.7,447.0,1.88,7.1,-2.6,210090000.0
2026-06-09 21:00:00,4.5,453.0,1.85,7.1,2.8,203850000.0
2026-06-09 22:00:00,6.7,443.0,2.63,4.3,0.7,296810000.0
2026-06-09 23:00:00,7.4,440.0,2.87,5.0,3.6,325600000.0
2026-06-10 00:00:00,8.7,442.0,3.4,5.4,2.9,384539999.99999994
2026-06-10 01:00:00,7.6,441.0,2.96,5.1,0.2,335160000.0
2026-06-10 02:00:00,7.4,445.0,2.93,4.9,0.7,329300000.0
2026-06-10 03:00:00,7.1,439.0,2.74,5.1,0.3,311689999.99999994
2026-06-10 04:00:00,7.2,431.0,2.67,5.1,-0.0,310320000.0
2026-06-10 05:00:00,6.9,420.0,2.43,5.4,-1.3,289800000.0
2026-06-10 06:00:00,7.3,417.0,2.54,5.1,-1.2,304410000.0
2026-06-10 07:00:00,7.6,410.0,2.56,5.2,-2.1,311600000.0
2026-06-10 08:00:00,8.2,406.0,2.7,4.7,-3.4,332920000.0
2026-06-10 09:00:00,8.2,396.0,2.57,4.7,-4.0,324720000.0
2026-06-10 10:00:00,8.7,393.0,2.69,5.1,-3.0,341910000.0
2026-06-10 11:00:00,9.0,391.0,2.75,5.2,-1.7,351900000.0
2026-06-10 12:00:00,9.7,386.0,2.89,5.7,-3.8,374420000.0
2026-06-10 13:00:00,10.0,396.0,3.14,4.8,-0.2,396000000.0
2026-06-10 14:00:00,10.6,388.0,3.19,4.2,0.8,411280000.0
2026-06-10 15:00:00,10.7,388.0,3.22,4.5,-0.9,415159999.99999994
2026-06-10 16:00:00,11.1,387.0,3.32,4.2,0.5,429570000.0
2026-06-10 17:00:00,10.0,380.0,2.89,5.0,3.1,380000000.0
2026-06-10 18:00:00,10.5,390.0,3.19,6.1,4.0,409500000.0
2026-06-10 19:00:00,9.5,394.0,2.95,7.1,-0.6,374300000.0
2026-06-10 20:00:00,9.9,397.0,3.12,7.3,1.9,393030000.0
2026-06-10 21:00:00,10.9,398.0,3.45,7.1,3.2,433820000.0
2026-06-10 22:00:00,10.5,391.0,3.21,7.7,0.4,410550000.0
2026-06-10 23:00:00,11.2,394.0,3.48,7.0,3.4,441279999.99999994
2026-06-11 00:00:00,11.2,392.0,3.44,7.1,3.4,439039999.99999994
2026-06-11 01:00:00,12.4,396.0,3.89,8.1,6.1,491040000.00000006
2026-06-11 02:00:00,12.6,397.0,3.97,8.6,5.1,500220000.0
2026-06-11 03:00:00,12.1,398.0,3.83,8.9,4.6,481580000.0
2026-06-11 04:00:00,14.3,396.0,4.48,8.9,4.5,566280000.0
2026-06-11 05:00:00,17.8,389.0,5.39,6.7,-4.1,692420000.0000001
2026-06-11 06:00:00,18.1,391.0,5.53,5.5,-1.4,707710000.0
2026-06-11 07:00:00,14.3,384.0,4.22,7.6,-3.3,549120000.0000001
2026-06-11 08:00:00,11.3,379.0,3.25,6.6,-3.5,428270000.0
2026-06-11 09:00:00,10.3,380.0,2.97,6.2,-5.1,391400000.00000006
2026-06-11 10:00:00,10.8,376.0,3.05,5.9,-4.5,406080000.0
2026-06-11 11:00:00,10.9,374.0,3.05,5.7,-2.3,407660000.0
2026-06-11 12:00:00,10.5,373.0,2.92,5.4,0.5,391650000.0
2026-06-11 13:00:00,12.1,385.0,3.59,6.2,1.2,465850000.0
2026-06-11 14:00:00,13.7,394.0,4.25,6.6,5.5,539779999.9999999
2026-06-11 15:00:00,14.8,399.0,4.71,7.7,6.5,590520000.0000001
2026-06-11 16:00:00,19.6,398.0,6.21,10.0,8.3,780080000.0
2026-06-11 17:00:00,26.3,410.0,8.84,13.1,10.2,1078300000.0
2026-06-11 18:00:00,20.2,443.0,7.93,10.5,0.6,894860000.0
2026-06-11 19:00:00,11.6,470.0,5.12,11.2,-4.4,545200000.0
2026-06-11 20:00:00,12.9,462.0,5.51,12.3,-7.0,595980000.0
2026-06-11 21:00:00,11.9,476.0,5.39,12.5,-3.5,566440000.0
2026-06-11 22:00:00,10.4,502.0,5.24,12.2,8.7,522080000.0
2026-06-11 23:00:00,9.9,502.0,4.99,14.0,12.9,496980000.0
2026-06-12 00:00:00,9.8,501.0,4.92,10.1,4.1,490980000.0
2026-06-12 01:00:00,7.6,501.0,3.82,14.6,1.6,380760000.0
2026-06-12 02:00:00,6.8,496.0,3.35,13.9,-3.1,337280000.0
2026-06-12 03:00:00,7.0,503.0,3.54,12.3,-3.6,352100000.0
2026-06-12 04:00:00,7.2,551.0,4.37,9.6,0.2,396720000.0
2026-06-12 05:00:00,5.1,587.0,3.51,8.6,-3.2,299370000.0
2026-06-12 06:00:00,4.6,600.0,3.31,8.1,0.6,276000000.0
2026-06-12 07:00:00,4.4,593.0,3.09,7.7,0.3,260920000.00000003
2026-06-12 08:00:00,4.6,603.0,3.35,6.0,-2.0,277380000.0
2026-06-12 09:00:00,4.8,617.0,3.65,6.1,-3.3,296160000.0
2026-06-12 10:00:00,5.1,615.0,3.86,6.0,-1.9,313650000.0
2026-06-12 11:00:00,5.0,596.0,3.55,6.3,-3.5,298000000.0
2026-06-12 12:00:00,4.5,590.0,3.13,6.3,-1.8,265500000.0
2026-06-12 13:00:00,3.6,587.0,2.48,5.8,-1.0,211320000.00000003
2026-06-12 14:00:00,3.1,590.0,2.16,6.1,-1.1,182900000.0
2026-06-12 15:00:00,2.8,587.0,1.93,5.7,3.2,164360000.0
2026-06-12 16:00:00,2.4,569.0,1.55,5.5,0.3,136560000.0
2026-06-12 17:00:00,2.4,543.0,1.42,5.5,-0.3,130320000.0
2026-06-12 18:00:00,2.6,550.0,1.57,5.4,-1.5,143000000.0
2026-06-12 19:00:00,2.6,540.0,1.52,5.4,-1.2,140400000.0
2026-06-12 20:00:00,2.7,539.0,1.57,5.6,-1.0,145530000.00000003
2026-06-12 21:00:00,2.9,544.0,1.72,5.5,-1.8,157760000.0
2026-06-12 22:00:00,3.3,567.0,2.12,5.3,-2.3,187110000.0
2026-06-12 23:00:00,3.2,566.0,2.05,4.8,0.1,181120000.0
2026-06-13 00:00:00,3.3,567.0,2.12,4.8,-1.4,187110000.0
2026-06-13 01:00:00,3.7,566.0,2.37,5.0,-3.1,209420000.00000003
2026-06-13 02:00:00,3.4,564.0,2.16,5.0,-0.3,191760000.0
2026-06-13 03:00:00,3.1,569.0,2.01,4.5,0.6,176390000.0
2026-06-13 04:00:00,3.4,578.0,2.27,4.3,-1.9,196520000.0
2026-06-13 05:00:00,3.7,555.0,2.28,4.6,-1.2,205350000.0
2026-06-13 06:00:00,3.2,561.0,2.01,4.4,-0.3,179520000.0
2026-06-13 07:00:00,3.2,554.0,1.96,4.1,-0.6,177280000.00000003
2026-06-13 08:00:00,2.9,576.0,1.92,4.6,-1.6,167040000.0
2026-06-13 09:00:00,3.0,577.0,2.0,4.6,-0.4,173100000.0
2026-06-13 10:00:00,4.4,592.0,3.08,5.7,-1.3,260480000.00000003
2026-06-13 11:00:00,6.1,613.0,4.58,6.7,-0.7,373930000.0
2026-06-13 12:00:00,5.8,623.0,4.5,5.7,1.4,361340000.0
2026-06-13 13:00:00,5.6,615.0,4.24,5.4,0.1,344400000.0
2026-06-13 14:00:00,4.6,610.0,3.42,6.3,-0.6,280600000.0
2026-06-13 15:00:00,3.9,608.0,2.88,6.6,-3.4,237119999.99999997
2026-06-13 16:00:00,3.1,619.0,2.38,6.6,-0.8,191890000.0
2026-06-13 17:00:00,2.8,605.0,2.05,6.6,-0.8,169400000.0
2026-06-13 18:00:00,2.6,582.0,1.76,6.6,-1.3,151320000.0
2026-06-13 19:00:00,3.3,587.0,2.27,6.5,0.1,193710000.0
2026-06-13 20:00:00,7.2,576.0,4.78,5.6,-3.4,414720000.0
2026-06-13 21:00:00,6.5,562.0,4.11,4.5,-0.2,365300000.0
2026-06-13 22:00:00,6.1,556.0,3.77,4.4,-0.6,339160000.0
2026-06-13 23:00:00,5.6,547.0,3.35,4.8,0.9,306320000.0
2026-06-14 00:00:00,5.3,547.0,3.17,4.8,1.3,289910000.0
2026-06-14 01:00:00,4.3,545.0,2.55,5.1,-0.2,234350000.0
2026-06-14 02:00:00,3.3,541.0,1.93,5.3,-0.5,178530000.0
2026-06-14 03:00:00,2.5,535.0,1.43,5.6,-0.9,133750000.0
2026-06-14 04:00:00,2.6,534.0,1.48,5.6,-1.5,138840000.0
2026-06-14 05:00:00,2.3,535.0,1.32,5.7,-1.6,123050000.0
2026-06-14 06:00:00,2.5,525.0,1.38,5.7,-1.1,131250000.0
2026-06-14 07:00:00,2.1,522.0,1.14,5.8,-0.6,109620000.0
2026-06-14 08:00:00,2.0,520.0,1.08,5.8,-0.3,104000000.0
2026-06-14 09:00:00,2.8,515.0,1.49,5.6,0.5,144200000.0
2026-06-14 10:00:00,3.2,496.0,1.57,5.6,0.3,158720000.0
2026-06-14 11:00:00,3.2,493.0,1.56,5.7,-0.2,157760000.0
2026-06-14 12:00:00,2.8,490.0,1.34,5.6,-1.2,137200000.0
2026-06-14 13:00:00,2.9,489.0,1.39,5.1,-0.3,141810000.0
2026-06-14 14:00:00,3.6,499.0,1.79,5.4,0.3,179640000.0
2026-06-14 15:00:00,3.6,495.0,1.76,5.3,-0.1,178200000.0
2026-06-14 16:00:00,3.2,476.0,1.45,5.1,0.3,152320000.0
2026-06-14 17:00:00,3.5,470.0,1.55,5.0,1.1,164500000.0
2026-06-14 18:00:00,3.0,483.0,1.4,4.6,0.9,144900000.0
2026-06-14 19:00:00,3.3,479.0,1.51,4.3,1.6,158069999.99999997
2026-06-14 20:00:00,3.9,462.0,1.66,4.3,-0.4,180180000.0
2026-06-14 21:00:00,3.9,457.0,1.63,4.6,1.3,178230000.0
2026-06-14 22:00:00,3.5,463.0,1.5,4.7,1.3,162050000.0
2026-06-14 23:00:00,3.2,448.0,1.28,5.1,-2.3,143360000.0
2026-06-15 00:00:00,3.0,462.0,1.28,4.6,0.4,138600000.0
2026-06-15 01:00:00,3.6,454.0,1.48,4.5,1.2,163440000.0
2026-06-15 02:00:00,3.3,457.0,1.38,4.7,0.0,150810000.0
2026-06-15 03:00:00,3.2,453.0,1.31,4.5,-0.5,144960000.0
2026-06-15 04:00:00,2.8,441.0,1.09,4.6,1.0,123480000.0
2026-06-15 05:00:00,2.9,449.0,1.17,4.4,0.9,130209999.99999999
2026-06-15 06:00:00,2.9,450.0,1.17,4.2,1.3,130500000.0
2026-06-15 07:00:00,2.9,447.0,1.16,4.2,0.9,129630000.0
2026-06-15 08:00:00,3.1,440.0,1.2,3.9,1.7,136400000.0
2026-06-15 09:00:00,3.2,430.0,1.18,4.1,0.9,137600000.0
2026-06-15 10:00:00,2.9,450.0,1.17,4.1,-0.3,130500000.0
2026-06-15 11:00:00,2.9,443.0,1.14,4.0,0.3,128470000.0
2026-06-15 12:00:00,2.8,431.0,1.04,4.1,1.7,120680000.0
2026-06-15 13:00:00,2.6,433.0,0.97,4.7,2.1,112580000.0
2026-06-15 14:00:00,2.7,432.0,1.01,4.8,1.8,116640000.00000001
2026-06-15 15:00:00,2.8,422.0,1.0,4.8,0.9,118159999.99999999
2026-06-15 16:00:00,2.8,422.0,1.0,4.6,0.7,118159999.99999999
2026-06-15 17:00:00,2.9,432.0,1.08,4.6,1.0,125280000.0
2026-06-15 18:00:00,3.2,437.0,1.22,4.6,0.4,139840000.0
2026-06-15 19:00:00,3.1,443.0,1.22,4.6,-0.7,137330000.0
2026-06-15 20:00:00,3.3,438.0,1.27,4.7,-1.1,144540000.0
2026-06-15 21:00:00,4.0,431.0,1.49,5.3,-2.0,172400000.0
2026-06-15 22:00:00,3.9,428.0,1.43,5.8,3.4,166920000.0
2026-06-15 23:00:00,3.3,432.0,1.23,6.2,5.1,142560000.0
2026-06-16 00:00:00,4.0,427.0,1.46,5.9,2.7,170800000.0
2026-06-16 01:00:00,2.3,446.0,0.92,6.5,-1.1,102580000.0
2026-06-16 02:00:00,1.7,447.0,0.68,7.1,-2.2,75990000.0
2026-06-16 03:00:00,2.0,448.0,0.8,7.1,0.6,89600000.0
2026-06-16 04:00:00,1.5,437.0,0.57,7.2,2.1,65550000.0
2026-06-16 05:00:00,1.6,438.0,0.61,7.1,3.2,70080000.0
2026-06-16 06:00:00,1.8,428.0,0.66,7.1,4.1,77040000.0
2026-06-16 07:00:00,2.3,415.0,0.79,6.6,-0.5,95449999.99999999
2026-06-16 08:00:00,2.6,404.0,0.85,6.5,-1.4,105040000.00000001
2026-06-16 09:00:00,3.1,401.0,1.0,6.2,-2.4,124310000.00000001
2026-06-16 10:00:00,3.6,408.0,1.2,6.0,0.7,146880000.0
2026-06-16 11:00:00,3.5,410.0,1.18,6.5,3.2,143500000.0
2026-06-16 12:00:00,3.6,406.0,1.19,6.3,1.6,146160000.0
2026-06-16 13:00:00,4.3,383.0,1.26,5.9,-0.2,164690000.0
2026-06-16 14:00:00,5.6,396.0,1.76,7.6,-2.6,221760000.0
2026-06-16 15:00:00,5.2,407.0,1.72,6.9,3.4,211640000.0
2026-06-16 16:00:00,5.3,396.0,1.66,6.3,-1.3,209879999.99999997
2026-06-16 17:00:00,5.2,393.0,1.61,6.6,-0.4,204360000.0
2026-06-16 18:00:00,7.3,406.0,2.41,6.3,5.3,296380000.0
2026-06-16 19:00:00,8.3,409.0,2.78,5.7,5.5,339470000.0
2026-06-16 20:00:00,7.6,407.0,2.52,5.6,5.1,309320000.0
2026-06-16 21:00:00,7.8,409.0,2.61,5.9,5.2,319020000.0
2026-06-16 22:00:00,7.5,403.0,2.44,6.3,5.6,302250000.0
2026-06-16 23:00:00,7.4,403.0,2.4,7.1,6.7,298220000.0
2026-06-17 00:00:00,8.9,405.0,2.92,7.9,7.5,360450000.0
2026-06-17 01:00:00,10.5,405.0,3.44,8.0,4.9,425250000.0
2026-06-17 02:00:00,13.7,400.0,4.38,8.4,4.7,548000000.0
2026-06-17 03:00:00,16.3,396.0,5.11,8.6,6.5,645480000.0
2026-06-17 04:00:00,12.4,418.0,4.33,10.3,9.2,518320000.0
2026-06-17 05:00:00,9.7,418.0,3.39,11.2,9.4,405460000.0
2026-06-17 06:00:00,7.6,419.0,2.67,11.8,6.2,318439999.99999994
2026-06-17 07:00:00,9.7,418.0,3.39,10.5,3.0,405460000.0
2026-06-17 08:00:00,7.7,422.0,2.74,7.8,-3.0,324940000.0
2026-06-17 09:00:00,7.7,430.0,2.85,6.0,-2.8,331100000.0
2026-06-17 10:00:00,5.2,433.0,1.95,5.9,-2.8,225160000.0
2026-06-17 11:00:00,4.5,435.0,1.7,4.9,-4.0,195750000.0
2026-06-17 12:00:00,4.2,456.0,1.75,5.4,-3.1,191520000.0
2026-06-17 13:00:00,4.0,454.0,1.65,3.7,-2.0,181600000.0
2026-06-17 14:00:00,3.9,466.0,1.69,4.5,-1.9,181740000.0
2026-06-17 15:00:00,3.2,493.0,1.56,4.3,-0.6,157760000.0
2026-06-17 16:00:00,2.6,466.0,1.13,3.6,-0.5,121160000.00000001
2026-06-17 17:00:00,2.4,460.0,1.02,3.5,0.3,110400000.0
2026-06-17 18:00:00,2.4,451.0,0.98,3.4,0.9,108239999.99999999
2026-06-17 19:00:00,2.3,449.0,0.93,3.4,-0.6,103269999.99999999
2026-06-17 20:00:00,2.3,449.0,0.93,3.0,0.8,103269999.99999999
2026-06-17 21:00:00,2.4,456.0,1.0,2.5,0.4,109439999.99999999
2026-06-17 22:00:00,2.8,447.0,1.12,2.5,-0.4,125159999.99999999
2026-06-17 23:00:00,3.1,440.0,1.2,2.8,-0.6,136400000.0
2026-06-18 00:00:00,3.4,434.0,1.28,3.0,-2.2,147560000.0
2026-06-18 01:00:00,4.2,434.0,1.58,3.6,-1.7,182280000.00000003
2026-06-18 02:00:00,4.7,428.0,1.72,3.1,-0.7,201160000.0
2026-06-18 03:00:00,4.1,419.0,1.44,3.5,0.7,171790000.0
2026-06-18 04:00:00,5.2,414.0,1.78,3.0,0.1,215280000.00000003
2026-06-18 05:00:00,5.2,416.0,1.8,3.6,0.2,216320000.00000003
2026-06-18 06:00:00,4.9,412.0,1.66,3.8,0.3,201880000.00000003
2026-06-18 07:00:00,5.1,410.0,1.71,4.0,1.5,209100000.0
2026-06-18 08:00:00,6.3,396.0,1.98,3.2,-0.1,249479999.99999997
2026-06-18 09:00:00,7.2,392.0,2.21,3.3,-0.7,282240000.0
2026-06-18 10:00:00,6.8,407.0,2.25,4.4,1.7,276760000.0
2026-06-18 11:00:00,7.3,404.0,2.38,4.7,2.5,294920000.0
2026-06-18 12:00:00,7.1,402.0,2.29,5.0,0.4,285420000.0
2026-06-18 13:00:00,7.6,394.0,2.36,5.1,-0.6,299439999.99999994
2026-06-18 14:00:00,7.9,393.0,2.44,4.8,-1.8,310470000.0
2026-06-18 15:00:00,7.8,386.0,2.32,4.8,-3.0,301080000.0
2026-06-18 16:00:00,7.3,380.0,2.11,4.4,-3.0,277400000.0
2026-06-18 17:00:00,7.1,378.0,2.03,4.7,-2.2,268379999.99999997
2026-06-18 18:00:00,7.4,374.0,2.07,4.6,-1.0,276760000.0
2026-06-18 19:00:00,7.9,369.0,2.15,4.6,-0.6,291510000.0
2026-06-18 20:00:00,7.2,365.0,1.92,5.6,-2.8,262800000.0
2026-06-18 21:00:00,7.4,365.0,1.97,6.1,-3.5,270100000.0
2026-06-18 22:00:00,7.9,368.0,2.14,6.5,-2.2,290720000.0
2026-06-18 23:00:00,9.1,369.0,2.48,7.1,-4.5,335790000.0
2026-06-19 00:00:00,8.7,367.0,2.34,6.9,-4.4,319289999.99999994
2026-06-19 01:00:00,9.0,376.0,2.54,5.9,-1.2,338400000.0
2026-06-19 02:00:00,8.1,367.0,2.18,6.1,-2.7,297270000.0
2026-06-19 03:00:00,10.9,374.0,3.05,5.5,-2.8,407660000.0
2026-06-19 04:00:00,12.8,373.0,3.56,6.0,-1.2,477440000.00000006
2026-06-19 05:00:00,11.7,368.0,3.17,6.5,1.9,430559999.99999994
2026-06-19 06:00:00,11.9,368.0,3.22,6.3,3.3,437920000.0
2026-06-19 07:00:00,10.2,373.0,2.84,8.2,6.9,380460000.0
2026-06-19 08:00:00,11.7,369.0,3.19,6.4,0.0,431730000.0
2026-06-19 09:00:00,7.4,369.0,2.02,8.7,-3.0,273060000.0
2026-06-19 10:00:00,5.9,377.0,1.68,8.7,-0.9,222430000.00000003
2026-06-19 11:00:00,4.8,397.0,1.51,9.6,0.5,190560000.0
2026-06-19 12:00:00,4.6,403.0,1.49,9.2,-2.5,185380000.0
2026-06-19 13:00:00,4.4,421.0,1.56,9.1,0.2,185240000.0
2026-06-19 14:00:00,3.9,413.0,1.33,9.6,1.2,161070000.0
2026-06-19 15:00:00,3.9,407.0,1.29,10.0,0.7,158730000.0
2026-06-19 16:00:00,4.1,404.0,1.34,10.0,0.1,165640000.0
2026-06-19 17:00:00,4.4,408.0,1.46,9.7,0.7,179520000.0
2026-06-19 18:00:00,4.9,398.0,1.55,9.2,1.5,195020000.0
2026-06-19 19:00:00,5.6,400.0,1.79,8.5,1.2,224000000.0
2026-06-19 20:00:00,6.0,419.0,2.11,8.1,4.2,251400000.0
2026-06-19 21:00:00,6.2,408.0,2.06,8.2,3.6,252960000.0
2026-06-19 22:00:00,6.4,393.0,1.98,8.0,1.5,251520000.00000003
2026-06-19 23:00:00,6.5,386.0,1.94,7.9,-2.9,250900000.0
2026-06-20 00:00:00,6.4,390.0,1.95,7.5,-0.8,249600000.0
2026-06-20 01:00:00,6.4,381.0,1.86,7.5,-1.2,243840000.0
2026-06-20 02:00:00,6.4,379.0,1.84,7.5,-1.2,242560000.0
2026-06-20 03:00:00,6.6,387.0,1.98,7.4,2.6,255419999.99999997
2026-06-20 04:00:00,6.5,400.0,2.08,7.4,4.7,260000000.0
2026-06-20 05:00:00,6.5,371.0,1.79,7.3,-1.4,241150000.0
2026-06-20 06:00:00,6.6,375.0,1.86,7.1,-1.4,247500000.0
2026-06-20 07:00:00,6.6,411.0,2.23,6.9,2.5,271260000.0
2026-06-20 08:00:00,6.5,393.0,2.01,6.9,1.7,255450000.0
2026-06-20 09:00:00,6.7,380.0,1.93,6.6,3.5,254600000.0
2026-06-20 10:00:00,6.5,392.0,2.0,6.8,-3.8,254800000.0
2026-06-20 11:00:00,5.8,372.0,1.61,7.1,-3.1,215760000.0
2026-06-20 12:00:00,6.5,367.0,1.75,6.8,-2.1,238550000.0
2026-06-20 13:00:00,6.2,368.0,1.68,6.7,3.8,228160000.0
2026-06-20 14:00:00,6.5,380.0,1.88,6.5,-0.4,247000000.0
2026-06-20 15:00:00,6.6,383.0,1.94,6.3,-0.4,252779999.99999997
2026-06-20 16:00:00,6.9,365.0,1.84,6.4,2.1,251850000.0
2026-06-20 17:00:00,7.5,365.0,2.0,6.5,2.0,273750000.0
2026-06-20 18:00:00,7.8,360.0,2.02,6.6,-1.9,280800000.0
2026-06-20 19:00:00,7.8,374.0,2.18,6.4,2.4,291720000.0
2026-06-20 20:00:00,7.5,388.0,2.26,6.7,3.8,291000000.0
2026-06-20 21:00:00,7.1,395.0,2.22,6.5,-0.1,280450000.0
2026-06-20 22:00:00,6.8,376.0,1.92,6.6,1.8,255679999.99999997
2026-06-20 23:00:00,6.9,376.0,1.95,5.8,2.2,259440000.0
2026-06-21 00:00:00,6.9,387.0,2.07,5.8,-0.0,267030000.00000003
2026-06-21 01:00:00,6.7,383.0,1.97,5.7,3.1,256610000.0
2026-06-21 02:00:00,7.1,380.0,2.05,5.6,3.5,269800000.0
2026-06-21 03:00:00,7.6,378.0,2.17,5.5,2.3,287280000.0
2026-06-21 04:00:00,6.9,384.0,2.03,5.7,-2.4,264960000.00000003
2026-06-21 05:00:00,6.7,378.0,1.91,5.9,-0.6,253260000.0
2026-06-21 06:00:00,7.0,377.0,1.99,6.0,-0.0,263900000.0
2026-06-21 07:00:00,7.0,379.0,2.01,5.6,1.3,265300000.0
2026-06-21 08:00:00,7.1,374.0,1.99,6.1,2.5,265540000.0
2026-06-21 09:00:00,7.2,370.0,1.97,6.1,5.0,266400000.0
2026-06-21 10:00:00,7.2,358.0,1.85,6.1,3.5,257760000.0
2026-06-21 11:00:00,7.1,358.0,1.82,6.2,3.4,254179999.99999997
2026-06-21 12:00:00,7.0,361.0,1.82,6.2,3.0,252700000.0
2026-06-21 13:00:00,7.3,364.0,1.93,5.2,2.6,265719999.99999997
2026-06-21 14:00:00,7.7,355.0,1.94,5.3,1.5,273350000.0
2026-06-21 15:00:00,7.8,355.0,1.97,5.5,1.0,276900000.0
2026-06-21 16:00:00,7.0,353.0,1.74,5.4,0.3,247100000.0
2026-06-21 17:00:00,7.1,361.0,1.85,4.8,-0.7,256310000.0
2026-06-21 18:00:00,7.1,376.0,2.01,5.4,-1.8,266960000.0
2026-06-21 19:00:00,7.0,365.0,1.87,5.3,0.4,255500000.0
2026-06-21 20:00:00,7.4,351.0,1.82,5.6,0.9,259740000.0
2026-06-21 21:00:00,7.7,346.0,1.84,5.5,2.1,266420000.00000003
2026-06-21 22:00:00,7.5,348.0,1.82,5.3,3.1,261000000.0
2026-06-21 23:00:00,7.4,345.0,1.76,5.2,1.7,255300000.0
2026-06-22 00:00:00,7.1,362.0,1.86,5.7,-0.4,257019999.99999997
2026-06-22 01:00:00,7.9,347.0,1.9,5.5,2.4,274130000.0
2026-06-22 02:00:00,8.3,344.0,1.96,5.4,0.6,285520000.0
2026-06-22 03:00:00,8.3,341.0,1.93,5.5,0.8,283030000.0
2026-06-22 04:00:00,8.3,344.0,1.96,5.1,-0.2,285520000.0
2026-06-22 05:00:00,8.4,346.0,2.01,4.6,1.8,290640000.0
2026-06-22 06:00:00,8.7,349.0,2.12,4.4,0.6,303630000.0
2026-06-22 07:00:00,8.7,352.0,2.16,4.4,0.5,306239999.99999994
2026-06-22 08:00:00,9.2,347.0,2.22,4.2,-0.1,319239999.99999994
2026-06-22 09:00:00,9.8,345.0,2.33,3.9,0.1,338100000.00000006
2026-06-22 10:00:00,9.9,350.0,2.43,3.8,-0.9,346500000.0
2026-06-22 11:00:00,10.3,351.0,2.54,4.1,-1.1,361530000.0
2026-06-22 12:00:00,10.1,354.0,2.53,4.0,-0.8,357540000.0
2026-06-22 13:00:00,10.3,346.0,2.47,3.5,-1.0,356380000.0
2026-06-22 14:00:00,9.6,343.0,2.26,4.2,0.6,329280000.0
2026-06-22 15:00:00,9.7,342.0,2.27,4.3,-0.0,331739999.99999994
2026-06-22 16:00:00,9.5,338.0,2.17,4.6,2.2,321100000.0
2026-06-22 17:00:00,11.0,343.0,2.59,4.0,0.4,377300000.0
2026-06-22 18:00:00,12.3,342.0,2.88,3.5,-0.3,420660000.00000006
2026-06-22 19:00:00,12.1,347.0,2.91,3.7,-1.0,419870000.0
2026-06-22 20:00:00,9.6,350.0,2.35,5.7,-1.0,336000000.0
2026-06-22 21:00:00,8.8,346.0,2.11,6.0,-2.3,304480000.0
2026-06-22 22:00:00,7.2,339.0,1.65,6.5,-0.7,244080000.00000003
2026-06-22 23:00:00,7.9,336.0,1.78,6.0,-1.7,265440000.0
2026-06-23 00:00:00,7.6,342.0,1.78,5.8,-1.6,259919999.99999997
2026-06-23 01:00:00,7.7,337.0,1.75,5.7,-0.3,259490000.0
2026-06-23 02:00:00,7.6,334.0,1.7,5.6,0.3,253840000.0
2026-06-23 03:00:00,7.7,334.0,1.72,5.6,1.1,257180000.00000003
2026-06-23 04:00:00,7.4,336.0,1.67,5.9,0.9,248640000.0
2026-06-23 05:00:00,6.5,347.0,1.57,6.1,4.1,225550000.0
2026-06-23 06:00:00,6.5,349.0,1.58,5.6,3.5,226850000.0
2026-06-23 07:00:00,7.0,341.0,1.63,5.3,-1.4,238700000.0
2026-06-23 08:00:00,7.0,338.0,1.6,5.2,0.2,236600000.0
2026-06-23 09:00:00,7.1,349.0,1.73,4.9,-1.8,247790000.0
2026-06-23 10:00:00,8.1,345.0,1.93,5.0,-0.2,279450000.0
2026-06-23 11:00:00,8.5,343.0,2.0,5.3,-0.8,291550000.0
2026-06-23 12:00:00,8.4,350.0,2.06,6.2,0.1,294000000.0
2026-06-23 13:00:00,9.7,364.0,2.57,7.6,-2.9,353080000.0
2026-06-23 14:00:00,10.0,366.0,2.68,8.7,-2.7,366000000.0
2026-06-23 15:00:00,15.1,361.0,3.94,8.0,-3.0,545110000.0
2026-06-23 16:00:00,18.2,373.0,5.06,7.1,-5.8,678860000.0
2026-06-23 17:00:00,19.5,370.0,5.34,6.7,-4.1,721500000.0
2026-06-23 18:00:00,14.4,366.0,3.86,6.9,-4.0,527040000.00000006
2026-06-23 19:00:00,13.5,356.0,3.42,7.8,-2.4,480600000.0
2026-06-23 20:00:00,8.6,376.0,2.43,9.5,2.7,323360000.0
2026-06-23 21:00:00,7.9,391.0,2.42,10.1,3.2,308890000.0
2026-06-23 22:00:00,8.8,391.0,2.69,9.7,4.3,344080000.0
2026-06-23 23:00:00,8.9,386.0,2.65,9.8,4.5,343540000.0
2026-06-24 00:00:00,9.4,392.0,2.89,10.3,3.0,368480000.0
2026-06-24 01:00:00,12.2,387.0,3.65,11.7,2.8,472139999.99999994
2026-06-24 02:00:00,14.1,369.0,3.84,,,520289999.99999994
2026-06-24 03:00:00,14.3,367.0,3.85,,,524810000.00000006
2026-06-24 04:00:00,14.5,367.0,3.91,,,532150000.0
2026-06-24 05:00:00,11.4,399.0,3.63,,,454860000.00000006
2026-06-24 06:00:00,9.3,440.0,3.6,,,409200000.00000006
2026-06-24 07:00:00,8.3,441.0,3.23,,,366030000.0
2026-06-24 08:00:00,9.5,456.0,3.95,,,433200000.0
2026-06-24 09:00:00,9.7,442.0,3.79,,,428739999.99999994
2026-06-24 10:00:00,10.6,436.0,4.03,,,462159999.99999994
2026-06-24 11:00:00,10.4,477.0,4.73,,,496080000.0
2026-06-24 12:00:00,9.2,457.0,3.84,,,420439999.99999994
2026-06-24 13:00:00,9.7,450.0,3.93,,,436500000.0
2026-06-24 14:00:00,10.8,459.0,4.55,,,495720000.00000006
2026-06-24 15:00:00,8.7,453.0,3.57,,,394109999.99999994
2026-06-24 16:00:00,8.5,459.0,3.58,,,390150000.0
2026-06-24 17:00:00,10.1,470.0,4.46,,,474700000.0
2026-06-24 18:00:00,13.2,488.0,6.29,,,644160000.0
2026-06-24 19:00:00,11.3,490.0,5.43,,,553700000.0
2026-06-24 20:00:00,13.0,507.0,6.68,,,659100000.0
2026-06-24 21:00:00,10.4,534.0,5.93,,,555360000.0
2026-06-24 22:00:00,7.9,602.0,5.73,,,475580000.0
2026-06-24 23:00:00,6.7,613.0,5.04,,,410710000.00000006
2026-06-25 00:00:00,6.8,635.0,5.48,,,431800000.0
2026-06-25 01:00:00,5.7,654.0,4.88,,,372780000.0
2026-06-25 02:00:00,3.9,628.0,3.08,,,244919999.99999997
2026-06-25 03:00:00,3.9,668.0,3.48,,,260519999.99999997
2026-06-25 04:00:00,4.3,639.0,3.51,,,274770000.0
2026-06-25 05:00:00,5.2,665.0,4.6,,,345800000.0
2026-06-25 06:00:00,5.0,661.0,4.37,,,330500000.0
2026-06-25 07:00:00,4.5,660.0,3.92,,,297000000.0
2026-06-25 08:00:00,3.9,664.0,3.44,,,258960000.0
2026-06-25 09:00:00,3.0,658.0,2.6,,,197400000.0
2026-06-25 10:00:00,2.8,647.0,2.34,,,181160000.0
2026-06-25 11:00:00,2.8,657.0,2.42,,,183960000.0
2026-06-25 12:00:00,2.8,665.0,2.48,,,186199999.99999997
2026-06-25 13:00:00,2.9,684.0,2.71,,,198360000.0
2026-06-25 14:00:00,3.1,699.0,3.03,,,216690000.0
2026-06-25 15:00:00,2.8,711.0,2.83,,,199080000.0
2026-06-25 16:00:00,2.9,700.0,2.84,,,203000000.0
2026-06-25 17:00:00,3.0,698.0,2.92,,,209400000.0
2026-06-25 18:00:00,3.0,710.0,3.02,,,213000000.0
2026-06-25 19:00:00,3.1,707.0,3.1,,,219170000.00000003
2026-06-25 20:00:00,3.4,706.0,3.39,,,240040000.0
2026-06-25 21:00:00,3.4,702.0,3.35,,,238679999.99999997
2026-06-25 22:00:00,3.2,696.0,3.1,,,222720000.00000003
2026-06-25 23:00:00,3.1,706.0,3.09,,,218860000.0
2026-06-26 00:00:00,3.0,695.0,2.9,,,208500000.0
2026-06-26 01:00:00,2.6,703.0,2.57,,,182780000.0
2026-06-26 02:00:00,2.3,674.0,2.09,,,155019999.99999997
2026-06-26 03:00:00,2.4,651.0,2.03,,,156240000.0
2026-06-26 04:00:00,2.4,647.0,2.01,,,155280000.0
2026-06-26 05:00:00,2.2,629.0,1.74,,,138380000.00000003
2026-06-26 06:00:00,2.5,633.0,2.0,,,158250000.0
2026-06-26 07:00:00,2.1,637.0,1.7,,,133770000.0
2026-06-26 08:00:00,1.9,652.0,1.62,,,123880000.0
2026-06-26 09:00:00,1.8,662.0,1.58,,,119160000.00000001
2026-06-26 10:00:00,1.7,636.0,1.38,,,108120000.0
2026-06-26 11:00:00,1.8,629.0,1.42,,,113220000.0
2026-06-26 12:00:00,2.4,610.0,1.79,,,146400000.0
2026-06-26 13:00:00,2.3,650.0,1.94,,,149499999.99999997
2026-06-26 14:00:00,2.8,643.0,2.32,,,180040000.0
2026-06-26 15:00:00,2.5,647.0,2.09,,,161750000.0
2026-06-26 16:00:00,2.2,669.0,1.97,,,147180000.00000003
2026-06-26 17:00:00,2.2,663.0,1.93,,,145860000.0
2026-06-26 18:00:00,2.1,664.0,1.85,,,139440000.0
2026-06-26 19:00:00,2.0,654.0,1.71,,,130800000.0
2026-06-26 20:00:00,1.8,665.0,1.59,,,119700000.0
2026-06-26 21:00:00,1.7,674.0,1.54,,,114580000.0
2026-06-26 22:00:00,1.7,676.0,1.55,,,114920000.0
2026-06-26 23:00:00,1.6,667.0,1.42,,,106720000.0
2026-06-27 00:00:00,1.8,661.0,1.57,,,118980000.0
2026-06-27 01:00:00,1.2,682.0,1.12,,,81840000.0
2026-06-27 02:00:00,1.5,689.0,1.42,,,103350000.0
2026-06-27 03:00:00,1.5,682.0,1.4,,,102300000.0
2026-06-27 04:00:00,1.6,657.0,1.38,,,105120000.0
2026-06-27 05:00:00,1.7,617.0,1.29,,,104889999.99999999
2026-06-27 06:00:00,1.9,609.0,1.41,,,115709999.99999999
2026-06-27 07:00:00,1.9,601.0,1.37,,,114189999.99999999
2026-06-27 08:00:00,1.7,595.0,1.2,,,101150000.0
2026-06-27 09:00:00,1.8,595.0,1.27,,,107100000.0
2026-06-27 10:00:00,1.8,579.0,1.21,,,104220000.0
2026-06-27 11:00:00,2.1,568.0,1.36,,,119280000.0
2026-06-27 12:00:00,2.0,574.0,1.32,,,114800000.0
2026-06-27 13:00:00,2.1,579.0,1.41,,,121590000.00000001
2026-06-27 14:00:00,2.2,566.0,1.41,,,124520000.0
2026-06-27 15:00:00,2.5,554.0,1.53,,,138500000.0
2026-06-27 16:00:00,2.6,546.0,1.55,,,141960000.0
2026-06-27 17:00:00,2.5,540.0,1.46,,,135000000.0
2026-06-27 18:00:00,2.5,538.0,1.45,,,134500000.0
2026-06-27 19:00:00,2.2,537.0,1.27,,,118140000.00000001
2026-06-27 20:00:00,2.3,536.0,1.32,,,123280000.0
2026-06-27 21:00:00,1.9,532.0,1.08,,,101080000.0
2026-06-27 22:00:00,2.1,541.0,1.23,,,113610000.00000001
2026-06-27 23:00:00,2.0,523.0,1.09,,,104600000.0
2026-06-28 00:00:00,2.3,524.0,1.26,,,120519999.99999999
2026-06-28 01:00:00,2.0,527.0,1.11,,,105400000.0
2026-06-28 02:00:00,2.2,518.0,1.18,,,113960000.00000001
2026-06-28 03:00:00,2.4,508.0,1.24,,,121920000.0
2026-06-28 04:00:00,2.3,503.0,1.16,,,115689999.99999999
2026-06-28 05:00:00,2.7,489.0,1.29,,,132030000.00000001
2026-06-28 06:00:00,2.5,486.0,1.18,,,121500000.0
2026-06-28 07:00:00,2.8,476.0,1.27,,,133280000.0
2026-06-28 08:00:00,2.9,475.0,1.31,,,137750000.0
2026-06-28 09:00:00,3.0,474.0,1.35,,,142200000.0
2026-06-28 10:00:00,2.7,467.0,1.18,,,126090000.00000001
2026-06-28 11:00:00,2.3,464.0,0.99,,,106719999.99999999
2026-06-28 12:00:00,2.2,460.0,0.93,,,101200000.00000001
2026-06-28 13:00:00,2.2,456.0,0.91,,,100320000.0
2026-06-28 14:00:00,2.1,465.0,0.91,,,97650000.0
2026-06-28 15:00:00,2.6,446.0,1.03,,,115960000.00000001
2026-06-28 16:00:00,2.5,441.0,0.97,,,110250000.0
2026-06-28 17:00:00,2.9,439.0,1.12,,,127309999.99999999
2026-06-28 18:00:00,2.2,443.0,0.86,,,97460000.0
2026-06-28 19:00:00,2.1,442.0,0.82,,,92820000.0
2026-06-28 20:00:00,2.1,440.0,0.81,,,92400000.0
2026-06-28 21:00:00,2.5,431.0,0.93,,,107750000.0
2026-06-28 22:00:00,3.0,422.0,1.07,,,126600000.0
2026-06-28 23:00:00,2.6,429.0,0.96,,,111540000.00000001
2026-06-29 00:00:00,2.2,434.0,0.83,,,95480000.0
2026-06-29 01:00:00,2.2,435.0,0.83,,,95700000.00000001
2026-06-29 02:00:00,2.8,423.0,1.0,,,118439999.99999999
2026-06-29 03:00:00,2.8,413.0,0.96,,,115639999.99999999
2026-06-29 04:00:00,2.9,428.0,1.06,,,124120000.0
2026-06-29 05:00:00,3.3,425.0,1.19,,,140250000.0
2026-06-29 06:00:00,3.5,419.0,1.23,,,146650000.0
2026-06-29 07:00:00,3.3,415.0,1.14,,,136950000.0
2026-06-29 08:00:00,3.4,416.0,1.18,,,141440000.0
2026-06-29 09:00:00,3.5,416.0,1.21,,,145600000.0
2026-06-29 10:00:00,2.8,403.0,0.91,,,112839999.99999999
2026-06-29 11:00:00,3.5,400.0,1.12,,,140000000.0
2026-06-29 12:00:00,3.6,393.0,1.11,,,141480000.0
2026-06-29 13:00:00,2.9,394.0,0.9,,,114259999.99999999
2026-06-29 14:00:00,3.0,381.0,0.87,,,114300000.0
2026-06-29 15:00:00,2.1,365.0,0.56,,,76650000.0
2026-06-29 16:00:00,2.6,364.0,0.69,,,94640000.0
2026-06-29 17:00:00,2.3,365.0,0.61,,,83949999.99999999
2026-06-29 18:00:00,2.4,359.0,0.62,,,86160000.0
2026-06-29 19:00:00,2.3,350.0,0.56,,,80499999.99999999
2026-06-29 20:00:00,2.5,353.0,0.62,,,88250000.0
2026-06-29 21:00:00,2.6,353.0,0.65,,,91780000.0
2026-06-29 22:00:00,2.8,350.0,0.69,,,97999999.99999999
2026-06-29 23:00:00,2.7,354.0,0.68,,,95580000.0
2026-06-30 00:00:00,2.8,350.0,0.69,,,97999999.99999999
2026-06-30 01:00:00,2.8,348.0,0.68,,,97440000.0
2026-06-30 02:00:00,2.9,342.0,0.68,,,99180000.0
2026-06-30 03:00:00,2.4,336.0,0.54,,,80640000.0
2026-06-30 04:00:00,2.3,333.0,0.51,,,76590000.0
2026-06-30 05:00:00,2.5,337.0,0.57,,,84250000.0
2026-06-30 06:00:00,2.6,335.0,0.58,,,87100000.0
2026-06-30 07:00:00,2.7,335.0,0.61,,,90450000.00000001
2026-06-30 08:00:00,2.8,333.0,0.62,,,93240000.0
2026-06-30 09:00:00,2.9,332.0,0.64,,,96280000.0
2026-06-30 10:00:00,2.8,330.0,0.61,,,92399999.99999999
2026-06-30 11:00:00,3.5,336.0,0.79,,,117600000.0
2026-06-30 12:00:00,10.7,423.0,3.83,,,452609999.99999994
2026-06-30 13:00:00,13.1,431.0,4.87,,,564610000.0
2026-06-30 14:00:00,12.1,434.0,4.56,,,525139999.99999994
2026-06-30 15:00:00,10.2,436.0,3.88,,,444720000.0
2026-06-30 16:00:00,13.7,432.0,5.11,,,591840000.0
2026-06-30 17:00:00,16.4,428.0,6.01,,,701920000.0
2026-06-30 18:00:00,14.3,425.0,5.17,,,607750000.0
2026-06-30 19:00:00,8.9,430.0,3.29,,,382700000.0
2026-06-30 20:00:00,9.0,431.0,3.34,,,387900000.0
2026-06-30 21:00:00,16.9,429.0,6.22,,,725010000.0
2026-06-30 22:00:00,16.5,424.0,5.93,,,699600000.0
2026-06-30 23:00:00,19.9,429.0,7.32,,,853709999.9999999
2026-07-01 00:00:00,18.1,430.0,6.69,,,778300000.0000001
2026-07-01 01:00:00,25.2,428.0,9.23,,,1078560000.0
2026-07-01 02:00:00,5.4,436.0,2.05,,,235440000.0
2026-07-01 03:00:00,15.2,444.0,5.99,,,674879999.9999999
2026-07-01 04:00:00,10.7,435.0,4.05,,,465450000.0
2026-07-01 05:00:00,5.0,438.0,1.92,,,219000000.0
2026-07-01 06:00:00,5.4,431.0,2.01,,,232740000.0
2026-07-01 07:00:00,6.4,418.0,2.24,,,267520000.00000003
2026-07-01 08:00:00,9.9,413.0,3.38,,,408870000.0
2026-07-01 09:00:00,15.8,418.0,5.52,,,660440000.0
2026-07-01 10:00:00,17.2,403.0,5.59,,,693160000.0
2026-07-01 11:00:00,13.4,408.0,4.46,,,546720000.0
2026-07-01 12:00:00,10.9,413.0,3.72,,,450170000.0
2026-07-01 13:00:00,7.8,416.0,2.7,,,324480000.0
2026-07-01 14:00:00,8.9,394.0,2.76,,,350660000.00000006
2026-07-01 15:00:00,8.7,385.0,2.58,,,334949999.99999994
2026-07-01 16:00:00,4.1,413.0,1.4,,,169330000.0
2026-07-01 17:00:00,5.8,401.0,1.87,,,232579999.99999997
2026-07-01 18:00:00,8.3,400.0,2.66,,,332000000.00000006
2026-07-01 19:00:00,8.8,411.0,2.97,,,361680000.0
2026-07-01 20:00:00,14.4,414.0,4.94,,,596160000.0
2026-07-01 21:00:00,6.7,418.0,2.34,,,280060000.0
2026-07-01 22:00:00,7.6,405.0,2.49,,,307800000.0
2026-07-01 23:00:00,5.7,405.0,1.87,,,230850000.0
2026-07-02 00:00:00,5.8,414.0,1.99,,,240119999.99999997
2026-07-02 01:00:00,7.7,398.0,2.44,,,306460000.0
2026-07-02 02:00:00,5.7,395.0,1.78,,,225150000.0
2026-07-02 03:00:00,4.9,400.0,1.57,,,196000000.00000003
2026-07-02 04:00:00,4.9,390.0,1.49,,,191100000.00000003
2026-07-02 05:00:00,4.0,381.0,1.16,,,152400000.0
2026-07-02 06:00:00,4.3,385.0,1.27,,,165550000.0
2026-07-02 07:00:00,3.9,385.0,1.16,,,150150000.0
2026-07-02 08:00:00,3.3,386.0,0.98,,,127380000.0
2026-07-02 09:00:00,4.2,378.0,1.2,,,158760000.0
2026-07-02 10:00:00,5.1,392.0,1.57,,,199919999.99999997
2026-07-02 11:00:00,4.4,388.0,1.32,,,170720000.0
2026-07-02 12:00:00,4.5,381.0,1.31,,,171450000.0
2026-07-02 13:00:00,3.7,371.0,1.02,,,137270000.0
2026-07-02 14:00:00,3.5,365.0,0.93,,,127750000.0
2026-07-02 15:00:00,4.0,362.0,1.05,,,144800000.0
2026-07-02 16:00:00,4.0,359.0,1.03,,,143600000.0
2026-07-02 17:00:00,3.8,353.0,0.95,,,134139999.99999999
2026-07-02 18:00:00,4.1,352.0,1.02,,,144319999.99999997
2026-07-02 19:00:00,3.7,349.0,0.9,,,129130000.0
2026-07-02 20:00:00,3.9,340.0,0.9,,,132600000.0
2026-07-02 21:00:00,4.0,337.0,0.91,,,134800000.0
2026-07-02 22:00:00,4.0,333.0,0.89,,,133200000.0
2026-07-02 23:00:00,4.2,341.0,0.98,,,143220000.0
