source_file,record_index,epoch_tt2000,epoch_utc,test_id,test_start_utc,injection_index,injection_level,l2a_inferred_injection_level,pulser_like_l2a_charge,injection_level_source,injection_repeat_index,test_event_count,quicklook_classification,selection_source,l2a_source_file,l2a_record_index,l2a_target_low_impact_charge,l2a_target_high_impact_charge,l2a_ion_grid_impact_charge,l2a_target_low_chi_squared,l2a_target_high_chi_squared,l2a_ion_grid_chi_squared,l2a_target_low_reduced_chi_squared,l2a_target_high_reduced_chi_squared,l2a_ion_grid_reduced_chi_squared,channel,waveform_variable,fit_variable,fit_residual_rms,fit_residual_robust_sigma,fit_residual_median,fit_residual_max_abs,fit_residual_sample_count
imap_idex_l1b_sci-10days_20250927_v003.cdf,1,812608978320114432,2025-10-01T16:41:49.136114432,1,2025-10-01 16:41:49.136114,1,1,1.0,True,l2a_ion_grid_charge,1,20,Science,event_list,imap_idex_l2a_sci-10days_20250927_v003.cdf,1,77.83002435890376,81.12291474779386,0.284316264120936,45640.34132706385,72.59207383782962,0.0011419779674434662,90.02039709480049,0.14317963281623197,2.2524220265157125e-06,Target H,Target_High,target_high_fit_results,0.3765387021469519,0.24166380000001617,-0.02522238104825192,1.27990056163776,512
imap_idex_l1b_sci-10days_20250927_v003.cdf,1,812608978320114432,2025-10-01T16:41:49.136114432,1,2025-10-01 16:41:49.136114,1,1,1.0,True,l2a_ion_grid_charge,1,20,Science,event_list,imap_idex_l2a_sci-10days_20250927_v003.cdf,1,77.83002435890376,81.12291474779386,0.284316264120936,45640.34132706385,72.59207383782962,0.0011419779674434662,90.02039709480049,0.14317963281623197,2.2524220265157125e-06,Target L,Target_Low,target_low_fit_results,9.441466605057796,9.350056536204336,0.8916687474320497,25.069227954747475,512
imap_idex_l1b_sci-10days_20250927_v003.cdf,1,812608978320114432,2025-10-01T16:41:49.136114432,1,2025-10-01 16:41:49.136114,1,1,1.0,True,l2a_ion_grid_charge,1,20,Science,event_list,imap_idex_l2a_sci-10days_20250927_v003.cdf,1,77.83002435890376,81.12291474779386,0.284316264120936,45640.34132706385,72.59207383782962,0.0011419779674434662,90.02039709480049,0.14317963281623197,2.2524220265157125e-06,Ion Grid,Ion_Grid,ion_grid_fit_results,0.001493460986321042,0.0011060195999998716,-0.0003901440837454917,0.005271241353097755,512
imap_idex_l1b_sci-10days_20250927_v003.cdf,2,812608984320028928,2025-10-01T16:41:55.136028928,1,2025-10-01 16:41:49.136114,2,1,1.0,True,l2a_ion_grid_charge,2,20,Science,event_list,imap_idex_l2a_sci-10days_20250927_v003.cdf,2,77.36425582045922,81.1912535063882,0.2842715214734097,45592.40179616096,74.20058968262941,0.0011352714777444178,89.92584180702359,0.14635224789473258,2.2391942361822835e-06,Target H,Target_High,target_high_fit_results,0.3806875710131414,0.24166380000001617,-0.006937949044640845,1.2618933918796529,512
imap_idex_l1b_sci-10days_20250927_v003.cdf,2,812608984320028928,2025-10-01T16:41:55.136028928,1,2025-10-01 16:41:49.136114,2,1,1.0,True,l2a_ion_grid_charge,2,20,Science,event_list,imap_idex_l2a_sci-10days_20250927_v003.cdf,2,77.36425582045922,81.1912535063882,0.2842715214734097,45592.40179616096,74.20058968262941,0.0011352714777444178,89.92584180702359,0.14635224789473258,2.2391942361822835e-06,Target L,Target_Low,target_low_fit_results,9.43650675611091,8.470181251695442,1.6835065206178115,27.64479932917675,512
imap_idex_l1b_sci-10days_20250927_v003.cdf,2,812608984320028928,2025-10-01T16:41:55.136028928,1,2025-10-01 16:41:49.136114,2,1,1.0,True,l2a_ion_grid_charge,2,20,Science,event_list,imap_idex_l2a_sci-10days_20250927_v003.cdf,2,77.36425582045922,81.1912535063882,0.2842715214734097,45592.40179616096,74.20058968262941,0.0011352714777444178,89.92584180702359,0.14635224789473258,2.2391942361822835e-06,Ion Grid,Ion_Grid,ion_grid_fit_results,0.0014890692075822285,0.0011060195999998716,-0.0002685085450984115,0.005366324257331412,512
imap_idex_l1b_sci-10days_20250927_v003.cdf,3,812608990319943424,2025-10-01T16:42:01.135943424,1,2025-10-01 16:41:49.136114,3,1,1.0,True,l2a_ion_grid_charge,3,20,Science,event_list,imap_idex_l2a_sci-10days_20250927_v003.cdf,3,76.86993393968442,81.24904822913066,0.2844280035717488,40631.957241858865,74.25784311198014,0.0011662941869285467,80.14192749873543,0.14646517379088783,2.3003830116933857e-06,Target H,Target_High,target_high_fit_results,0.3808344126101083,0.24166380000001617,-0.014322009965496818,1.2666498687491412,512
imap_idex_l1b_sci-10days_20250927_v003.cdf,3,812608990319943424,2025-10-01T16:42:01.135943424,1,2025-10-01 16:41:49.136114,3,1,1.0,True,l2a_ion_grid_charge,3,20,Science,event_list,imap_idex_l2a_sci-10days_20250927_v003.cdf,3,76.86993393968442,81.24904822913066,0.2844280035717488,40631.957241858865,74.25784311198014,0.0011662941869285467,80.14192749873543,0.14646517379088783,2.3003830116933857e-06,Target L,Target_Low,target_low_fit_results,8.90838321402967,9.6303147089853,0.5906498907424975,27.621416308196785,512
imap_idex_l1b_sci-10days_20250927_v003.cdf,3,812608990319943424,2025-10-01T16:42:01.135943424,1,2025-10-01 16:41:49.136114,3,1,1.0,True,l2a_ion_grid_charge,3,20,Science,event_list,imap_idex_l2a_sci-10days_20250927_v003.cdf,3,76.86993393968442,81.24904822913066,0.2844280035717488,40631.957241858865,74.25784311198014,0.0011662941869285467,80.14192749873543,0.14646517379088783,2.3003830116933857e-06,Ion Grid,Ion_Grid,ion_grid_fit_results,0.001509277421100845,0.0011060196000002008,0.00010779872760990905,0.005132397146207612,512
imap_idex_l1b_sci-10days_20250927_v003.cdf,4,812608996319857920,2025-10-01T16:42:07.135857920,1,2025-10-01 16:41:49.136114,4,1,1.0,True,l2a_ion_grid_charge,4,20,Science,event_list,imap_idex_l2a_sci-10days_20250927_v003.cdf,4,78.95439881839047,81.2155921484075,0.2844735688503599,42190.0444340727,73.10430639650411,0.0013025582017484796,83.21507777923608,0.14418995344478128,2.569148326920078e-06,Target H,Target_High,target_high_fit_results,0.377864854717493,0.24166380000001617,-0.008861365162488255,1.3001475014945072,512
imap_idex_l1b_sci-10days_20250927_v003.cdf,4,812608996319857920,2025-10-01T16:42:07.135857920,1,2025-10-01 16:41:49.136114,4,1,1.0,True,l2a_ion_grid_charge,4,20,Science,event_list,imap_idex_l2a_sci-10days_20250927_v003.cdf,4,78.95439881839047,81.2155921484075,0.2844735688503599,42190.0444340727,73.10430639650411,0.0013025582017484796,83.21507777923608,0.14418995344478128,2.569148326920078e-06,Target L,Target_Low,target_low_fit_results,9.077578451068227,7.726612695742844,2.1561593269052537,31.38558910321808,512
imap_idex_l1b_sci-10days_20250927_v003.cdf,4,812608996319857920,2025-10-01T16:42:07.135857920,1,2025-10-01 16:41:49.136114,4,1,1.0,True,l2a_ion_grid_charge,4,20,Science,event_list,imap_idex_l2a_sci-10days_20250927_v003.cdf,4,78.95439881839047,81.2155921484075,0.2844735688503599,42190.0444340727,73.10430639650411,0.0013025582017484796,83.21507777923608,0.14418995344478128,2.569148326920078e-06,Ion Grid,Ion_Grid,ion_grid_fit_results,0.0015950106544440382,0.0011060195999998716,-0.00020786551902851613,0.0055804177195935,512
imap_idex_l1b_sci-10days_20250927_v003.cdf,5,812609085318576640,2025-10-01T16:43:36.134576640,1,2025-10-01 16:41:49.136114,5,2,2.0,True,l2a_ion_grid_charge,1,20,Science,event_list,imap_idex_l2a_sci-10days_20250927_v003.cdf,5,153.63232449381394,162.20934720794975,0.5756307270138226,42435.18212596135,153.97621749656184,0.003214656360210662,83.69858407487446,0.3037006262259602,6.340545089172903e-06,Target H,Target_High,target_high_fit_results,0.5483929246425161,0.24166380000001617,-0.004730012382822224,2.0238754238942533,512
imap_idex_l1b_sci-10days_20250927_v003.cdf,5,812609085318576640,2025-10-01T16:43:36.134576640,1,2025-10-01 16:41:49.136114,5,2,2.0,True,l2a_ion_grid_charge,1,20,Science,event_list,imap_idex_l2a_sci-10days_20250927_v003.cdf,5,153.63232449381394,162.20934720794975,0.5756307270138226,42435.18212596135,153.97621749656184,0.003214656360210662,83.69858407487446,0.3037006262259602,6.340545089172903e-06,Target L,Target_Low,target_low_fit_results,9.103912076122455,8.192545554661574,1.9035365288655157,28.238881617518928,512
imap_idex_l1b_sci-10days_20250927_v003.cdf,5,812609085318576640,2025-10-01T16:43:36.134576640,1,2025-10-01 16:41:49.136114,5,2,2.0,True,l2a_ion_grid_charge,1,20,Science,event_list,imap_idex_l2a_sci-10days_20250927_v003.cdf,5,153.63232449381394,162.20934720794975,0.5756307270138226,42435.18212596135,153.97621749656184,0.003214656360210662,83.69858407487446,0.3037006262259602,6.340545089172903e-06,Ion Grid,Ion_Grid,ion_grid_fit_results,0.0025057186002295727,0.0011060196000002008,-0.0002660996836481022,0.008720650664097107,512
imap_idex_l1b_sci-10days_20250927_v003.cdf,6,812609091318491264,2025-10-01T16:43:42.134491264,1,2025-10-01 16:41:49.136114,6,2,2.0,True,l2a_ion_grid_charge,2,20,Science,event_list,imap_idex_l2a_sci-10days_20250927_v003.cdf,6,153.7188650381686,162.37648944279113,0.5756214637440232,45325.00485499589,177.8194594787664,0.0035008309359394656,89.39843166665855,0.3507287169206438,6.90499198410151e-06,Target H,Target_High,target_high_fit_results,0.5893247252529505,0.24166380000001617,0.14182441107902832,2.22075633014623,512
imap_idex_l1b_sci-10days_20250927_v003.cdf,6,812609091318491264,2025-10-01T16:43:42.134491264,1,2025-10-01 16:41:49.136114,6,2,2.0,True,l2a_ion_grid_charge,2,20,Science,event_list,imap_idex_l2a_sci-10days_20250927_v003.cdf,6,153.7188650381686,162.37648944279113,0.5756214637440232,45325.00485499589,177.8194594787664,0.0035008309359394656,89.39843166665855,0.3507287169206438,6.90499198410151e-06,Target L,Target_Low,target_low_fit_results,9.408793764740189,8.756385987497262,0.8147896937352925,34.14894317170183,512
imap_idex_l1b_sci-10days_20250927_v003.cdf,6,812609091318491264,2025-10-01T16:43:42.134491264,1,2025-10-01 16:41:49.136114,6,2,2.0,True,l2a_ion_grid_charge,2,20,Science,event_list,imap_idex_l2a_sci-10days_20250927_v003.cdf,6,153.7188650381686,162.37648944279113,0.5756214637440232,45325.00485499589,177.8194594787664,0.0035008309359394656,89.39843166665855,0.3507287169206438,6.90499198410151e-06,Ion Grid,Ion_Grid,ion_grid_fit_results,0.002614872926502695,0.0011060196000000362,-0.0004151517699035878,0.0089352866917074,512
imap_idex_l1b_sci-10days_20250927_v003.cdf,7,812609097318405760,2025-10-01T16:43:48.134405760,1,2025-10-01 16:41:49.136114,7,2,2.0,True,l2a_ion_grid_charge,3,20,Science,event_list,imap_idex_l2a_sci-10days_20250927_v003.cdf,7,156.1767579305124,162.42172247926834,0.5759880771901502,41167.44788870016,181.61178115328156,0.0033804249272817296,81.19812206844213,0.35820864132797153,6.667504787537928e-06,Target H,Target_High,target_high_fit_results,0.5955757802874484,0.24166380000001617,-0.012832035657936558,2.0824925703952886,512
imap_idex_l1b_sci-10days_20250927_v003.cdf,7,812609097318405760,2025-10-01T16:43:48.134405760,1,2025-10-01 16:41:49.136114,7,2,2.0,True,l2a_ion_grid_charge,3,20,Science,event_list,imap_idex_l2a_sci-10days_20250927_v003.cdf,7,156.1767579305124,162.42172247926834,0.5759880771901502,41167.44788870016,181.61178115328156,0.0033804249272817296,81.19812206844213,0.35820864132797153,6.667504787537928e-06,Target L,Target_Low,target_low_fit_results,8.966893088334304,7.878045859520067,1.5332466990112152,25.447017503342067,512
imap_idex_l1b_sci-10days_20250927_v003.cdf,7,812609097318405760,2025-10-01T16:43:48.134405760,1,2025-10-01 16:41:49.136114,7,2,2.0,True,l2a_ion_grid_charge,3,20,Science,event_list,imap_idex_l2a_sci-10days_20250927_v003.cdf,7,156.1767579305124,162.42172247926834,0.5759880771901502,41167.44788870016,181.61178115328156,0.0033804249272817296,81.19812206844213,0.35820864132797153,6.667504787537928e-06,Ion Grid,Ion_Grid,ion_grid_fit_results,0.002569512100788227,0.0011060196000002008,-0.0003892350053993354,0.00825665924763408,512
imap_idex_l1b_sci-10days_20250927_v003.cdf,8,812609103318320384,2025-10-01T16:43:54.134320384,1,2025-10-01 16:41:49.136114,8,2,2.0,True,l2a_ion_grid_charge,4,20,Science,event_list,imap_idex_l2a_sci-10days_20250927_v003.cdf,8,154.248764918113,162.46006586379747,0.5758932533129238,39428.260682483815,180.28036128458547,0.0034044488441910413,77.76777254927774,0.35558256663626325,6.714889239035584e-06,Target H,Target_High,target_high_fit_results,0.5933886421511251,0.24166380000001617,0.007360586179800066,2.1784208392367077,512
imap_idex_l1b_sci-10days_20250927_v003.cdf,8,812609103318320384,2025-10-01T16:43:54.134320384,1,2025-10-01 16:41:49.136114,8,2,2.0,True,l2a_ion_grid_charge,4,20,Science,event_list,imap_idex_l2a_sci-10days_20250927_v003.cdf,8,154.248764918113,162.46006586379747,0.5758932533129238,39428.260682483815,180.28036128458547,0.0034044488441910413,77.76777254927774,0.35558256663626325,6.714889239035584e-06,Target L,Target_Low,target_low_fit_results,8.77543854433932,6.0858616953209745,2.255392873321398,26.947437870821886,512
imap_idex_l1b_sci-10days_20250927_v003.cdf,8,812609103318320384,2025-10-01T16:43:54.134320384,1,2025-10-01 16:41:49.136114,8,2,2.0,True,l2a_ion_grid_charge,4,20,Science,event_list,imap_idex_l2a_sci-10days_20250927_v003.cdf,8,154.248764918113,162.46006586379747,0.5758932533129238,39428.260682483815,180.28036128458547,0.0034044488441910413,77.76777254927774,0.35558256663626325,6.714889239035584e-06,Ion Grid,Ion_Grid,ion_grid_fit_results,0.002578626407374792,0.0011060196000002008,-0.00034600663497807993,0.00844221749297347,512
imap_idex_l1b_sci-10days_20250927_v003.cdf,9,812609187317143808,2025-10-01T16:45:18.133143808,1,2025-10-01 16:41:49.136114,9,3,3.0,True,l2a_ion_grid_charge,1,20,Science,event_list,imap_idex_l2a_sci-10days_20250927_v003.cdf,9,229.85458254734112,243.86076495748233,0.8654401754389861,40923.404257319955,271.71298537077513,0.006053417429110794,80.71677368307684,0.53592304806859,1.1939679347358568e-05,Target H,Target_High,target_high_fit_results,0.7284843337727278,0.2875537236307069,0.04831468030002384,2.872310207974806,512
imap_idex_l1b_sci-10days_20250927_v003.cdf,9,812609187317143808,2025-10-01T16:45:18.133143808,1,2025-10-01 16:41:49.136114,9,3,3.0,True,l2a_ion_grid_charge,1,20,Science,event_list,imap_idex_l2a_sci-10days_20250927_v003.cdf,9,229.85458254734112,243.86076495748233,0.8654401754389861,40923.404257319955,271.71298537077513,0.006053417429110794,80.71677368307684,0.53592304806859,1.1939679347358568e-05,Target L,Target_Low,target_low_fit_results,8.940275383906137,7.717057275740786,1.4107563852994645,29.148387473065668,512
imap_idex_l1b_sci-10days_20250927_v003.cdf,9,812609187317143808,2025-10-01T16:45:18.133143808,1,2025-10-01 16:41:49.136114,9,3,3.0,True,l2a_ion_grid_charge,1,20,Science,event_list,imap_idex_l2a_sci-10days_20250927_v003.cdf,9,229.85458254734112,243.86076495748233,0.8654401754389861,40923.404257319955,271.71298537077513,0.006053417429110794,80.71677368307684,0.53592304806859,1.1939679347358568e-05,Ion Grid,Ion_Grid,ion_grid_fit_results,0.0034384707234804282,0.0013690264606010887,-0.00028800294432484996,0.011713205568708585,512
imap_idex_l1b_sci-10days_20250927_v003.cdf,10,812609193317078272,2025-10-01T16:45:24.133078272,1,2025-10-01 16:41:49.136114,10,3,3.0,True,l2a_ion_grid_charge,2,20,Science,event_list,imap_idex_l2a_sci-10days_20250927_v003.cdf,10,231.698596467053,244.1575716879874,0.8659839785889578,41868.603659529064,305.83156280166173,0.006233928944694281,82.58107230676345,0.603218072587104,1.229571783963369e-05,Target H,Target_High,target_high_fit_results,0.7728695045717586,0.24166380000001617,0.00968636450483018,2.7704193466081506,512
imap_idex_l1b_sci-10days_20250927_v003.cdf,10,812609193317078272,2025-10-01T16:45:24.133078272,1,2025-10-01 16:41:49.136114,10,3,3.0,True,l2a_ion_grid_charge,2,20,Science,event_list,imap_idex_l2a_sci-10days_20250927_v003.cdf,10,231.698596467053,244.1575716879874,0.8659839785889578,41868.603659529064,305.83156280166173,0.006233928944694281,82.58107230676345,0.603218072587104,1.229571783963369e-05,Target L,Target_Low,target_low_fit_results,9.042931854355517,7.2863149890324985,3.324090957601584,24.25396813831685,512
imap_idex_l1b_sci-10days_20250927_v003.cdf,10,812609193317078272,2025-10-01T16:45:24.133078272,1,2025-10-01 16:41:49.136114,10,3,3.0,True,l2a_ion_grid_charge,2,20,Science,event_list,imap_idex_l2a_sci-10days_20250927_v003.cdf,10,231.698596467053,244.1575716879874,0.8659839785889578,41868.603659529064,305.83156280166173,0.006233928944694281,82.58107230676345,0.603218072587104,1.229571783963369e-05,Ion Grid,Ion_Grid,ion_grid_fit_results,0.0034893613269631474,0.0011060196000002008,-0.00013975116011777367,0.01168314517493707,512
imap_idex_l1b_sci-10days_20250927_v003.cdf,11,812609199316992768,2025-10-01T16:45:30.132992768,1,2025-10-01 16:41:49.136114,11,3,3.0,True,l2a_ion_grid_charge,3,20,Science,event_list,imap_idex_l2a_sci-10days_20250927_v003.cdf,11,235.38634055974399,244.14208947174666,0.8657911934946964,43585.46757740373,304.2887426678541,0.006409137627922896,85.96739167140775,0.6001750348478384,1.2641297096494863e-05,Target H,Target_High,target_high_fit_results,0.7709176029402575,0.24166380000001617,0.023699184462316225,2.7929348617821006,512
imap_idex_l1b_sci-10days_20250927_v003.cdf,11,812609199316992768,2025-10-01T16:45:30.132992768,1,2025-10-01 16:41:49.136114,11,3,3.0,True,l2a_ion_grid_charge,3,20,Science,event_list,imap_idex_l2a_sci-10days_20250927_v003.cdf,11,235.38634055974399,244.14208947174666,0.8657911934946964,43585.46757740373,304.2887426678541,0.006409137627922896,85.96739167140775,0.6001750348478384,1.2641297096494863e-05,Target L,Target_Low,target_low_fit_results,9.22647637845113,8.24765497151771,1.8910430139203527,35.64924568900824,512
imap_idex_l1b_sci-10days_20250927_v003.cdf,11,812609199316992768,2025-10-01T16:45:30.132992768,1,2025-10-01 16:41:49.136114,11,3,3.0,True,l2a_ion_grid_charge,3,20,Science,event_list,imap_idex_l2a_sci-10days_20250927_v003.cdf,11,235.38634055974399,244.14208947174666,0.8657911934946964,43585.46757740373,304.2887426678541,0.006409137627922896,85.96739167140775,0.6001750348478384,1.2641297096494863e-05,Ion Grid,Ion_Grid,ion_grid_fit_results,0.003538056942664562,0.0011060196000002008,-0.00035196878144083676,0.012217739216139556,512
imap_idex_l1b_sci-10days_20250927_v003.cdf,12,812609205316907392,2025-10-01T16:45:36.132907392,1,2025-10-01 16:41:49.136114,12,3,3.0,True,l2a_ion_grid_charge,4,20,Science,event_list,imap_idex_l2a_sci-10days_20250927_v003.cdf,12,229.91750121134464,244.13729122563268,0.8660651559857635,40275.791306198116,309.03335625078387,0.006398387133799588,79.43943058421719,0.6095332470429662,1.2620092966074137e-05,Target H,Target_High,target_high_fit_results,0.7769046105715375,0.24166380000001617,0.010583928999494674,2.8715847472237783,512
imap_idex_l1b_sci-10days_20250927_v003.cdf,12,812609205316907392,2025-10-01T16:45:36.132907392,1,2025-10-01 16:41:49.136114,12,3,3.0,True,l2a_ion_grid_charge,4,20,Science,event_list,imap_idex_l2a_sci-10days_20250927_v003.cdf,12,229.91750121134464,244.13729122563268,0.8660651559857635,40275.791306198116,309.03335625078387,0.006398387133799588,79.43943058421719,0.6095332470429662,1.2620092966074137e-05,Target L,Target_Low,target_low_fit_results,8.869253344837896,7.53620304073685,2.744721800834668,25.641011142652133,512
imap_idex_l1b_sci-10days_20250927_v003.cdf,12,812609205316907392,2025-10-01T16:45:36.132907392,1,2025-10-01 16:41:49.136114,12,3,3.0,True,l2a_ion_grid_charge,4,20,Science,event_list,imap_idex_l2a_sci-10days_20250927_v003.cdf,12,229.91750121134464,244.13729122563268,0.8660651559857635,40275.791306198116,309.03335625078387,0.006398387133799588,79.43943058421719,0.6095332470429662,1.2620092966074137e-05,Ion Grid,Ion_Grid,ion_grid_fit_results,0.0035350883823042274,0.0011060196000002008,-0.00016746272863632505,0.01240974054682642,512
imap_idex_l1b_sci-10days_20250927_v003.cdf,13,812609295315705216,2025-10-01T16:47:06.131705216,1,2025-10-01 16:41:49.136114,13,4,4.0,True,l2a_ion_grid_charge,1,20,Science,event_list,imap_idex_l2a_sci-10days_20250927_v003.cdf,13,309.70184972878997,324.0068365411834,1.1528411999128836,44077.665859061955,440.9344315750005,0.008784844100650053,86.93819696067447,0.8696931589250503,1.732710867978314e-05,Target H,Target_High,target_high_fit_results,0.9280086538766342,0.2635623624864573,0.00597006128921862,8.272050509457813,512
imap_idex_l1b_sci-10days_20250927_v003.cdf,13,812609295315705216,2025-10-01T16:47:06.131705216,1,2025-10-01 16:41:49.136114,13,4,4.0,True,l2a_ion_grid_charge,1,20,Science,event_list,imap_idex_l2a_sci-10days_20250927_v003.cdf,13,309.70184972878997,324.0068365411834,1.1528411999128836,44077.665859061955,440.9344315750005,0.008784844100650053,86.93819696067447,0.8696931589250503,1.732710867978314e-05,Target L,Target_Low,target_low_fit_results,9.278426112815707,8.333339047090806,1.2483098023112689,28.39426121593715,512
imap_idex_l1b_sci-10days_20250927_v003.cdf,13,812609295315705216,2025-10-01T16:47:06.131705216,1,2025-10-01 16:41:49.136114,13,4,4.0,True,l2a_ion_grid_charge,1,20,Science,event_list,imap_idex_l2a_sci-10days_20250927_v003.cdf,13,309.70184972878997,324.0068365411834,1.1528411999128836,44077.665859061955,440.9344315750005,0.008784844100650053,86.93819696067447,0.8696931589250503,1.732710867978314e-05,Ion Grid,Ion_Grid,ion_grid_fit_results,0.00414220939041982,0.0011060196000002008,-0.00045333857222651375,0.014844846986184157,512
imap_idex_l1b_sci-10days_20250927_v003.cdf,14,812609301315619712,2025-10-01T16:47:12.131619712,1,2025-10-01 16:41:49.136114,14,4,4.0,True,l2a_ion_grid_charge,2,20,Science,event_list,imap_idex_l2a_sci-10days_20250927_v003.cdf,14,307.1747032052772,324.417053160757,1.1532629081194616,39295.03344592762,497.4791360579202,0.009645655764910544,77.50499693476849,0.9812211756566473,1.9024962060967542e-05,Target H,Target_High,target_high_fit_results,0.9857174735253126,0.24166380000001617,0.01667177416351251,8.343793678616066,512
imap_idex_l1b_sci-10days_20250927_v003.cdf,14,812609301315619712,2025-10-01T16:47:12.131619712,1,2025-10-01 16:41:49.136114,14,4,4.0,True,l2a_ion_grid_charge,2,20,Science,event_list,imap_idex_l2a_sci-10days_20250927_v003.cdf,14,307.1747032052772,324.417053160757,1.1532629081194616,39295.03344592762,497.4791360579202,0.009645655764910544,77.50499693476849,0.9812211756566473,1.9024962060967542e-05,Target L,Target_Low,target_low_fit_results,8.760599990815548,6.348744490840726,3.5744649362532073,28.025535063745338,512
imap_idex_l1b_sci-10days_20250927_v003.cdf,14,812609301315619712,2025-10-01T16:47:12.131619712,1,2025-10-01 16:41:49.136114,14,4,4.0,True,l2a_ion_grid_charge,2,20,Science,event_list,imap_idex_l2a_sci-10days_20250927_v003.cdf,14,307.1747032052772,324.417053160757,1.1532629081194616,39295.03344592762,497.4791360579202,0.009645655764910544,77.50499693476849,0.9812211756566473,1.9024962060967542e-05,Ion Grid,Ion_Grid,ion_grid_fit_results,0.004340411433935832,0.0011060196000002008,-0.00045559650827620146,0.015001069510496734,512
imap_idex_l1b_sci-10days_20250927_v003.cdf,15,812609307315554432,2025-10-01T16:47:18.131554432,1,2025-10-01 16:41:49.136114,15,4,4.0,True,l2a_ion_grid_charge,3,20,Science,event_list,imap_idex_l2a_sci-10days_20250927_v003.cdf,15,305.52597080589476,324.36259823220934,1.1531434451835425,45131.41584613436,498.7107214086608,0.0095116777194873,89.01659930204016,0.9836503380841436,1.8760705561118933e-05,Target H,Target_High,target_high_fit_results,0.9869368661425566,0.24166380000001617,0.010757126689384222,8.169322473559077,512
imap_idex_l1b_sci-10days_20250927_v003.cdf,15,812609307315554432,2025-10-01T16:47:18.131554432,1,2025-10-01 16:41:49.136114,15,4,4.0,True,l2a_ion_grid_charge,3,20,Science,event_list,imap_idex_l2a_sci-10days_20250927_v003.cdf,15,305.52597080589476,324.36259823220934,1.1531434451835425,45131.41584613436,498.7107214086608,0.0095116777194873,89.01659930204016,0.9836503380841436,1.8760705561118933e-05,Target L,Target_Low,target_low_fit_results,9.388679170920751,7.354224367066685,4.072888027239969,28.802943412636523,512
imap_idex_l1b_sci-10days_20250927_v003.cdf,15,812609307315554432,2025-10-01T16:47:18.131554432,1,2025-10-01 16:41:49.136114,15,4,4.0,True,l2a_ion_grid_charge,3,20,Science,event_list,imap_idex_l2a_sci-10days_20250927_v003.cdf,15,305.52597080589476,324.36259823220934,1.1531434451835425,45131.41584613436,498.7107214086608,0.0095116777194873,89.01659930204016,0.9836503380841436,1.8760705561118933e-05,Ion Grid,Ion_Grid,ion_grid_fit_results,0.004310161893232507,0.0011060196000002008,-0.0002073976138310396,0.014977151381696752,512
imap_idex_l1b_sci-10days_20250927_v003.cdf,16,812609313315468800,2025-10-01T16:47:24.131468800,1,2025-10-01 16:41:49.136114,16,4,4.0,True,l2a_ion_grid_charge,4,20,Science,event_list,imap_idex_l2a_sci-10days_20250927_v003.cdf,16,310.69449801940937,324.3914520095393,1.1533510876179927,43762.41638721287,498.885912563422,0.009427441910669031,86.31640313059738,0.9839958827680907,1.8594559981595723e-05,Target H,Target_High,target_high_fit_results,0.9871102005224308,0.24166380000001617,0.008570476697286722,8.118363392034553,512
imap_idex_l1b_sci-10days_20250927_v003.cdf,16,812609313315468800,2025-10-01T16:47:24.131468800,1,2025-10-01 16:41:49.136114,16,4,4.0,True,l2a_ion_grid_charge,4,20,Science,event_list,imap_idex_l2a_sci-10days_20250927_v003.cdf,16,310.69449801940937,324.3914520095393,1.1533510876179927,43762.41638721287,498.885912563422,0.009427441910669031,86.31640313059738,0.9839958827680907,1.8594559981595723e-05,Target L,Target_Low,target_low_fit_results,9.245186288348934,8.622557690905415,2.221040081973115,25.658540212989465,512
imap_idex_l1b_sci-10days_20250927_v003.cdf,16,812609313315468800,2025-10-01T16:47:24.131468800,1,2025-10-01 16:41:49.136114,16,4,4.0,True,l2a_ion_grid_charge,4,20,Science,event_list,imap_idex_l2a_sci-10days_20250927_v003.cdf,16,310.69449801940937,324.3914520095393,1.1533510876179927,43762.41638721287,498.885912563422,0.009427441910669031,86.31640313059738,0.9839958827680907,1.8594559981595723e-05,Ion Grid,Ion_Grid,ion_grid_fit_results,0.004291033964183394,0.0011060196000002008,-0.0004108514855436507,0.015539182139759022,512
imap_idex_l1b_sci-10days_20250927_v003.cdf,17,812609392314456832,2025-10-01T16:48:43.130456832,1,2025-10-01 16:41:49.136114,17,5,5.0,True,l2a_ion_grid_charge,1,20,Science,event_list,imap_idex_l2a_sci-10days_20250927_v003.cdf,17,735.5841605093192,368.1676297575809,1.4394439338168072,36837.31556305854,184279.6746910337,0.011829565472611428,72.65742714607207,363.4707587594353,2.3332476277340093e-05,Target H,Target_High,target_high_fit_results,18.971590329514424,0.48332760000003233,0.10198502184857716,54.91373001733905,512
imap_idex_l1b_sci-10days_20250927_v003.cdf,17,812609392314456832,2025-10-01T16:48:43.130456832,1,2025-10-01 16:41:49.136114,17,5,5.0,True,l2a_ion_grid_charge,1,20,Science,event_list,imap_idex_l2a_sci-10days_20250927_v003.cdf,17,735.5841605093192,368.1676297575809,1.4394439338168072,36837.31556305854,184279.6746910337,0.011829565472611428,72.65742714607207,363.4707587594353,2.3332476277340093e-05,Target L,Target_Low,target_low_fit_results,8.482209733265188,7.207798310306039,3.4273061554740707,25.049838409664517,512
imap_idex_l1b_sci-10days_20250927_v003.cdf,17,812609392314456832,2025-10-01T16:48:43.130456832,1,2025-10-01 16:41:49.136114,17,5,5.0,True,l2a_ion_grid_charge,1,20,Science,event_list,imap_idex_l2a_sci-10days_20250927_v003.cdf,17,735.5841605093192,368.1676297575809,1.4394439338168072,36837.31556305854,184279.6746910337,0.011829565472611428,72.65742714607207,363.4707587594353,2.3332476277340093e-05,Ion Grid,Ion_Grid,ion_grid_fit_results,0.004806726543469494,0.0011060196000002008,-0.00035482336794911973,0.019160511333430663,512
imap_idex_l1b_sci-10days_20250927_v003.cdf,18,812609398314371328,2025-10-01T16:48:49.130371328,1,2025-10-01 16:41:49.136114,18,5,5.0,True,l2a_ion_grid_charge,2,20,Science,event_list,imap_idex_l2a_sci-10days_20250927_v003.cdf,18,736.8022734932529,368.80969169840375,1.4400636967934388,44310.306494550015,190628.09606260218,0.012873247771780786,87.39705422988169,375.992299926237,2.539102124611595e-05,Target H,Target_High,target_high_fit_results,19.295608311796492,0.48332760000003233,0.08322668235712172,55.472946115165655,512
imap_idex_l1b_sci-10days_20250927_v003.cdf,18,812609398314371328,2025-10-01T16:48:49.130371328,1,2025-10-01 16:41:49.136114,18,5,5.0,True,l2a_ion_grid_charge,2,20,Science,event_list,imap_idex_l2a_sci-10days_20250927_v003.cdf,18,736.8022734932529,368.80969169840375,1.4400636967934388,44310.306494550015,190628.09606260218,0.012873247771780786,87.39705422988169,375.992299926237,2.539102124611595e-05,Target L,Target_Low,target_low_fit_results,9.302879520458598,7.249933006473931,3.521464400924742,29.40086477274599,512
imap_idex_l1b_sci-10days_20250927_v003.cdf,18,812609398314371328,2025-10-01T16:48:49.130371328,1,2025-10-01 16:41:49.136114,18,5,5.0,True,l2a_ion_grid_charge,2,20,Science,event_list,imap_idex_l2a_sci-10days_20250927_v003.cdf,18,736.8022734932529,368.80969169840375,1.4400636967934388,44310.306494550015,190628.09606260218,0.012873247771780786,87.39705422988169,375.992299926237,2.539102124611595e-05,Ion Grid,Ion_Grid,ion_grid_fit_results,0.005014285797026267,0.0011060196000002008,-0.0006371452479889683,0.019458030400555354,512
imap_idex_l1b_sci-10days_20250927_v003.cdf,19,812609404314285696,2025-10-01T16:48:55.130285696,1,2025-10-01 16:41:49.136114,19,5,5.0,True,l2a_ion_grid_charge,3,20,Science,event_list,imap_idex_l2a_sci-10days_20250927_v003.cdf,19,734.9231519126115,368.8822418888532,1.4402883140942997,44342.304658677436,191196.6182003101,0.012951769335704329,87.46016697963991,377.11364536550315,2.5545896125649563e-05,Target H,Target_High,target_high_fit_results,19.324360142640703,0.48332760000003233,0.24232063349666078,55.41100923573731,512
imap_idex_l1b_sci-10days_20250927_v003.cdf,19,812609404314285696,2025-10-01T16:48:55.130285696,1,2025-10-01 16:41:49.136114,19,5,5.0,True,l2a_ion_grid_charge,3,20,Science,event_list,imap_idex_l2a_sci-10days_20250927_v003.cdf,19,734.9231519126115,368.8822418888532,1.4402883140942997,44342.304658677436,191196.6182003101,0.012951769335704329,87.46016697963991,377.11364536550315,2.5545896125649563e-05,Target L,Target_Low,target_low_fit_results,9.306237896512176,7.03545184047413,3.7521430369197333,28.11543545218592,512
imap_idex_l1b_sci-10days_20250927_v003.cdf,19,812609404314285696,2025-10-01T16:48:55.130285696,1,2025-10-01 16:41:49.136114,19,5,5.0,True,l2a_ion_grid_charge,3,20,Science,event_list,imap_idex_l2a_sci-10days_20250927_v003.cdf,19,734.9231519126115,368.8822418888532,1.4402883140942997,44342.304658677436,191196.6182003101,0.012951769335704329,87.46016697963991,377.11364536550315,2.5545896125649563e-05,Ion Grid,Ion_Grid,ion_grid_fit_results,0.0050295550979979845,0.0011060196000002008,-0.0004286686665115891,0.019572842273520907,512
imap_idex_l1b_sci-10days_20250927_v003.cdf,20,812609410314220416,2025-10-01T16:49:01.130220416,1,2025-10-01 16:41:49.136114,20,5,5.0,True,l2a_ion_grid_charge,4,20,Science,event_list,imap_idex_l2a_sci-10days_20250927_v003.cdf,20,735.437710297072,368.9375544206563,1.4401711462362117,41604.88424769425,191602.18182452768,0.012477838415955915,82.06091567592554,377.9135736183978,2.461112113600772e-05,Target H,Target_High,target_high_fit_results,19.344844568412295,0.48332760000003233,0.24944831914183396,55.27859114427736,512
imap_idex_l1b_sci-10days_20250927_v003.cdf,20,812609410314220416,2025-10-01T16:49:01.130220416,1,2025-10-01 16:41:49.136114,20,5,5.0,True,l2a_ion_grid_charge,4,20,Science,event_list,imap_idex_l2a_sci-10days_20250927_v003.cdf,20,735.437710297072,368.9375544206563,1.4401711462362117,41604.88424769425,191602.18182452768,0.012477838415955915,82.06091567592554,377.9135736183978,2.461112113600772e-05,Target L,Target_Low,target_low_fit_results,9.014407331947998,7.366375854120476,3.182543346290913,26.928227637450618,512
imap_idex_l1b_sci-10days_20250927_v003.cdf,20,812609410314220416,2025-10-01T16:49:01.130220416,1,2025-10-01 16:41:49.136114,20,5,5.0,True,l2a_ion_grid_charge,4,20,Science,event_list,imap_idex_l2a_sci-10days_20250927_v003.cdf,20,735.437710297072,368.9375544206563,1.4401711462362117,41604.88424769425,191602.18182452768,0.012477838415955915,82.06091567592554,377.9135736183978,2.461112113600772e-05,Ion Grid,Ion_Grid,ion_grid_fit_results,0.004936676833271943,0.0011060196000002008,-0.00035983480062107276,0.018692923201316713,512
imap_idex_l1b_sci-10days_20251027_v003.cdf,1,815539406675349504,2025-11-04T14:42:17.491349504,2,2025-11-04 14:42:17.491349,1,1,1.0,True,l2a_ion_grid_charge,1,25,Science,event_list,imap_idex_l2a_sci-10days_20251027_v003.cdf,1,75.75107593665962,81.06836253316237,0.28399284373671896,39965.126191331496,52.670626700599335,0.0009419804354058958,78.82667887836587,0.10388683767376594,1.8579495767374672e-06,Target H,Target_High,target_high_fit_results,0.3207371474815602,0.24166380000001617,0.0019924532180084498,1.2340497919178688,512
imap_idex_l1b_sci-10days_20251027_v003.cdf,1,815539406675349504,2025-11-04T14:42:17.491349504,2,2025-11-04 14:42:17.491349,1,1,1.0,True,l2a_ion_grid_charge,1,25,Science,event_list,imap_idex_l2a_sci-10days_20251027_v003.cdf,1,75.75107593665962,81.06836253316237,0.28399284373671896,39965.126191331496,52.670626700599335,0.0009419804354058958,78.82667887836587,0.10388683767376594,1.8579495767374672e-06,Target L,Target_Low,target_low_fit_results,8.834980876744687,9.041263293267946,-0.9098645590675005,24.811201974462165,512
imap_idex_l1b_sci-10days_20251027_v003.cdf,1,815539406675349504,2025-11-04T14:42:17.491349504,2,2025-11-04 14:42:17.491349,1,1,1.0,True,l2a_ion_grid_charge,1,25,Science,event_list,imap_idex_l2a_sci-10days_20251027_v003.cdf,1,75.75107593665962,81.06836253316237,0.28399284373671896,39965.126191331496,52.670626700599335,0.0009419804354058958,78.82667887836587,0.10388683767376594,1.8579495767374672e-06,Ion Grid,Ion_Grid,ion_grid_fit_results,0.0013563943150508042,0.0011060195999998716,-0.00046852501481375874,0.004978352384204632,512
imap_idex_l1b_sci-10days_20251027_v003.cdf,2,815539412675244032,2025-11-04T14:42:23.491244032,2,2025-11-04 14:42:17.491349,2,1,1.0,True,l2a_ion_grid_charge,2,25,Science,event_list,imap_idex_l2a_sci-10days_20251027_v003.cdf,2,75.5206264678709,81.1967321484272,0.2839460413025645,40740.51315273184,60.80390954459573,0.0009535382647774562,80.35604172136458,0.11992881566981407,1.880746084373681e-06,Target H,Target_High,target_high_fit_results,0.3446122978497554,0.24166380000001617,0.03500913467343025,1.3479669510413714,512
imap_idex_l1b_sci-10days_20251027_v003.cdf,2,815539412675244032,2025-11-04T14:42:23.491244032,2,2025-11-04 14:42:17.491349,2,1,1.0,True,l2a_ion_grid_charge,2,25,Science,event_list,imap_idex_l2a_sci-10days_20251027_v003.cdf,2,75.5206264678709,81.1967321484272,0.2839460413025645,40740.51315273184,60.80390954459573,0.0009535382647774562,80.35604172136458,0.11992881566981407,1.880746084373681e-06,Target L,Target_Low,target_low_fit_results,8.920275486296898,8.456401595251794,-1.8778291792204982,25.4822759723138,512
imap_idex_l1b_sci-10days_20251027_v003.cdf,2,815539412675244032,2025-11-04T14:42:23.491244032,2,2025-11-04 14:42:17.491349,2,1,1.0,True,l2a_ion_grid_charge,2,25,Science,event_list,imap_idex_l2a_sci-10days_20251027_v003.cdf,2,75.5206264678709,81.1967321484272,0.2839460413025645,40740.51315273184,60.80390954459573,0.0009535382647774562,80.35604172136458,0.11992881566981407,1.880746084373681e-06,Ion Grid,Ion_Grid,ion_grid_fit_results,0.001364690229830004,0.0011060195999998716,-0.0003320145870195912,0.004848542905557807,512
imap_idex_l1b_sci-10days_20251027_v003.cdf,3,815539418675138560,2025-11-04T14:42:29.491138560,2,2025-11-04 14:42:17.491349,3,1,1.0,True,l2a_ion_grid_charge,3,25,Science,event_list,imap_idex_l2a_sci-10days_20251027_v003.cdf,3,78.31620522805679,81.14926106227676,0.28396736722275895,37318.67135169926,58.823895240644624,0.0010186387904476996,73.60684684753306,0.11602346201310577,2.0091494880625236e-06,Target H,Target_High,target_high_fit_results,0.3389548943323935,0.24166380000001617,-0.0054249583868113405,1.2241882629988936,512
imap_idex_l1b_sci-10days_20251027_v003.cdf,3,815539418675138560,2025-11-04T14:42:29.491138560,2,2025-11-04 14:42:17.491349,3,1,1.0,True,l2a_ion_grid_charge,3,25,Science,event_list,imap_idex_l2a_sci-10days_20251027_v003.cdf,3,78.31620522805679,81.14926106227676,0.28396736722275895,37318.67135169926,58.823895240644624,0.0010186387904476996,73.60684684753306,0.11602346201310577,2.0091494880625236e-06,Target L,Target_Low,target_low_fit_results,8.537448681180322,10.029377646916064,-0.5267014082073729,24.308576045645168,512
imap_idex_l1b_sci-10days_20251027_v003.cdf,3,815539418675138560,2025-11-04T14:42:29.491138560,2,2025-11-04 14:42:17.491349,3,1,1.0,True,l2a_ion_grid_charge,3,25,Science,event_list,imap_idex_l2a_sci-10days_20251027_v003.cdf,3,78.31620522805679,81.14926106227676,0.28396736722275895,37318.67135169926,58.823895240644624,0.0010186387904476996,73.60684684753306,0.11602346201310577,2.0091494880625236e-06,Ion Grid,Ion_Grid,ion_grid_fit_results,0.001410506606717304,0.0011060195999998716,-0.00030985582120868216,0.005618375564835576,512
imap_idex_l1b_sci-10days_20251027_v003.cdf,4,815539424675013248,2025-11-04T14:42:35.491013248,2,2025-11-04 14:42:17.491349,4,1,1.0,True,l2a_ion_grid_charge,4,25,Science,event_list,imap_idex_l2a_sci-10days_20251027_v003.cdf,4,77.03492510558135,81.16635849305555,0.2841117211588322,42482.98607922414,57.98739923273074,0.000920585469687802,83.79287195113243,0.11437356850637226,1.8157504333092743e-06,Target H,Target_High,target_high_fit_results,0.33653623746400213,0.24166380000001617,-0.027181728255072812,1.3402078108550768,512
imap_idex_l1b_sci-10days_20251027_v003.cdf,4,815539424675013248,2025-11-04T14:42:35.491013248,2,2025-11-04 14:42:17.491349,4,1,1.0,True,l2a_ion_grid_charge,4,25,Science,event_list,imap_idex_l2a_sci-10days_20251027_v003.cdf,4,77.03492510558135,81.16635849305555,0.2841117211588322,42482.98607922414,57.98739923273074,0.000920585469687802,83.79287195113243,0.11437356850637226,1.8157504333092743e-06,Target L,Target_Low,target_low_fit_results,9.109038488555456,9.043057816266828,-1.6969354178218055,25.46828474985159,512
imap_idex_l1b_sci-10days_20251027_v003.cdf,4,815539424675013248,2025-11-04T14:42:35.491013248,2,2025-11-04 14:42:17.491349,4,1,1.0,True,l2a_ion_grid_charge,4,25,Science,event_list,imap_idex_l2a_sci-10days_20251027_v003.cdf,4,77.03492510558135,81.16635849305555,0.2841117211588322,42482.98607922414,57.98739923273074,0.000920585469687802,83.79287195113243,0.11437356850637226,1.8157504333092743e-06,Ion Grid,Ion_Grid,ion_grid_fit_results,0.0013409021200236758,0.0005650294644175708,-0.00015782018489862715,0.004761444898494949,512
imap_idex_l1b_sci-10days_20251027_v003.cdf,5,815539430674907648,2025-11-04T14:42:41.490907648,2,2025-11-04 14:42:17.491349,5,1,1.0,True,l2a_ion_grid_charge,5,25,Science,event_list,imap_idex_l2a_sci-10days_20251027_v003.cdf,5,77.18015114684749,81.17253788715209,0.28402979136468587,40563.833005583045,60.137932402341505,0.0010035430832333945,80.00756016880285,0.11861525128666964,1.9793749176201078e-06,Target H,Target_High,target_high_fit_results,0.34271985530943966,0.24166380000001617,-0.014282253973931347,1.2288549767682753,512
imap_idex_l1b_sci-10days_20251027_v003.cdf,5,815539430674907648,2025-11-04T14:42:41.490907648,2,2025-11-04 14:42:17.491349,5,1,1.0,True,l2a_ion_grid_charge,5,25,Science,event_list,imap_idex_l2a_sci-10days_20251027_v003.cdf,5,77.18015114684749,81.17253788715209,0.28402979136468587,40563.833005583045,60.137932402341505,0.0010035430832333945,80.00756016880285,0.11861525128666964,1.9793749176201078e-06,Target L,Target_Low,target_low_fit_results,8.900912107139884,9.737067464020592,-0.196991924491158,24.835446046625293,512
imap_idex_l1b_sci-10days_20251027_v003.cdf,5,815539430674907648,2025-11-04T14:42:41.490907648,2,2025-11-04 14:42:17.491349,5,1,1.0,True,l2a_ion_grid_charge,5,25,Science,event_list,imap_idex_l2a_sci-10days_20251027_v003.cdf,5,77.18015114684749,81.17253788715209,0.28402979136468587,40563.833005583045,60.137932402341505,0.0010035430832333945,80.00756016880285,0.11861525128666964,1.9793749176201078e-06,Ion Grid,Ion_Grid,ion_grid_fit_results,0.001400016101493202,0.0011060195999998716,-0.00027941832520661514,0.004593461240899321,512
imap_idex_l1b_sci-10days_20251027_v003.cdf,6,815539526673121024,2025-11-04T14:44:17.489121024,2,2025-11-04 14:42:17.491349,6,2,2.0,True,l2a_ion_grid_charge,1,25,Science,event_list,imap_idex_l2a_sci-10days_20251027_v003.cdf,6,158.690218989821,162.20814391416104,0.57419902507859,39748.00037559401,123.83598912646104,0.0024171113527746277,78.39842283154637,0.2442524440364123,4.767478013362185e-06,Target H,Target_High,target_high_fit_results,0.4917999250331574,0.24166380000001617,0.026316257908888474,1.941407467543172,512
imap_idex_l1b_sci-10days_20251027_v003.cdf,6,815539526673121024,2025-11-04T14:44:17.489121024,2,2025-11-04 14:42:17.491349,6,2,2.0,True,l2a_ion_grid_charge,1,25,Science,event_list,imap_idex_l2a_sci-10days_20251027_v003.cdf,6,158.690218989821,162.20814391416104,0.57419902507859,39748.00037559401,123.83598912646104,0.0024171113527746277,78.39842283154637,0.2442524440364123,4.767478013362185e-06,Target L,Target_Low,target_low_fit_results,8.810948486603587,8.549972061550749,-1.8678355523170467,25.659682310957578,512
imap_idex_l1b_sci-10days_20251027_v003.cdf,6,815539526673121024,2025-11-04T14:44:17.489121024,2,2025-11-04 14:42:17.491349,6,2,2.0,True,l2a_ion_grid_charge,1,25,Science,event_list,imap_idex_l2a_sci-10days_20251027_v003.cdf,6,158.690218989821,162.20814391416104,0.57419902507859,39748.00037559401,123.83598912646104,0.0024171113527746277,78.39842283154637,0.2442524440364123,4.767478013362185e-06,Ion Grid,Ion_Grid,ion_grid_fit_results,0.002172767960663988,0.0011060196000002008,-0.0003518950698708778,0.007871856709492198,512
imap_idex_l1b_sci-10days_20251027_v003.cdf,7,815539532673015424,2025-11-04T14:44:23.489015424,2,2025-11-04 14:42:17.491349,7,2,2.0,True,l2a_ion_grid_charge,2,25,Science,event_list,imap_idex_l2a_sci-10days_20251027_v003.cdf,7,156.0141643413226,162.36811168463214,0.5746093187370783,40893.56820512192,140.2048544891085,0.0026309065423979687,80.65792545388939,0.2765381745347308,5.189164777905264e-06,Target H,Target_High,target_high_fit_results,0.5232949516515901,0.24166380000001617,0.013821888286543071,1.952081707178536,512
imap_idex_l1b_sci-10days_20251027_v003.cdf,7,815539532673015424,2025-11-04T14:44:23.489015424,2,2025-11-04 14:42:17.491349,7,2,2.0,True,l2a_ion_grid_charge,2,25,Science,event_list,imap_idex_l2a_sci-10days_20251027_v003.cdf,7,156.0141643413226,162.36811168463214,0.5746093187370783,40893.56820512192,140.2048544891085,0.0026309065423979687,80.65792545388939,0.2765381745347308,5.189164777905264e-06,Target L,Target_Low,target_low_fit_results,8.93701574355941,8.126233173335503,-2.8524629985677166,25.991544349355536,512
imap_idex_l1b_sci-10days_20251027_v003.cdf,7,815539532673015424,2025-11-04T14:44:23.489015424,2,2025-11-04 14:42:17.491349,7,2,2.0,True,l2a_ion_grid_charge,2,25,Science,event_list,imap_idex_l2a_sci-10days_20251027_v003.cdf,7,156.0141643413226,162.36811168463214,0.5746093187370783,40893.56820512192,140.2048544891085,0.0026309065423979687,80.65792545388939,0.2765381745347308,5.189164777905264e-06,Ion Grid,Ion_Grid,ion_grid_fit_results,0.0022668236236242627,0.0011060195999998716,-0.0004612820870493195,0.00816673763258402,512
imap_idex_l1b_sci-10days_20251027_v003.cdf,8,815539538672890112,2025-11-04T14:44:29.488890112,2,2025-11-04 14:42:17.491349,8,2,2.0,True,l2a_ion_grid_charge,3,25,Science,event_list,imap_idex_l2a_sci-10days_20251027_v003.cdf,8,157.41605711839293,162.36516486208694,0.5747213763863517,39869.30098236377,145.85050550855388,0.0027188383349622093,78.63767452142756,0.28767358088472167,5.362600266197652e-06,Target H,Target_High,target_high_fit_results,0.5337267733320058,0.24166380000001617,0.04148320863856725,1.9986795463044018,512
imap_idex_l1b_sci-10days_20251027_v003.cdf,8,815539538672890112,2025-11-04T14:44:29.488890112,2,2025-11-04 14:42:17.491349,8,2,2.0,True,l2a_ion_grid_charge,3,25,Science,event_list,imap_idex_l2a_sci-10days_20251027_v003.cdf,8,157.41605711839293,162.36516486208694,0.5747213763863517,39869.30098236377,145.85050550855388,0.0027188383349622093,78.63767452142756,0.28767358088472167,5.362600266197652e-06,Target L,Target_Low,target_low_fit_results,8.824382611898649,7.6872130449331255,-3.135866162521779,26.283085033417592,512
imap_idex_l1b_sci-10days_20251027_v003.cdf,8,815539538672890112,2025-11-04T14:44:29.488890112,2,2025-11-04 14:42:17.491349,8,2,2.0,True,l2a_ion_grid_charge,3,25,Science,event_list,imap_idex_l2a_sci-10days_20251027_v003.cdf,8,157.41605711839293,162.36516486208694,0.5747213763863517,39869.30098236377,145.85050550855388,0.0027188383349622093,78.63767452142756,0.28767358088472167,5.362600266197652e-06,Ion Grid,Ion_Grid,ion_grid_fit_results,0.002304393873228504,0.0011060196000002008,-0.0001397783475773906,0.007892012773730306,512
imap_idex_l1b_sci-10days_20251027_v003.cdf,9,815539544672784640,2025-11-04T14:44:35.488784640,2,2025-11-04 14:42:17.491349,9,2,2.0,True,l2a_ion_grid_charge,4,25,Science,event_list,imap_idex_l2a_sci-10days_20251027_v003.cdf,9,155.5976921532856,162.35945723478306,0.5747926021101429,42861.98963034789,145.93931110511033,0.0027201437476463116,84.54041347208657,0.28784873985228865,5.365175044667281e-06,Target H,Target_High,target_high_fit_results,0.5338892366419917,0.24166380000001617,0.027106412545947478,2.0393752292214344,512
imap_idex_l1b_sci-10days_20251027_v003.cdf,9,815539544672784640,2025-11-04T14:44:35.488784640,2,2025-11-04 14:42:17.491349,9,2,2.0,True,l2a_ion_grid_charge,4,25,Science,event_list,imap_idex_l2a_sci-10days_20251027_v003.cdf,9,155.5976921532856,162.35945723478306,0.5747926021101429,42861.98963034789,145.93931110511033,0.0027201437476463116,84.54041347208657,0.28784873985228865,5.365175044667281e-06,Target L,Target_Low,target_low_fit_results,9.149580509333378,8.751617647981993,-1.431162052147556,26.16442179106525,512
imap_idex_l1b_sci-10days_20251027_v003.cdf,9,815539544672784640,2025-11-04T14:44:35.488784640,2,2025-11-04 14:42:17.491349,9,2,2.0,True,l2a_ion_grid_charge,4,25,Science,event_list,imap_idex_l2a_sci-10days_20251027_v003.cdf,9,155.5976921532856,162.35945723478306,0.5747926021101429,42861.98963034789,145.93931110511033,0.0027201437476463116,84.54041347208657,0.28784873985228865,5.365175044667281e-06,Ion Grid,Ion_Grid,ion_grid_fit_results,0.00230494701828951,0.0011060196000002008,-0.00025293093006606426,0.007778400779871353,512
imap_idex_l1b_sci-10days_20251027_v003.cdf,10,815539550672679296,2025-11-04T14:44:41.488679296,2,2025-11-04 14:42:17.491349,10,2,2.0,True,l2a_ion_grid_charge,5,25,Science,event_list,imap_idex_l2a_sci-10days_20251027_v003.cdf,10,153.49915360614614,162.3903350148102,0.574552866977838,46025.32161694604,143.024129843784,0.0025598598168342134,90.7797270551204,0.2820988754315267,5.049033169298251e-06,Target H,Target_High,target_high_fit_results,0.5285300403961355,0.24166380000001617,0.034280904517345334,1.9300855225123996,512
imap_idex_l1b_sci-10days_20251027_v003.cdf,10,815539550672679296,2025-11-04T14:44:41.488679296,2,2025-11-04 14:42:17.491349,10,2,2.0,True,l2a_ion_grid_charge,5,25,Science,event_list,imap_idex_l2a_sci-10days_20251027_v003.cdf,10,153.49915360614614,162.3903350148102,0.574552866977838,46025.32161694604,143.024129843784,0.0025598598168342134,90.7797270551204,0.2820988754315267,5.049033169298251e-06,Target L,Target_Low,target_low_fit_results,9.481202786730053,9.794699988706741,-0.5673738886780484,24.820050688897027,512
imap_idex_l1b_sci-10days_20251027_v003.cdf,10,815539550672679296,2025-11-04T14:44:41.488679296,2,2025-11-04 14:42:17.491349,10,2,2.0,True,l2a_ion_grid_charge,5,25,Science,event_list,imap_idex_l2a_sci-10days_20251027_v003.cdf,10,153.49915360614614,162.3903350148102,0.574552866977838,46025.32161694604,143.024129843784,0.0025598598168342134,90.7797270551204,0.2820988754315267,5.049033169298251e-06,Ion Grid,Ion_Grid,ion_grid_fit_results,0.0022360067541835208,0.0011060195999998716,-0.00046368222395143377,0.008349788951958592,512
imap_idex_l1b_sci-10days_20251027_v003.cdf,11,815539646670912512,2025-11-04T14:46:17.486912512,2,2025-11-04 14:42:17.491349,11,3,3.0,True,l2a_ion_grid_charge,1,25,Science,event_list,imap_idex_l2a_sci-10days_20251027_v003.cdf,11,234.7695241610163,243.68476461098442,0.8637504345526255,39966.36379405059,213.20509401105832,0.004400960747238767,78.82911990937,0.4205228678719099,8.680395951161276e-06,Target H,Target_High,target_high_fit_results,0.6453031839688599,0.24166380000001617,0.016596140246178948,3.632728273249768,512
imap_idex_l1b_sci-10days_20251027_v003.cdf,11,815539646670912512,2025-11-04T14:46:17.486912512,2,2025-11-04 14:42:17.491349,11,3,3.0,True,l2a_ion_grid_charge,1,25,Science,event_list,imap_idex_l2a_sci-10days_20251027_v003.cdf,11,234.7695241610163,243.68476461098442,0.8637504345526255,39966.36379405059,213.20509401105832,0.004400960747238767,78.82911990937,0.4205228678719099,8.680395951161276e-06,Target L,Target_Low,target_low_fit_results,8.835117672405675,9.646487270808024,-0.799349078513842,32.24211273266701,512
imap_idex_l1b_sci-10days_20251027_v003.cdf,11,815539646670912512,2025-11-04T14:46:17.486912512,2,2025-11-04 14:42:17.491349,11,3,3.0,True,l2a_ion_grid_charge,1,25,Science,event_list,imap_idex_l2a_sci-10days_20251027_v003.cdf,11,234.7695241610163,243.68476461098442,0.8637504345526255,39966.36379405059,213.20509401105832,0.004400960747238767,78.82911990937,0.4205228678719099,8.680395951161276e-06,Ion Grid,Ion_Grid,ion_grid_fit_results,0.002931829882419974,0.0011060195999998716,-0.0005765689343728564,0.00997945595321581,512
imap_idex_l1b_sci-10days_20251027_v003.cdf,12,815539652670807040,2025-11-04T14:46:23.486807040,2,2025-11-04 14:42:17.491349,12,3,3.0,True,l2a_ion_grid_charge,2,25,Science,event_list,imap_idex_l2a_sci-10days_20251027_v003.cdf,12,233.28733247281707,244.034640196194,0.8642280338736489,42994.40634756275,246.6711347250068,0.004804763055062982,84.80159042911785,0.4865308377219069,9.476850207224817e-06,Target H,Target_High,target_high_fit_results,0.6941034216957721,0.24166380000001617,0.022885606828822347,3.6227700873664617,512
imap_idex_l1b_sci-10days_20251027_v003.cdf,12,815539652670807040,2025-11-04T14:46:23.486807040,2,2025-11-04 14:42:17.491349,12,3,3.0,True,l2a_ion_grid_charge,2,25,Science,event_list,imap_idex_l2a_sci-10days_20251027_v003.cdf,12,233.28733247281707,244.034640196194,0.8642280338736489,42994.40634756275,246.6711347250068,0.004804763055062982,84.80159042911785,0.4865308377219069,9.476850207224817e-06,Target L,Target_Low,target_low_fit_results,9.163702848607842,8.420931869112518,-1.8147627880480286,37.65525583054114,512
imap_idex_l1b_sci-10days_20251027_v003.cdf,12,815539652670807040,2025-11-04T14:46:23.486807040,2,2025-11-04 14:42:17.491349,12,3,3.0,True,l2a_ion_grid_charge,2,25,Science,event_list,imap_idex_l2a_sci-10days_20251027_v003.cdf,12,233.28733247281707,244.034640196194,0.8642280338736489,42994.40634756275,246.6711347250068,0.004804763055062982,84.80159042911785,0.4865308377219069,9.476850207224817e-06,Ion Grid,Ion_Grid,ion_grid_fit_results,0.0030633809495261744,0.0011060196000002008,-0.000502819747853156,0.011052106637074122,512
imap_idex_l1b_sci-10days_20251027_v003.cdf,13,815539658670701568,2025-11-04T14:46:29.486701568,2,2025-11-04 14:42:17.491349,13,3,3.0,True,l2a_ion_grid_charge,3,25,Science,event_list,imap_idex_l2a_sci-10days_20251027_v003.cdf,13,233.17096699113608,243.97418683969477,0.8642193346750868,46691.18461751049,251.66645959287297,0.004899614465693045,92.0930663067268,0.4963835494928461,9.663933857382732e-06,Target H,Target_High,target_high_fit_results,0.7010963228346944,0.24166380000001617,0.010174552943453818,3.440945369946803,512
imap_idex_l1b_sci-10days_20251027_v003.cdf,13,815539658670701568,2025-11-04T14:46:29.486701568,2,2025-11-04 14:42:17.491349,13,3,3.0,True,l2a_ion_grid_charge,3,25,Science,event_list,imap_idex_l2a_sci-10days_20251027_v003.cdf,13,233.17096699113608,243.97418683969477,0.8642193346750868,46691.18461751049,251.66645959287297,0.004899614465693045,92.0930663067268,0.4963835494928461,9.663933857382732e-06,Target L,Target_Low,target_low_fit_results,9.549540300772344,8.280114222648761,-1.6989206025937165,27.257825278065866,512
imap_idex_l1b_sci-10days_20251027_v003.cdf,13,815539658670701568,2025-11-04T14:46:29.486701568,2,2025-11-04 14:42:17.491349,13,3,3.0,True,l2a_ion_grid_charge,3,25,Science,event_list,imap_idex_l2a_sci-10days_20251027_v003.cdf,13,233.17096699113608,243.97418683969477,0.8642193346750868,46691.18461751049,251.66645959287297,0.004899614465693045,92.0930663067268,0.4963835494928461,9.663933857382732e-06,Ion Grid,Ion_Grid,ion_grid_fit_results,0.003093470462653026,0.0011060195999998716,-0.0006081868764349352,0.011125031045711165,512
imap_idex_l1b_sci-10days_20251027_v003.cdf,14,815539664670596224,2025-11-04T14:46:35.486596224,2,2025-11-04 14:42:17.491349,14,3,3.0,True,l2a_ion_grid_charge,4,25,Science,event_list,imap_idex_l2a_sci-10days_20251027_v003.cdf,14,232.25990436223947,244.03003710606959,0.8642089120337669,37031.004373617485,245.6020802612284,0.0048156122681007,73.0394563582199,0.48442224903595343,9.498249049508284e-06,Target H,Target_High,target_high_fit_results,0.6925976920335584,0.24166380000001617,0.028486500165854522,3.658779171038418,512
imap_idex_l1b_sci-10days_20251027_v003.cdf,14,815539664670596224,2025-11-04T14:46:35.486596224,2,2025-11-04 14:42:17.491349,14,3,3.0,True,l2a_ion_grid_charge,4,25,Science,event_list,imap_idex_l2a_sci-10days_20251027_v003.cdf,14,232.25990436223947,244.03003710606959,0.8642089120337669,37031.004373617485,245.6020802612284,0.0048156122681007,73.0394563582199,0.48442224903595343,9.498249049508284e-06,Target L,Target_Low,target_low_fit_results,8.504480020390526,10.632404662987181,-0.41010525005913223,24.018436053738697,512
imap_idex_l1b_sci-10days_20251027_v003.cdf,14,815539664670596224,2025-11-04T14:46:35.486596224,2,2025-11-04 14:42:17.491349,14,3,3.0,True,l2a_ion_grid_charge,4,25,Science,event_list,imap_idex_l2a_sci-10days_20251027_v003.cdf,14,232.25990436223947,244.03003710606959,0.8642089120337669,37031.004373617485,245.6020802612284,0.0048156122681007,73.0394563582199,0.48442224903595343,9.498249049508284e-06,Ion Grid,Ion_Grid,ion_grid_fit_results,0.0030668375749514647,0.0011060196000002008,-0.00037309904350335543,0.011462245791198589,512
imap_idex_l1b_sci-10days_20251027_v003.cdf,15,815539670670490880,2025-11-04T14:46:41.486490880,2,2025-11-04 14:42:17.491349,15,3,3.0,True,l2a_ion_grid_charge,5,25,Science,event_list,imap_idex_l2a_sci-10days_20251027_v003.cdf,15,228.6334799186152,243.9556122609019,0.8642543671133864,43029.024199182524,252.45330062030393,0.004770248905744444,84.86987021535015,0.49793550418205906,9.4087749620206e-06,Target H,Target_High,target_high_fit_results,0.7021914644696495,0.24166380000001617,0.03788058348669665,3.716064850279281,512
imap_idex_l1b_sci-10days_20251027_v003.cdf,15,815539670670490880,2025-11-04T14:46:41.486490880,2,2025-11-04 14:42:17.491349,15,3,3.0,True,l2a_ion_grid_charge,5,25,Science,event_list,imap_idex_l2a_sci-10days_20251027_v003.cdf,15,228.6334799186152,243.9556122609019,0.8642543671133864,43029.024199182524,252.45330062030393,0.004770248905744444,84.86987021535015,0.49793550418205906,9.4087749620206e-06,Target L,Target_Low,target_low_fit_results,9.1673912804586,8.467765259737154,-1.2680289622112468,27.914846570361988,512
imap_idex_l1b_sci-10days_20251027_v003.cdf,15,815539670670490880,2025-11-04T14:46:41.486490880,2,2025-11-04 14:42:17.491349,15,3,3.0,True,l2a_ion_grid_charge,5,25,Science,event_list,imap_idex_l2a_sci-10days_20251027_v003.cdf,15,228.6334799186152,243.9556122609019,0.8642543671133864,43029.024199182524,252.45330062030393,0.004770248905744444,84.86987021535015,0.49793550418205906,9.4087749620206e-06,Ion Grid,Ion_Grid,ion_grid_fit_results,0.003052358496971173,0.0011060196000002008,-0.0004048252392294671,0.01114462256237192,512
imap_idex_l1b_sci-10days_20251027_v003.cdf,16,815539760668849408,2025-11-04T14:48:11.484849408,2,2025-11-04 14:42:17.491349,16,4,4.0,True,l2a_ion_grid_charge,1,25,Science,event_list,imap_idex_l2a_sci-10days_20251027_v003.cdf,16,312.6864277552122,323.6858294445779,1.150155057003464,41259.093908238574,424.43982687709484,0.006836944381869901,81.37888344820232,0.8371594218483133,1.3485097400137872e-05,Target H,Target_High,target_high_fit_results,0.9104856049764466,0.24166380000001617,0.0005510202127538832,9.755548289311491,512
imap_idex_l1b_sci-10days_20251027_v003.cdf,16,815539760668849408,2025-11-04T14:48:11.484849408,2,2025-11-04 14:42:17.491349,16,4,4.0,True,l2a_ion_grid_charge,1,25,Science,event_list,imap_idex_l2a_sci-10days_20251027_v003.cdf,16,312.6864277552122,323.6858294445779,1.150155057003464,41259.093908238574,424.43982687709484,0.006836944381869901,81.37888344820232,0.8371594218483133,1.3485097400137872e-05,Target L,Target_Low,target_low_fit_results,8.976868484584614,7.6029581001287205,-1.5130095850981888,27.801882093281165,512
imap_idex_l1b_sci-10days_20251027_v003.cdf,16,815539760668849408,2025-11-04T14:48:11.484849408,2,2025-11-04 14:42:17.491349,16,4,4.0,True,l2a_ion_grid_charge,1,25,Science,event_list,imap_idex_l2a_sci-10days_20251027_v003.cdf,16,312.6864277552122,323.6858294445779,1.150155057003464,41259.093908238574,424.43982687709484,0.006836944381869901,81.37888344820232,0.8371594218483133,1.3485097400137872e-05,Ion Grid,Ion_Grid,ion_grid_fit_results,0.003654231382362049,0.0011060196000002008,-0.00022337387514936857,0.012622345496601683,512
imap_idex_l1b_sci-10days_20251027_v003.cdf,17,815539766668744064,2025-11-04T14:48:17.484744064,2,2025-11-04 14:42:17.491349,17,4,4.0,True,l2a_ion_grid_charge,2,25,Science,event_list,imap_idex_l2a_sci-10days_20251027_v003.cdf,17,311.5485613222081,324.08442016287756,1.150963846921261,38061.12833382231,463.9749963502596,0.007406614041791887,75.07125904106964,0.9151380598624449,1.4608706196828181e-05,Target H,Target_High,target_high_fit_results,0.9519459883557474,0.24166380000001617,0.009727876680472036,9.623658341149621,512
imap_idex_l1b_sci-10days_20251027_v003.cdf,17,815539766668744064,2025-11-04T14:48:17.484744064,2,2025-11-04 14:42:17.491349,17,4,4.0,True,l2a_ion_grid_charge,2,25,Science,event_list,imap_idex_l2a_sci-10days_20251027_v003.cdf,17,311.5485613222081,324.08442016287756,1.150963846921261,38061.12833382231,463.9749963502596,0.007406614041791887,75.07125904106964,0.9151380598624449,1.4608706196828181e-05,Target L,Target_Low,target_low_fit_results,8.621956928505076,9.616699531497979,-0.8983709189797082,27.554017443864723,512
imap_idex_l1b_sci-10days_20251027_v003.cdf,17,815539766668744064,2025-11-04T14:48:17.484744064,2,2025-11-04 14:42:17.491349,17,4,4.0,True,l2a_ion_grid_charge,2,25,Science,event_list,imap_idex_l2a_sci-10days_20251027_v003.cdf,17,311.5485613222081,324.08442016287756,1.150963846921261,38061.12833382231,463.9749963502596,0.007406614041791887,75.07125904106964,0.9151380598624449,1.4608706196828181e-05,Ion Grid,Ion_Grid,ion_grid_fit_results,0.003803425173494909,0.0011060195999998716,-3.71393808085152e-05,0.012995072286746234,512
imap_idex_l1b_sci-10days_20251027_v003.cdf,18,815539772668638592,2025-11-04T14:48:23.484638592,2,2025-11-04 14:42:17.491349,18,4,4.0,True,l2a_ion_grid_charge,3,25,Science,event_list,imap_idex_l2a_sci-10days_20251027_v003.cdf,18,311.0013499267552,324.1485369266743,1.150855147954224,37531.30576074145,460.1468930187867,0.007675522797648153,74.02624410402653,0.9075875601948457,1.513909822021332e-05,Target H,Target_High,target_high_fit_results,0.9480107596579892,0.24166380000001617,0.008086499473847653,9.456691649713093,512
imap_idex_l1b_sci-10days_20251027_v003.cdf,18,815539772668638592,2025-11-04T14:48:23.484638592,2,2025-11-04 14:42:17.491349,18,4,4.0,True,l2a_ion_grid_charge,3,25,Science,event_list,imap_idex_l2a_sci-10days_20251027_v003.cdf,18,311.0013499267552,324.1485369266743,1.150855147954224,37531.30576074145,460.1468930187867,0.007675522797648153,74.02624410402653,0.9075875601948457,1.513909822021332e-05,Target L,Target_Low,target_low_fit_results,8.561736480641539,6.633058466567113,-2.061933230203067,26.06851742179424,512
imap_idex_l1b_sci-10days_20251027_v003.cdf,18,815539772668638592,2025-11-04T14:48:23.484638592,2,2025-11-04 14:42:17.491349,18,4,4.0,True,l2a_ion_grid_charge,3,25,Science,event_list,imap_idex_l2a_sci-10days_20251027_v003.cdf,18,311.0013499267552,324.1485369266743,1.150855147954224,37531.30576074145,460.1468930187867,0.007675522797648153,74.02624410402653,0.9075875601948457,1.513909822021332e-05,Ion Grid,Ion_Grid,ion_grid_fit_results,0.003871854266905787,0.0011060196000002008,-0.000173839522255248,0.013516722240981327,512
imap_idex_l1b_sci-10days_20251027_v003.cdf,19,815539778668533120,2025-11-04T14:48:29.484533120,2,2025-11-04 14:42:17.491349,19,4,4.0,True,l2a_ion_grid_charge,4,25,Science,event_list,imap_idex_l2a_sci-10days_20251027_v003.cdf,19,308.7608420468714,324.06177456929277,1.1509386624462885,39526.82997692673,464.069161417791,0.0074871406182831085,77.96218930360303,0.9153237897786805,1.4767535736258596e-05,Target H,Target_High,target_high_fit_results,0.9520425835508216,0.24166380000001617,0.040296282808185424,9.49585064484188,512
imap_idex_l1b_sci-10days_20251027_v003.cdf,19,815539778668533120,2025-11-04T14:48:29.484533120,2,2025-11-04 14:42:17.491349,19,4,4.0,True,l2a_ion_grid_charge,4,25,Science,event_list,imap_idex_l2a_sci-10days_20251027_v003.cdf,19,308.7608420468714,324.06177456929277,1.1509386624462885,39526.82997692673,464.069161417791,0.0074871406182831085,77.96218930360303,0.9153237897786805,1.4767535736258596e-05,Target L,Target_Low,target_low_fit_results,8.786400844412064,9.073519893819478,-0.7350843791318766,24.91852413212473,512
imap_idex_l1b_sci-10days_20251027_v003.cdf,19,815539778668533120,2025-11-04T14:48:29.484533120,2,2025-11-04 14:42:17.491349,19,4,4.0,True,l2a_ion_grid_charge,4,25,Science,event_list,imap_idex_l2a_sci-10days_20251027_v003.cdf,19,308.7608420468714,324.06177456929277,1.1509386624462885,39526.82997692673,464.069161417791,0.0074871406182831085,77.96218930360303,0.9153237897786805,1.4767535736258596e-05,Ion Grid,Ion_Grid,ion_grid_fit_results,0.0038240451775684078,0.0011060196000000362,-0.0007579586430541685,0.013083047475591858,512
imap_idex_l1b_sci-10days_20251027_v003.cdf,20,815539784668427776,2025-11-04T14:48:35.484427776,2,2025-11-04 14:42:17.491349,20,4,4.0,True,l2a_ion_grid_charge,5,25,Science,event_list,imap_idex_l2a_sci-10days_20251027_v003.cdf,20,310.9303359950791,324.0701444068989,1.150555521625047,38282.548143437445,471.8957421744334,0.007463346192813534,75.50798450382139,0.9307608326911901,1.4720603930598688e-05,Target H,Target_High,target_high_fit_results,0.9600371719024426,0.24166380000001617,0.034056956210690714,9.493837276089835,512
imap_idex_l1b_sci-10days_20251027_v003.cdf,20,815539784668427776,2025-11-04T14:48:35.484427776,2,2025-11-04 14:42:17.491349,20,4,4.0,True,l2a_ion_grid_charge,5,25,Science,event_list,imap_idex_l2a_sci-10days_20251027_v003.cdf,20,310.9303359950791,324.0701444068989,1.150555521625047,38282.548143437445,471.8957421744334,0.007463346192813534,75.50798450382139,0.9307608326911901,1.4720603930598688e-05,Target L,Target_Low,target_low_fit_results,8.646999586136873,11.098225768019605,-0.294290992020251,24.506727648280503,512
imap_idex_l1b_sci-10days_20251027_v003.cdf,20,815539784668427776,2025-11-04T14:48:35.484427776,2,2025-11-04 14:42:17.491349,20,4,4.0,True,l2a_ion_grid_charge,5,25,Science,event_list,imap_idex_l2a_sci-10days_20251027_v003.cdf,20,310.9303359950791,324.0701444068989,1.150555521625047,38282.548143437445,471.8957421744334,0.007463346192813534,75.50798450382139,0.9307608326911901,1.4720603930598688e-05,Ion Grid,Ion_Grid,ion_grid_fit_results,0.003817963859551179,0.0011060195999998716,-0.0005924494061253505,0.01323277075486251,512
imap_idex_l1b_sci-10days_20251027_v003.cdf,21,815539880666721024,2025-11-04T14:50:11.482721024,2,2025-11-04 14:42:17.491349,21,5,5.0,True,l2a_ion_grid_charge,1,25,Science,event_list,imap_idex_l2a_sci-10days_20251027_v003.cdf,21,735.0802602138756,367.96776970937907,1.4357836401017479,41003.1546123521,182231.24930810783,0.009219460113035151,80.87407221371222,359.43047200810224,1.818433947344211e-05,Target H,Target_High,target_high_fit_results,18.86585298376138,0.5171893482070724,0.12190157744151975,54.58264218124475,512
imap_idex_l1b_sci-10days_20251027_v003.cdf,21,815539880666721024,2025-11-04T14:50:11.482721024,2,2025-11-04 14:42:17.491349,21,5,5.0,True,l2a_ion_grid_charge,1,25,Science,event_list,imap_idex_l2a_sci-10days_20251027_v003.cdf,21,735.0802602138756,367.96776970937907,1.4357836401017479,41003.1546123521,182231.24930810783,0.009219460113035151,80.87407221371222,359.43047200810224,1.818433947344211e-05,Target L,Target_Low,target_low_fit_results,8.9489824199319,10.398864644558264,0.5313838287147519,24.054678059481375,512
imap_idex_l1b_sci-10days_20251027_v003.cdf,21,815539880666721024,2025-11-04T14:50:11.482721024,2,2025-11-04 14:42:17.491349,21,5,5.0,True,l2a_ion_grid_charge,1,25,Science,event_list,imap_idex_l2a_sci-10days_20251027_v003.cdf,21,735.0802602138756,367.96776970937907,1.4357836401017479,41003.1546123521,182231.24930810783,0.009219460113035151,80.87407221371222,359.43047200810224,1.818433947344211e-05,Ion Grid,Ion_Grid,ion_grid_fit_results,0.004243437054237023,0.0011060196000002008,-0.00040686120720567764,0.023386778362370575,512
imap_idex_l1b_sci-10days_20251027_v003.cdf,22,815539886666615552,2025-11-04T14:50:17.482615552,2,2025-11-04 14:42:17.491349,22,5,5.0,True,l2a_ion_grid_charge,2,25,Science,event_list,imap_idex_l2a_sci-10days_20251027_v003.cdf,22,738.1625547758013,368.7305482173053,1.4371660605890022,42654.47064305193,188830.78115791042,0.010220773322956666,84.13110580483615,372.4473001142217,2.015931621884944e-05,Target H,Target_High,target_high_fit_results,19.204429682993553,0.48332760000003233,0.10747451732100899,54.9652872874633,512
imap_idex_l1b_sci-10days_20251027_v003.cdf,22,815539886666615552,2025-11-04T14:50:17.482615552,2,2025-11-04 14:42:17.491349,22,5,5.0,True,l2a_ion_grid_charge,2,25,Science,event_list,imap_idex_l2a_sci-10days_20251027_v003.cdf,22,738.1625547758013,368.7305482173053,1.4371660605890022,42654.47064305193,188830.78115791042,0.010220773322956666,84.13110580483615,372.4473001142217,2.015931621884944e-05,Target L,Target_Low,target_low_fit_results,9.127404503730006,9.350200970321296,-1.6701176145797945,28.34815009524027,512
imap_idex_l1b_sci-10days_20251027_v003.cdf,22,815539886666615552,2025-11-04T14:50:17.482615552,2,2025-11-04 14:42:17.491349,22,5,5.0,True,l2a_ion_grid_charge,2,25,Science,event_list,imap_idex_l2a_sci-10days_20251027_v003.cdf,22,738.1625547758013,368.7305482173053,1.4371660605890022,42654.47064305193,188830.78115791042,0.010220773322956666,84.13110580483615,372.4473001142217,2.015931621884944e-05,Ion Grid,Ion_Grid,ion_grid_fit_results,0.004467935529570647,0.0011060195999998716,-0.00011572415842731054,0.022703997674247578,512
imap_idex_l1b_sci-10days_20251027_v003.cdf,23,815539892666510080,2025-11-04T14:50:23.482510080,2,2025-11-04 14:42:17.491349,23,5,5.0,True,l2a_ion_grid_charge,3,25,Science,event_list,imap_idex_l2a_sci-10days_20251027_v003.cdf,23,741.3675481802347,368.8257326500634,1.4368792736441356,44914.68521922748,189486.9008321001,0.01041177116609651,88.58912272036979,373.74142175956626,2.0536037802951695e-05,Target H,Target_High,target_high_fit_results,19.23776502579485,0.48332760000003233,0.10955623269296666,54.8484359101642,512
imap_idex_l1b_sci-10days_20251027_v003.cdf,23,815539892666510080,2025-11-04T14:50:23.482510080,2,2025-11-04 14:42:17.491349,23,5,5.0,True,l2a_ion_grid_charge,3,25,Science,event_list,imap_idex_l2a_sci-10days_20251027_v003.cdf,23,741.3675481802347,368.8257326500634,1.4368792736441356,44914.68521922748,189486.9008321001,0.01041177116609651,88.58912272036979,373.74142175956626,2.0536037802951695e-05,Target L,Target_Low,target_low_fit_results,9.366108827512292,8.756322040691908,-2.1459083219633612,30.159475353590096,512
imap_idex_l1b_sci-10days_20251027_v003.cdf,23,815539892666510080,2025-11-04T14:50:23.482510080,2,2025-11-04 14:42:17.491349,23,5,5.0,True,l2a_ion_grid_charge,3,25,Science,event_list,imap_idex_l2a_sci-10days_20251027_v003.cdf,23,741.3675481802347,368.8257326500634,1.4368792736441356,44914.68521922748,189486.9008321001,0.01041177116609651,88.58912272036979,373.74142175956626,2.0536037802951695e-05,Ion Grid,Ion_Grid,ion_grid_fit_results,0.004509488946519577,0.0011060196000002008,-0.0004964140237804227,0.022771630878061333,512
imap_idex_l1b_sci-10days_20251027_v003.cdf,24,815539898666404608,2025-11-04T14:50:29.482404608,2,2025-11-04 14:42:17.491349,24,5,5.0,True,l2a_ion_grid_charge,4,25,Science,event_list,imap_idex_l2a_sci-10days_20251027_v003.cdf,24,736.9237085479581,368.88862216474877,1.4368933690525807,41653.73825190941,189775.8136002912,0.01024307593136388,82.15727465859844,374.31126942858225,2.020330558454414e-05,Target H,Target_High,target_high_fit_results,19.252425455980053,0.48332760000003233,0.12751561094341923,55.198087643117105,512
imap_idex_l1b_sci-10days_20251027_v003.cdf,24,815539898666404608,2025-11-04T14:50:29.482404608,2,2025-11-04 14:42:17.491349,24,5,5.0,True,l2a_ion_grid_charge,4,25,Science,event_list,imap_idex_l2a_sci-10days_20251027_v003.cdf,24,736.9237085479581,368.88862216474877,1.4368933690525807,41653.73825190941,189775.8136002912,0.01024307593136388,82.15727465859844,374.31126942858225,2.020330558454414e-05,Target L,Target_Low,target_low_fit_results,9.019698305556599,8.82350079370252,-1.6761066568869865,24.92699346317022,512
imap_idex_l1b_sci-10days_20251027_v003.cdf,24,815539898666404608,2025-11-04T14:50:29.482404608,2,2025-11-04 14:42:17.491349,24,5,5.0,True,l2a_ion_grid_charge,4,25,Science,event_list,imap_idex_l2a_sci-10days_20251027_v003.cdf,24,736.9237085479581,368.88862216474877,1.4368933690525807,41653.73825190941,189775.8136002912,0.01024307593136388,82.15727465859844,374.31126942858225,2.020330558454414e-05,Ion Grid,Ion_Grid,ion_grid_fit_results,0.004472807583436278,0.0011060196000002008,-0.0003478456545427111,0.023143367988075925,512
imap_idex_l1b_sci-10days_20251027_v003.cdf,25,815539904666299392,2025-11-04T14:50:35.482299392,2,2025-11-04 14:42:17.491349,25,5,5.0,True,l2a_ion_grid_charge,5,25,Science,event_list,imap_idex_l2a_sci-10days_20251027_v003.cdf,25,734.680309657193,368.908477009045,1.4370102488992913,41123.88427427545,189926.8807728803,0.010310599709077807,81.11219777963599,374.60923229364954,2.0336488578062735e-05,Target H,Target_High,target_high_fit_results,19.26008668229538,0.48332760000003233,0.12657918269724178,54.97039376243367,512
imap_idex_l1b_sci-10days_20251027_v003.cdf,25,815539904666299392,2025-11-04T14:50:35.482299392,2,2025-11-04 14:42:17.491349,25,5,5.0,True,l2a_ion_grid_charge,5,25,Science,event_list,imap_idex_l2a_sci-10days_20251027_v003.cdf,25,734.680309657193,368.908477009045,1.4370102488992913,41123.88427427545,189926.8807728803,0.010310599709077807,81.11219777963599,374.60923229364954,2.0336488578062735e-05,Target L,Target_Low,target_low_fit_results,8.962147425321357,8.968438798870194,-0.8832585948148335,26.497900457507058,512
imap_idex_l1b_sci-10days_20251027_v003.cdf,25,815539904666299392,2025-11-04T14:50:35.482299392,2,2025-11-04 14:42:17.491349,25,5,5.0,True,l2a_ion_grid_charge,5,25,Science,event_list,imap_idex_l2a_sci-10days_20251027_v003.cdf,25,734.680309657193,368.908477009045,1.4370102488992913,41123.88427427545,189926.8807728803,0.010310599709077807,81.11219777963599,374.60923229364954,2.0336488578062735e-05,Ion Grid,Ion_Grid,ion_grid_fit_results,0.004487526050820496,0.0011060196000002008,-0.000560246642987039,0.02302571268929099,512
imap_idex_l1b_sci-10days_20251106_v003.cdf,1,815732851484596480,2025-11-06T20:26:22.300596480,3,2025-11-06 20:26:22.300596,1,1,1.0,True,l2a_ion_grid_charge,1,20,Science,event_list,imap_idex_l2a_sci-10days_20251106_v003.cdf,1,77.4971619392345,80.99131531730859,0.283743203201301,41855.83229941175,56.851845530052344,0.001079529166755504,82.55588224736044,0.11213381761351547,2.1292488496163786e-06,Target H,Target_High,target_high_fit_results,0.3332247901955728,0.24166380000001617,0.0832580855955598,1.211963100501407,512
imap_idex_l1b_sci-10days_20251106_v003.cdf,1,815732851484596480,2025-11-06T20:26:22.300596480,3,2025-11-06 20:26:22.300596,1,1,1.0,True,l2a_ion_grid_charge,1,20,Science,event_list,imap_idex_l2a_sci-10days_20251106_v003.cdf,1,77.4971619392345,80.99131531730859,0.283743203201301,41855.83229941175,56.851845530052344,0.001079529166755504,82.55588224736044,0.11213381761351547,2.1292488496163786e-06,Target L,Target_Low,target_low_fit_results,9.04155254697934,7.826551899940628,2.544589748216822,25.668319537726347,512
imap_idex_l1b_sci-10days_20251106_v003.cdf,1,815732851484596480,2025-11-06T20:26:22.300596480,3,2025-11-06 20:26:22.300596,1,1,1.0,True,l2a_ion_grid_charge,1,20,Science,event_list,imap_idex_l2a_sci-10days_20251106_v003.cdf,1,77.4971619392345,80.99131531730859,0.283743203201301,41855.83229941175,56.851845530052344,0.001079529166755504,82.55588224736044,0.11213381761351547,2.1292488496163786e-06,Ion Grid,Ion_Grid,ion_grid_fit_results,0.0014520521353654434,0.0010293056290553936,9.178134237863844e-05,0.004935042217062202,512
imap_idex_l1b_sci-10days_20251106_v003.cdf,2,815732857484551040,2025-11-06T20:26:28.300551040,3,2025-11-06 20:26:22.300596,2,1,1.0,True,l2a_ion_grid_charge,2,20,Science,event_list,imap_idex_l2a_sci-10days_20251106_v003.cdf,2,73.42038398486329,81.01593238050475,0.2837322230340662,41393.471680895906,67.57352178419309,0.0010970301863053073,81.6439283646862,0.13328110805560767,2.1637676258487322e-06,Target H,Target_High,target_high_fit_results,0.3632898770056112,0.24166380000001617,0.024439086203983607,1.267819008055369,512
imap_idex_l1b_sci-10days_20251106_v003.cdf,2,815732857484551040,2025-11-06T20:26:28.300551040,3,2025-11-06 20:26:22.300596,2,1,1.0,True,l2a_ion_grid_charge,2,20,Science,event_list,imap_idex_l2a_sci-10days_20251106_v003.cdf,2,73.42038398486329,81.01593238050475,0.2837322230340662,41393.471680895906,67.57352178419309,0.0010970301863053073,81.6439283646862,0.13328110805560767,2.1637676258487322e-06,Target L,Target_Low,target_low_fit_results,8.991475094596538,8.84520571738282,1.0412775441564008,25.449460205487412,512
imap_idex_l1b_sci-10days_20251106_v003.cdf,2,815732857484551040,2025-11-06T20:26:28.300551040,3,2025-11-06 20:26:22.300596,2,1,1.0,True,l2a_ion_grid_charge,2,20,Science,event_list,imap_idex_l2a_sci-10days_20251106_v003.cdf,2,73.42038398486329,81.01593238050475,0.2837322230340662,41393.471680895906,67.57352178419309,0.0010970301863053073,81.6439283646862,0.13328110805560767,2.1637676258487322e-06,Ion Grid,Ion_Grid,ion_grid_fit_results,0.0014637749426150023,0.0011060196000002008,-6.098753348293684e-05,0.00515232247415609,512
imap_idex_l1b_sci-10days_20251106_v003.cdf,3,815732863484485760,2025-11-06T20:26:34.300485760,3,2025-11-06 20:26:22.300596,3,1,1.0,True,l2a_ion_grid_charge,3,20,Science,event_list,imap_idex_l2a_sci-10days_20251106_v003.cdf,3,75.66582474853931,80.97268595566413,0.28371523857421455,45971.22085699803,64.84042362449094,0.0009663820182369618,90.67301944181071,0.127890381902349,1.9060789314338496e-06,Target H,Target_High,target_high_fit_results,0.35586718363960435,0.24166380000001617,0.11524146520730483,1.2521772043298256,512
imap_idex_l1b_sci-10days_20251106_v003.cdf,3,815732863484485760,2025-11-06T20:26:34.300485760,3,2025-11-06 20:26:22.300596,3,1,1.0,True,l2a_ion_grid_charge,3,20,Science,event_list,imap_idex_l2a_sci-10days_20251106_v003.cdf,3,75.66582474853931,80.97268595566413,0.28371523857421455,45971.22085699803,64.84042362449094,0.0009663820182369618,90.67301944181071,0.127890381902349,1.9060789314338496e-06,Target L,Target_Low,target_low_fit_results,9.475628777887211,10.681193037948251,0.06697283802895981,34.560993074119324,512
imap_idex_l1b_sci-10days_20251106_v003.cdf,3,815732863484485760,2025-11-06T20:26:34.300485760,3,2025-11-06 20:26:22.300596,3,1,1.0,True,l2a_ion_grid_charge,3,20,Science,event_list,imap_idex_l2a_sci-10days_20251106_v003.cdf,3,75.66582474853931,80.97268595566413,0.28371523857421455,45971.22085699803,64.84042362449094,0.0009663820182369618,90.67301944181071,0.127890381902349,1.9060789314338496e-06,Ion Grid,Ion_Grid,ion_grid_fit_results,0.0013738503846376672,0.0011060196000002008,-1.0596765401826858e-05,0.004586026211157668,512
imap_idex_l1b_sci-10days_20251106_v003.cdf,4,815732869484420224,2025-11-06T20:26:40.300420224,3,2025-11-06 20:26:22.300596,4,1,1.0,True,l2a_ion_grid_charge,4,20,Science,event_list,imap_idex_l2a_sci-10days_20251106_v003.cdf,4,75.17489425911481,81.0820464015074,0.2838225832962853,39206.146184986326,68.8527319583895,0.001040329348812547,77.32967689346415,0.13580420504613314,2.0519316544626173e-06,Target H,Target_High,target_high_fit_results,0.3667124106247694,0.24166380000001617,-0.005641673694015026,1.4114485391788207,512
imap_idex_l1b_sci-10days_20251106_v003.cdf,4,815732869484420224,2025-11-06T20:26:40.300420224,3,2025-11-06 20:26:22.300596,4,1,1.0,True,l2a_ion_grid_charge,4,20,Science,event_list,imap_idex_l2a_sci-10days_20251106_v003.cdf,4,75.17489425911481,81.0820464015074,0.2838225832962853,39206.146184986326,68.8527319583895,0.001040329348812547,77.32967689346415,0.13580420504613314,2.0519316544626173e-06,Target L,Target_Low,target_low_fit_results,8.750685931259984,10.478396881511275,0.48794623884350585,24.044471890447312,512
imap_idex_l1b_sci-10days_20251106_v003.cdf,4,815732869484420224,2025-11-06T20:26:40.300420224,3,2025-11-06 20:26:22.300596,4,1,1.0,True,l2a_ion_grid_charge,4,20,Science,event_list,imap_idex_l2a_sci-10days_20251106_v003.cdf,4,75.17489425911481,81.0820464015074,0.2838225832962853,39206.146184986326,68.8527319583895,0.001040329348812547,77.32967689346415,0.13580420504613314,2.0519316544626173e-06,Ion Grid,Ion_Grid,ion_grid_fit_results,0.0014254449338362762,0.0007752904037922793,-4.164105892467962e-05,0.00472096255371901,512
imap_idex_l1b_sci-10days_20251106_v003.cdf,5,815732982483278208,2025-11-06T20:28:33.299278208,3,2025-11-06 20:26:22.300596,5,2,2.0,True,l2a_ion_grid_charge,1,20,Science,event_list,imap_idex_l2a_sci-10days_20251106_v003.cdf,5,154.79718506277277,161.98789516566916,0.5742910099928886,38614.689310198024,144.07744671652625,0.002990198752297879,76.16309528638664,0.2841764235039966,5.897827913802523e-06,Target H,Target_High,target_high_fit_results,0.5304726789554909,0.2422776998405792,0.12603882201551642,2.029838811477873,512
imap_idex_l1b_sci-10days_20251106_v003.cdf,5,815732982483278208,2025-11-06T20:28:33.299278208,3,2025-11-06 20:26:22.300596,5,2,2.0,True,l2a_ion_grid_charge,1,20,Science,event_list,imap_idex_l2a_sci-10days_20251106_v003.cdf,5,154.79718506277277,161.98789516566916,0.5742910099928886,38614.689310198024,144.07744671652625,0.002990198752297879,76.16309528638664,0.2841764235039966,5.897827913802523e-06,Target L,Target_Low,target_low_fit_results,8.6844294607637,7.335891835239497,2.7167915062582324,26.35901123019721,512
imap_idex_l1b_sci-10days_20251106_v003.cdf,5,815732982483278208,2025-11-06T20:28:33.299278208,3,2025-11-06 20:26:22.300596,5,2,2.0,True,l2a_ion_grid_charge,1,20,Science,event_list,imap_idex_l2a_sci-10days_20251106_v003.cdf,5,154.79718506277277,161.98789516566916,0.5742910099928886,38614.689310198024,144.07744671652625,0.002990198752297879,76.16309528638664,0.2841764235039966,5.897827913802523e-06,Ion Grid,Ion_Grid,ion_grid_fit_results,0.0024166571825730257,0.0011060196000002008,-0.0002515726839118493,0.008116946222547439,512
imap_idex_l1b_sci-10days_20251106_v003.cdf,6,815732988483212672,2025-11-06T20:28:39.299212672,3,2025-11-06 20:26:22.300596,6,2,2.0,True,l2a_ion_grid_charge,2,20,Science,event_list,imap_idex_l2a_sci-10days_20251106_v003.cdf,6,157.80470469991997,162.11354074889584,0.5745630933526403,43517.36023277302,157.40379341994964,0.0030281694671092734,85.83305765832942,0.31046113100581785,5.972720842424602e-06,Target H,Target_High,target_high_fit_results,0.5544630592053352,0.24166380000001617,0.04810465570608358,2.027662828642292,512
imap_idex_l1b_sci-10days_20251106_v003.cdf,6,815732988483212672,2025-11-06T20:28:39.299212672,3,2025-11-06 20:26:22.300596,6,2,2.0,True,l2a_ion_grid_charge,2,20,Science,event_list,imap_idex_l2a_sci-10days_20251106_v003.cdf,6,157.80470469991997,162.11354074889584,0.5745630933526403,43517.36023277302,157.40379341994964,0.0030281694671092734,85.83305765832942,0.31046113100581785,5.972720842424602e-06,Target L,Target_Low,target_low_fit_results,9.21926484079044,7.978673801453136,2.3948174699526135,31.75598383198667,512
imap_idex_l1b_sci-10days_20251106_v003.cdf,6,815732988483212672,2025-11-06T20:28:39.299212672,3,2025-11-06 20:26:22.300596,6,2,2.0,True,l2a_ion_grid_charge,2,20,Science,event_list,imap_idex_l2a_sci-10days_20251106_v003.cdf,6,157.80470469991997,162.11354074889584,0.5745630933526403,43517.36023277302,157.40379341994964,0.0030281694671092734,85.83305765832942,0.31046113100581785,5.972720842424602e-06,Ion Grid,Ion_Grid,ion_grid_fit_results,0.002431952608594131,0.0005902845762981403,-0.00028706586269422463,0.008739567730486009,512
imap_idex_l1b_sci-10days_20251106_v003.cdf,7,815732994483147264,2025-11-06T20:28:45.299147264,3,2025-11-06 20:26:22.300596,7,2,2.0,True,l2a_ion_grid_charge,3,20,Science,event_list,imap_idex_l2a_sci-10days_20251106_v003.cdf,7,153.9194265133192,162.0744984773517,0.5747965071833951,40944.691874405806,167.60181331791188,0.003090982329367349,80.75876109350257,0.3305755686743824,6.09661208948195e-06,Target H,Target_High,target_high_fit_results,0.5721427196395552,0.24166380000001617,0.07112879356924395,2.0365153993774356,512
imap_idex_l1b_sci-10days_20251106_v003.cdf,7,815732994483147264,2025-11-06T20:28:45.299147264,3,2025-11-06 20:26:22.300596,7,2,2.0,True,l2a_ion_grid_charge,3,20,Science,event_list,imap_idex_l2a_sci-10days_20251106_v003.cdf,7,153.9194265133192,162.0744984773517,0.5747965071833951,40944.691874405806,167.60181331791188,0.003090982329367349,80.75876109350257,0.3305755686743824,6.09661208948195e-06,Target L,Target_Low,target_low_fit_results,8.942600366627083,7.981215615581478,2.608691033370633,26.013605966938485,512
imap_idex_l1b_sci-10days_20251106_v003.cdf,7,815732994483147264,2025-11-06T20:28:45.299147264,3,2025-11-06 20:26:22.300596,7,2,2.0,True,l2a_ion_grid_charge,3,20,Science,event_list,imap_idex_l2a_sci-10days_20251106_v003.cdf,7,153.9194265133192,162.0744984773517,0.5747965071833951,40944.691874405806,167.60181331791188,0.003090982329367349,80.75876109350257,0.3305755686743824,6.09661208948195e-06,Ion Grid,Ion_Grid,ion_grid_fit_results,0.0024570459625423377,0.0011060196000002008,-3.5436011837530756e-05,0.008596140039550226,512
imap_idex_l1b_sci-10days_20251106_v003.cdf,8,815733000483081984,2025-11-06T20:28:51.299081984,3,2025-11-06 20:26:22.300596,8,2,2.0,True,l2a_ion_grid_charge,4,20,Science,event_list,imap_idex_l2a_sci-10days_20251106_v003.cdf,8,155.21111554827075,162.0703059745373,0.5747019620887929,41888.89072078239,156.9154085376782,0.0030577261984708506,82.62108623428479,0.3094978472143554,6.031018142940534e-06,Target H,Target_High,target_high_fit_results,0.5536022103461589,0.24166380000001617,0.1112272372845382,2.0350796701075637,512
imap_idex_l1b_sci-10days_20251106_v003.cdf,8,815733000483081984,2025-11-06T20:28:51.299081984,3,2025-11-06 20:26:22.300596,8,2,2.0,True,l2a_ion_grid_charge,4,20,Science,event_list,imap_idex_l2a_sci-10days_20251106_v003.cdf,8,155.21111554827075,162.0703059745373,0.5747019620887929,41888.89072078239,156.9154085376782,0.0030577261984708506,82.62108623428479,0.3094978472143554,6.031018142940534e-06,Target L,Target_Low,target_low_fit_results,9.045122425320073,7.751459257872022,1.7967376929809689,28.63054051798099,512
imap_idex_l1b_sci-10days_20251106_v003.cdf,8,815733000483081984,2025-11-06T20:28:51.299081984,3,2025-11-06 20:26:22.300596,8,2,2.0,True,l2a_ion_grid_charge,4,20,Science,event_list,imap_idex_l2a_sci-10days_20251106_v003.cdf,8,155.21111554827075,162.0703059745373,0.5747019620887929,41888.89072078239,156.9154085376782,0.0030577261984708506,82.62108623428479,0.3094978472143554,6.031018142940534e-06,Ion Grid,Ion_Grid,ion_grid_fit_results,0.0024437924382787464,0.0011060196000002008,3.959338069492446e-05,0.008202456568119132,512
imap_idex_l1b_sci-10days_20251106_v003.cdf,9,815733109481983360,2025-11-06T20:30:40.297983360,3,2025-11-06 20:26:22.300596,9,3,3.0,True,l2a_ion_grid_charge,1,20,Science,event_list,imap_idex_l2a_sci-10days_20251106_v003.cdf,9,230.82635277045483,243.4457446310144,0.8638537755943925,38039.697059688406,241.9327441259991,0.0052703170453101125,75.02898828340908,0.477184899656803,1.0395102653471623e-05,Target H,Target_High,target_high_fit_results,0.6874044594495238,0.24166380000001617,0.03311855121290819,2.940683848200365,512
imap_idex_l1b_sci-10days_20251106_v003.cdf,9,815733109481983360,2025-11-06T20:30:40.297983360,3,2025-11-06 20:26:22.300596,9,3,3.0,True,l2a_ion_grid_charge,1,20,Science,event_list,imap_idex_l2a_sci-10days_20251106_v003.cdf,9,230.82635277045483,243.4457446310144,0.8638537755943925,38039.697059688406,241.9327441259991,0.0052703170453101125,75.02898828340908,0.477184899656803,1.0395102653471623e-05,Target L,Target_Low,target_low_fit_results,8.619529182020553,7.226152609726136,2.0631054610166757,25.39193448716469,512
imap_idex_l1b_sci-10days_20251106_v003.cdf,9,815733109481983360,2025-11-06T20:30:40.297983360,3,2025-11-06 20:26:22.300596,9,3,3.0,True,l2a_ion_grid_charge,1,20,Science,event_list,imap_idex_l2a_sci-10days_20251106_v003.cdf,9,230.82635277045483,243.4457446310144,0.8638537755943925,38039.697059688406,241.9327441259991,0.0052703170453101125,75.02898828340908,0.477184899656803,1.0395102653471623e-05,Ion Grid,Ion_Grid,ion_grid_fit_results,0.0032083621957505535,0.0011060196000002008,-0.00018217639891116022,0.01112361980505594,512
imap_idex_l1b_sci-10days_20251106_v003.cdf,10,815733115481917952,2025-11-06T20:30:46.297917952,3,2025-11-06 20:26:22.300596,10,3,3.0,True,l2a_ion_grid_charge,2,20,Science,event_list,imap_idex_l2a_sci-10days_20251106_v003.cdf,10,233.86210638803095,243.62808611311192,0.864335826802414,43478.83715470742,259.8692236785409,0.005614457946777363,85.75707525583317,0.5125625713580688,1.1073881551829118e-05,Target H,Target_High,target_high_fit_results,0.7124304018619294,0.24166380000001617,0.1377029901720448,2.8178315924903927,512
imap_idex_l1b_sci-10days_20251106_v003.cdf,10,815733115481917952,2025-11-06T20:30:46.297917952,3,2025-11-06 20:26:22.300596,10,3,3.0,True,l2a_ion_grid_charge,2,20,Science,event_list,imap_idex_l2a_sci-10days_20251106_v003.cdf,10,233.86210638803095,243.62808611311192,0.864335826802414,43478.83715470742,259.8692236785409,0.005614457946777363,85.75707525583317,0.5125625713580688,1.1073881551829118e-05,Target L,Target_Low,target_low_fit_results,9.215183330666186,7.925211861088492,1.8465213938670786,25.405644004320493,512
imap_idex_l1b_sci-10days_20251106_v003.cdf,10,815733115481917952,2025-11-06T20:30:46.297917952,3,2025-11-06 20:26:22.300596,10,3,3.0,True,l2a_ion_grid_charge,2,20,Science,event_list,imap_idex_l2a_sci-10days_20251106_v003.cdf,10,233.86210638803095,243.62808611311192,0.864335826802414,43478.83715470742,259.8692236785409,0.005614457946777363,85.75707525583317,0.5125625713580688,1.1073881551829118e-05,Ion Grid,Ion_Grid,ion_grid_fit_results,0.003311455597965876,0.0011060196000002008,-0.00018379458214301536,0.01149141540667653,512
imap_idex_l1b_sci-10days_20251106_v003.cdf,11,815733121481872512,2025-11-06T20:30:52.297872512,3,2025-11-06 20:26:22.300596,11,3,3.0,True,l2a_ion_grid_charge,3,20,Science,event_list,imap_idex_l2a_sci-10days_20251106_v003.cdf,11,233.23771281488007,243.70439482649635,0.8642357954582119,42598.50812078264,278.6310784738352,0.005763223207917874,84.02072607649436,0.5495682021180182,1.1367304157628943e-05,Target H,Target_High,target_high_fit_results,0.7377000238201226,0.24166380000001617,-0.0013076427716214312,2.998355880054646,512
imap_idex_l1b_sci-10days_20251106_v003.cdf,11,815733121481872512,2025-11-06T20:30:52.297872512,3,2025-11-06 20:26:22.300596,11,3,3.0,True,l2a_ion_grid_charge,3,20,Science,event_list,imap_idex_l2a_sci-10days_20251106_v003.cdf,11,233.23771281488007,243.70439482649635,0.8642357954582119,42598.50812078264,278.6310784738352,0.005763223207917874,84.02072607649436,0.5495682021180182,1.1367304157628943e-05,Target L,Target_Low,target_low_fit_results,9.121414976493702,8.098658878889823,2.7499577222442895,28.97813566996774,512
imap_idex_l1b_sci-10days_20251106_v003.cdf,11,815733121481872512,2025-11-06T20:30:52.297872512,3,2025-11-06 20:26:22.300596,11,3,3.0,True,l2a_ion_grid_charge,3,20,Science,event_list,imap_idex_l2a_sci-10days_20251106_v003.cdf,11,233.23771281488007,243.70439482649635,0.8642357954582119,42598.50812078264,278.6310784738352,0.005763223207917874,84.02072607649436,0.5495682021180182,1.1367304157628943e-05,Ion Grid,Ion_Grid,ion_grid_fit_results,0.0033550402870851787,0.0011060196000002008,-0.00016159900942502858,0.011279804790930159,512
imap_idex_l1b_sci-10days_20251106_v003.cdf,12,815733127481807104,2025-11-06T20:30:58.297807104,3,2025-11-06 20:26:22.300596,12,3,3.0,True,l2a_ion_grid_charge,4,20,Science,event_list,imap_idex_l2a_sci-10days_20251106_v003.cdf,12,235.21291841738275,243.65642279183857,0.8643265317584959,40452.14756324221,270.71288058741067,0.005747740997750731,79.78727330028049,0.5339504548075161,1.1336767253946216e-05,Target H,Target_High,target_high_fit_results,0.7271424172040072,0.24166380000001617,0.11877825891491511,2.710607286998993,512
imap_idex_l1b_sci-10days_20251106_v003.cdf,12,815733127481807104,2025-11-06T20:30:58.297807104,3,2025-11-06 20:26:22.300596,12,3,3.0,True,l2a_ion_grid_charge,4,20,Science,event_list,imap_idex_l2a_sci-10days_20251106_v003.cdf,12,235.21291841738275,243.65642279183857,0.8643265317584959,40452.14756324221,270.71288058741067,0.005747740997750731,79.78727330028049,0.5339504548075161,1.1336767253946216e-05,Target L,Target_Low,target_low_fit_results,8.888650106144208,8.704574608966356,0.7836407746744953,26.51925554069021,512
imap_idex_l1b_sci-10days_20251106_v003.cdf,12,815733127481807104,2025-11-06T20:30:58.297807104,3,2025-11-06 20:26:22.300596,12,3,3.0,True,l2a_ion_grid_charge,4,20,Science,event_list,imap_idex_l2a_sci-10days_20251106_v003.cdf,12,235.21291841738275,243.65642279183857,0.8643265317584959,40452.14756324221,270.71288058741067,0.005747740997750731,79.78727330028049,0.5339504548075161,1.1336767253946216e-05,Ion Grid,Ion_Grid,ion_grid_fit_results,0.003350530799176736,0.0011060196000002008,-0.0002441490772091548,0.011186091389981945,512
imap_idex_l1b_sci-10days_20251106_v003.cdf,13,815733234480730368,2025-11-06T20:32:45.296730368,3,2025-11-06 20:26:22.300596,13,4,4.0,True,l2a_ion_grid_charge,1,20,Science,event_list,imap_idex_l2a_sci-10days_20251106_v003.cdf,13,307.1399821610212,323.36278643081454,1.1506626922832697,42027.36881161791,402.38230984048835,0.008140054108268962,82.89421856334894,0.7936534710857759,1.6055333546881583e-05,Target H,Target_High,target_high_fit_results,0.8865116744336782,0.24166380000001617,0.047766800154647626,8.383072007612668,512
imap_idex_l1b_sci-10days_20251106_v003.cdf,13,815733234480730368,2025-11-06T20:32:45.296730368,3,2025-11-06 20:26:22.300596,13,4,4.0,True,l2a_ion_grid_charge,1,20,Science,event_list,imap_idex_l2a_sci-10days_20251106_v003.cdf,13,307.1399821610212,323.36278643081454,1.1506626922832697,42027.36881161791,402.38230984048835,0.008140054108268962,82.89421856334894,0.7936534710857759,1.6055333546881583e-05,Target L,Target_Low,target_low_fit_results,9.06006096614097,9.163922579771945,0.934162954954445,26.404680552648642,512
imap_idex_l1b_sci-10days_20251106_v003.cdf,13,815733234480730368,2025-11-06T20:32:45.296730368,3,2025-11-06 20:26:22.300596,13,4,4.0,True,l2a_ion_grid_charge,1,20,Science,event_list,imap_idex_l2a_sci-10days_20251106_v003.cdf,13,307.1399821610212,323.36278643081454,1.1506626922832697,42027.36881161791,402.38230984048835,0.008140054108268962,82.89421856334894,0.7936534710857759,1.6055333546881583e-05,Ion Grid,Ion_Grid,ion_grid_fit_results,0.003987297729065741,0.0011060196000002008,-0.00030123474256305016,0.013593296891750928,512
imap_idex_l1b_sci-10days_20251106_v003.cdf,14,815733240480664960,2025-11-06T20:32:51.296664960,3,2025-11-06 20:26:22.300596,14,4,4.0,True,l2a_ion_grid_charge,2,20,Science,event_list,imap_idex_l2a_sci-10days_20251106_v003.cdf,14,309.2381329737327,323.7089252608448,1.1514681774683748,41143.91163677015,429.25489569283735,0.008642521155943163,81.15169948080897,0.8466565989996792,1.704639281251117e-05,Target H,Target_High,target_high_fit_results,0.9156355542190752,0.24166380000001617,0.016409879755201473,8.273059480459096,512
imap_idex_l1b_sci-10days_20251106_v003.cdf,14,815733240480664960,2025-11-06T20:32:51.296664960,3,2025-11-06 20:26:22.300596,14,4,4.0,True,l2a_ion_grid_charge,2,20,Science,event_list,imap_idex_l2a_sci-10days_20251106_v003.cdf,14,309.2381329737327,323.7089252608448,1.1514681774683748,41143.91163677015,429.25489569283735,0.008642521155943163,81.15169948080897,0.8466565989996792,1.704639281251117e-05,Target L,Target_Low,target_low_fit_results,8.964329445952258,7.825278023015325,2.3525761130731553,25.89659317481346,512
imap_idex_l1b_sci-10days_20251106_v003.cdf,14,815733240480664960,2025-11-06T20:32:51.296664960,3,2025-11-06 20:26:22.300596,14,4,4.0,True,l2a_ion_grid_charge,2,20,Science,event_list,imap_idex_l2a_sci-10days_20251106_v003.cdf,14,309.2381329737327,323.7089252608448,1.1514681774683748,41143.91163677015,429.25489569283735,0.008642521155943163,81.15169948080897,0.8466565989996792,1.704639281251117e-05,Ion Grid,Ion_Grid,ion_grid_fit_results,0.004108518483918685,0.0011060196000002008,-0.00030090745813216024,0.014557429725928994,512
imap_idex_l1b_sci-10days_20251106_v003.cdf,15,815733246480599552,2025-11-06T20:32:57.296599552,3,2025-11-06 20:26:22.300596,15,4,4.0,True,l2a_ion_grid_charge,3,20,Science,event_list,imap_idex_l2a_sci-10days_20251106_v003.cdf,15,312.1655199662018,323.7133713795434,1.1513585989620223,44296.17624650366,440.511747655827,0.008659740603127861,87.36918391815317,0.8688594628320059,1.70803562191871e-05,Target H,Target_High,target_high_fit_results,0.9275637482891874,0.3384407249416711,0.07524015465489242,8.09704251595258,512
imap_idex_l1b_sci-10days_20251106_v003.cdf,15,815733246480599552,2025-11-06T20:32:57.296599552,3,2025-11-06 20:26:22.300596,15,4,4.0,True,l2a_ion_grid_charge,3,20,Science,event_list,imap_idex_l2a_sci-10days_20251106_v003.cdf,15,312.1655199662018,323.7133713795434,1.1513585989620223,44296.17624650366,440.511747655827,0.008659740603127861,87.36918391815317,0.8688594628320059,1.70803562191871e-05,Target L,Target_Low,target_low_fit_results,9.301396090450748,10.080116399606315,0.550106849957956,29.118587848679454,512
imap_idex_l1b_sci-10days_20251106_v003.cdf,15,815733246480599552,2025-11-06T20:32:57.296599552,3,2025-11-06 20:26:22.300596,15,4,4.0,True,l2a_ion_grid_charge,3,20,Science,event_list,imap_idex_l2a_sci-10days_20251106_v003.cdf,15,312.1655199662018,323.7133713795434,1.1513585989620223,44296.17624650366,440.511747655827,0.008659740603127861,87.36918391815317,0.8688594628320059,1.70803562191871e-05,Ion Grid,Ion_Grid,ion_grid_fit_results,0.004112609374288312,0.0011060196000002008,-0.00048170729404706236,0.014414985357058319,512
imap_idex_l1b_sci-10days_20251106_v003.cdf,16,815733252480534144,2025-11-06T20:33:03.296534144,3,2025-11-06 20:26:22.300596,16,4,4.0,True,l2a_ion_grid_charge,4,20,Science,event_list,imap_idex_l2a_sci-10days_20251106_v003.cdf,16,313.5589877039565,323.72539215885246,1.1513132531350787,41117.32317084995,456.7265841088045,0.008769320464966519,81.09925674723857,0.9008413887747624,1.729649006896749e-05,Target H,Target_High,target_high_fit_results,0.944480867772084,0.2516983161776504,0.14436940664182885,8.431840537263497,512
imap_idex_l1b_sci-10days_20251106_v003.cdf,16,815733252480534144,2025-11-06T20:33:03.296534144,3,2025-11-06 20:26:22.300596,16,4,4.0,True,l2a_ion_grid_charge,4,20,Science,event_list,imap_idex_l2a_sci-10days_20251106_v003.cdf,16,313.5589877039565,323.72539215885246,1.1513132531350787,41117.32317084995,456.7265841088045,0.008769320464966519,81.09925674723857,0.9008413887747624,1.729649006896749e-05,Target L,Target_Low,target_low_fit_results,8.961432464626753,7.52842730962467,4.072619422691787,27.342279856566165,512
imap_idex_l1b_sci-10days_20251106_v003.cdf,16,815733252480534144,2025-11-06T20:33:03.296534144,3,2025-11-06 20:26:22.300596,16,4,4.0,True,l2a_ion_grid_charge,4,20,Science,event_list,imap_idex_l2a_sci-10days_20251106_v003.cdf,16,313.5589877039565,323.72539215885246,1.1513132531350787,41117.32317084995,456.7265841088045,0.008769320464966519,81.09925674723857,0.9008413887747624,1.729649006896749e-05,Ion Grid,Ion_Grid,ion_grid_fit_results,0.004138547937760022,0.0011060196000002008,-0.00012017173360368005,0.01482224180783498,512
imap_idex_l1b_sci-10days_20251106_v003.cdf,17,815733360479456512,2025-11-06T20:34:51.295456512,3,2025-11-06 20:26:22.300596,17,5,5.0,True,l2a_ion_grid_charge,1,20,Science,event_list,imap_idex_l2a_sci-10days_20251106_v003.cdf,17,733.6139369848461,368.5272752250691,1.4368292197622035,41916.94603556091,187247.2438056038,0.01068474089200789,82.67642216086965,369.32395227929743,2.107443962920688e-05,Target H,Target_High,target_high_fit_results,19.123735855157065,0.48332760000003233,0.14608487746312449,54.97232035209993,512
imap_idex_l1b_sci-10days_20251106_v003.cdf,17,815733360479456512,2025-11-06T20:34:51.295456512,3,2025-11-06 20:26:22.300596,17,5,5.0,True,l2a_ion_grid_charge,1,20,Science,event_list,imap_idex_l2a_sci-10days_20251106_v003.cdf,17,733.6139369848461,368.5272752250691,1.4368292197622035,41916.94603556091,187247.2438056038,0.01068474089200789,82.67642216086965,369.32395227929743,2.107443962920688e-05,Target L,Target_Low,target_low_fit_results,9.048150928543627,7.977349186269129,2.3801071187408525,25.944411985863553,512
imap_idex_l1b_sci-10days_20251106_v003.cdf,17,815733360479456512,2025-11-06T20:34:51.295456512,3,2025-11-06 20:26:22.300596,17,5,5.0,True,l2a_ion_grid_charge,1,20,Science,event_list,imap_idex_l2a_sci-10days_20251106_v003.cdf,17,733.6139369848461,368.5272752250691,1.4368292197622035,41916.94603556091,187247.2438056038,0.01068474089200789,82.67642216086965,369.32395227929743,2.107443962920688e-05,Ion Grid,Ion_Grid,ion_grid_fit_results,0.004568220064171921,0.0011060196000002008,-0.0002452928621519135,0.019491040069729293,512
imap_idex_l1b_sci-10days_20251106_v003.cdf,18,815733366479391104,2025-11-06T20:34:57.295391104,3,2025-11-06 20:26:22.300596,18,5,5.0,True,l2a_ion_grid_charge,2,20,Science,event_list,imap_idex_l2a_sci-10days_20251106_v003.cdf,18,735.7100769647368,368.8026795521951,1.4375380767599333,40198.16286211653,190174.24630853842,0.01148200865770323,79.28631728228112,375.09713275845843,2.2646959877126686e-05,Target H,Target_High,target_high_fit_results,19.272625011174895,0.3941514435327056,0.18646864663875817,55.323400972966624,512
imap_idex_l1b_sci-10days_20251106_v003.cdf,18,815733366479391104,2025-11-06T20:34:57.295391104,3,2025-11-06 20:26:22.300596,18,5,5.0,True,l2a_ion_grid_charge,2,20,Science,event_list,imap_idex_l2a_sci-10days_20251106_v003.cdf,18,735.7100769647368,368.8026795521951,1.4375380767599333,40198.16286211653,190174.24630853842,0.01148200865770323,79.28631728228112,375.09713275845843,2.2646959877126686e-05,Target L,Target_Low,target_low_fit_results,8.86070182548038,7.765794642258173,2.4221764597896254,26.401865187825024,512
imap_idex_l1b_sci-10days_20251106_v003.cdf,18,815733366479391104,2025-11-06T20:34:57.295391104,3,2025-11-06 20:26:22.300596,18,5,5.0,True,l2a_ion_grid_charge,2,20,Science,event_list,imap_idex_l2a_sci-10days_20251106_v003.cdf,18,735.7100769647368,368.8026795521951,1.4375380767599333,40198.16286211653,190174.24630853842,0.01148200865770323,79.28631728228112,375.09713275845843,2.2646959877126686e-05,Ion Grid,Ion_Grid,ion_grid_fit_results,0.004735588470251255,0.0011060196000002008,-0.0004398798008489191,0.018750960496998398,512
imap_idex_l1b_sci-10days_20251106_v003.cdf,19,815733372479325824,2025-11-06T20:35:03.295325824,3,2025-11-06 20:26:22.300596,19,5,5.0,True,l2a_ion_grid_charge,3,20,Science,event_list,imap_idex_l2a_sci-10days_20251106_v003.cdf,19,735.4391661373375,368.8577326405144,1.4377982293957547,38961.69844862654,190662.501438819,0.011842445933313359,76.84753145685708,376.0601606288343,2.3357881525272896e-05,Target H,Target_High,target_high_fit_results,19.297349510300457,0.48332759999994807,0.0958259152851042,55.2079373689279,512
imap_idex_l1b_sci-10days_20251106_v003.cdf,19,815733372479325824,2025-11-06T20:35:03.295325824,3,2025-11-06 20:26:22.300596,19,5,5.0,True,l2a_ion_grid_charge,3,20,Science,event_list,imap_idex_l2a_sci-10days_20251106_v003.cdf,19,735.4391661373375,368.8577326405144,1.4377982293957547,38961.69844862654,190662.501438819,0.011842445933313359,76.84753145685708,376.0601606288343,2.3357881525272896e-05,Target L,Target_Low,target_low_fit_results,8.72336330107108,6.135054252449277,3.969102520346496,27.63089747965205,512
imap_idex_l1b_sci-10days_20251106_v003.cdf,19,815733372479325824,2025-11-06T20:35:03.295325824,3,2025-11-06 20:26:22.300596,19,5,5.0,True,l2a_ion_grid_charge,3,20,Science,event_list,imap_idex_l2a_sci-10days_20251106_v003.cdf,19,735.4391661373375,368.8577326405144,1.4377982293957547,38961.69844862654,190662.501438819,0.011842445933313359,76.84753145685708,376.0601606288343,2.3357881525272896e-05,Ion Grid,Ion_Grid,ion_grid_fit_results,0.004809342700775507,0.0011060196000002008,-0.0004601850878391822,0.019194460735391827,512
imap_idex_l1b_sci-10days_20251106_v003.cdf,20,815733378479280384,2025-11-06T20:35:09.295280384,3,2025-11-06 20:26:22.300596,20,5,5.0,True,l2a_ion_grid_charge,4,20,Science,event_list,imap_idex_l2a_sci-10days_20251106_v003.cdf,20,738.4750163431345,368.8476828300512,1.4377698496304887,42936.840915854045,190563.92334041328,0.01155158468266413,84.68804914369635,375.8657265096909,2.278419069559e-05,Target H,Target_High,target_high_fit_results,19.292360217823134,0.48332760000003233,0.23663628646363577,55.15830100854964,512
imap_idex_l1b_sci-10days_20251106_v003.cdf,20,815733378479280384,2025-11-06T20:35:09.295280384,3,2025-11-06 20:26:22.300596,20,5,5.0,True,l2a_ion_grid_charge,4,20,Science,event_list,imap_idex_l2a_sci-10days_20251106_v003.cdf,20,738.4750163431345,368.8476828300512,1.4377698496304887,42936.840915854045,190563.92334041328,0.01155158468266413,84.68804914369635,375.8657265096909,2.278419069559e-05,Target L,Target_Low,target_low_fit_results,9.157566129369606,7.811070372247527,2.81795524264453,28.4523640265179,512
imap_idex_l1b_sci-10days_20251106_v003.cdf,20,815733378479280384,2025-11-06T20:35:09.295280384,3,2025-11-06 20:26:22.300596,20,5,5.0,True,l2a_ion_grid_charge,4,20,Science,event_list,imap_idex_l2a_sci-10days_20251106_v003.cdf,20,738.4750163431345,368.8476828300512,1.4377698496304887,42936.840915854045,190563.92334041328,0.01155158468266413,84.68804914369635,375.8657265096909,2.278419069559e-05,Ion Grid,Ion_Grid,ion_grid_fit_results,0.004749914613267104,0.0011060196000002008,-0.0004311626372348609,0.018854763309568756,512
imap_idex_l1b_sci-10days_20251126_v003.cdf,24,817732992008993664,2025-11-30T00:02:02.824993664,4,2025-11-30 00:02:02.824993,1,1,1.0,True,l2a_ion_grid_charge,1,5,Pulser,quicklook+event_list,imap_idex_l2a_sci-10days_20251126_v003.cdf,24,80.00545094604604,81.00857405013113,0.28461406509155074,40769.571823488586,88.76159620504562,0.0013545820069674123,80.41335665382364,0.1750721818639953,2.6717593825787224e-06,Target H,Target_High,target_high_fit_results,0.4163682175526606,0.24166380000001617,0.042648914390952086,1.4710684039351918,512
imap_idex_l1b_sci-10days_20251126_v003.cdf,24,817732992008993664,2025-11-30T00:02:02.824993664,4,2025-11-30 00:02:02.824993,1,1,1.0,True,l2a_ion_grid_charge,1,5,Pulser,quicklook+event_list,imap_idex_l2a_sci-10days_20251126_v003.cdf,24,80.00545094604604,81.00857405013113,0.28461406509155074,40769.571823488586,88.76159620504562,0.0013545820069674123,80.41335665382364,0.1750721818639953,2.6717593825787224e-06,Target L,Target_Low,target_low_fit_results,8.923456167189434,9.685594688317893,0.6795919596352178,24.387563923057314,512
imap_idex_l1b_sci-10days_20251126_v003.cdf,24,817732992008993664,2025-11-30T00:02:02.824993664,4,2025-11-30 00:02:02.824993,1,1,1.0,True,l2a_ion_grid_charge,1,5,Pulser,quicklook+event_list,imap_idex_l2a_sci-10days_20251126_v003.cdf,24,80.00545094604604,81.00857405013113,0.28461406509155074,40769.571823488586,88.76159620504562,0.0013545820069674123,80.41335665382364,0.1750721818639953,2.6717593825787224e-06,Ion Grid,Ion_Grid,ion_grid_fit_results,0.00162655094674536,0.0011060196000002008,5.3802132990554696e-05,0.005455053718264935,512
imap_idex_l1b_sci-10days_20251126_v003.cdf,25,817733000008926464,2025-11-30T00:02:10.824926464,4,2025-11-30 00:02:02.824993,2,2,2.0,True,l2a_ion_grid_charge,1,5,Pulser,quicklook+event_list,imap_idex_l2a_sci-10days_20251126_v003.cdf,25,154.92928776649933,162.1206838070696,0.575561590792936,41610.17621501666,195.7749028122566,0.0041009705312347235,82.07135348129519,0.38614379252910574,8.088699272652315e-06,Target H,Target_High,target_high_fit_results,0.6183630463208395,0.24450815239351248,0.1339465200825316,2.3592626607012903,512
imap_idex_l1b_sci-10days_20251126_v003.cdf,25,817733000008926464,2025-11-30T00:02:10.824926464,4,2025-11-30 00:02:02.824993,2,2,2.0,True,l2a_ion_grid_charge,1,5,Pulser,quicklook+event_list,imap_idex_l2a_sci-10days_20251126_v003.cdf,25,154.92928776649933,162.1206838070696,0.575561590792936,41610.17621501666,195.7749028122566,0.0041009705312347235,82.07135348129519,0.38614379252910574,8.088699272652315e-06,Target L,Target_Low,target_low_fit_results,9.014980611180171,7.4073193604657295,1.6462965403934504,25.380404662653746,512
imap_idex_l1b_sci-10days_20251126_v003.cdf,25,817733000008926464,2025-11-30T00:02:10.824926464,4,2025-11-30 00:02:02.824993,2,2,2.0,True,l2a_ion_grid_charge,1,5,Pulser,quicklook+event_list,imap_idex_l2a_sci-10days_20251126_v003.cdf,25,154.92928776649933,162.1206838070696,0.575561590792936,41610.17621501666,195.7749028122566,0.0041009705312347235,82.07135348129519,0.38614379252910574,8.088699272652315e-06,Ion Grid,Ion_Grid,ion_grid_fit_results,0.0028301427647413513,0.0011060196000002008,-3.099073085688353e-05,0.009210371207033052,512
imap_idex_l1b_sci-10days_20251126_v003.cdf,26,817733008008879360,2025-11-30T00:02:18.824879360,4,2025-11-30 00:02:02.824993,3,3,3.0,True,l2a_ion_grid_charge,1,5,Pulser,quicklook+event_list,imap_idex_l2a_sci-10days_20251126_v003.cdf,26,234.11167037108316,243.6573896799165,0.8658187697146081,45579.98720642661,311.0613827887153,0.00760902415973139,89.90135543673887,0.6135332993860263,1.5007937198681243e-05,Target H,Target_High,target_high_fit_results,0.7794496540888383,0.24166380000001617,0.08458649221302039,2.9230935315444526,512
imap_idex_l1b_sci-10days_20251126_v003.cdf,26,817733008008879360,2025-11-30T00:02:18.824879360,4,2025-11-30 00:02:02.824993,3,3,3.0,True,l2a_ion_grid_charge,1,5,Pulser,quicklook+event_list,imap_idex_l2a_sci-10days_20251126_v003.cdf,26,234.11167037108316,243.6573896799165,0.8658187697146081,45579.98720642661,311.0613827887153,0.00760902415973139,89.90135543673887,0.6135332993860263,1.5007937198681243e-05,Target L,Target_Low,target_low_fit_results,9.435221911145067,9.183756250424391,0.4708690263760218,27.674694974215527,512
imap_idex_l1b_sci-10days_20251126_v003.cdf,26,817733008008879360,2025-11-30T00:02:18.824879360,4,2025-11-30 00:02:02.824993,3,3,3.0,True,l2a_ion_grid_charge,1,5,Pulser,quicklook+event_list,imap_idex_l2a_sci-10days_20251126_v003.cdf,26,234.11167037108316,243.6573896799165,0.8658187697146081,45579.98720642661,311.0613827887153,0.00760902415973139,89.90135543673887,0.6135332993860263,1.5007937198681243e-05,Ion Grid,Ion_Grid,ion_grid_fit_results,0.003855045435786117,0.0011060196000002008,-0.00024321090062362494,0.012724556286829003,512
imap_idex_l1b_sci-10days_20251126_v003.cdf,27,817733016008832128,2025-11-30T00:02:26.824832128,4,2025-11-30 00:02:02.824993,4,4,4.0,True,l2a_ion_grid_charge,1,5,Pulser,quicklook+event_list,imap_idex_l2a_sci-10days_20251126_v003.cdf,27,310.1424487895383,323.73014777699433,1.1530058731783435,42781.90748715809,490.30761003456075,0.010983884920326108,84.38246052693903,0.967076153914321,2.1664467298473586e-05,Target H,Target_High,target_high_fit_results,0.9785867620445065,0.24166380000001617,0.059967865336886916,8.318998404110744,512
imap_idex_l1b_sci-10days_20251126_v003.cdf,27,817733016008832128,2025-11-30T00:02:26.824832128,4,2025-11-30 00:02:02.824993,4,4,4.0,True,l2a_ion_grid_charge,1,5,Pulser,quicklook+event_list,imap_idex_l2a_sci-10days_20251126_v003.cdf,27,310.1424487895383,323.73014777699433,1.1530058731783435,42781.90748715809,490.30761003456075,0.010983884920326108,84.38246052693903,0.967076153914321,2.1664467298473586e-05,Target L,Target_Low,target_low_fit_results,9.141029102943259,9.175960809964348,1.4843781172367017,24.914147049516032,512
imap_idex_l1b_sci-10days_20251126_v003.cdf,27,817733016008832128,2025-11-30T00:02:26.824832128,4,2025-11-30 00:02:02.824993,4,4,4.0,True,l2a_ion_grid_charge,1,5,Pulser,quicklook+event_list,imap_idex_l2a_sci-10days_20251126_v003.cdf,27,310.1424487895383,323.73014777699433,1.1530058731783435,42781.90748715809,490.30761003456075,0.010983884920326108,84.38246052693903,0.967076153914321,2.1664467298473586e-05,Ion Grid,Ion_Grid,ion_grid_fit_results,0.004631727564852226,0.0011060196000002008,-0.00026108787443934744,0.015821324335743903,512
imap_idex_l1b_sci-10days_20251126_v003.cdf,28,817733024008785024,2025-11-30T00:02:34.824785024,4,2025-11-30 00:02:02.824993,5,5,5.0,True,l2a_ion_grid_charge,1,5,Pulser,quicklook+event_list,imap_idex_l2a_sci-10days_20251126_v003.cdf,28,728.5873121661934,368.95019449357846,1.4400026248758455,43326.04195464291,192154.3154892385,0.014160261617930237,85.45570405255012,379.0025946533304,2.7929510094536956e-05,Target H,Target_High,target_high_fit_results,19.372697216441466,0.48332760000003233,0.14794680228669677,55.35721984851614,512
imap_idex_l1b_sci-10days_20251126_v003.cdf,28,817733024008785024,2025-11-30T00:02:34.824785024,4,2025-11-30 00:02:02.824993,5,5,5.0,True,l2a_ion_grid_charge,1,5,Pulser,quicklook+event_list,imap_idex_l2a_sci-10days_20251126_v003.cdf,28,728.5873121661934,368.95019449357846,1.4400026248758455,43326.04195464291,192154.3154892385,0.014160261617930237,85.45570405255012,379.0025946533304,2.7929510094536956e-05,Target L,Target_Low,target_low_fit_results,9.198976882928989,8.688156149475642,2.0397082462841354,25.43059725789135,512
imap_idex_l1b_sci-10days_20251126_v003.cdf,28,817733024008785024,2025-11-30T00:02:34.824785024,4,2025-11-30 00:02:02.824993,5,5,5.0,True,l2a_ion_grid_charge,1,5,Pulser,quicklook+event_list,imap_idex_l2a_sci-10days_20251126_v003.cdf,28,728.5873121661934,368.95019449357846,1.4400026248758455,43326.04195464291,192154.3154892385,0.014160261617930237,85.45570405255012,379.0025946533304,2.7929510094536956e-05,Ion Grid,Ion_Grid,ion_grid_fit_results,0.005258969573264329,0.0011060196000002008,-0.00040520434234703195,0.01971351241065425,512
imap_idex_l1b_sci-10days_20251206_v003.cdf,127,818510591908736768,2025-12-09T00:02:02.724736768,5,2025-12-09 00:02:02.724736,1,1,1.0,True,l2a_ion_grid_charge,1,5,Pulser,quicklook+event_list,imap_idex_l2a_sci-10days_20251206_v003.cdf,127,78.45494893738214,81.05090263690755,0.2843555084375369,43333.81758560262,89.34545232517459,0.0013303616224245203,85.47104060276651,0.1762237718445258,2.6239874209556614e-06,Target H,Target_High,target_high_fit_results,0.4177353666768073,0.24166380000001617,0.006640406460860504,1.4053223074637344,512
imap_idex_l1b_sci-10days_20251206_v003.cdf,127,818510591908736768,2025-12-09T00:02:02.724736768,5,2025-12-09 00:02:02.724736,1,1,1.0,True,l2a_ion_grid_charge,1,5,Pulser,quicklook+event_list,imap_idex_l2a_sci-10days_20251206_v003.cdf,127,78.45494893738214,81.05090263690755,0.2843555084375369,43333.81758560262,89.34545232517459,0.0013303616224245203,85.47104060276651,0.1762237718445258,2.6239874209556614e-06,Target L,Target_Low,target_low_fit_results,9.199802306130286,6.895129996509506,4.047690814355519,27.300733998818032,512
imap_idex_l1b_sci-10days_20251206_v003.cdf,127,818510591908736768,2025-12-09T00:02:02.724736768,5,2025-12-09 00:02:02.724736,1,1,1.0,True,l2a_ion_grid_charge,1,5,Pulser,quicklook+event_list,imap_idex_l2a_sci-10days_20251206_v003.cdf,127,78.45494893738214,81.05090263690755,0.2843555084375369,43333.81758560262,89.34545232517459,0.0013303616224245203,85.47104060276651,0.1762237718445258,2.6239874209556614e-06,Ion Grid,Ion_Grid,ion_grid_fit_results,0.0016119437160763061,0.0011060196000002008,-0.00015975059308792616,0.005486155255759906,512
imap_idex_l1b_sci-10days_20251206_v003.cdf,128,818510599908689792,2025-12-09T00:02:10.724689792,5,2025-12-09 00:02:02.724736,2,2,2.0,True,l2a_ion_grid_charge,1,5,Pulser,quicklook+event_list,imap_idex_l2a_sci-10days_20251206_v003.cdf,128,154.25505114201587,162.00539693382183,0.5760257787798689,43158.76674925504,196.93303800467027,0.004019265039765304,85.12577268097641,0.38842808284944824,7.927544457130777e-06,Target H,Target_High,target_high_fit_results,0.6201893580616098,0.24166380000001617,0.05292943846899334,2.253485937014432,512
imap_idex_l1b_sci-10days_20251206_v003.cdf,128,818510599908689792,2025-12-09T00:02:10.724689792,5,2025-12-09 00:02:02.724736,2,2,2.0,True,l2a_ion_grid_charge,1,5,Pulser,quicklook+event_list,imap_idex_l2a_sci-10days_20251206_v003.cdf,128,154.25505114201587,162.00539693382183,0.5760257787798689,43158.76674925504,196.93303800467027,0.004019265039765304,85.12577268097641,0.38842808284944824,7.927544457130777e-06,Target L,Target_Low,target_low_fit_results,9.181201789915018,8.689810091372399,1.578531118166211,25.368161023445282,512
imap_idex_l1b_sci-10days_20251206_v003.cdf,128,818510599908689792,2025-12-09T00:02:10.724689792,5,2025-12-09 00:02:02.724736,2,2,2.0,True,l2a_ion_grid_charge,1,5,Pulser,quicklook+event_list,imap_idex_l2a_sci-10days_20251206_v003.cdf,128,154.25505114201587,162.00539693382183,0.5760257787798689,43158.76674925504,196.93303800467027,0.004019265039765304,85.12577268097641,0.38842808284944824,7.927544457130777e-06,Ion Grid,Ion_Grid,ion_grid_fit_results,0.002801807814749543,0.0011060196000002008,6.031484602875281e-06,0.008905279654429776,512
imap_idex_l1b_sci-10days_20251206_v003.cdf,129,818510607908622592,2025-12-09T00:02:18.724622592,5,2025-12-09 00:02:02.724736,3,3,3.0,True,l2a_ion_grid_charge,1,5,Pulser,quicklook+event_list,imap_idex_l2a_sci-10days_20251206_v003.cdf,129,235.08539472124176,243.61105925714406,0.8659042907525103,45990.09240114991,310.48702770965014,0.007444216514459642,90.7102414223864,0.6124004491314599,1.4682872809585092e-05,Target H,Target_High,target_high_fit_results,0.7787297194761545,0.24166380000001617,0.027233631513638556,2.871651138083621,512
imap_idex_l1b_sci-10days_20251206_v003.cdf,129,818510607908622592,2025-12-09T00:02:18.724622592,5,2025-12-09 00:02:02.724736,3,3,3.0,True,l2a_ion_grid_charge,1,5,Pulser,quicklook+event_list,imap_idex_l2a_sci-10days_20251206_v003.cdf,129,235.08539472124176,243.61105925714406,0.8659042907525103,45990.09240114991,310.48702770965014,0.007444216514459642,90.7102414223864,0.6124004491314599,1.4682872809585092e-05,Target L,Target_Low,target_low_fit_results,9.477573488029302,8.330692792204127,2.4452521030234493,33.16550603657379,512
imap_idex_l1b_sci-10days_20251206_v003.cdf,129,818510607908622592,2025-12-09T00:02:18.724622592,5,2025-12-09 00:02:02.724736,3,3,3.0,True,l2a_ion_grid_charge,1,5,Pulser,quicklook+event_list,imap_idex_l2a_sci-10days_20251206_v003.cdf,129,235.08539472124176,243.61105925714406,0.8659042907525103,45990.09240114991,310.48702770965014,0.007444216514459642,90.7102414223864,0.6124004491314599,1.4682872809585092e-05,Ion Grid,Ion_Grid,ion_grid_fit_results,0.0038130677124598757,0.0011060196000002008,-0.0005433181882790183,0.012697601143040194,512
imap_idex_l1b_sci-10days_20251206_v003.cdf,130,818510615908575360,2025-12-09T00:02:26.724575360,5,2025-12-09 00:02:02.724736,4,4,4.0,True,l2a_ion_grid_charge,1,5,Pulser,quicklook+event_list,imap_idex_l2a_sci-10days_20251206_v003.cdf,130,312.5185773427911,323.65586575502124,1.1531651060540382,47163.35125820662,495.3060560302187,0.01090171693734733,93.02436145602883,0.9769350217558554,2.1502400270902034e-05,Target H,Target_High,target_high_fit_results,0.9835622200369537,0.24166380000001617,0.06319873756712013,8.415147259979449,512
imap_idex_l1b_sci-10days_20251206_v003.cdf,130,818510615908575360,2025-12-09T00:02:26.724575360,5,2025-12-09 00:02:02.724736,4,4,4.0,True,l2a_ion_grid_charge,1,5,Pulser,quicklook+event_list,imap_idex_l2a_sci-10days_20251206_v003.cdf,130,312.5185773427911,323.65586575502124,1.1531651060540382,47163.35125820662,495.3060560302187,0.01090171693734733,93.02436145602883,0.9769350217558554,2.1502400270902034e-05,Target L,Target_Low,target_low_fit_results,9.597703914279956,8.606032274445807,2.4024237408011686,36.58589514552659,512
imap_idex_l1b_sci-10days_20251206_v003.cdf,130,818510615908575360,2025-12-09T00:02:26.724575360,5,2025-12-09 00:02:02.724736,4,4,4.0,True,l2a_ion_grid_charge,1,5,Pulser,quicklook+event_list,imap_idex_l2a_sci-10days_20251206_v003.cdf,130,312.5185773427911,323.65586575502124,1.1531651060540382,47163.35125820662,495.3060560302187,0.01090171693734733,93.02436145602883,0.9769350217558554,2.1502400270902034e-05,Ion Grid,Ion_Grid,ion_grid_fit_results,0.004614370584733795,0.0008681758732289022,-0.0006747071285710948,0.01586447280167702,512
imap_idex_l1b_sci-10days_20251206_v003.cdf,131,818510623908528256,2025-12-09T00:02:34.724528256,5,2025-12-09 00:02:02.724736,5,5,5.0,True,l2a_ion_grid_charge,1,5,Pulser,quicklook+event_list,imap_idex_l2a_sci-10days_20251206_v003.cdf,131,738.175221448786,369.0260281826407,1.4401150571935981,39737.08655346632,192589.13978002363,0.014299788922721504,78.37689655516039,379.8602362525121,2.8204711879135118e-05,Target H,Target_High,target_high_fit_results,19.39460398236733,0.5208518873056156,0.14783260980249224,55.283109875729224,512
imap_idex_l1b_sci-10days_20251206_v003.cdf,131,818510623908528256,2025-12-09T00:02:34.724528256,5,2025-12-09 00:02:02.724736,5,5,5.0,True,l2a_ion_grid_charge,1,5,Pulser,quicklook+event_list,imap_idex_l2a_sci-10days_20251206_v003.cdf,131,738.175221448786,369.0260281826407,1.4401150571935981,39737.08655346632,192589.13978002363,0.014299788922721504,78.37689655516039,379.8602362525121,2.8204711879135118e-05,Target L,Target_Low,target_low_fit_results,8.809738768813688,7.950904197991321,3.2872161178565875,27.048982582335157,512
imap_idex_l1b_sci-10days_20251206_v003.cdf,131,818510623908528256,2025-12-09T00:02:34.724528256,5,2025-12-09 00:02:02.724736,5,5,5.0,True,l2a_ion_grid_charge,1,5,Pulser,quicklook+event_list,imap_idex_l2a_sci-10days_20251206_v003.cdf,131,738.175221448786,369.0260281826407,1.4401150571935981,39737.08655346632,192589.13978002363,0.014299788922721504,78.37689655516039,379.8602362525121,2.8204711879135118e-05,Ion Grid,Ion_Grid,ion_grid_fit_results,0.005284815535067467,0.0011060196000002008,-0.0005518978609655445,0.019513524861527604,512
imap_idex_l1b_sci-10days_20251216_v003.cdf,16,819201790693374208,2025-12-17T00:02:01.509374208,6,2025-12-17 00:02:01.509374,1,1,1.0,True,l2a_ion_grid_charge,1,5,Pulser,quicklook+event_list,imap_idex_l2a_sci-10days_20251216_v003.cdf,16,75.17627262810129,81.08183424946384,0.28427996751785756,40639.01656312774,78.33902710573076,0.0014200352434208029,80.15585120932494,0.1545148463623881,2.800858468285607e-06,Target H,Target_High,target_high_fit_results,0.3911597018046215,0.24166380000001617,0.10524953249188229,1.4116238319733725,512
imap_idex_l1b_sci-10days_20251216_v003.cdf,16,819201790693374208,2025-12-17T00:02:01.509374208,6,2025-12-17 00:02:01.509374,1,1,1.0,True,l2a_ion_grid_charge,1,5,Pulser,quicklook+event_list,imap_idex_l2a_sci-10days_20251216_v003.cdf,16,75.17627262810129,81.08183424946384,0.28427996751785756,40639.01656312774,78.33902710573076,0.0014200352434208029,80.15585120932494,0.1545148463623881,2.800858468285607e-06,Target L,Target_Low,target_low_fit_results,8.909157043450232,7.140891466436752,3.735377837514534,27.86462216248401,512
imap_idex_l1b_sci-10days_20251216_v003.cdf,16,819201790693374208,2025-12-17T00:02:01.509374208,6,2025-12-17 00:02:01.509374,1,1,1.0,True,l2a_ion_grid_charge,1,5,Pulser,quicklook+event_list,imap_idex_l2a_sci-10days_20251216_v003.cdf,16,75.17627262810129,81.08183424946384,0.28427996751785756,40639.01656312774,78.33902710573076,0.0014200352434208029,80.15585120932494,0.1545148463623881,2.800858468285607e-06,Ion Grid,Ion_Grid,ion_grid_fit_results,0.0016653847407750125,0.0011060196000002008,-0.0004504418976216673,0.005315386721844728,512
imap_idex_l1b_sci-10days_20251216_v003.cdf,17,819201798693307008,2025-12-17T00:02:09.509307008,6,2025-12-17 00:02:01.509374,2,2,2.0,True,l2a_ion_grid_charge,1,5,Pulser,quicklook+event_list,imap_idex_l2a_sci-10days_20251216_v003.cdf,17,157.2224480632649,162.18177416946492,0.5758400164791294,40512.08144312883,195.42672140375646,0.0040415008408395455,79.90548608112195,0.3854570441888688,7.97140205293796e-06,Target H,Target_High,target_high_fit_results,0.6178129290017422,0.24166380000001617,0.0838848619066539,2.1607212712227124,512
imap_idex_l1b_sci-10days_20251216_v003.cdf,17,819201798693307008,2025-12-17T00:02:09.509307008,6,2025-12-17 00:02:01.509374,2,2,2.0,True,l2a_ion_grid_charge,1,5,Pulser,quicklook+event_list,imap_idex_l2a_sci-10days_20251216_v003.cdf,17,157.2224480632649,162.18177416946492,0.5758400164791294,40512.08144312883,195.42672140375646,0.0040415008408395455,79.90548608112195,0.3854570441888688,7.97140205293796e-06,Target L,Target_Low,target_low_fit_results,8.89523237856162,6.354450968633401,3.4036177523485094,28.196382247650035,512
imap_idex_l1b_sci-10days_20251216_v003.cdf,17,819201798693307008,2025-12-17T00:02:09.509307008,6,2025-12-17 00:02:01.509374,2,2,2.0,True,l2a_ion_grid_charge,1,5,Pulser,quicklook+event_list,imap_idex_l2a_sci-10days_20251216_v003.cdf,17,157.2224480632649,162.18177416946492,0.5758400164791294,40512.08144312883,195.42672140375646,0.0040415008408395455,79.90548608112195,0.3854570441888688,7.97140205293796e-06,Ion Grid,Ion_Grid,ion_grid_fit_results,0.0028095473531807107,0.0009012641517127822,-0.00015137548174737336,0.009251963893694093,512
imap_idex_l1b_sci-10days_20251216_v003.cdf,18,819201806693259776,2025-12-17T00:02:17.509259776,6,2025-12-17 00:02:01.509374,3,3,3.0,True,l2a_ion_grid_charge,1,5,Pulser,quicklook+event_list,imap_idex_l2a_sci-10days_20251216_v003.cdf,18,232.57635578361442,243.79072154763662,0.8660316308009344,40114.275333503436,309.8552826387698,0.007425789795081159,79.12085864596338,0.6111544036267649,1.464652819542635e-05,Target H,Target_High,target_high_fit_results,0.7779370790133655,0.3277555367697038,0.11123292339138402,2.8774932379879488,512
imap_idex_l1b_sci-10days_20251216_v003.cdf,18,819201806693259776,2025-12-17T00:02:17.509259776,6,2025-12-17 00:02:01.509374,3,3,3.0,True,l2a_ion_grid_charge,1,5,Pulser,quicklook+event_list,imap_idex_l2a_sci-10days_20251216_v003.cdf,18,232.57635578361442,243.79072154763662,0.8660316308009344,40114.275333503436,309.8552826387698,0.007425789795081159,79.12085864596338,0.6111544036267649,1.464652819542635e-05,Target L,Target_Low,target_low_fit_results,8.851451519990881,6.4651515006688935,3.4480742020896287,35.04807420209181,512
imap_idex_l1b_sci-10days_20251216_v003.cdf,18,819201806693259776,2025-12-17T00:02:17.509259776,6,2025-12-17 00:02:01.509374,3,3,3.0,True,l2a_ion_grid_charge,1,5,Pulser,quicklook+event_list,imap_idex_l2a_sci-10days_20251216_v003.cdf,18,232.57635578361442,243.79072154763662,0.8660316308009344,40114.275333503436,309.8552826387698,0.007425789795081159,79.12085864596338,0.6111544036267649,1.464652819542635e-05,Ion Grid,Ion_Grid,ion_grid_fit_results,0.003808345532316873,0.0011060196000002008,-0.00014293902317241702,0.013050480807712539,512
imap_idex_l1b_sci-10days_20251216_v003.cdf,19,819201814693212800,2025-12-17T00:02:25.509212800,6,2025-12-17 00:02:01.509374,4,4,4.0,True,l2a_ion_grid_charge,1,5,Pulser,quicklook+event_list,imap_idex_l2a_sci-10days_20251216_v003.cdf,19,309.5206161814094,323.9358013148367,1.153668120656189,46088.000870197066,475.20383571890795,0.01084097231475525,90.90335477356423,0.9372856720294043,2.138258839202219e-05,Target H,Target_High,target_high_fit_results,0.9633963315471427,0.24166380000001617,0.014603718535909138,7.431066968996902,512
imap_idex_l1b_sci-10days_20251216_v003.cdf,19,819201814693212800,2025-12-17T00:02:25.509212800,6,2025-12-17 00:02:01.509374,4,4,4.0,True,l2a_ion_grid_charge,1,5,Pulser,quicklook+event_list,imap_idex_l2a_sci-10days_20251216_v003.cdf,19,309.5206161814094,323.9358013148367,1.153668120656189,46088.000870197066,475.20383571890795,0.01084097231475525,90.90335477356423,0.9372856720294043,2.138258839202219e-05,Target L,Target_Low,target_low_fit_results,9.487656544142165,6.677902564610892,2.951094784846646,31.426152756961528,512
imap_idex_l1b_sci-10days_20251216_v003.cdf,19,819201814693212800,2025-12-17T00:02:25.509212800,6,2025-12-17 00:02:01.509374,4,4,4.0,True,l2a_ion_grid_charge,1,5,Pulser,quicklook+event_list,imap_idex_l2a_sci-10days_20251216_v003.cdf,19,309.5206161814094,323.9358013148367,1.153668120656189,46088.000870197066,475.20383571890795,0.01084097231475525,90.90335477356423,0.9372856720294043,2.138258839202219e-05,Ion Grid,Ion_Grid,ion_grid_fit_results,0.004601496936025965,0.0011060196000002008,-0.0002112475731856911,0.01547057480664571,512
imap_idex_l1b_sci-10days_20251216_v003.cdf,20,819201822693165568,2025-12-17T00:02:33.509165568,6,2025-12-17 00:02:01.509374,5,5,5.0,True,l2a_ion_grid_charge,1,5,Pulser,quicklook+event_list,imap_idex_l2a_sci-10days_20251216_v003.cdf,20,735.8679086467237,369.01919592621914,1.440214717013626,40646.24942883088,191434.73248375123,0.013998807759875114,80.17011721662895,377.5832987845192,2.7611060670365118e-05,Target H,Target_High,target_high_fit_results,19.33638957722787,0.48332760000003233,0.16897754425792755,55.403813335934956,512
imap_idex_l1b_sci-10days_20251216_v003.cdf,20,819201822693165568,2025-12-17T00:02:33.509165568,6,2025-12-17 00:02:01.509374,5,5,5.0,True,l2a_ion_grid_charge,1,5,Pulser,quicklook+event_list,imap_idex_l2a_sci-10days_20251216_v003.cdf,20,735.8679086467237,369.01919592621914,1.440214717013626,40646.24942883088,191434.73248375123,0.013998807759875114,80.17011721662895,377.5832987845192,2.7611060670365118e-05,Target L,Target_Low,target_low_fit_results,8.909949826777103,6.191594860840688,3.0549738222653104,28.545026177733234,512
imap_idex_l1b_sci-10days_20251216_v003.cdf,20,819201822693165568,2025-12-17T00:02:33.509165568,6,2025-12-17 00:02:01.509374,5,5,5.0,True,l2a_ion_grid_charge,1,5,Pulser,quicklook+event_list,imap_idex_l2a_sci-10days_20251216_v003.cdf,20,735.8679086467237,369.01919592621914,1.440214717013626,40646.24942883088,191434.73248375123,0.013998807759875114,80.17011721662895,377.5832987845192,2.7611060670365118e-05,Ion Grid,Ion_Grid,ion_grid_fit_results,0.005228902504924536,0.0011060196000002008,-0.0007505924156996358,0.018223685206537166,512
imap_idex_l1b_sci-10days_20251216_v003.cdf,151,819892990237533184,2025-12-25T00:02:01.053533184,7,2025-12-25 00:02:01.053533,1,1,1.0,True,l2a_ion_grid_charge,1,5,Pulser,quicklook+event_list,imap_idex_l2a_sci-10days_20251216_v003.cdf,151,77.9668679875831,81.09309093247441,0.2843032097982916,40947.523447733416,86.47212044067295,0.0013131778465065229,80.76434605075625,0.17055645057331945,2.5900943718077374e-06,Target H,Target_High,target_high_fit_results,0.4109633319843625,0.24166380000001617,-0.015941591861519555,1.4825662879355832,512
imap_idex_l1b_sci-10days_20251216_v003.cdf,151,819892990237533184,2025-12-25T00:02:01.053533184,7,2025-12-25 00:02:01.053533,1,1,1.0,True,l2a_ion_grid_charge,1,5,Pulser,quicklook+event_list,imap_idex_l2a_sci-10days_20251216_v003.cdf,151,77.9668679875831,81.09309093247441,0.2843032097982916,40947.523447733416,86.47212044067295,0.0013131778465065229,80.76434605075625,0.17055645057331945,2.5900943718077374e-06,Target L,Target_Low,target_low_fit_results,8.942909578758712,6.451611946049746,2.373707353424834,29.752204660464486,512
imap_idex_l1b_sci-10days_20251216_v003.cdf,151,819892990237533184,2025-12-25T00:02:01.053533184,7,2025-12-25 00:02:01.053533,1,1,1.0,True,l2a_ion_grid_charge,1,5,Pulser,quicklook+event_list,imap_idex_l2a_sci-10days_20251216_v003.cdf,151,77.9668679875831,81.09309093247441,0.2843032097982916,40947.523447733416,86.47212044067295,0.0013131778465065229,80.76434605075625,0.17055645057331945,2.5900943718077374e-06,Ion Grid,Ion_Grid,ion_grid_fit_results,0.0016014994478481884,0.0011060196000002008,-0.00010788520365423437,0.005563845908016507,512
imap_idex_l1b_sci-10days_20251216_v003.cdf,152,819892998237486080,2025-12-25T00:02:09.053486080,7,2025-12-25 00:02:01.053533,2,2,2.0,True,l2a_ion_grid_charge,1,5,Pulser,quicklook+event_list,imap_idex_l2a_sci-10days_20251216_v003.cdf,152,154.87802322384232,162.1347166280653,0.575935757741763,41550.35011987804,202.98940646473636,0.004176260664418921,81.95335329364505,0.40037358277068313,8.237200521536334e-06,Target H,Target_High,target_high_fit_results,0.6296536226382233,0.24166380000001617,0.07136068228265913,2.1529342433212832,512
imap_idex_l1b_sci-10days_20251216_v003.cdf,152,819892998237486080,2025-12-25T00:02:09.053486080,7,2025-12-25 00:02:01.053533,2,2,2.0,True,l2a_ion_grid_charge,1,5,Pulser,quicklook+event_list,imap_idex_l2a_sci-10days_20251216_v003.cdf,152,154.87802322384232,162.1347166280653,0.575935757741763,41550.35011987804,202.98940646473636,0.004176260664418921,81.95335329364505,0.40037358277068313,8.237200521536334e-06,Target L,Target_Low,target_low_fit_results,9.008497520557288,6.570737300893898,2.436048471605318,30.151384284159576,512
imap_idex_l1b_sci-10days_20251216_v003.cdf,152,819892998237486080,2025-12-25T00:02:09.053486080,7,2025-12-25 00:02:01.053533,2,2,2.0,True,l2a_ion_grid_charge,1,5,Pulser,quicklook+event_list,imap_idex_l2a_sci-10days_20251216_v003.cdf,152,154.87802322384232,162.1347166280653,0.575935757741763,41550.35011987804,202.98940646473636,0.004176260664418921,81.95335329364505,0.40037358277068313,8.237200521536334e-06,Ion Grid,Ion_Grid,ion_grid_fit_results,0.002856004045899306,0.0011060196000002008,-0.00011215858848134808,0.009022827715873705,512
imap_idex_l1b_sci-10days_20251216_v003.cdf,153,819893006237438976,2025-12-25T00:02:17.053438976,7,2025-12-25 00:02:01.053533,3,3,3.0,True,l2a_ion_grid_charge,1,5,Pulser,quicklook+event_list,imap_idex_l2a_sci-10days_20251216_v003.cdf,153,233.907167907455,243.68027751531446,0.8661878503617404,44301.593159580945,305.81060899007554,0.007644361266223174,87.37986816485393,0.6031767435701687,1.507763563357628e-05,Target H,Target_High,target_high_fit_results,0.7728430278418389,0.24166380000001617,0.04655754109677446,2.841501105923669,512
imap_idex_l1b_sci-10days_20251216_v003.cdf,153,819893006237438976,2025-12-25T00:02:17.053438976,7,2025-12-25 00:02:01.053533,3,3,3.0,True,l2a_ion_grid_charge,1,5,Pulser,quicklook+event_list,imap_idex_l2a_sci-10days_20251216_v003.cdf,153,233.907167907455,243.68027751531446,0.8661878503617404,44301.593159580945,305.81060899007554,0.007644361266223174,87.37986816485393,0.6031767435701687,1.507763563357628e-05,Target L,Target_Low,target_low_fit_results,9.301964799966001,7.1585787751646,2.6209270906874735,28.97907290931107,512
imap_idex_l1b_sci-10days_20251216_v003.cdf,153,819893006237438976,2025-12-25T00:02:17.053438976,7,2025-12-25 00:02:01.053533,3,3,3.0,True,l2a_ion_grid_charge,1,5,Pulser,quicklook+event_list,imap_idex_l2a_sci-10days_20251216_v003.cdf,153,233.907167907455,243.68027751531446,0.8661878503617404,44301.593159580945,305.81060899007554,0.007644361266223174,87.37986816485393,0.6031767435701687,1.507763563357628e-05,Ion Grid,Ion_Grid,ion_grid_fit_results,0.003863986684512789,0.0011060196000002008,-0.0005169051230042854,0.012686124694237355,512
imap_idex_l1b_sci-10days_20251216_v003.cdf,154,819893014237371776,2025-12-25T00:02:25.053371776,7,2025-12-25 00:02:01.053533,4,4,4.0,True,l2a_ion_grid_charge,1,5,Pulser,quicklook+event_list,imap_idex_l2a_sci-10days_20251216_v003.cdf,154,310.0652272543193,323.75826659735685,1.1536132362524236,43573.20662811832,476.1271055406243,0.011153305829830533,85.94320833948387,0.9391067170426515,2.1998630828068112e-05,Target H,Target_High,target_high_fit_results,0.964331765010897,0.24166380000001617,0.06421717060925403,7.436813076112799,512
imap_idex_l1b_sci-10days_20251216_v003.cdf,154,819893014237371776,2025-12-25T00:02:25.053371776,7,2025-12-25 00:02:01.053533,4,4,4.0,True,l2a_ion_grid_charge,1,5,Pulser,quicklook+event_list,imap_idex_l2a_sci-10days_20251216_v003.cdf,154,310.0652272543193,323.75826659735685,1.1536132362524236,43573.20662811832,476.1271055406243,0.011153305829830533,85.94320833948387,0.9391067170426515,2.1998630828068112e-05,Target L,Target_Low,target_low_fit_results,9.225178545456103,5.618524037300422,1.7671833813510602,29.832816618647485,512
imap_idex_l1b_sci-10days_20251216_v003.cdf,154,819893014237371776,2025-12-25T00:02:25.053371776,7,2025-12-25 00:02:01.053533,4,4,4.0,True,l2a_ion_grid_charge,1,5,Pulser,quicklook+event_list,imap_idex_l2a_sci-10days_20251216_v003.cdf,154,310.0652272543193,323.75826659735685,1.1536132362524236,43573.20662811832,476.1271055406243,0.011153305829830533,85.94320833948387,0.9391067170426515,2.1998630828068112e-05,Ion Grid,Ion_Grid,ion_grid_fit_results,0.0046673119082495185,0.0011060196000002008,-0.00035562070428474257,0.016041444314436104,512
imap_idex_l1b_sci-10days_20251216_v003.cdf,155,819893022237324672,2025-12-25T00:02:33.053324672,7,2025-12-25 00:02:01.053533,5,5,5.0,True,l2a_ion_grid_charge,1,5,Pulser,quicklook+event_list,imap_idex_l2a_sci-10days_20251216_v003.cdf,155,737.7403434061998,369.15347081937415,1.440324159848168,46968.03795912757,192482.83286358722,0.014425498789322143,92.63912812451197,379.6505579163456,2.8452660333968723e-05,Target H,Target_High,target_high_fit_results,19.389250448036762,0.4833275999999902,0.1503747221926801,55.422865355552176,512
imap_idex_l1b_sci-10days_20251216_v003.cdf,155,819893022237324672,2025-12-25T00:02:33.053324672,7,2025-12-25 00:02:01.053533,5,5,5.0,True,l2a_ion_grid_charge,1,5,Pulser,quicklook+event_list,imap_idex_l2a_sci-10days_20251216_v003.cdf,155,737.7403434061998,369.15347081937415,1.440324159848168,46968.03795912757,192482.83286358722,0.014425498789322143,92.63912812451197,379.6505579163456,2.8452660333968723e-05,Target L,Target_Low,target_low_fit_results,9.577810247594229,7.159222589405658,1.1663820494104584,30.433617950588086,512
imap_idex_l1b_sci-10days_20251216_v003.cdf,155,819893022237324672,2025-12-25T00:02:33.053324672,7,2025-12-25 00:02:01.053533,5,5,5.0,True,l2a_ion_grid_charge,1,5,Pulser,quicklook+event_list,imap_idex_l2a_sci-10days_20251216_v003.cdf,155,737.7403434061998,369.15347081937415,1.440324159848168,46968.03795912757,192482.83286358722,0.014425498789322143,92.63912812451197,379.6505579163456,2.8452660333968723e-05,Ion Grid,Ion_Grid,ion_grid_fit_results,0.005307994190171539,0.0011060196000002008,-0.00023510617057520555,0.018424812843694793,512
imap_idex_l1b_sci-10days_20260101_v003.cdf,7,820584189802600448,2026-01-02T00:02:00.618600448,8,2026-01-02 00:02:00.6186,1,1,1.0,True,l2a_ion_grid_charge,1,5,Pulser,quicklook+event_list,imap_idex_l2a_sci-10days_20260101_v003.cdf,7,77.49063116873731,81.01608081527166,0.2843395761219165,38287.72358367623,88.43065338198888,0.0013741165287346625,75.51819247273417,0.17441943467847904,2.7102890113109714e-06,Target H,Target_High,target_high_fit_results,0.41559128947404206,0.24166380000001617,0.04002316265751915,1.4089961726863294,512
imap_idex_l1b_sci-10days_20260101_v003.cdf,7,820584189802600448,2026-01-02T00:02:00.618600448,8,2026-01-02 00:02:00.6186,1,1,1.0,True,l2a_ion_grid_charge,1,5,Pulser,quicklook+event_list,imap_idex_l2a_sci-10days_20260101_v003.cdf,7,77.49063116873731,81.01608081527166,0.2843395761219165,38287.72358367623,88.43065338198888,0.0013741165287346625,75.51819247273417,0.17441943467847904,2.7102890113109714e-06,Target L,Target_Low,target_low_fit_results,8.647584062867942,5.517315079841005,3.3899756677492405,28.460411842032045,512
imap_idex_l1b_sci-10days_20260101_v003.cdf,7,820584189802600448,2026-01-02T00:02:00.618600448,8,2026-01-02 00:02:00.6186,1,1,1.0,True,l2a_ion_grid_charge,1,5,Pulser,quicklook+event_list,imap_idex_l2a_sci-10days_20260101_v003.cdf,7,77.49063116873731,81.01608081527166,0.2843395761219165,38287.72358367623,88.43065338198888,0.0013741165287346625,75.51819247273417,0.17441943467847904,2.7102890113109714e-06,Ion Grid,Ion_Grid,ion_grid_fit_results,0.0016382372676706166,0.0011060196000002008,-2.53149855635737e-05,0.005501407975261996,512
imap_idex_l1b_sci-10days_20260101_v003.cdf,8,820584197802553472,2026-01-02T00:02:08.618553472,8,2026-01-02 00:02:00.6186,2,2,2.0,True,l2a_ion_grid_charge,1,5,Pulser,quicklook+event_list,imap_idex_l2a_sci-10days_20260101_v003.cdf,8,156.34557414676237,162.21485374039094,0.5757736294945042,42511.37781684073,209.07847133281072,0.004333861765945854,83.84887143361091,0.41238357264854186,8.548050820406025e-06,Target H,Target_High,target_high_fit_results,0.6390276905752175,0.24166380000001617,-0.003057105864343157,2.478887783683888,512
imap_idex_l1b_sci-10days_20260101_v003.cdf,8,820584197802553472,2026-01-02T00:02:08.618553472,8,2026-01-02 00:02:00.6186,2,2,2.0,True,l2a_ion_grid_charge,1,5,Pulser,quicklook+event_list,imap_idex_l2a_sci-10days_20260101_v003.cdf,8,156.34557414676237,162.21485374039094,0.5757736294945042,42511.37781684073,209.07847133281072,0.004333861765945854,83.84887143361091,0.41238357264854186,8.548050820406025e-06,Target L,Target_Low,target_low_fit_results,9.11208180376565,6.982059323283322,3.288842962083436,29.042968146644853,512
imap_idex_l1b_sci-10days_20260101_v003.cdf,8,820584197802553472,2026-01-02T00:02:08.618553472,8,2026-01-02 00:02:00.6186,2,2,2.0,True,l2a_ion_grid_charge,1,5,Pulser,quicklook+event_list,imap_idex_l2a_sci-10days_20260101_v003.cdf,8,156.34557414676237,162.21485374039094,0.5757736294945042,42511.37781684073,209.07847133281072,0.004333861765945854,83.84887143361091,0.41238357264854186,8.548050820406025e-06,Ion Grid,Ion_Grid,ion_grid_fit_results,0.0029093940540279167,0.0011060196000002008,-0.0005152743458771702,0.009738052721454116,512
imap_idex_l1b_sci-10days_20260101_v003.cdf,9,820584205802486272,2026-01-02T00:02:16.618486272,8,2026-01-02 00:02:00.6186,3,3,3.0,True,l2a_ion_grid_charge,1,5,Pulser,quicklook+event_list,imap_idex_l2a_sci-10days_20260101_v003.cdf,9,233.1838716054226,243.73423072814813,0.8662209968002805,42087.12699146862,315.3185568111353,0.007700532589300639,83.0120847957961,0.6219300923296555,1.5188427197831635e-05,Target H,Target_High,target_high_fit_results,0.7847652873769001,0.24166380000001617,0.03198705498385834,2.8091201559154797,512
imap_idex_l1b_sci-10days_20260101_v003.cdf,9,820584205802486272,2026-01-02T00:02:16.618486272,8,2026-01-02 00:02:00.6186,3,3,3.0,True,l2a_ion_grid_charge,1,5,Pulser,quicklook+event_list,imap_idex_l2a_sci-10days_20260101_v003.cdf,9,233.1838716054226,243.73423072814813,0.8662209968002805,42087.12699146862,315.3185568111353,0.007700532589300639,83.0120847957961,0.6219300923296555,1.5188427197831635e-05,Target L,Target_Low,target_low_fit_results,9.06649987068947,7.7844167840348435,3.779739208854153,33.39261779901426,512
imap_idex_l1b_sci-10days_20260101_v003.cdf,9,820584205802486272,2026-01-02T00:02:16.618486272,8,2026-01-02 00:02:00.6186,3,3,3.0,True,l2a_ion_grid_charge,1,5,Pulser,quicklook+event_list,imap_idex_l2a_sci-10days_20260101_v003.cdf,9,233.1838716054226,243.73423072814813,0.8662209968002805,42087.12699146862,315.3185568111353,0.007700532589300639,83.0120847957961,0.6219300923296555,1.5188427197831635e-05,Ion Grid,Ion_Grid,ion_grid_fit_results,0.003878157128518365,0.0011060196000002008,-0.0007554799196303197,0.013489137794462591,512
imap_idex_l1b_sci-10days_20260101_v003.cdf,10,820584213802439040,2026-01-02T00:02:24.618439040,8,2026-01-02 00:02:00.6186,4,4,4.0,True,l2a_ion_grid_charge,1,5,Pulser,quicklook+event_list,imap_idex_l2a_sci-10days_20260101_v003.cdf,10,309.3731103633618,323.7977779029671,1.1536898425257995,44498.79419985553,469.462300993371,0.011173843327143083,87.76882485178606,0.9259611459435325,2.2039138712313774e-05,Target H,Target_High,target_high_fit_results,0.9575586439626963,0.24166380000001617,0.029664129946297635,7.430427504445106,512
imap_idex_l1b_sci-10days_20260101_v003.cdf,10,820584213802439040,2026-01-02T00:02:24.618439040,8,2026-01-02 00:02:00.6186,4,4,4.0,True,l2a_ion_grid_charge,1,5,Pulser,quicklook+event_list,imap_idex_l2a_sci-10days_20260101_v003.cdf,10,309.3731103633618,323.7977779029671,1.1536898425257995,44498.79419985553,469.462300993371,0.011173843327143083,87.76882485178606,0.9259611459435325,2.2039138712313774e-05,Target L,Target_Low,target_low_fit_results,9.32264487265244,8.65814769517462,3.4113643535420124,26.9047270293122,512
imap_idex_l1b_sci-10days_20260101_v003.cdf,10,820584213802439040,2026-01-02T00:02:24.618439040,8,2026-01-02 00:02:00.6186,4,4,4.0,True,l2a_ion_grid_charge,1,5,Pulser,quicklook+event_list,imap_idex_l2a_sci-10days_20260101_v003.cdf,10,309.3731103633618,323.7977779029671,1.1536898425257995,44498.79419985553,469.462300993371,0.011173843327143083,87.76882485178606,0.9259611459435325,2.2039138712313774e-05,Ion Grid,Ion_Grid,ion_grid_fit_results,0.004671607084112098,0.0011060196000002008,-0.0004043260432111673,0.015606983848066802,512
imap_idex_l1b_sci-10days_20260101_v003.cdf,11,820584221802392064,2026-01-02T00:02:32.618392064,8,2026-01-02 00:02:00.6186,5,5,5.0,True,l2a_ion_grid_charge,1,5,Pulser,quicklook+event_list,imap_idex_l2a_sci-10days_20260101_v003.cdf,11,734.7712839265187,369.1296647956918,1.440249252070272,42480.60741253294,192811.6798282867,0.014677525035072445,83.78818030085392,380.2991712589481,2.894975352085295e-05,Target H,Target_High,target_high_fit_results,19.405806145703465,0.48332760000003233,0.24760780547381955,55.309179335419,512
imap_idex_l1b_sci-10days_20260101_v003.cdf,11,820584221802392064,2026-01-02T00:02:32.618392064,8,2026-01-02 00:02:00.6186,5,5,5.0,True,l2a_ion_grid_charge,1,5,Pulser,quicklook+event_list,imap_idex_l2a_sci-10days_20260101_v003.cdf,11,734.7712839265187,369.1296647956918,1.440249252070272,42480.60741253294,192811.6798282867,0.014677525035072445,83.78818030085392,380.2991712589481,2.894975352085295e-05,Target L,Target_Low,target_low_fit_results,9.108783472703882,6.592712720345437,2.8215476219629636,30.23448515495693,512
imap_idex_l1b_sci-10days_20260101_v003.cdf,11,820584221802392064,2026-01-02T00:02:32.618392064,8,2026-01-02 00:02:00.6186,5,5,5.0,True,l2a_ion_grid_charge,1,5,Pulser,quicklook+event_list,imap_idex_l2a_sci-10days_20260101_v003.cdf,11,734.7712839265187,369.1296647956918,1.440249252070272,42480.60741253294,192811.6798282867,0.014677525035072445,83.78818030085392,380.2991712589481,2.894975352085295e-05,Ion Grid,Ion_Grid,ion_grid_fit_results,0.005354161099941416,0.0011060196000002008,-0.0002225426762838545,0.01911215598462168,512
imap_idex_l1b_sci-10days_20260110_v003.cdf,13,821620989087750784,2026-01-14T00:01:59.903750784,9,2026-01-14 00:01:59.90375,1,1,1.0,True,l2a_ion_grid_charge,1,5,Pulser,quicklook+event_list,imap_idex_l2a_sci-10days_20260110_v003.cdf,13,74.73370154925578,81.0724989531061,0.28398930904063047,39498.09046114575,91.11010055920394,0.0011459244521617171,77.90550386813757,0.17970434035345945,2.2602060200428347e-06,Target H,Target_High,target_high_fit_results,0.42184050914379384,0.2259824175719203,0.08840716092240086,1.5165819505583045,512
imap_idex_l1b_sci-10days_20260110_v003.cdf,13,821620989087750784,2026-01-14T00:01:59.903750784,9,2026-01-14 00:01:59.90375,1,1,1.0,True,l2a_ion_grid_charge,1,5,Pulser,quicklook+event_list,imap_idex_l2a_sci-10days_20260110_v003.cdf,13,74.73370154925578,81.0724989531061,0.28398930904063047,39498.09046114575,91.11010055920394,0.0011459244521617171,77.90550386813757,0.17970434035345945,2.2602060200428347e-06,Target L,Target_Low,target_low_fit_results,8.783206016707412,5.975160582959234,3.5508766103994276,29.447113954993256,512
imap_idex_l1b_sci-10days_20260110_v003.cdf,13,821620989087750784,2026-01-14T00:01:59.903750784,9,2026-01-14 00:01:59.90375,1,1,1.0,True,l2a_ion_grid_charge,1,5,Pulser,quicklook+event_list,imap_idex_l2a_sci-10days_20260110_v003.cdf,13,74.73370154925578,81.0724989531061,0.28398930904063047,39498.09046114575,91.11010055920394,0.0011459244521617171,77.90550386813757,0.17970434035345945,2.2602060200428347e-06,Ion Grid,Ion_Grid,ion_grid_fit_results,0.0014960393362570229,0.0011060196000002008,5.865486824196964e-05,0.004803987599519832,512
imap_idex_l1b_sci-10days_20260110_v003.cdf,14,821620997087703680,2026-01-14T00:02:07.903703680,9,2026-01-14 00:01:59.90375,2,2,2.0,True,l2a_ion_grid_charge,1,5,Pulser,quicklook+event_list,imap_idex_l2a_sci-10days_20260110_v003.cdf,14,156.3637555293608,162.19786194236707,0.5751012486774804,42815.74908382801,213.3549510991079,0.0035350623394448167,84.44920923831954,0.4208184439824613,6.972509545256049e-06,Target H,Target_High,target_high_fit_results,0.645529928713956,0.33687753642863594,0.05422633311155778,2.4627600379062073,512
imap_idex_l1b_sci-10days_20260110_v003.cdf,14,821620997087703680,2026-01-14T00:02:07.903703680,9,2026-01-14 00:01:59.90375,2,2,2.0,True,l2a_ion_grid_charge,1,5,Pulser,quicklook+event_list,imap_idex_l2a_sci-10days_20260110_v003.cdf,14,156.3637555293608,162.19786194236707,0.5751012486774804,42815.74908382801,213.3549510991079,0.0035350623394448167,84.44920923831954,0.4208184439824613,6.972509545256049e-06,Target L,Target_Low,target_low_fit_results,9.144643783622826,8.247027704047646,2.2310255887878156,25.752010842472373,512
imap_idex_l1b_sci-10days_20260110_v003.cdf,14,821620997087703680,2026-01-14T00:02:07.903703680,9,2026-01-14 00:01:59.90375,2,2,2.0,True,l2a_ion_grid_charge,1,5,Pulser,quicklook+event_list,imap_idex_l2a_sci-10days_20260110_v003.cdf,14,156.3637555293608,162.19786194236707,0.5751012486774804,42815.74908382801,213.3549510991079,0.0035350623394448167,84.44920923831954,0.4208184439824613,6.972509545256049e-06,Ion Grid,Ion_Grid,ion_grid_fit_results,0.002627626044879324,0.0011060196000002008,-2.055433319347877e-05,0.00880355722410675,512
imap_idex_l1b_sci-10days_20260110_v003.cdf,15,821621005087636480,2026-01-14T00:02:15.903636480,9,2026-01-14 00:01:59.90375,3,3,3.0,True,l2a_ion_grid_charge,1,5,Pulser,quicklook+event_list,imap_idex_l2a_sci-10days_20260110_v003.cdf,15,234.94302923589203,243.75958305668814,0.8653259180345863,41497.94203167057,346.6217148750695,0.0068990854425841994,81.84998428337391,0.6836720214498412,1.360766359484063e-05,Target H,Target_High,target_high_fit_results,0.8227973850623068,0.24166380000001617,0.08185225837519283,2.9350582616996235,512
imap_idex_l1b_sci-10days_20260110_v003.cdf,15,821621005087636480,2026-01-14T00:02:15.903636480,9,2026-01-14 00:01:59.90375,3,3,3.0,True,l2a_ion_grid_charge,1,5,Pulser,quicklook+event_list,imap_idex_l2a_sci-10days_20260110_v003.cdf,15,234.94302923589203,243.75958305668814,0.8653259180345863,41497.94203167057,346.6217148750695,0.0068990854425841994,81.84998428337391,0.6836720214498412,1.360766359484063e-05,Target L,Target_Low,target_low_fit_results,9.00281445052638,7.705408101188934,4.135985676621203,35.735985676623386,512
imap_idex_l1b_sci-10days_20260110_v003.cdf,15,821621005087636480,2026-01-14T00:02:15.903636480,9,2026-01-14 00:01:59.90375,3,3,3.0,True,l2a_ion_grid_charge,1,5,Pulser,quicklook+event_list,imap_idex_l2a_sci-10days_20260110_v003.cdf,15,234.94302923589203,243.75958305668814,0.8653259180345863,41497.94203167057,346.6217148750695,0.0068990854425841994,81.84998428337391,0.6836720214498412,1.360766359484063e-05,Ion Grid,Ion_Grid,ion_grid_fit_results,0.003670800492405882,0.0011060196000002008,-0.00010169499516221592,0.012817093974233584,512
imap_idex_l1b_sci-10days_20260110_v003.cdf,16,821621013087589376,2026-01-14T00:02:23.903589376,9,2026-01-14 00:01:59.90375,4,4,4.0,True,l2a_ion_grid_charge,1,5,Pulser,quicklook+event_list,imap_idex_l2a_sci-10days_20260110_v003.cdf,16,311.2744619135883,323.74654233298355,1.1528851079260505,46000.12252686528,544.9975690091202,0.010640671612025967,90.73002470782106,1.0749458954814994,2.0987517972437807e-05,Target H,Target_High,target_high_fit_results,1.0317210751801758,0.24166380000001617,0.026625584284317938,8.428393057260791,512
imap_idex_l1b_sci-10days_20260110_v003.cdf,16,821621013087589376,2026-01-14T00:02:23.903589376,9,2026-01-14 00:01:59.90375,4,4,4.0,True,l2a_ion_grid_charge,1,5,Pulser,quicklook+event_list,imap_idex_l2a_sci-10days_20260110_v003.cdf,16,311.2744619135883,323.74654233298355,1.1528851079260505,46000.12252686528,544.9975690091202,0.010640671612025967,90.73002470782106,1.0749458954814994,2.0987517972437807e-05,Target L,Target_Low,target_low_fit_results,9.478606928778287,8.53267977686654,3.3187779732361378,28.460055945062777,512
imap_idex_l1b_sci-10days_20260110_v003.cdf,16,821621013087589376,2026-01-14T00:02:23.903589376,9,2026-01-14 00:01:59.90375,4,4,4.0,True,l2a_ion_grid_charge,1,5,Pulser,quicklook+event_list,imap_idex_l2a_sci-10days_20260110_v003.cdf,16,311.2744619135883,323.74654233298355,1.1528851079260505,46000.12252686528,544.9975690091202,0.010640671612025967,90.73002470782106,1.0749458954814994,2.0987517972437807e-05,Ion Grid,Ion_Grid,ion_grid_fit_results,0.0045587895040501945,0.0011060196000002008,-0.0002247153282475267,0.01567222289301151,512
imap_idex_l1b_sci-10days_20260110_v003.cdf,17,821621021087542272,2026-01-14T00:02:31.903542272,9,2026-01-14 00:01:59.90375,5,5,5.0,True,l2a_ion_grid_charge,1,5,Pulser,quicklook+event_list,imap_idex_l2a_sci-10days_20260110_v003.cdf,17,737.0207268282829,369.01561275551734,1.439423384645627,41403.062243083565,192873.63872052304,0.014307212085283136,81.66284466091433,380.4213781469883,2.8219353225410525e-05,Target H,Target_High,target_high_fit_results,19.408923865738192,0.48332759999994807,0.10308939040947962,55.50735124626658,512
imap_idex_l1b_sci-10days_20260110_v003.cdf,17,821621021087542272,2026-01-14T00:02:31.903542272,9,2026-01-14 00:01:59.90375,5,5,5.0,True,l2a_ion_grid_charge,1,5,Pulser,quicklook+event_list,imap_idex_l2a_sci-10days_20260110_v003.cdf,17,737.0207268282829,369.01561275551734,1.439423384645627,41403.062243083565,192873.63872052304,0.014307212085283136,81.66284466091433,380.4213781469883,2.8219353225410525e-05,Target L,Target_Low,target_low_fit_results,8.992516663510976,9.294852352501776,3.5692667346884264,26.145355607925012,512
imap_idex_l1b_sci-10days_20260110_v003.cdf,17,821621021087542272,2026-01-14T00:02:31.903542272,9,2026-01-14 00:01:59.90375,5,5,5.0,True,l2a_ion_grid_charge,1,5,Pulser,quicklook+event_list,imap_idex_l2a_sci-10days_20260110_v003.cdf,17,737.0207268282829,369.01561275551734,1.439423384645627,41403.062243083565,192873.63872052304,0.014307212085283136,81.66284466091433,380.4213781469883,2.8219353225410525e-05,Ion Grid,Ion_Grid,ion_grid_fit_results,0.005286187057234035,0.0011060196000002008,-0.00017937184711458443,0.01965617206064288,512
imap_idex_l1b_sci-10days_20260120_v003.cdf,327,822312187976789888,2026-01-22T00:01:58.792789888,10,2026-01-22 00:01:58.792789,1,1,1.0,True,l2a_ion_grid_charge,1,5,Pulser,quicklook+event_list,imap_idex_l2a_sci-10days_20260120_v003.cdf,327,78.57737972322502,81.04940473234825,0.2844686228833857,42548.057253824896,85.03002567140123,0.0013321902113534404,83.92121746316548,0.1677120821921129,2.62759410523361e-06,Target H,Target_High,target_high_fit_results,0.40752210846708126,0.24166380000001617,-7.266938149541602e-05,1.5185123123127937,512
imap_idex_l1b_sci-10days_20260120_v003.cdf,327,822312187976789888,2026-01-22T00:01:58.792789888,10,2026-01-22 00:01:58.792789,1,1,1.0,True,l2a_ion_grid_charge,1,5,Pulser,quicklook+event_list,imap_idex_l2a_sci-10days_20260120_v003.cdf,327,78.57737972322502,81.04940473234825,0.2844686228833857,42548.057253824896,85.03002567140123,0.0013321902113534404,83.92121746316548,0.1677120821921129,2.62759410523361e-06,Target L,Target_Low,target_low_fit_results,9.116011974755011,6.178336238938726,3.886795687103586,28.174821671378595,512
imap_idex_l1b_sci-10days_20260120_v003.cdf,327,822312187976789888,2026-01-22T00:01:58.792789888,10,2026-01-22 00:01:58.792789,1,1,1.0,True,l2a_ion_grid_charge,1,5,Pulser,quicklook+event_list,imap_idex_l2a_sci-10days_20260120_v003.cdf,327,78.57737972322502,81.04940473234825,0.2844686228833857,42548.057253824896,85.03002567140123,0.0013321902113534404,83.92121746316548,0.1677120821921129,2.62759410523361e-06,Ion Grid,Ion_Grid,ion_grid_fit_results,0.001613051148150513,0.0011060196000002008,-4.788270519018312e-05,0.005593332576924848,512
imap_idex_l1b_sci-10days_20260120_v003.cdf,328,822312195976722816,2026-01-22T00:02:06.792722816,10,2026-01-22 00:01:58.792789,2,2,2.0,True,l2a_ion_grid_charge,1,5,Pulser,quicklook+event_list,imap_idex_l2a_sci-10days_20260120_v003.cdf,328,157.03877372312127,162.18652405587227,0.5756391980625115,44775.10083875223,217.2447712677623,0.003972196174949932,88.31380836045805,0.4284906731119572,7.834706459467321e-06,Target H,Target_High,target_high_fit_results,0.6513878981700137,0.24166380000001617,0.029676193175873777,2.1993889987151647,512
imap_idex_l1b_sci-10days_20260120_v003.cdf,328,822312195976722816,2026-01-22T00:02:06.792722816,10,2026-01-22 00:01:58.792789,2,2,2.0,True,l2a_ion_grid_charge,1,5,Pulser,quicklook+event_list,imap_idex_l2a_sci-10days_20260120_v003.cdf,328,157.03877372312127,162.18652405587227,0.5756391980625115,44775.10083875223,217.2447712677623,0.003972196174949932,88.31380836045805,0.4284906731119572,7.834706459467321e-06,Target L,Target_Low,target_low_fit_results,9.351543660042868,7.056523358866182,4.126015356783682,29.53583467011049,512
imap_idex_l1b_sci-10days_20260120_v003.cdf,328,822312195976722816,2026-01-22T00:02:06.792722816,10,2026-01-22 00:01:58.792789,2,2,2.0,True,l2a_ion_grid_charge,1,5,Pulser,quicklook+event_list,imap_idex_l2a_sci-10days_20260120_v003.cdf,328,157.03877372312127,162.18652405587227,0.5756391980625115,44775.10083875223,217.2447712677623,0.003972196174949932,88.31380836045805,0.4284906731119572,7.834706459467321e-06,Ion Grid,Ion_Grid,ion_grid_fit_results,0.002785353775411498,0.0011060196000002008,-0.0005745589559311703,0.009670451415656922,512
imap_idex_l1b_sci-10days_20260120_v003.cdf,329,822312203976675712,2026-01-22T00:02:14.792675712,10,2026-01-22 00:01:58.792789,3,3,3.0,True,l2a_ion_grid_charge,1,5,Pulser,quicklook+event_list,imap_idex_l2a_sci-10days_20260120_v003.cdf,329,233.65062496231621,243.68292071951004,0.8658144622324172,41635.84727248769,337.07218796211384,0.0074867405519061766,82.12198673074495,0.6648366626471673,1.4766746650702517e-05,Target H,Target_High,target_high_fit_results,0.8113840749691256,0.24166380000001617,0.03140700641489502,2.8837507950884174,512
imap_idex_l1b_sci-10days_20260120_v003.cdf,329,822312203976675712,2026-01-22T00:02:14.792675712,10,2026-01-22 00:01:58.792789,3,3,3.0,True,l2a_ion_grid_charge,1,5,Pulser,quicklook+event_list,imap_idex_l2a_sci-10days_20260120_v003.cdf,329,233.65062496231621,243.68292071951004,0.8658144622324172,41635.84727248769,337.07218796211384,0.0074867405519061766,82.12198673074495,0.6648366626471673,1.4766746650702517e-05,Target L,Target_Low,target_low_fit_results,9.017761041637637,6.784382003081293,3.1218100901460275,32.43734425464572,512
imap_idex_l1b_sci-10days_20260120_v003.cdf,329,822312203976675712,2026-01-22T00:02:14.792675712,10,2026-01-22 00:01:58.792789,3,3,3.0,True,l2a_ion_grid_charge,1,5,Pulser,quicklook+event_list,imap_idex_l2a_sci-10days_20260120_v003.cdf,329,233.65062496231621,243.68292071951004,0.8658144622324172,41635.84727248769,337.07218796211384,0.0074867405519061766,82.12198673074495,0.6648366626471673,1.4766746650702517e-05,Ion Grid,Ion_Grid,ion_grid_fit_results,0.0038239430095703244,0.0011060196000002008,-0.000621599310986154,0.012776508801374709,512
imap_idex_l1b_sci-10days_20260120_v003.cdf,330,822312211976628608,2026-01-22T00:02:22.792628608,10,2026-01-22 00:01:58.792789,4,4,4.0,True,l2a_ion_grid_charge,1,5,Pulser,quicklook+event_list,imap_idex_l2a_sci-10days_20260120_v003.cdf,330,312.0309484175523,323.7619230516022,1.1533762101329625,43412.961963061345,522.0008990653175,0.011209170938801721,85.6271439113636,1.0295875721209418,2.210881841972726e-05,Target H,Target_High,target_high_fit_results,1.0097192708802523,0.2505611211191087,0.0460218142295048,8.223620082483762,512
imap_idex_l1b_sci-10days_20260120_v003.cdf,330,822312211976628608,2026-01-22T00:02:22.792628608,10,2026-01-22 00:01:58.792789,4,4,4.0,True,l2a_ion_grid_charge,1,5,Pulser,quicklook+event_list,imap_idex_l2a_sci-10days_20260120_v003.cdf,330,312.0309484175523,323.7619230516022,1.1533762101329625,43412.961963061345,522.0008990653175,0.011209170938801721,85.6271439113636,1.0295875721209418,2.210881841972726e-05,Target L,Target_Low,target_low_fit_results,9.208199679313225,8.538650743659513,4.055401490850272,29.238647598205716,512
imap_idex_l1b_sci-10days_20260120_v003.cdf,330,822312211976628608,2026-01-22T00:02:22.792628608,10,2026-01-22 00:01:58.792789,4,4,4.0,True,l2a_ion_grid_charge,1,5,Pulser,quicklook+event_list,imap_idex_l2a_sci-10days_20260120_v003.cdf,330,312.0309484175523,323.7619230516022,1.1533762101329625,43412.961963061345,522.0008990653175,0.011209170938801721,85.6271439113636,1.0295875721209418,2.210881841972726e-05,Ion Grid,Ion_Grid,ion_grid_fit_results,0.0046789862138979545,0.0012437141429946408,-0.0008538737409340413,0.015931297810175993,512
imap_idex_l1b_sci-10days_20260120_v003.cdf,331,822312219976581632,2026-01-22T00:02:30.792581632,10,2026-01-22 00:01:58.792789,5,5,5.0,True,l2a_ion_grid_charge,1,5,Pulser,quicklook+event_list,imap_idex_l2a_sci-10days_20260120_v003.cdf,331,736.3104929030233,369.0959011439134,1.4396417369581733,43018.19529438729,193013.90283905543,0.014432194493778975,84.84851142877177,380.6980332131271,2.846586685163506e-05,Target H,Target_High,target_high_fit_results,19.4159799902691,0.48332760000003233,0.17218570903997943,55.32785976591799,512
imap_idex_l1b_sci-10days_20260120_v003.cdf,331,822312219976581632,2026-01-22T00:02:30.792581632,10,2026-01-22 00:01:58.792789,5,5,5.0,True,l2a_ion_grid_charge,1,5,Pulser,quicklook+event_list,imap_idex_l2a_sci-10days_20260120_v003.cdf,331,736.3104929030233,369.0959011439134,1.4396417369581733,43018.19529438729,193013.90283905543,0.014432194493778975,84.84851142877177,380.6980332131271,2.846586685163506e-05,Target L,Target_Low,target_low_fit_results,9.166237651531308,6.52773542295038,3.819766517746757,27.780233482251788,512
imap_idex_l1b_sci-10days_20260120_v003.cdf,331,822312219976581632,2026-01-22T00:02:30.792581632,10,2026-01-22 00:01:58.792789,5,5,5.0,True,l2a_ion_grid_charge,1,5,Pulser,quicklook+event_list,imap_idex_l2a_sci-10days_20260120_v003.cdf,331,736.3104929030233,369.0959011439134,1.4396417369581733,43018.19529438729,193013.90283905543,0.014432194493778975,84.84851142877177,380.6980332131271,2.846586685163506e-05,Ion Grid,Ion_Grid,ion_grid_fit_results,0.005309225920100035,0.0011060196000002008,-0.00025535769639573047,0.01935652825398429,512
imap_idex_l1b_sci-10days_20260130_v003.cdf,1,823003387866793472,2026-01-30T00:01:58.682793472,11,2026-01-30 00:01:58.682793,1,1,1.0,True,l2a_ion_grid_charge,1,5,Pulser,quicklook+event_list,imap_idex_l2a_sci-10days_20260130_v003.cdf,1,77.09973908954271,81.11212933374571,0.2843367959757812,42507.28308784478,92.99778076999786,0.0013869421529013515,83.84079504505874,0.1834275754832305,2.735586100397143e-06,Target H,Target_High,target_high_fit_results,0.42618809294301274,0.24166380000001617,0.02169298110334239,1.304304304076254,512
imap_idex_l1b_sci-10days_20260130_v003.cdf,1,823003387866793472,2026-01-30T00:01:58.682793472,11,2026-01-30 00:01:58.682793,1,1,1.0,True,l2a_ion_grid_charge,1,5,Pulser,quicklook+event_list,imap_idex_l2a_sci-10days_20260130_v003.cdf,1,77.09973908954271,81.11212933374571,0.2843367959757812,42507.28308784478,92.99778076999786,0.0013869421529013515,83.84079504505874,0.1834275754832305,2.735586100397143e-06,Target L,Target_Low,target_low_fit_results,9.11164295179233,6.424279460777793,3.6751870198058896,28.489845822696225,512
imap_idex_l1b_sci-10days_20260130_v003.cdf,1,823003387866793472,2026-01-30T00:01:58.682793472,11,2026-01-30 00:01:58.682793,1,1,1.0,True,l2a_ion_grid_charge,1,5,Pulser,quicklook+event_list,imap_idex_l2a_sci-10days_20260130_v003.cdf,1,77.09973908954271,81.11212933374571,0.2843367959757812,42507.28308784478,92.99778076999786,0.0013869421529013515,83.84079504505874,0.1834275754832305,2.735586100397143e-06,Ion Grid,Ion_Grid,ion_grid_fit_results,0.0016458649374676685,0.0011060196000002008,-9.723916475956607e-05,0.006046523591662467,512
imap_idex_l1b_sci-10days_20260130_v003.cdf,2,823003395866726528,2026-01-30T00:02:06.682726528,11,2026-01-30 00:01:58.682793,2,2,2.0,True,l2a_ion_grid_charge,1,5,Pulser,quicklook+event_list,imap_idex_l2a_sci-10days_20260130_v003.cdf,2,151.73406787770364,162.01669548604713,0.5756767796393448,46459.30875113577,210.75312908857103,0.004111167080849432,91.63571745786149,0.4156866451451105,8.108810810353908e-06,Target H,Target_High,target_high_fit_results,0.6415817993452708,0.24166380000001617,0.09208342080131615,2.2598343547236937,512
imap_idex_l1b_sci-10days_20260130_v003.cdf,2,823003395866726528,2026-01-30T00:02:06.682726528,11,2026-01-30 00:01:58.682793,2,2,2.0,True,l2a_ion_grid_charge,1,5,Pulser,quicklook+event_list,imap_idex_l2a_sci-10days_20260130_v003.cdf,2,151.73406787770364,162.01669548604713,0.5756767796393448,46459.30875113577,210.75312908857103,0.004111167080849432,91.63571745786149,0.4156866451451105,8.108810810353908e-06,Target L,Target_Low,target_low_fit_results,9.525798517949141,8.593185860320933,3.1963523621416243,27.31105989311982,512
imap_idex_l1b_sci-10days_20260130_v003.cdf,2,823003395866726528,2026-01-30T00:02:06.682726528,11,2026-01-30 00:01:58.682793,2,2,2.0,True,l2a_ion_grid_charge,1,5,Pulser,quicklook+event_list,imap_idex_l2a_sci-10days_20260130_v003.cdf,2,151.73406787770364,162.01669548604713,0.5756767796393448,46459.30875113577,210.75312908857103,0.004111167080849432,91.63571745786149,0.4156866451451105,8.108810810353908e-06,Ion Grid,Ion_Grid,ion_grid_fit_results,0.0028336589782089246,0.0011060196000002008,-0.0003138336403682995,0.009000294807524734,512
imap_idex_l1b_sci-10days_20260130_v003.cdf,3,823003403866679424,2026-01-30T00:02:14.682679424,11,2026-01-30 00:01:58.682793,3,3,3.0,True,l2a_ion_grid_charge,1,5,Pulser,quicklook+event_list,imap_idex_l2a_sci-10days_20260130_v003.cdf,3,230.48067029128288,243.74172962328515,0.866034239140122,42122.31760114753,335.2857710595696,0.007545630532525161,83.08149428234226,0.6613131579084213,1.4882900458629509e-05,Target H,Target_High,target_high_fit_results,0.8092311299009214,0.24166380000001617,0.021660257828386875,3.0523422985573916,512
imap_idex_l1b_sci-10days_20260130_v003.cdf,3,823003403866679424,2026-01-30T00:02:14.682679424,11,2026-01-30 00:01:58.682793,3,3,3.0,True,l2a_ion_grid_charge,1,5,Pulser,quicklook+event_list,imap_idex_l2a_sci-10days_20260130_v003.cdf,3,230.48067029128288,243.74172962328515,0.866034239140122,42122.31760114753,335.2857710595696,0.007545630532525161,83.08149428234226,0.6613131579084213,1.4882900458629509e-05,Target L,Target_Low,target_low_fit_results,9.070289497295072,8.438143388851485,3.4274455404774926,24.304956973992375,512
imap_idex_l1b_sci-10days_20260130_v003.cdf,3,823003403866679424,2026-01-30T00:02:14.682679424,11,2026-01-30 00:01:58.682793,3,3,3.0,True,l2a_ion_grid_charge,1,5,Pulser,quicklook+event_list,imap_idex_l2a_sci-10days_20260130_v003.cdf,3,230.48067029128288,243.74172962328515,0.866034239140122,42122.31760114753,335.2857710595696,0.007545630532525161,83.08149428234226,0.6613131579084213,1.4882900458629509e-05,Ion Grid,Ion_Grid,ion_grid_fit_results,0.0038389529345692957,0.0011060196000002008,-0.00029765727671926534,0.013447715352712608,512
imap_idex_l1b_sci-10days_20260130_v003.cdf,4,823003411866632320,2026-01-30T00:02:22.682632320,11,2026-01-30 00:01:58.682793,4,4,4.0,True,l2a_ion_grid_charge,1,5,Pulser,quicklook+event_list,imap_idex_l2a_sci-10days_20260130_v003.cdf,4,309.5118943282032,323.77786430450857,1.1532812149774623,41799.022231600495,502.5926224321223,0.011179821759740994,82.44383083155915,0.9913069475978744,2.2050930492585788e-05,Target H,Target_High,target_high_fit_results,0.9907705161578734,0.24166380000001617,0.03900112239313103,8.028688061214893,512
imap_idex_l1b_sci-10days_20260130_v003.cdf,4,823003411866632320,2026-01-30T00:02:22.682632320,11,2026-01-30 00:01:58.682793,4,4,4.0,True,l2a_ion_grid_charge,1,5,Pulser,quicklook+event_list,imap_idex_l2a_sci-10days_20260130_v003.cdf,4,309.5118943282032,323.77786430450857,1.1532812149774623,41799.022231600495,502.5926224321223,0.011179821759740994,82.44383083155915,0.9913069475978744,2.2050930492585788e-05,Target L,Target_Low,target_low_fit_results,9.035414506047562,5.995509032909648,2.7408819626507466,28.8591180373478,512
imap_idex_l1b_sci-10days_20260130_v003.cdf,4,823003411866632320,2026-01-30T00:02:22.682632320,11,2026-01-30 00:01:58.682793,4,4,4.0,True,l2a_ion_grid_charge,1,5,Pulser,quicklook+event_list,imap_idex_l2a_sci-10days_20260130_v003.cdf,4,309.5118943282032,323.77786430450857,1.1532812149774623,41799.022231600495,502.5926224321223,0.011179821759740994,82.44383083155915,0.9913069475978744,2.2050930492585788e-05,Ion Grid,Ion_Grid,ion_grid_fit_results,0.0046728566610259,0.0011060196000002008,-0.0002855173301592462,0.01588514528840612,512
imap_idex_l1b_sci-10days_20260130_v003.cdf,5,823003419866585088,2026-01-30T00:02:30.682585088,11,2026-01-30 00:01:58.682793,5,5,5.0,True,l2a_ion_grid_charge,1,5,Pulser,quicklook+event_list,imap_idex_l2a_sci-10days_20260130_v003.cdf,5,735.0099497797019,369.18235968606564,1.440054797762758,39623.37043542958,193316.05054384447,0.014818530849420667,78.15260440913131,381.2939852935788,2.922787149787114e-05,Target H,Target_High,target_high_fit_results,19.431171123183653,0.49839163146082754,0.12828813756391355,55.57223212746135,512
imap_idex_l1b_sci-10days_20260130_v003.cdf,5,823003419866585088,2026-01-30T00:02:30.682585088,11,2026-01-30 00:01:58.682793,5,5,5.0,True,l2a_ion_grid_charge,1,5,Pulser,quicklook+event_list,imap_idex_l2a_sci-10days_20260130_v003.cdf,5,735.0099497797019,369.18235968606564,1.440054797762758,39623.37043542958,193316.05054384447,0.014818530849420667,78.15260440913131,381.2939852935788,2.922787149787114e-05,Target L,Target_Low,target_low_fit_results,8.797124267719445,5.620424193352087,2.6829623411249486,28.917037658873596,512
imap_idex_l1b_sci-10days_20260130_v003.cdf,5,823003419866585088,2026-01-30T00:02:30.682585088,11,2026-01-30 00:01:58.682793,5,5,5.0,True,l2a_ion_grid_charge,1,5,Pulser,quicklook+event_list,imap_idex_l2a_sci-10days_20260130_v003.cdf,5,735.0099497797019,369.18235968606564,1.440054797762758,39623.37043542958,193316.05054384447,0.014818530849420667,78.15260440913131,381.2939852935788,2.922787149787114e-05,Ion Grid,Ion_Grid,ion_grid_fit_results,0.005379818125668817,0.0011060196000002008,-0.00040493579607181474,0.018620368136954113,512
imap_idex_l1b_sci-10days_20260130_v003.cdf,18,823694586490063232,2026-02-07T00:01:57.306063232,12,2026-02-07 00:01:57.306063,1,1,1.0,True,l2a_ion_grid_charge,1,5,Pulser,quicklook+event_list,imap_idex_l2a_sci-10days_20260130_v003.cdf,18,76.91988197903993,81.02693098291724,0.28412971287077493,43012.01537059543,90.29734625711592,0.0013363639044487714,84.83632222997126,0.1781012746688677,2.6358262415163145e-06,Target H,Target_High,target_high_fit_results,0.4199547647169032,0.24166380000001617,0.12298404145559516,1.374391580389215,512
imap_idex_l1b_sci-10days_20260130_v003.cdf,18,823694586490063232,2026-02-07T00:01:57.306063232,12,2026-02-07 00:01:57.306063,1,1,1.0,True,l2a_ion_grid_charge,1,5,Pulser,quicklook+event_list,imap_idex_l2a_sci-10days_20260130_v003.cdf,18,76.91988197903993,81.02693098291724,0.28412971287077493,43012.01537059543,90.29734625711592,0.0013363639044487714,84.83632222997126,0.1781012746688677,2.6358262415163145e-06,Target L,Target_Low,target_low_fit_results,9.165579224505901,6.746069569457662,3.5177488186200208,32.102786254210514,512
imap_idex_l1b_sci-10days_20260130_v003.cdf,18,823694586490063232,2026-02-07T00:01:57.306063232,12,2026-02-07 00:01:57.306063,1,1,1.0,True,l2a_ion_grid_charge,1,5,Pulser,quicklook+event_list,imap_idex_l2a_sci-10days_20260130_v003.cdf,18,76.91988197903993,81.02693098291724,0.28412971287077493,43012.01537059543,90.29734625711592,0.0013363639044487714,84.83632222997126,0.1781012746688677,2.6358262415163145e-06,Ion Grid,Ion_Grid,ion_grid_fit_results,0.0016155759811523898,0.0005791377938969128,-0.0002124005287449382,0.005235613025415642,512
imap_idex_l1b_sci-10days_20260130_v003.cdf,19,823694594490016128,2026-02-07T00:02:05.306016128,12,2026-02-07 00:01:57.306063,2,2,2.0,True,l2a_ion_grid_charge,1,5,Pulser,quicklook+event_list,imap_idex_l2a_sci-10days_20260130_v003.cdf,19,153.7950057200178,162.1846801381065,0.5758433393615735,43021.14111812416,203.39602568166998,0.004205851662161192,84.85432173200032,0.40117559306049305,8.295565408601956e-06,Target H,Target_High,target_high_fit_results,0.6302839539917795,0.24166380000001617,0.11451953147093263,2.2749970565794797,512
imap_idex_l1b_sci-10days_20260130_v003.cdf,19,823694594490016128,2026-02-07T00:02:05.306016128,12,2026-02-07 00:01:57.306063,2,2,2.0,True,l2a_ion_grid_charge,1,5,Pulser,quicklook+event_list,imap_idex_l2a_sci-10days_20260130_v003.cdf,19,153.7950057200178,162.1846801381065,0.5758433393615735,43021.14111812416,203.39602568166998,0.004205851662161192,84.85432173200032,0.40117559306049305,8.295565408601956e-06,Target L,Target_Low,target_low_fit_results,9.166551491500838,7.636919865176257,3.102350315111835,29.403199566328112,512
imap_idex_l1b_sci-10days_20260130_v003.cdf,19,823694594490016128,2026-02-07T00:02:05.306016128,12,2026-02-07 00:01:57.306063,2,2,2.0,True,l2a_ion_grid_charge,1,5,Pulser,quicklook+event_list,imap_idex_l2a_sci-10days_20260130_v003.cdf,19,153.7950057200178,162.1846801381065,0.5758433393615735,43021.14111812416,203.39602568166998,0.004205851662161192,84.85432173200032,0.40117559306049305,8.295565408601956e-06,Ion Grid,Ion_Grid,ion_grid_fit_results,0.0028661043295139447,0.001239492098122041,-0.0003085435633521927,0.010239398480578643,512
imap_idex_l1b_sci-10days_20260130_v003.cdf,20,823694602489949056,2026-02-07T00:02:13.305949056,12,2026-02-07 00:01:57.306063,3,3,3.0,True,l2a_ion_grid_charge,1,5,Pulser,quicklook+event_list,imap_idex_l2a_sci-10days_20260130_v003.cdf,20,231.02467757086197,243.68101801587812,0.8659125375533527,45572.84037306867,316.83961946456094,0.007662536776854093,89.88725911847864,0.6249302159064318,1.5113484766970598e-05,Target H,Target_High,target_high_fit_results,0.7866558216696299,0.24166380000001617,0.149986724603707,2.7920829218062977,512
imap_idex_l1b_sci-10days_20260130_v003.cdf,20,823694602489949056,2026-02-07T00:02:13.305949056,12,2026-02-07 00:01:57.306063,3,3,3.0,True,l2a_ion_grid_charge,1,5,Pulser,quicklook+event_list,imap_idex_l2a_sci-10days_20260130_v003.cdf,20,231.02467757086197,243.68101801587812,0.8659125375533527,45572.84037306867,316.83961946456094,0.007662536776854093,89.88725911847864,0.6249302159064318,1.5113484766970598e-05,Target L,Target_Low,target_low_fit_results,9.434482171992787,8.709380852061125,4.228983610737487,27.788886867107067,512
imap_idex_l1b_sci-10days_20260130_v003.cdf,20,823694602489949056,2026-02-07T00:02:13.305949056,12,2026-02-07 00:01:57.306063,3,3,3.0,True,l2a_ion_grid_charge,1,5,Pulser,quicklook+event_list,imap_idex_l2a_sci-10days_20260130_v003.cdf,20,231.02467757086197,243.68101801587812,0.8659125375533527,45572.84037306867,316.83961946456094,0.007662536776854093,89.88725911847864,0.6249302159064318,1.5113484766970598e-05,Ion Grid,Ion_Grid,ion_grid_fit_results,0.003868577534739759,0.0011060196000002008,-0.00021525382401321735,0.013567413210921586,512
imap_idex_l1b_sci-10days_20260130_v003.cdf,21,823694610489902080,2026-02-07T00:02:21.305902080,12,2026-02-07 00:01:57.306063,4,4,4.0,True,l2a_ion_grid_charge,1,5,Pulser,quicklook+event_list,imap_idex_l2a_sci-10days_20260130_v003.cdf,21,312.0839065300934,323.76719463383375,1.1534711329215255,41878.53879425325,493.5251001715582,0.0112681840551243,82.60066823324112,0.973422288306821,2.2225215098864496e-05,Target H,Target_High,target_high_fit_results,0.9817923463098369,0.24166380000001617,0.1242339546898279,7.930418341010181,512
imap_idex_l1b_sci-10days_20260130_v003.cdf,21,823694610489902080,2026-02-07T00:02:21.305902080,12,2026-02-07 00:01:57.306063,4,4,4.0,True,l2a_ion_grid_charge,1,5,Pulser,quicklook+event_list,imap_idex_l2a_sci-10days_20260130_v003.cdf,21,312.0839065300934,323.76719463383375,1.1534711329215255,41878.53879425325,493.5251001715582,0.0112681840551243,82.60066823324112,0.973422288306821,2.2225215098864496e-05,Target L,Target_Low,target_low_fit_results,9.044004703809362,8.099510131641967,3.939314091941924,26.55385745442254,512
imap_idex_l1b_sci-10days_20260130_v003.cdf,21,823694610489902080,2026-02-07T00:02:21.305902080,12,2026-02-07 00:01:57.306063,4,4,4.0,True,l2a_ion_grid_charge,1,5,Pulser,quicklook+event_list,imap_idex_l2a_sci-10days_20260130_v003.cdf,21,312.0839065300934,323.76719463383375,1.1534711329215255,41878.53879425325,493.5251001715582,0.0112681840551243,82.60066823324112,0.973422288306821,2.2225215098864496e-05,Ion Grid,Ion_Grid,ion_grid_fit_results,0.004691286815220814,0.0011060196000002008,-0.00025925435403784114,0.016465476247705446,512
imap_idex_l1b_sci-10days_20260130_v003.cdf,22,823694618489854976,2026-02-07T00:02:29.305854976,12,2026-02-07 00:01:57.306063,5,5,5.0,True,l2a_ion_grid_charge,1,5,Pulser,quicklook+event_list,imap_idex_l2a_sci-10days_20260130_v003.cdf,22,739.2905070846646,369.2156236031723,1.4402588547271435,41685.287196360776,193759.79792763552,0.014838434713193715,82.21950137349265,382.16922668172685,2.9267129611821922e-05,Target H,Target_High,target_high_fit_results,19.453459983442873,0.489539606773087,0.09867836329806323,55.54725775781128,512
imap_idex_l1b_sci-10days_20260130_v003.cdf,22,823694618489854976,2026-02-07T00:02:29.305854976,12,2026-02-07 00:01:57.306063,5,5,5.0,True,l2a_ion_grid_charge,1,5,Pulser,quicklook+event_list,imap_idex_l2a_sci-10days_20260130_v003.cdf,22,739.2905070846646,369.2156236031723,1.4402588547271435,41685.287196360776,193759.79792763552,0.014838434713193715,82.21950137349265,382.16922668172685,2.9267129611821922e-05,Target L,Target_Low,target_low_fit_results,9.02311346240266,7.883786162071521,2.9317563170225185,26.256874084429,512
imap_idex_l1b_sci-10days_20260130_v003.cdf,22,823694618489854976,2026-02-07T00:02:29.305854976,12,2026-02-07 00:01:57.306063,5,5,5.0,True,l2a_ion_grid_charge,1,5,Pulser,quicklook+event_list,imap_idex_l2a_sci-10days_20260130_v003.cdf,22,739.2905070846646,369.2156236031723,1.4402588547271435,41685.287196360776,193759.79792763552,0.014838434713193715,82.21950137349265,382.16922668172685,2.9267129611821922e-05,Ion Grid,Ion_Grid,ion_grid_fit_results,0.005383429928884231,0.0011060196000002008,-0.0002941648753886916,0.018645100767781697,512
imap_idex_l1b_sci-10days_20260209_v003.cdf,6,824385786186557184,2026-02-15T00:01:57.002557184,13,2026-02-15 00:01:57.002557,1,1,1.0,True,l2a_ion_grid_charge,1,5,Pulser,quicklook+event_list,imap_idex_l2a_sci-10days_20260209_v003.cdf,6,79.72827930366475,81.15875165897756,0.2842984579565888,43168.176054328345,91.98891551547332,0.0013954005600088227,85.14433146810325,0.18143770318633792,2.7522693491298277e-06,Target H,Target_High,target_high_fit_results,0.42387008695608475,0.24166380000001617,0.04196637832421857,1.3525737965107965,512
imap_idex_l1b_sci-10days_20260209_v003.cdf,6,824385786186557184,2026-02-15T00:01:57.002557184,13,2026-02-15 00:01:57.002557,1,1,1.0,True,l2a_ion_grid_charge,1,5,Pulser,quicklook+event_list,imap_idex_l2a_sci-10days_20260209_v003.cdf,6,79.72827930366475,81.15875165897756,0.2842984579565888,43168.176054328345,91.98891551547332,0.0013954005600088227,85.14433146810325,0.18143770318633792,2.7522693491298277e-06,Target L,Target_Low,target_low_fit_results,9.182202560176401,8.213490227095386,2.4178908905578282,23.120095565969677,512
imap_idex_l1b_sci-10days_20260209_v003.cdf,6,824385786186557184,2026-02-15T00:01:57.002557184,13,2026-02-15 00:01:57.002557,1,1,1.0,True,l2a_ion_grid_charge,1,5,Pulser,quicklook+event_list,imap_idex_l2a_sci-10days_20260209_v003.cdf,6,79.72827930366475,81.15875165897756,0.2842984579565888,43168.176054328345,91.98891551547332,0.0013954005600088227,85.14433146810325,0.18143770318633792,2.7522693491298277e-06,Ion Grid,Ion_Grid,ion_grid_fit_results,0.0016508760458517871,0.0011060196000002008,1.6074531798082603e-05,0.006087561286954202,512
imap_idex_l1b_sci-10days_20260209_v003.cdf,7,824385794186510080,2026-02-15T00:02:05.002510080,13,2026-02-15 00:01:57.002557,2,2,2.0,True,l2a_ion_grid_charge,1,5,Pulser,quicklook+event_list,imap_idex_l2a_sci-10days_20260209_v003.cdf,7,152.19978040621572,162.15576439253607,0.5757543760627144,44151.65558004644,205.40287392673943,0.004211117759628742,87.0841332939772,0.4051338736227602,8.305952188616848e-06,Target H,Target_High,target_high_fit_results,0.6333857340816598,0.24166380000001617,0.03183407894960055,2.2143177823180054,512
imap_idex_l1b_sci-10days_20260209_v003.cdf,7,824385794186510080,2026-02-15T00:02:05.002510080,13,2026-02-15 00:01:57.002557,2,2,2.0,True,l2a_ion_grid_charge,1,5,Pulser,quicklook+event_list,imap_idex_l2a_sci-10days_20260209_v003.cdf,7,152.19978040621572,162.15576439253607,0.5757543760627144,44151.65558004644,205.40287392673943,0.004211117759628742,87.0841332939772,0.4051338736227602,8.305952188616848e-06,Target L,Target_Low,target_low_fit_results,9.286210330634246,7.483241832818163,3.1765464688214706,33.207544059823704,512
imap_idex_l1b_sci-10days_20260209_v003.cdf,7,824385794186510080,2026-02-15T00:02:05.002510080,13,2026-02-15 00:01:57.002557,2,2,2.0,True,l2a_ion_grid_charge,1,5,Pulser,quicklook+event_list,imap_idex_l2a_sci-10days_20260209_v003.cdf,7,152.19978040621572,162.15576439253607,0.5757543760627144,44151.65558004644,205.40287392673943,0.004211117759628742,87.0841332939772,0.4051338736227602,8.305952188616848e-06,Ion Grid,Ion_Grid,ion_grid_fit_results,0.00286789807599135,0.0011060196000002008,-3.5719999580852146e-05,0.009533867088427295,512
imap_idex_l1b_sci-10days_20260209_v003.cdf,8,824385802186462976,2026-02-15T00:02:13.002462976,13,2026-02-15 00:01:57.002557,3,3,3.0,True,l2a_ion_grid_charge,1,5,Pulser,quicklook+event_list,imap_idex_l2a_sci-10days_20260209_v003.cdf,8,234.21481204688826,243.69398167264222,0.8660757746767453,39386.21460496846,343.2834416613791,0.007828821250734867,77.68484142991807,0.6770876561368423,1.5441462033007628e-05,Target H,Target_High,target_high_fit_results,0.8188256664241058,0.24166380000001617,0.027418530919192108,2.936741020966224,512
imap_idex_l1b_sci-10days_20260209_v003.cdf,8,824385802186462976,2026-02-15T00:02:13.002462976,13,2026-02-15 00:01:57.002557,3,3,3.0,True,l2a_ion_grid_charge,1,5,Pulser,quicklook+event_list,imap_idex_l2a_sci-10days_20260209_v003.cdf,8,234.21481204688826,243.69398167264222,0.8660757746767453,39386.21460496846,343.2834416613791,0.007828821250734867,77.68484142991807,0.6770876561368423,1.5441462033007628e-05,Target L,Target_Low,target_low_fit_results,8.770758256862916,7.848580802474716,1.523399314890412,28.441314089024672,512
imap_idex_l1b_sci-10days_20260209_v003.cdf,8,824385802186462976,2026-02-15T00:02:13.002462976,13,2026-02-15 00:01:57.002557,3,3,3.0,True,l2a_ion_grid_charge,1,5,Pulser,quicklook+event_list,imap_idex_l2a_sci-10days_20260209_v003.cdf,8,234.21481204688826,243.69398167264222,0.8660757746767453,39386.21460496846,343.2834416613791,0.007828821250734867,77.68484142991807,0.6770876561368423,1.5441462033007628e-05,Ion Grid,Ion_Grid,ion_grid_fit_results,0.003910328183841036,0.0011060196000002008,-0.0006274528370977528,0.01440500042274584,512
imap_idex_l1b_sci-10days_20260209_v003.cdf,9,824385810186415872,2026-02-15T00:02:21.002415872,13,2026-02-15 00:01:57.002557,4,4,4.0,True,l2a_ion_grid_charge,1,5,Pulser,quicklook+event_list,imap_idex_l2a_sci-10days_20260209_v003.cdf,9,308.9076867670083,323.63801715784126,1.1534625078582492,40671.59682306509,517.9957582536008,0.011606933506168605,80.22011207705147,1.0216878861017766,2.2893359972719143e-05,Target H,Target_High,target_high_fit_results,1.00583819043575,0.24166380000001617,0.08041672767564023,8.422993796226137,512
imap_idex_l1b_sci-10days_20260209_v003.cdf,9,824385810186415872,2026-02-15T00:02:21.002415872,13,2026-02-15 00:01:57.002557,4,4,4.0,True,l2a_ion_grid_charge,1,5,Pulser,quicklook+event_list,imap_idex_l2a_sci-10days_20260209_v003.cdf,9,308.9076867670083,323.63801715784126,1.1534625078582492,40671.59682306509,517.9957582536008,0.011606933506168605,80.22011207705147,1.0216878861017766,2.2893359972719143e-05,Target L,Target_Low,target_low_fit_results,8.912727559229499,7.956624274333252,2.2507887148385635,32.282786145980936,512
imap_idex_l1b_sci-10days_20260209_v003.cdf,9,824385810186415872,2026-02-15T00:02:21.002415872,13,2026-02-15 00:01:57.002557,4,4,4.0,True,l2a_ion_grid_charge,1,5,Pulser,quicklook+event_list,imap_idex_l2a_sci-10days_20260209_v003.cdf,9,308.9076867670083,323.63801715784126,1.1534625078582492,40671.59682306509,517.9957582536008,0.011606933506168605,80.22011207705147,1.0216878861017766,2.2893359972719143e-05,Ion Grid,Ion_Grid,ion_grid_fit_results,0.00476128050047837,0.0011060196000002008,-0.0001946762310436334,0.016999469091747654,512
imap_idex_l1b_sci-10days_20260209_v003.cdf,10,824385818186368896,2026-02-15T00:02:29.002368896,13,2026-02-15 00:01:57.002557,5,5,5.0,True,l2a_ion_grid_charge,1,5,Pulser,quicklook+event_list,imap_idex_l2a_sci-10days_20260209_v003.cdf,10,730.6137202167556,369.27697138578077,1.4399682530373723,39929.985390927606,194279.70824461884,0.01491209498209629,78.75736763496569,383.1946908177886,2.9412416138256984e-05,Target H,Target_High,target_high_fit_results,19.47954196497626,0.48414912906446894,0.1606482113948573,55.545668813334146,512
imap_idex_l1b_sci-10days_20260209_v003.cdf,10,824385818186368896,2026-02-15T00:02:29.002368896,13,2026-02-15 00:01:57.002557,5,5,5.0,True,l2a_ion_grid_charge,1,5,Pulser,quicklook+event_list,imap_idex_l2a_sci-10days_20260209_v003.cdf,10,730.6137202167556,369.27697138578077,1.4399682530373723,39929.985390927606,194279.70824461884,0.01491209498209629,78.75736763496569,383.1946908177886,2.9412416138256984e-05,Target L,Target_Low,target_low_fit_results,8.831095782328232,7.016239028404024,2.878205185137631,33.68004740677134,512
imap_idex_l1b_sci-10days_20260209_v003.cdf,10,824385818186368896,2026-02-15T00:02:29.002368896,13,2026-02-15 00:01:57.002557,5,5,5.0,True,l2a_ion_grid_charge,1,5,Pulser,quicklook+event_list,imap_idex_l2a_sci-10days_20260209_v003.cdf,10,730.6137202167556,369.27697138578077,1.4399682530373723,39929.985390927606,194279.70824461884,0.01491209498209629,78.75736763496569,383.1946908177886,2.9412416138256984e-05,Ion Grid,Ion_Grid,ion_grid_fit_results,0.005396775473549629,0.0011060196000002008,-0.0002640500402899537,0.019461866364587826,512
imap_idex_l1b_sci-10days_20260219_v003.cdf,4,825076986061617792,2026-02-23T00:01:56.877617792,14,2026-02-23 00:01:56.877617,1,1,1.0,True,l2a_ion_grid_charge,1,5,Pulser,quicklook+event_list,imap_idex_l2a_sci-10days_20260219_v003.cdf,4,76.38413105134532,81.05812244427011,0.28426267051783727,47513.87977910792,88.56741733777744,0.0013692561726277846,93.71573920928584,0.17468918607056694,2.7007025101139736e-06,Target H,Target_High,target_high_fit_results,0.41591253526173816,0.24166380000001617,0.022153049286487203,1.408836836174089,512
imap_idex_l1b_sci-10days_20260219_v003.cdf,4,825076986061617792,2026-02-23T00:01:56.877617792,14,2026-02-23 00:01:56.877617,1,1,1.0,True,l2a_ion_grid_charge,1,5,Pulser,quicklook+event_list,imap_idex_l2a_sci-10days_20260219_v003.cdf,4,76.38413105134532,81.05812244427011,0.28426267051783727,47513.87977910792,88.56741733777744,0.0013692561726277846,93.71573920928584,0.17468918607056694,2.7007025101139736e-06,Target L,Target_Low,target_low_fit_results,9.633304025284895,8.461935585969949,2.176616452023154,32.3066976940936,512
imap_idex_l1b_sci-10days_20260219_v003.cdf,4,825076986061617792,2026-02-23T00:01:56.877617792,14,2026-02-23 00:01:56.877617,1,1,1.0,True,l2a_ion_grid_charge,1,5,Pulser,quicklook+event_list,imap_idex_l2a_sci-10days_20260219_v003.cdf,4,76.38413105134532,81.05812244427011,0.28426267051783727,47513.87977910792,88.56741733777744,0.0013692561726277846,93.71573920928584,0.17468918607056694,2.7007025101139736e-06,Ion Grid,Ion_Grid,ion_grid_fit_results,0.0016353374153866968,0.0011060196000002008,-0.00012848715894930862,0.005177680459784284,512
imap_idex_l1b_sci-10days_20260219_v003.cdf,5,825076994061570816,2026-02-23T00:02:04.877570816,14,2026-02-23 00:01:56.877617,2,2,2.0,True,l2a_ion_grid_charge,1,5,Pulser,quicklook+event_list,imap_idex_l2a_sci-10days_20260219_v003.cdf,5,157.71769498103458,162.2085564061614,0.5757557867201207,41730.5217841021,221.57584948822057,0.004226639730871077,82.30872146765701,0.4370332337045771,8.336567516511e-06,Target H,Target_High,target_high_fit_results,0.6578490184165975,0.24166380000001617,0.08919023717749042,2.291907717124218,512
imap_idex_l1b_sci-10days_20260219_v003.cdf,5,825076994061570816,2026-02-23T00:02:04.877570816,14,2026-02-23 00:01:56.877617,2,2,2.0,True,l2a_ion_grid_charge,1,5,Pulser,quicklook+event_list,imap_idex_l2a_sci-10days_20260219_v003.cdf,5,157.71769498103458,162.2085564061614,0.5757557867201207,41730.5217841021,221.57584948822057,0.004226639730871077,82.30872146765701,0.4370332337045771,8.336567516511e-06,Target L,Target_Low,target_low_fit_results,9.028007828949553,7.602581484412949,2.953074514030959,31.44706630881774,512
imap_idex_l1b_sci-10days_20260219_v003.cdf,5,825076994061570816,2026-02-23T00:02:04.877570816,14,2026-02-23 00:01:56.877617,2,2,2.0,True,l2a_ion_grid_charge,1,5,Pulser,quicklook+event_list,imap_idex_l2a_sci-10days_20260219_v003.cdf,5,157.71769498103458,162.2085564061614,0.5757557867201207,41730.5217841021,221.57584948822057,0.004226639730871077,82.30872146765701,0.4370332337045771,8.336567516511e-06,Ion Grid,Ion_Grid,ion_grid_fit_results,0.002873178679504213,0.0011060196000002008,-0.000193678009620335,0.009397428430300225,512
imap_idex_l1b_sci-10days_20260219_v003.cdf,6,825077002061523712,2026-02-23T00:02:12.877523712,14,2026-02-23 00:01:56.877617,3,3,3.0,True,l2a_ion_grid_charge,1,5,Pulser,quicklook+event_list,imap_idex_l2a_sci-10days_20260219_v003.cdf,6,231.42629062692868,243.7906614475558,0.8660449952099285,41462.959566847014,335.71242781745167,0.007689124068850287,81.78098533894874,0.6621546899752498,1.5165925185109047e-05,Target H,Target_High,target_high_fit_results,0.8097458462881797,0.24166380000001617,0.10541544533936076,2.9366187980309064,512
imap_idex_l1b_sci-10days_20260219_v003.cdf,6,825077002061523712,2026-02-23T00:02:12.877523712,14,2026-02-23 00:01:56.877617,3,3,3.0,True,l2a_ion_grid_charge,1,5,Pulser,quicklook+event_list,imap_idex_l2a_sci-10days_20260219_v003.cdf,6,231.42629062692868,243.7906614475558,0.8660449952099285,41462.959566847014,335.71242781745167,0.007689124068850287,81.78098533894874,0.6621546899752498,1.5165925185109047e-05,Target L,Target_Low,target_low_fit_results,8.999018996757261,8.325024179027098,0.9004582093093632,25.163150791959197,512
imap_idex_l1b_sci-10days_20260219_v003.cdf,6,825077002061523712,2026-02-23T00:02:12.877523712,14,2026-02-23 00:01:56.877617,3,3,3.0,True,l2a_ion_grid_charge,1,5,Pulser,quicklook+event_list,imap_idex_l2a_sci-10days_20260219_v003.cdf,6,231.42629062692868,243.7906614475558,0.8660449952099285,41462.959566847014,335.71242781745167,0.007689124068850287,81.78098533894874,0.6621546899752498,1.5165925185109047e-05,Ion Grid,Ion_Grid,ion_grid_fit_results,0.0038752832731263937,0.0011060196000002008,-0.00029129982250397646,0.013988202764257718,512
imap_idex_l1b_sci-10days_20260219_v003.cdf,7,825077010061476736,2026-02-23T00:02:20.877476736,14,2026-02-23 00:01:56.877617,4,4,4.0,True,l2a_ion_grid_charge,1,5,Pulser,quicklook+event_list,imap_idex_l2a_sci-10days_20260219_v003.cdf,7,310.2069123234178,323.90827364660055,1.1535408074316844,46248.64520051155,495.81283518361107,0.01139656369012744,91.220207496078,0.9779345861609686,2.2478429369087652e-05,Target H,Target_High,target_high_fit_results,0.9840652639525441,0.24166380000001617,0.0365415438300829,7.192252853152695,512
imap_idex_l1b_sci-10days_20260219_v003.cdf,7,825077010061476736,2026-02-23T00:02:20.877476736,14,2026-02-23 00:01:56.877617,4,4,4.0,True,l2a_ion_grid_charge,1,5,Pulser,quicklook+event_list,imap_idex_l2a_sci-10days_20260219_v003.cdf,7,310.2069123234178,323.90827364660055,1.1535408074316844,46248.64520051155,495.81283518361107,0.01139656369012744,91.220207496078,0.9779345861609686,2.2478429369087652e-05,Target L,Target_Low,target_low_fit_results,9.504177247781584,8.42096633907797,3.4210139466595137,31.722115716496774,512
imap_idex_l1b_sci-10days_20260219_v003.cdf,7,825077010061476736,2026-02-23T00:02:20.877476736,14,2026-02-23 00:01:56.877617,4,4,4.0,True,l2a_ion_grid_charge,1,5,Pulser,quicklook+event_list,imap_idex_l2a_sci-10days_20260219_v003.cdf,7,310.2069123234178,323.90827364660055,1.1535408074316844,46248.64520051155,495.81283518361107,0.01139656369012744,91.220207496078,0.9779345861609686,2.2478429369087652e-05,Ion Grid,Ion_Grid,ion_grid_fit_results,0.0047179352960039795,0.0011060196000002008,-0.00036016489807710883,0.015210668388875526,512
imap_idex_l1b_sci-10days_20260219_v003.cdf,8,825077018061409536,2026-02-23T00:02:28.877409536,14,2026-02-23 00:01:56.877617,5,5,5.0,True,l2a_ion_grid_charge,1,5,Pulser,quicklook+event_list,imap_idex_l2a_sci-10days_20260219_v003.cdf,8,740.5238840675374,369.2902208137776,1.4402524971321475,42566.45722272237,193387.34739136155,0.015011882042798656,83.95750931503426,381.43461023937186,2.960923479841944e-05,Target H,Target_High,target_high_fit_results,19.43475399570967,0.5067179482856101,0.1675976939881707,55.727758104584154,512
imap_idex_l1b_sci-10days_20260219_v003.cdf,8,825077018061409536,2026-02-23T00:02:28.877409536,14,2026-02-23 00:01:56.877617,5,5,5.0,True,l2a_ion_grid_charge,1,5,Pulser,quicklook+event_list,imap_idex_l2a_sci-10days_20260219_v003.cdf,8,740.5238840675374,369.2902208137776,1.4402524971321475,42566.45722272237,193387.34739136155,0.015011882042798656,83.95750931503426,381.43461023937186,2.960923479841944e-05,Target L,Target_Low,target_low_fit_results,9.117982877979626,9.16890811790641,1.6462490252306452,28.096164761554974,512
imap_idex_l1b_sci-10days_20260219_v003.cdf,8,825077018061409536,2026-02-23T00:02:28.877409536,14,2026-02-23 00:01:56.877617,5,5,5.0,True,l2a_ion_grid_charge,1,5,Pulser,quicklook+event_list,imap_idex_l2a_sci-10days_20260219_v003.cdf,8,740.5238840675374,369.2902208137776,1.4402524971321475,42566.45722272237,193387.34739136155,0.015011882042798656,83.95750931503426,381.43461023937186,2.960923479841944e-05,Ion Grid,Ion_Grid,ion_grid_fit_results,0.005414802130719194,0.0011060196000002008,-0.0002871452746728842,0.0190398114508179,512
imap_idex_l1b_sci-10days_20260301_v003.cdf,4,825768184649457536,2026-03-03T00:01:55.465457536,15,2026-03-03 00:01:55.465457,1,1,1.0,True,l2a_ion_grid_charge,1,5,Pulser,quicklook+event_list,imap_idex_l2a_sci-10days_20260301_v003.cdf,4,78.25397669155063,81.00349445911274,0.2843665798382453,41093.77063558948,86.01273780906295,0.0014323241771517041,81.0528020425828,0.16965037043207684,2.825096996354446e-06,Target H,Target_High,target_high_fit_results,0.40987025817119993,0.24166380000001617,0.00904876913091357,1.359602974963991,512
imap_idex_l1b_sci-10days_20260301_v003.cdf,4,825768184649457536,2026-03-03T00:01:55.465457536,15,2026-03-03 00:01:55.465457,1,1,1.0,True,l2a_ion_grid_charge,1,5,Pulser,quicklook+event_list,imap_idex_l2a_sci-10days_20260301_v003.cdf,4,78.25397669155063,81.00349445911274,0.2843665798382453,41093.77063558948,86.01273780906295,0.0014323241771517041,81.0528020425828,0.16965037043207684,2.825096996354446e-06,Target L,Target_Low,target_low_fit_results,8.958865484682516,6.906874838216045,3.495975603836996,26.513114849847625,512
imap_idex_l1b_sci-10days_20260301_v003.cdf,4,825768184649457536,2026-03-03T00:01:55.465457536,15,2026-03-03 00:01:55.465457,1,1,1.0,True,l2a_ion_grid_charge,1,5,Pulser,quicklook+event_list,imap_idex_l2a_sci-10days_20260301_v003.cdf,4,78.25397669155063,81.00349445911274,0.2843665798382453,41093.77063558948,86.01273780906295,0.0014323241771517041,81.0528020425828,0.16965037043207684,2.825096996354446e-06,Ion Grid,Ion_Grid,ion_grid_fit_results,0.0016725753072730156,0.0011060196000002008,9.957329108223334e-05,0.005183105274320532,512
imap_idex_l1b_sci-10days_20260301_v003.cdf,5,825768192649410560,2026-03-03T00:02:03.465410560,15,2026-03-03 00:01:55.465457,2,2,2.0,True,l2a_ion_grid_charge,1,5,Pulser,quicklook+event_list,imap_idex_l2a_sci-10days_20260301_v003.cdf,5,156.44599144877066,162.18373357403726,0.5758120821412591,43469.013134415065,202.80720534604708,0.004239612217008148,85.73769848997054,0.4000142117279035,8.362154274177806e-06,Target H,Target_High,target_high_fit_results,0.6293709740220772,0.24166380000001617,0.052062865110485745,2.2140164476898008,512
imap_idex_l1b_sci-10days_20260301_v003.cdf,5,825768192649410560,2026-03-03T00:02:03.465410560,15,2026-03-03 00:01:55.465457,2,2,2.0,True,l2a_ion_grid_charge,1,5,Pulser,quicklook+event_list,imap_idex_l2a_sci-10days_20260301_v003.cdf,5,156.44599144877066,162.18373357403726,0.5758120821412591,43469.013134415065,202.80720534604708,0.004239612217008148,85.73769848997054,0.4000142117279035,8.362154274177806e-06,Target L,Target_Low,target_low_fit_results,9.214142188948163,6.989370229624004,2.927926884687622,26.86724304517338,512
imap_idex_l1b_sci-10days_20260301_v003.cdf,5,825768192649410560,2026-03-03T00:02:03.465410560,15,2026-03-03 00:01:55.465457,2,2,2.0,True,l2a_ion_grid_charge,1,5,Pulser,quicklook+event_list,imap_idex_l2a_sci-10days_20260301_v003.cdf,5,156.44599144877066,162.18373357403726,0.5758120821412591,43469.013134415065,202.80720534604708,0.004239612217008148,85.73769848997054,0.4000142117279035,8.362154274177806e-06,Ion Grid,Ion_Grid,ion_grid_fit_results,0.0028775845098526712,0.0011060196000002008,-1.9210684912618348e-05,0.008950020539463699,512
imap_idex_l1b_sci-10days_20260301_v003.cdf,6,825768200649363456,2026-03-03T00:02:11.465363456,15,2026-03-03 00:01:55.465457,3,3,3.0,True,l2a_ion_grid_charge,1,5,Pulser,quicklook+event_list,imap_idex_l2a_sci-10days_20260301_v003.cdf,6,230.70234310012165,243.7440618151889,0.866289033438847,40064.573166168324,323.6793669176203,0.007731490533457143,79.02282675772845,0.6384208420465884,1.5249488231670893e-05,Target H,Target_High,target_high_fit_results,0.7951014171229839,0.24166380000001617,0.05557852506541394,2.7778237516616855,512
imap_idex_l1b_sci-10days_20260301_v003.cdf,6,825768200649363456,2026-03-03T00:02:11.465363456,15,2026-03-03 00:01:55.465457,3,3,3.0,True,l2a_ion_grid_charge,1,5,Pulser,quicklook+event_list,imap_idex_l2a_sci-10days_20260301_v003.cdf,6,230.70234310012165,243.7440618151889,0.866289033438847,40064.573166168324,323.6793669176203,0.007731490533457143,79.02282675772845,0.6384208420465884,1.5249488231670893e-05,Target L,Target_Low,target_low_fit_results,8.845966282163442,8.894887240299528,0.9000451537813206,24.70043559604892,512
imap_idex_l1b_sci-10days_20260301_v003.cdf,6,825768200649363456,2026-03-03T00:02:11.465363456,15,2026-03-03 00:01:55.465457,3,3,3.0,True,l2a_ion_grid_charge,1,5,Pulser,quicklook+event_list,imap_idex_l2a_sci-10days_20260301_v003.cdf,6,230.70234310012165,243.7440618151889,0.866289033438847,40064.573166168324,323.6793669176203,0.007731490533457143,79.02282675772845,0.6384208420465884,1.5249488231670893e-05,Ion Grid,Ion_Grid,ion_grid_fit_results,0.0038859448591248027,0.0011060196000002008,-0.00044205279269760034,0.013009675349799465,512
imap_idex_l1b_sci-10days_20260301_v003.cdf,7,825768208649316608,2026-03-03T00:02:19.465316608,15,2026-03-03 00:01:55.465457,4,4,4.0,True,l2a_ion_grid_charge,1,5,Pulser,quicklook+event_list,imap_idex_l2a_sci-10days_20260301_v003.cdf,7,312.0432866499359,323.7935486845375,1.153801696696498,39042.244732869134,506.2470323817581,0.011630226440957875,77.00639986759198,0.9985148567687537,2.2939302644887326e-05,Target H,Target_High,target_high_fit_results,0.9943659965629463,0.2762890831298756,0.13969875012770672,7.102981501379645,512
imap_idex_l1b_sci-10days_20260301_v003.cdf,7,825768208649316608,2026-03-03T00:02:19.465316608,15,2026-03-03 00:01:55.465457,4,4,4.0,True,l2a_ion_grid_charge,1,5,Pulser,quicklook+event_list,imap_idex_l2a_sci-10days_20260301_v003.cdf,7,312.0432866499359,323.7935486845375,1.153801696696498,39042.244732869134,506.2470323817581,0.011630226440957875,77.00639986759198,0.9985148567687537,2.2939302644887326e-05,Target L,Target_Low,target_low_fit_results,8.732375635752566,7.4197674417963135,2.8349978967489733,30.027732164380723,512
imap_idex_l1b_sci-10days_20260301_v003.cdf,7,825768208649316608,2026-03-03T00:02:19.465316608,15,2026-03-03 00:01:55.465457,4,4,4.0,True,l2a_ion_grid_charge,1,5,Pulser,quicklook+event_list,imap_idex_l2a_sci-10days_20260301_v003.cdf,7,312.0432866499359,323.7935486845375,1.153801696696498,39042.244732869134,506.2470323817581,0.011630226440957875,77.00639986759198,0.9985148567687537,2.2939302644887326e-05,Ion Grid,Ion_Grid,ion_grid_fit_results,0.0047660556036932525,0.0011060196000002008,-0.0001533435929834681,0.016134767408663375,512
imap_idex_l1b_sci-10days_20260301_v003.cdf,8,825768216649249536,2026-03-03T00:02:27.465249536,15,2026-03-03 00:01:55.465457,5,5,5.0,True,l2a_ion_grid_charge,1,5,Pulser,quicklook+event_list,imap_idex_l2a_sci-10days_20260301_v003.cdf,8,734.864327391042,369.32152756434056,1.4403892679158101,40833.40517308085,193869.47416498486,0.01491432894617121,80.53926069641193,382.38555062127193,2.9416822379035917e-05,Target H,Target_High,target_high_fit_results,19.458964944942114,0.5072503608990909,0.09835375545657143,55.396415356509465,512
imap_idex_l1b_sci-10days_20260301_v003.cdf,8,825768216649249536,2026-03-03T00:02:27.465249536,15,2026-03-03 00:01:55.465457,5,5,5.0,True,l2a_ion_grid_charge,1,5,Pulser,quicklook+event_list,imap_idex_l2a_sci-10days_20260301_v003.cdf,8,734.864327391042,369.32152756434056,1.4403892679158101,40833.40517308085,193869.47416498486,0.01491432894617121,80.53926069641193,382.38555062127193,2.9416822379035917e-05,Target L,Target_Low,target_low_fit_results,8.930439209729471,7.2293518506062995,4.164704119346425,34.76733987527405,512
imap_idex_l1b_sci-10days_20260301_v003.cdf,8,825768216649249536,2026-03-03T00:02:27.465249536,15,2026-03-03 00:01:55.465457,5,5,5.0,True,l2a_ion_grid_charge,1,5,Pulser,quicklook+event_list,imap_idex_l2a_sci-10days_20260301_v003.cdf,8,734.864327391042,369.32152756434056,1.4403892679158101,40833.40517308085,193869.47416498486,0.01491432894617121,80.53926069641193,382.38555062127193,2.9416822379035917e-05,Ion Grid,Ion_Grid,ion_grid_fit_results,0.005397179700824371,0.0011060196000002008,-0.00021999048575116475,0.018995264029306957,512
imap_idex_l1b_sci-10days_20260311_v003.cdf,1,826459384130306304,2026-03-11T00:01:54.946306304,16,2026-03-11 00:01:54.946306,1,1,1.0,True,l2a_ion_grid_charge,1,5,Pulser,quicklook+event_list,imap_idex_l2a_sci-10days_20260311_v003.cdf,1,76.43798838208386,81.12554618288141,0.28437028713695023,37067.42599243963,80.82667796107883,0.0014018811911158274,73.11129387068961,0.15942145554453419,2.7650516590055765e-06,Target H,Target_High,target_high_fit_results,0.39732179073483004,0.24166380000001617,-0.009338985761587537,1.3914151146388463,512
imap_idex_l1b_sci-10days_20260311_v003.cdf,1,826459384130306304,2026-03-11T00:01:54.946306304,16,2026-03-11 00:01:54.946306,1,1,1.0,True,l2a_ion_grid_charge,1,5,Pulser,quicklook+event_list,imap_idex_l2a_sci-10days_20260311_v003.cdf,1,76.43798838208386,81.12554618288141,0.28437028713695023,37067.42599243963,80.82667796107883,0.0014018811911158274,73.11129387068961,0.15942145554453419,2.7650516590055765e-06,Target L,Target_Low,target_low_fit_results,8.508661257300332,6.408001011207918,2.2140639908247977,25.691931333974935,512
imap_idex_l1b_sci-10days_20260311_v003.cdf,1,826459384130306304,2026-03-11T00:01:54.946306304,16,2026-03-11 00:01:54.946306,1,1,1.0,True,l2a_ion_grid_charge,1,5,Pulser,quicklook+event_list,imap_idex_l2a_sci-10days_20260311_v003.cdf,1,76.43798838208386,81.12554618288141,0.28437028713695023,37067.42599243963,80.82667796107883,0.0014018811911158274,73.11129387068961,0.15942145554453419,2.7650516590055765e-06,Ion Grid,Ion_Grid,ion_grid_fit_results,0.0016547051705358572,0.0011060196000002008,2.0570610687942192e-05,0.00582259408305319,512
imap_idex_l1b_sci-10days_20260311_v003.cdf,2,826459392130239360,2026-03-11T00:02:02.946239360,16,2026-03-11 00:01:54.946306,2,2,2.0,True,l2a_ion_grid_charge,1,5,Pulser,quicklook+event_list,imap_idex_l2a_sci-10days_20260311_v003.cdf,2,154.14641521580415,162.24991869651006,0.5758468837245946,44283.1091824233,214.2643655050234,0.00419561866000901,87.34341061621953,0.422612160759415,8.275381972404359e-06,Target H,Target_High,target_high_fit_results,0.646904234703251,0.24166380000001617,0.02817031064830644,2.358110470955239,512
imap_idex_l1b_sci-10days_20260311_v003.cdf,2,826459392130239360,2026-03-11T00:02:02.946239360,16,2026-03-11 00:01:54.946306,2,2,2.0,True,l2a_ion_grid_charge,1,5,Pulser,quicklook+event_list,imap_idex_l2a_sci-10days_20260311_v003.cdf,2,154.14641521580415,162.24991869651006,0.5758468837245946,44283.1091824233,214.2643655050234,0.00419561866000901,87.34341061621953,0.422612160759415,8.275381972404359e-06,Target L,Target_Low,target_low_fit_results,9.300024065663514,7.900844576553379,2.7841099489069165,27.052801767935307,512
imap_idex_l1b_sci-10days_20260311_v003.cdf,2,826459392130239360,2026-03-11T00:02:02.946239360,16,2026-03-11 00:01:54.946306,2,2,2.0,True,l2a_ion_grid_charge,1,5,Pulser,quicklook+event_list,imap_idex_l2a_sci-10days_20260311_v003.cdf,2,154.14641521580415,162.24991869651006,0.5758468837245946,44283.1091824233,214.2643655050234,0.00419561866000901,87.34341061621953,0.422612160759415,8.275381972404359e-06,Ion Grid,Ion_Grid,ion_grid_fit_results,0.002862615533970655,0.0011060196000002008,-0.0001267219709286671,0.009847849775013628,512
imap_idex_l1b_sci-10days_20260311_v003.cdf,3,826459400130192384,2026-03-11T00:02:10.946192384,16,2026-03-11 00:01:54.946306,3,3,3.0,True,l2a_ion_grid_charge,1,5,Pulser,quicklook+event_list,imap_idex_l2a_sci-10days_20260311_v003.cdf,3,236.2835830163349,243.82470854744747,0.8659517082984997,42455.3598062845,321.23895959903797,0.007746612858934787,83.73838226091617,0.6336074153827179,1.5279315303618908e-05,Target H,Target_High,target_high_fit_results,0.7920983796012153,0.24166380000001617,0.05458011140592589,2.8899908244414405,512
imap_idex_l1b_sci-10days_20260311_v003.cdf,3,826459400130192384,2026-03-11T00:02:10.946192384,16,2026-03-11 00:01:54.946306,3,3,3.0,True,l2a_ion_grid_charge,1,5,Pulser,quicklook+event_list,imap_idex_l2a_sci-10days_20260311_v003.cdf,3,236.2835830163349,243.82470854744747,0.8659517082984997,42455.3598062845,321.23895959903797,0.007746612858934787,83.73838226091617,0.6336074153827179,1.5279315303618908e-05,Target L,Target_Low,target_low_fit_results,9.106076247300448,7.711070994527336,2.1365425452040654,26.75371018158694,512
imap_idex_l1b_sci-10days_20260311_v003.cdf,3,826459400130192384,2026-03-11T00:02:10.946192384,16,2026-03-11 00:01:54.946306,3,3,3.0,True,l2a_ion_grid_charge,1,5,Pulser,quicklook+event_list,imap_idex_l2a_sci-10days_20260311_v003.cdf,3,236.2835830163349,243.82470854744747,0.8659517082984997,42455.3598062845,321.23895959903797,0.007746612858934787,83.73838226091617,0.6336074153827179,1.5279315303618908e-05,Ion Grid,Ion_Grid,ion_grid_fit_results,0.003889743338590222,0.0011060196000002008,-0.00012825131880100926,0.013054039063290723,512
imap_idex_l1b_sci-10days_20260311_v003.cdf,4,826459408130145280,2026-03-11T00:02:18.946145280,16,2026-03-11 00:01:54.946306,4,4,4.0,True,l2a_ion_grid_charge,1,5,Pulser,quicklook+event_list,imap_idex_l2a_sci-10days_20260311_v003.cdf,4,310.03285372336904,323.87223543303656,1.1536602970286942,43020.65742253058,484.5039720496792,0.011445507429516876,84.85336769729898,0.9556291361926611,2.2574965344214746e-05,Target H,Target_High,target_high_fit_results,0.9727778885282753,0.24166380000001617,0.11687453985399543,7.3972640531380875,512
imap_idex_l1b_sci-10days_20260311_v003.cdf,4,826459408130145280,2026-03-11T00:02:18.946145280,16,2026-03-11 00:01:54.946306,4,4,4.0,True,l2a_ion_grid_charge,1,5,Pulser,quicklook+event_list,imap_idex_l2a_sci-10days_20260311_v003.cdf,4,310.03285372336904,323.87223543303656,1.1536602970286942,43020.65742253058,484.5039720496792,0.011445507429516876,84.85336769729898,0.9556291361926611,2.2574965344214746e-05,Target L,Target_Low,target_low_fit_results,9.166499960638195,8.528247531770864,1.509658106500865,25.677126123628113,512
imap_idex_l1b_sci-10days_20260311_v003.cdf,4,826459408130145280,2026-03-11T00:02:18.946145280,16,2026-03-11 00:01:54.946306,4,4,4.0,True,l2a_ion_grid_charge,1,5,Pulser,quicklook+event_list,imap_idex_l2a_sci-10days_20260311_v003.cdf,4,310.03285372336904,323.87223543303656,1.1536602970286942,43020.65742253058,484.5039720496792,0.011445507429516876,84.85336769729898,0.9556291361926611,2.2574965344214746e-05,Ion Grid,Ion_Grid,ion_grid_fit_results,0.0047280552765672215,0.0014919658905743656,-0.0003879240103131787,0.017258439220874555,512
imap_idex_l1b_sci-10days_20260311_v003.cdf,5,826459416130078464,2026-03-11T00:02:26.946078464,16,2026-03-11 00:01:54.946306,5,5,5.0,True,l2a_ion_grid_charge,1,5,Pulser,quicklook+event_list,imap_idex_l2a_sci-10days_20260311_v003.cdf,5,732.5150233264612,369.3530034895809,1.4402657956043279,44419.11631487117,194101.7572909864,0.014945424327899512,87.61166926010092,382.8437027435629,2.9478154492898446e-05,Target H,Target_High,target_high_fit_results,19.470618755164352,0.5171001185252821,0.12214965628203345,55.542556415015156,512
imap_idex_l1b_sci-10days_20260311_v003.cdf,5,826459416130078464,2026-03-11T00:02:26.946078464,16,2026-03-11 00:01:54.946306,5,5,5.0,True,l2a_ion_grid_charge,1,5,Pulser,quicklook+event_list,imap_idex_l2a_sci-10days_20260311_v003.cdf,5,732.5150233264612,369.3530034895809,1.4402657956043279,44419.11631487117,194101.7572909864,0.014945424327899512,87.61166926010092,382.8437027435629,2.9478154492898446e-05,Target L,Target_Low,target_low_fit_results,9.314294742624519,9.483855368936142,1.1135783151403302,34.83513246928487,512
imap_idex_l1b_sci-10days_20260311_v003.cdf,5,826459416130078464,2026-03-11T00:02:26.946078464,16,2026-03-11 00:01:54.946306,5,5,5.0,True,l2a_ion_grid_charge,1,5,Pulser,quicklook+event_list,imap_idex_l2a_sci-10days_20260311_v003.cdf,5,732.5150233264612,369.3530034895809,1.4402657956043279,44419.11631487117,194101.7572909864,0.014945424327899512,87.61166926010092,382.8437027435629,2.9478154492898446e-05,Ion Grid,Ion_Grid,ion_grid_fit_results,0.005402803151182609,0.0011060196000002008,-0.0003709065632562236,0.018645643888419716,512
imap_idex_l1b_sci-10days_20260311_v003.cdf,17,827150584101265792,2026-03-19T00:01:54.917265792,17,2026-03-19 00:01:54.917265,1,1,1.0,True,l2a_ion_grid_charge,1,5,Pulser,quicklook+event_list,imap_idex_l2a_sci-10days_20260311_v003.cdf,17,79.16844847435277,81.05276716536014,0.2844560172484092,40800.71800385769,91.18614583585577,0.0014062812156496662,80.47478896224396,0.17985433103719087,2.7737302083819844e-06,Target H,Target_High,target_high_fit_results,0.4220165175507421,0.24166380000001617,-0.01598000192274185,1.5277971141286457,512
imap_idex_l1b_sci-10days_20260311_v003.cdf,17,827150584101265792,2026-03-19T00:01:54.917265792,17,2026-03-19 00:01:54.917265,1,1,1.0,True,l2a_ion_grid_charge,1,5,Pulser,quicklook+event_list,imap_idex_l2a_sci-10days_20260311_v003.cdf,17,79.16844847435277,81.05276716536014,0.2844560172484092,40800.71800385769,91.18614583585577,0.0014062812156496662,80.47478896224396,0.17985433103719087,2.7737302083819844e-06,Target L,Target_Low,target_low_fit_results,8.926864082715976,7.3570808960529295,3.105512782176447,30.267199993693794,512
imap_idex_l1b_sci-10days_20260311_v003.cdf,17,827150584101265792,2026-03-19T00:01:54.917265792,17,2026-03-19 00:01:54.917265,1,1,1.0,True,l2a_ion_grid_charge,1,5,Pulser,quicklook+event_list,imap_idex_l2a_sci-10days_20260311_v003.cdf,17,79.16844847435277,81.05276716536014,0.2844560172484092,40800.71800385769,91.18614583585577,0.0014062812156496662,80.47478896224396,0.17985433103719087,2.7737302083819844e-06,Ion Grid,Ion_Grid,ion_grid_fit_results,0.0016572999123018605,0.0011060196000002008,8.642879472620102e-05,0.005766635764607342,512
imap_idex_l1b_sci-10days_20260311_v003.cdf,18,827150592101218816,2026-03-19T00:02:02.917218816,17,2026-03-19 00:01:54.917265,2,2,2.0,True,l2a_ion_grid_charge,1,5,Pulser,quicklook+event_list,imap_idex_l2a_sci-10days_20260311_v003.cdf,18,151.71247656602281,162.19893710370985,0.5757859183617233,41208.01393457509,204.9706734468916,0.004266228221038644,81.27813399324475,0.4042814071930801,8.414651323547623e-06,Target H,Target_High,target_high_fit_results,0.632719010759089,0.24166380000001617,0.005669403071522083,2.3251714454966077,512
imap_idex_l1b_sci-10days_20260311_v003.cdf,18,827150592101218816,2026-03-19T00:02:02.917218816,17,2026-03-19 00:01:54.917265,2,2,2.0,True,l2a_ion_grid_charge,1,5,Pulser,quicklook+event_list,imap_idex_l2a_sci-10days_20260311_v003.cdf,18,151.71247656602281,162.19893710370985,0.5757859183617233,41208.01393457509,204.9706734468916,0.004266228221038644,81.27813399324475,0.4042814071930801,8.414651323547623e-06,Target L,Target_Low,target_low_fit_results,8.971309949832687,6.983425527617957,3.8327131173136877,27.767286882684857,512
imap_idex_l1b_sci-10days_20260311_v003.cdf,18,827150592101218816,2026-03-19T00:02:02.917218816,17,2026-03-19 00:01:54.917265,2,2,2.0,True,l2a_ion_grid_charge,1,5,Pulser,quicklook+event_list,imap_idex_l2a_sci-10days_20260311_v003.cdf,18,151.71247656602281,162.19893710370985,0.5757859183617233,41208.01393457509,204.9706734468916,0.004266228221038644,81.27813399324475,0.4042814071930801,8.414651323547623e-06,Ion Grid,Ion_Grid,ion_grid_fit_results,0.0028866030198515524,0.0009719462375822811,-0.0006016078834130134,0.009259748955461333,512
imap_idex_l1b_sci-10days_20260311_v003.cdf,19,827150600101171840,2026-03-19T00:02:10.917171840,17,2026-03-19 00:01:54.917265,3,3,3.0,True,l2a_ion_grid_charge,1,5,Pulser,quicklook+event_list,imap_idex_l2a_sci-10days_20260311_v003.cdf,19,231.59103128176503,243.75066281037573,0.8661797182001921,41520.48117742514,316.92634993184106,0.007849886356634823,81.89444019216005,0.6251012819168462,1.548301056535468e-05,Target H,Target_High,target_high_fit_results,0.7867634823824928,0.24166380000001617,0.05317683687985664,2.8606632986812883,512
imap_idex_l1b_sci-10days_20260311_v003.cdf,19,827150600101171840,2026-03-19T00:02:10.917171840,17,2026-03-19 00:01:54.917265,3,3,3.0,True,l2a_ion_grid_charge,1,5,Pulser,quicklook+event_list,imap_idex_l2a_sci-10days_20260311_v003.cdf,19,231.59103128176503,243.75066281037573,0.8661797182001921,41520.48117742514,316.92634993184106,0.007849886356634823,81.89444019216005,0.6251012819168462,1.548301056535468e-05,Target L,Target_Low,target_low_fit_results,9.005259007916345,6.511264377063532,2.982758243513672,24.197775385742716,512
imap_idex_l1b_sci-10days_20260311_v003.cdf,19,827150600101171840,2026-03-19T00:02:10.917171840,17,2026-03-19 00:01:54.917265,3,3,3.0,True,l2a_ion_grid_charge,1,5,Pulser,quicklook+event_list,imap_idex_l2a_sci-10days_20260311_v003.cdf,19,231.59103128176503,243.75066281037573,0.8661797182001921,41520.48117742514,316.92634993184106,0.007849886356634823,81.89444019216005,0.6251012819168462,1.548301056535468e-05,Ion Grid,Ion_Grid,ion_grid_fit_results,0.003915585433916924,0.0011060196000002008,-0.0007496310605266121,0.012934296419217395,512
imap_idex_l1b_sci-10days_20260311_v003.cdf,20,827150608101104896,2026-03-19T00:02:18.917104896,17,2026-03-19 00:01:54.917265,4,4,4.0,True,l2a_ion_grid_charge,1,5,Pulser,quicklook+event_list,imap_idex_l2a_sci-10days_20260311_v003.cdf,20,310.88591864495174,323.765417915225,1.1536077520157537,40746.27137983917,498.13218374258844,0.01163246474199474,80.36739917128041,0.9825092381510621,2.2943717439831834e-05,Target H,Target_High,target_high_fit_results,0.9863642437620309,0.24166380000001617,0.05102778158510546,7.758384953471477,512
imap_idex_l1b_sci-10days_20260311_v003.cdf,20,827150608101104896,2026-03-19T00:02:18.917104896,17,2026-03-19 00:01:54.917265,4,4,4.0,True,l2a_ion_grid_charge,1,5,Pulser,quicklook+event_list,imap_idex_l2a_sci-10days_20260311_v003.cdf,20,310.88591864495174,323.765417915225,1.1536077520157537,40746.27137983917,498.13218374258844,0.01163246474199474,80.36739917128041,0.9825092381510621,2.2943717439831834e-05,Target L,Target_Low,target_low_fit_results,8.920905855839326,6.732465917142617,4.428286084817955,29.63117117753427,512
imap_idex_l1b_sci-10days_20260311_v003.cdf,20,827150608101104896,2026-03-19T00:02:18.917104896,17,2026-03-19 00:01:54.917265,4,4,4.0,True,l2a_ion_grid_charge,1,5,Pulser,quicklook+event_list,imap_idex_l2a_sci-10days_20260311_v003.cdf,20,310.88591864495174,323.765417915225,1.1536077520157537,40746.27137983917,498.13218374258844,0.01163246474199474,80.36739917128041,0.9825092381510621,2.2943717439831834e-05,Ion Grid,Ion_Grid,ion_grid_fit_results,0.004766514208434554,0.0011060196000002008,-0.00030398084820459914,0.016212892926261047,512
imap_idex_l1b_sci-10days_20260311_v003.cdf,21,827150616101057920,2026-03-19T00:02:26.917057920,17,2026-03-19 00:01:54.917265,5,5,5.0,True,l2a_ion_grid_charge,1,5,Pulser,quicklook+event_list,imap_idex_l2a_sci-10days_20260311_v003.cdf,21,734.3772176608145,369.25220003729186,1.4403765727596758,42345.444554280766,194501.66263831095,0.015176070629955851,83.52158689207252,383.63247068700383,2.9933078165593396e-05,Target H,Target_High,target_high_fit_results,19.49066596708412,0.48332760000003233,0.20444784097702495,55.60153460390177,512
imap_idex_l1b_sci-10days_20260311_v003.cdf,21,827150616101057920,2026-03-19T00:02:26.917057920,17,2026-03-19 00:01:54.917265,5,5,5.0,True,l2a_ion_grid_charge,1,5,Pulser,quicklook+event_list,imap_idex_l2a_sci-10days_20260311_v003.cdf,21,734.3772176608145,369.25220003729186,1.4403765727596758,42345.444554280766,194501.66263831095,0.015176070629955851,83.52158689207252,383.63247068700383,2.9933078165593396e-05,Target L,Target_Low,target_low_fit_results,9.094280971856962,6.963596464592169,2.770095686544664,28.82990431345388,512
imap_idex_l1b_sci-10days_20260311_v003.cdf,21,827150616101057920,2026-03-19T00:02:26.917057920,17,2026-03-19 00:01:54.917265,5,5,5.0,True,l2a_ion_grid_charge,1,5,Pulser,quicklook+event_list,imap_idex_l2a_sci-10days_20260311_v003.cdf,21,734.3772176608145,369.25220003729186,1.4403765727596758,42345.444554280766,194501.66263831095,0.015176070629955851,83.52158689207252,383.63247068700383,2.9933078165593396e-05,Ion Grid,Ion_Grid,ion_grid_fit_results,0.005444333104167353,0.0011060196000002008,-0.0005249614163720384,0.019100550522255677,512
imap_idex_l1b_sci-10days_20260321_v016.cdf,21,827841782827047424,2026-03-27T00:01:53.643047424,18,2026-03-27 00:01:53.643047,1,1,1.0,True,l2a_ion_grid_charge,1,5,Pulser,quicklook+event_list,imap_idex_l2a_sci-10days_20260321_v016.cdf,21,77.06290888329022,81.08973136969286,0.2844846999445583,42700.66175863307,90.76389298654432,0.0013629815694558502,84.22221254168258,0.1790214851805608,2.6883265669740635e-06,Target H,Target_High,target_high_fit_results,0.4210382743757916,0.18044739144425484,0.013569983688938692,1.4639850497838438,512
imap_idex_l1b_sci-10days_20260321_v016.cdf,21,827841782827047424,2026-03-27T00:01:53.643047424,18,2026-03-27 00:01:53.643047,1,1,1.0,True,l2a_ion_grid_charge,1,5,Pulser,quicklook+event_list,imap_idex_l2a_sci-10days_20260321_v016.cdf,21,77.06290888329022,81.08973136969286,0.2844846999445583,42700.66175863307,90.76389298654432,0.0013629815694558502,84.22221254168258,0.1790214851805608,2.6883265669740635e-06,Target L,Target_Low,target_low_fit_results,9.132345262709366,6.705639862362137,3.3053083514605532,28.29469164853799,512
imap_idex_l1b_sci-10days_20260321_v016.cdf,21,827841782827047424,2026-03-27T00:01:53.643047424,18,2026-03-27 00:01:53.643047,1,1,1.0,True,l2a_ion_grid_charge,1,5,Pulser,quicklook+event_list,imap_idex_l2a_sci-10days_20260321_v016.cdf,21,77.06290888329022,81.08973136969286,0.2844846999445583,42700.66175863307,90.76389298654432,0.0013629815694558502,84.22221254168258,0.1790214851805608,2.6883265669740635e-06,Ion Grid,Ion_Grid,ion_grid_fit_results,0.001631586153975161,0.0011060196000002008,0.0001102436146926955,0.005615159956156468,512
imap_idex_l1b_sci-10days_20260321_v016.cdf,22,827841790827000448,2026-03-27T00:02:01.643000448,18,2026-03-27 00:01:53.643047,2,2,2.0,True,l2a_ion_grid_charge,1,5,Pulser,quicklook+event_list,imap_idex_l2a_sci-10days_20260321_v016.cdf,22,151.2726554928231,162.20696674551237,0.5756370758849402,48257.20557657827,209.88718447720868,0.0041271592028539455,95.18186504256069,0.41397866760790664,8.140353457305613e-06,Target H,Target_High,target_high_fit_results,0.6402623737047557,0.24166380000001617,0.1316796186542888,2.30834107179129,512
imap_idex_l1b_sci-10days_20260321_v016.cdf,22,827841790827000448,2026-03-27T00:02:01.643000448,18,2026-03-27 00:01:53.643047,2,2,2.0,True,l2a_ion_grid_charge,1,5,Pulser,quicklook+event_list,imap_idex_l2a_sci-10days_20260321_v016.cdf,22,151.2726554928231,162.20696674551237,0.5756370758849402,48257.20557657827,209.88718447720868,0.0041271592028539455,95.18186504256069,0.41397866760790664,8.140353457305613e-06,Target L,Target_Low,target_low_fit_results,9.70836518893652,8.194594161750496,3.226550446728652,28.822360564256087,512
imap_idex_l1b_sci-10days_20260321_v016.cdf,22,827841790827000448,2026-03-27T00:02:01.643000448,18,2026-03-27 00:01:53.643047,2,2,2.0,True,l2a_ion_grid_charge,1,5,Pulser,quicklook+event_list,imap_idex_l2a_sci-10days_20260321_v016.cdf,22,151.2726554928231,162.20696674551237,0.5756370758849402,48257.20557657827,209.88718447720868,0.0041271592028539455,95.18186504256069,0.41397866760790664,8.140353457305613e-06,Ion Grid,Ion_Grid,ion_grid_fit_results,0.002839164986060886,0.0011060196000002008,-0.00030640261651471157,0.009809105746328983,512
imap_idex_l1b_sci-10days_20260321_v016.cdf,23,827841798826933376,2026-03-27T00:02:09.642933376,18,2026-03-27 00:01:53.643047,3,3,3.0,True,l2a_ion_grid_charge,1,5,Pulser,quicklook+event_list,imap_idex_l2a_sci-10days_20260321_v016.cdf,23,232.26934821455143,243.78747955870176,0.8659256540091838,39538.35930235834,339.8452473332224,0.007876860979980265,77.98492959045038,0.6703062077578351,1.553621495065141e-05,Target H,Target_High,target_high_fit_results,0.8147148266097163,0.24166380000001617,0.022066096473281505,3.0712647768235115,512
imap_idex_l1b_sci-10days_20260321_v016.cdf,23,827841798826933376,2026-03-27T00:02:09.642933376,18,2026-03-27 00:01:53.643047,3,3,3.0,True,l2a_ion_grid_charge,1,5,Pulser,quicklook+event_list,imap_idex_l2a_sci-10days_20260321_v016.cdf,23,232.26934821455143,243.78747955870176,0.8659256540091838,39538.35930235834,339.8452473332224,0.007876860979980265,77.98492959045038,0.6703062077578351,1.553621495065141e-05,Target L,Target_Low,target_low_fit_results,8.787682175205168,7.2504490720105474,3.111353993848752,27.89941807025025,512
imap_idex_l1b_sci-10days_20260321_v016.cdf,23,827841798826933376,2026-03-27T00:02:09.642933376,18,2026-03-27 00:01:53.643047,3,3,3.0,True,l2a_ion_grid_charge,1,5,Pulser,quicklook+event_list,imap_idex_l2a_sci-10days_20260321_v016.cdf,23,232.26934821455143,243.78747955870176,0.8659256540091838,39538.35930235834,339.8452473332224,0.007876860979980265,77.98492959045038,0.6703062077578351,1.553621495065141e-05,Ion Grid,Ion_Grid,ion_grid_fit_results,0.003922307242111963,0.0011060196000002008,-0.0001966338881917995,0.013615745710669591,512
imap_idex_l1b_sci-10days_20260321_v016.cdf,24,827841806826886528,2026-03-27T00:02:17.642886528,18,2026-03-27 00:01:53.643047,4,4,4.0,True,l2a_ion_grid_charge,1,5,Pulser,quicklook+event_list,imap_idex_l2a_sci-10days_20260321_v016.cdf,24,308.6979904661239,323.8674522770291,1.1532866120782364,43682.184303934686,522.5486735356405,0.011482354374828311,86.15815444563054,1.0306679951393305,2.264764176494736e-05,Target H,Target_High,target_high_fit_results,1.0102489188310464,0.24166380000001617,0.07795520393824518,7.824007283363699,512
imap_idex_l1b_sci-10days_20260321_v016.cdf,24,827841806826886528,2026-03-27T00:02:17.642886528,18,2026-03-27 00:01:53.643047,4,4,4.0,True,l2a_ion_grid_charge,1,5,Pulser,quicklook+event_list,imap_idex_l2a_sci-10days_20260321_v016.cdf,24,308.6979904661239,323.8674522770291,1.1532866120782364,43682.184303934686,522.5486735356405,0.011482354374828311,86.15815444563054,1.0306679951393305,2.264764176494736e-05,Target L,Target_Low,target_low_fit_results,9.236707542118156,7.997740120236223,2.654134116408386,25.625752232073864,512
imap_idex_l1b_sci-10days_20260321_v016.cdf,24,827841806826886528,2026-03-27T00:02:17.642886528,18,2026-03-27 00:01:53.643047,4,4,4.0,True,l2a_ion_grid_charge,1,5,Pulser,quicklook+event_list,imap_idex_l2a_sci-10days_20260321_v016.cdf,24,308.6979904661239,323.8674522770291,1.1532866120782364,43682.184303934686,522.5486735356405,0.011482354374828311,86.15815444563054,1.0306679951393305,2.264764176494736e-05,Ion Grid,Ion_Grid,ion_grid_fit_results,0.0047356597627296396,0.0011060196000002008,-0.00024264622602010455,0.016276112124479658,512
imap_idex_l1b_sci-10days_20260321_v016.cdf,25,827841814826839552,2026-03-27T00:02:25.642839552,18,2026-03-27 00:01:53.643047,5,5,5.0,True,l2a_ion_grid_charge,1,5,Pulser,quicklook+event_list,imap_idex_l2a_sci-10days_20260321_v016.cdf,25,739.6441668434818,369.3857331164884,1.440309280574077,39299.75158242052,193955.89347234677,0.015056695671414787,77.51430292390634,382.55600290403703,2.9697624598451255e-05,Target H,Target_High,target_high_fit_results,19.463301478376614,0.48332760000003233,0.216981872991596,55.54164921556264,512
imap_idex_l1b_sci-10days_20260321_v016.cdf,25,827841814826839552,2026-03-27T00:02:25.642839552,18,2026-03-27 00:01:53.643047,5,5,5.0,True,l2a_ion_grid_charge,1,5,Pulser,quicklook+event_list,imap_idex_l2a_sci-10days_20260321_v016.cdf,25,739.6441668434818,369.3857331164884,1.440309280574077,39299.75158242052,193955.89347234677,0.015056695671414787,77.51430292390634,382.55600290403703,2.9697624598451255e-05,Target L,Target_Low,target_low_fit_results,8.761125915623806,6.97319403129904,3.8661033826865605,30.73853982493165,512
imap_idex_l1b_sci-10days_20260321_v016.cdf,25,827841814826839552,2026-03-27T00:02:25.642839552,18,2026-03-27 00:01:53.643047,5,5,5.0,True,l2a_ion_grid_charge,1,5,Pulser,quicklook+event_list,imap_idex_l2a_sci-10days_20260321_v016.cdf,25,739.6441668434818,369.3857331164884,1.440309280574077,39299.75158242052,193955.89347234677,0.015056695671414787,77.51430292390634,382.55600290403703,2.9697624598451255e-05,Ion Grid,Ion_Grid,ion_grid_fit_results,0.0054228782701838335,0.0011060196000002008,-0.0002485882597831335,0.018818097437391046,512
imap_idex_l1b_sci-10days_20260331_v016.cdf,263,828532990256735360,2026-04-04T00:02:01.072735360,19,2026-04-04 00:02:01.072735,1,2,2.0,True,l2a_ion_grid_charge,1,4,Pulser,quicklook+event_list,imap_idex_l2a_sci-10days_20260331_v016.cdf,263,154.49166319146752,162.22068057482346,0.5760510969468886,39612.40494268539,196.93117004865837,0.004349548361358945,78.13097621831437,0.3884243985180639,8.578990850806599e-06,Target H,Target_High,target_high_fit_results,0.6201864167339413,0.24166380000001617,0.11022784622616655,2.3183046676742265,512
imap_idex_l1b_sci-10days_20260331_v016.cdf,263,828532990256735360,2026-04-04T00:02:01.072735360,19,2026-04-04 00:02:01.072735,1,2,2.0,True,l2a_ion_grid_charge,1,4,Pulser,quicklook+event_list,imap_idex_l2a_sci-10days_20260331_v016.cdf,263,154.49166319146752,162.22068057482346,0.5760510969468886,39612.40494268539,196.93117004865837,0.004349548361358945,78.13097621831437,0.3884243985180639,8.578990850806599e-06,Target L,Target_Low,target_low_fit_results,8.79590691194958,6.860901113100065,2.9469782523701724,26.709911846999603,512
imap_idex_l1b_sci-10days_20260331_v016.cdf,263,828532990256735360,2026-04-04T00:02:01.072735360,19,2026-04-04 00:02:01.072735,1,2,2.0,True,l2a_ion_grid_charge,1,4,Pulser,quicklook+event_list,imap_idex_l2a_sci-10days_20260331_v016.cdf,263,154.49166319146752,162.22068057482346,0.5760510969468886,39612.40494268539,196.93117004865837,0.004349548361358945,78.13097621831437,0.3884243985180639,8.578990850806599e-06,Ion Grid,Ion_Grid,ion_grid_fit_results,0.002914654635334895,0.0010824833537603936,-0.0005850689313962043,0.009360636729445204,512
imap_idex_l1b_sci-10days_20260331_v016.cdf,264,828532998256668288,2026-04-04T00:02:09.072668288,19,2026-04-04 00:02:01.072735,2,3,3.0,True,l2a_ion_grid_charge,1,4,Pulser,quicklook+event_list,imap_idex_l2a_sci-10days_20260331_v016.cdf,264,235.84428238406326,243.69608925217307,0.8663089466951142,40525.6967405828,324.53853112786874,0.008061204475267899,79.93234071120868,0.6401154460115754,1.58998115882996e-05,Target H,Target_High,target_high_fit_results,0.7961559637465002,0.24166380000001617,0.13492201129878367,2.868375517378979,512
imap_idex_l1b_sci-10days_20260331_v016.cdf,264,828532998256668288,2026-04-04T00:02:09.072668288,19,2026-04-04 00:02:01.072735,2,3,3.0,True,l2a_ion_grid_charge,1,4,Pulser,quicklook+event_list,imap_idex_l2a_sci-10days_20260331_v016.cdf,264,235.84428238406326,243.69608925217307,0.8663089466951142,40525.6967405828,324.53853112786874,0.008061204475267899,79.93234071120868,0.6401154460115754,1.58998115882996e-05,Target L,Target_Low,target_low_fit_results,8.896727007526463,7.868999088376331,1.5650852050421236,25.416806311099208,512
imap_idex_l1b_sci-10days_20260331_v016.cdf,264,828532998256668288,2026-04-04T00:02:09.072668288,19,2026-04-04 00:02:01.072735,2,3,3.0,True,l2a_ion_grid_charge,1,4,Pulser,quicklook+event_list,imap_idex_l2a_sci-10days_20260331_v016.cdf,264,235.84428238406326,243.69608925217307,0.8663089466951142,40525.6967405828,324.53853112786874,0.008061204475267899,79.93234071120868,0.6401154460115754,1.58998115882996e-05,Ion Grid,Ion_Grid,ion_grid_fit_results,0.003967939010463444,0.0011060196000002008,-0.0003501055456027746,0.014101185495685842,512
imap_idex_l1b_sci-10days_20260331_v016.cdf,265,828533006256621440,2026-04-04T00:02:17.072621440,19,2026-04-04 00:02:01.072735,3,4,4.0,True,l2a_ion_grid_charge,1,4,Pulser,quicklook+event_list,imap_idex_l2a_sci-10days_20260331_v016.cdf,265,310.3945373285387,323.78173609567585,1.1535003711391818,46527.07431940372,495.2414668375482,0.011659634793382813,91.76937735582588,0.9768076268985172,2.2997307284778725e-05,Target H,Target_High,target_high_fit_results,0.9834980884155731,0.24166380000001617,0.03518507749714672,7.9219977927085665,512
imap_idex_l1b_sci-10days_20260331_v016.cdf,265,828533006256621440,2026-04-04T00:02:17.072621440,19,2026-04-04 00:02:01.072735,3,4,4.0,True,l2a_ion_grid_charge,1,4,Pulser,quicklook+event_list,imap_idex_l2a_sci-10days_20260331_v016.cdf,265,310.3945373285387,323.78173609567585,1.1535003711391818,46527.07431940372,495.2414668375482,0.011659634793382813,91.76937735582588,0.9768076268985172,2.2997307284778725e-05,Target L,Target_Low,target_low_fit_results,9.53274315347295,7.404435194211869,3.302674911767099,31.65370597729634,512
imap_idex_l1b_sci-10days_20260331_v016.cdf,265,828533006256621440,2026-04-04T00:02:17.072621440,19,2026-04-04 00:02:01.072735,3,4,4.0,True,l2a_ion_grid_charge,1,4,Pulser,quicklook+event_list,imap_idex_l2a_sci-10days_20260331_v016.cdf,265,310.3945373285387,323.78173609567585,1.1535003711391818,46527.07431940372,495.2414668375482,0.011659634793382813,91.76937735582588,0.9768076268985172,2.2997307284778725e-05,Ion Grid,Ion_Grid,ion_grid_fit_results,0.0047720775565602246,0.0011060196000002008,-0.00025486662154983186,0.01629384658947619,512
imap_idex_l1b_sci-10days_20260331_v016.cdf,266,828533014256574464,2026-04-04T00:02:25.072574464,19,2026-04-04 00:02:01.072735,4,5,5.0,True,l2a_ion_grid_charge,1,4,Pulser,quicklook+event_list,imap_idex_l2a_sci-10days_20260331_v016.cdf,266,737.0961855035202,369.3568061032878,1.440003890608598,40409.8230637132,194720.32988284278,0.015251418484042408,79.70379302507534,384.0637670273033,3.0081693262411062e-05,Target H,Target_High,target_high_fit_results,19.501619017466915,0.4904276916537155,0.09966486013991016,55.61437939895757,512
imap_idex_l1b_sci-10days_20260331_v016.cdf,266,828533014256574464,2026-04-04T00:02:25.072574464,19,2026-04-04 00:02:01.072735,4,5,5.0,True,l2a_ion_grid_charge,1,4,Pulser,quicklook+event_list,imap_idex_l2a_sci-10days_20260331_v016.cdf,266,737.0961855035202,369.3568061032878,1.440003890608598,40409.8230637132,194720.32988284278,0.015251418484042408,79.70379302507534,384.0637670273033,3.0081693262411062e-05,Target L,Target_Low,target_low_fit_results,8.88399885588212,7.171513957584905,3.4076635730671114,27.536966026753362,512
imap_idex_l1b_sci-10days_20260331_v016.cdf,266,828533014256574464,2026-04-04T00:02:25.072574464,19,2026-04-04 00:02:01.072735,4,5,5.0,True,l2a_ion_grid_charge,1,4,Pulser,quicklook+event_list,imap_idex_l2a_sci-10days_20260331_v016.cdf,266,737.0961855035202,369.3568061032878,1.440003890608598,40409.8230637132,194720.32988284278,0.015251418484042408,79.70379302507534,384.0637670273033,3.0081693262411062e-05,Ion Grid,Ion_Grid,ion_grid_fit_results,0.005457831687277039,0.0011060196000002008,-0.0002772446915177973,0.018572674190892674,512
imap_idex_l1b_sci-10days_20260410_v016.cdf,2,829224181712525184,2026-04-12T00:01:52.528525184,20,2026-04-12 00:01:52.528525,1,1,1.0,True,l2a_ion_grid_charge,1,4,Pulser,quicklook+event_list,imap_idex_l2a_sci-10days_20260410_v016.cdf,2,77.20421005065873,81.13515601905294,0.28444310867778966,37836.69794168913,90.3360359785435,0.0014497596319575335,74.62859554573794,0.17817758575649606,2.859486453565155e-06,Target H,Target_High,target_high_fit_results,0.4200447241313629,0.24166380000001617,-0.007737239675350338,1.4560644193916232,512
imap_idex_l1b_sci-10days_20260410_v016.cdf,2,829224181712525184,2026-04-12T00:01:52.528525184,20,2026-04-12 00:01:52.528525,1,1,1.0,True,l2a_ion_grid_charge,1,4,Pulser,quicklook+event_list,imap_idex_l2a_sci-10days_20260410_v016.cdf,2,77.20421005065873,81.13515601905294,0.28444310867778966,37836.69794168913,90.3360359785435,0.0014497596319575335,74.62859554573794,0.17817758575649606,2.859486453565155e-06,Target L,Target_Low,target_low_fit_results,8.59649932631659,6.646563787247693,2.3893932662940642,25.89382013611248,512
imap_idex_l1b_sci-10days_20260410_v016.cdf,2,829224181712525184,2026-04-12T00:01:52.528525184,20,2026-04-12 00:01:52.528525,1,1,1.0,True,l2a_ion_grid_charge,1,4,Pulser,quicklook+event_list,imap_idex_l2a_sci-10days_20260410_v016.cdf,2,77.20421005065873,81.13515601905294,0.28444310867778966,37836.69794168913,90.3360359785435,0.0014497596319575335,74.62859554573794,0.17817758575649606,2.859486453565155e-06,Ion Grid,Ion_Grid,ion_grid_fit_results,0.001682724511370491,0.0011060196000002008,6.616181264962329e-05,0.00574812102778921,512
imap_idex_l1b_sci-10days_20260410_v016.cdf,3,829224189712478208,2026-04-12T00:02:00.528478208,20,2026-04-12 00:01:52.528525,2,2,2.0,True,l2a_ion_grid_charge,1,4,Pulser,quicklook+event_list,imap_idex_l2a_sci-10days_20260410_v016.cdf,3,154.8591573166159,162.25471943880706,0.5758336563724678,48015.384318674405,231.31536791037524,0.00429852052317023,94.70490003683315,0.4562433292117855,8.478344227160218e-06,Target H,Target_High,target_high_fit_results,0.6721516405915794,0.24166380000001617,0.07354535153439201,2.210449586003847,512
imap_idex_l1b_sci-10days_20260410_v016.cdf,3,829224189712478208,2026-04-12T00:02:00.528478208,20,2026-04-12 00:01:52.528525,2,2,2.0,True,l2a_ion_grid_charge,1,4,Pulser,quicklook+event_list,imap_idex_l2a_sci-10days_20260410_v016.cdf,3,154.8591573166159,162.25471943880706,0.5758336563724678,48015.384318674405,231.31536791037524,0.00429852052317023,94.70490003683315,0.4562433292117855,8.478344227160218e-06,Target L,Target_Low,target_low_fit_results,9.68400988730448,7.562501261856086,2.7810033305649995,31.730602907660796,512
imap_idex_l1b_sci-10days_20260410_v016.cdf,3,829224189712478208,2026-04-12T00:02:00.528478208,20,2026-04-12 00:01:52.528525,2,2,2.0,True,l2a_ion_grid_charge,1,4,Pulser,quicklook+event_list,imap_idex_l2a_sci-10days_20260410_v016.cdf,3,154.8591573166159,162.25471943880706,0.5758336563724678,48015.384318674405,231.31536791037524,0.00429852052317023,94.70490003683315,0.4562433292117855,8.478344227160218e-06,Ion Grid,Ion_Grid,ion_grid_fit_results,0.002897507186672167,0.0011060196000002008,-7.536273604147325e-05,0.009688176519418779,512
imap_idex_l1b_sci-10days_20260410_v016.cdf,4,829224197712431232,2026-04-12T00:02:08.528431232,20,2026-04-12 00:01:52.528525,3,3,3.0,True,l2a_ion_grid_charge,1,4,Pulser,quicklook+event_list,imap_idex_l2a_sci-10days_20260410_v016.cdf,4,232.9628793805241,243.8185026152085,0.8657909652172794,40196.6510056853,352.2891383950735,0.007819788656518696,79.28333531693353,0.6948503715879162,1.5423646265322874e-05,Target H,Target_High,target_high_fit_results,0.8294966687262089,0.24166380000001617,0.03602915163588705,3.020415504679306,512
imap_idex_l1b_sci-10days_20260410_v016.cdf,4,829224197712431232,2026-04-12T00:02:08.528431232,20,2026-04-12 00:01:52.528525,3,3,3.0,True,l2a_ion_grid_charge,1,4,Pulser,quicklook+event_list,imap_idex_l2a_sci-10days_20260410_v016.cdf,4,232.9628793805241,243.8185026152085,0.8657909652172794,40196.6510056853,352.2891383950735,0.007819788656518696,79.28333531693353,0.6948503715879162,1.5423646265322874e-05,Target L,Target_Low,target_low_fit_results,8.860535198027211,7.447225212045232,3.4737692819435324,27.741369810228207,512
imap_idex_l1b_sci-10days_20260410_v016.cdf,4,829224197712431232,2026-04-12T00:02:08.528431232,20,2026-04-12 00:01:52.528525,3,3,3.0,True,l2a_ion_grid_charge,1,4,Pulser,quicklook+event_list,imap_idex_l2a_sci-10days_20260410_v016.cdf,4,232.9628793805241,243.8185026152085,0.8657909652172794,40196.6510056853,352.2891383950735,0.007819788656518696,79.28333531693353,0.6948503715879162,1.5423646265322874e-05,Ion Grid,Ion_Grid,ion_grid_fit_results,0.003908071739331697,0.000687174549099082,-0.0004267724817307861,0.013488915552784864,512
imap_idex_l1b_sci-10days_20260410_v016.cdf,6,829224213712317184,2026-04-12T00:02:24.528317184,20,2026-04-12 00:01:52.528525,4,5,5.0,True,l2a_ion_grid_charge,1,4,Pulser,quicklook+event_list,imap_idex_l2a_sci-10days_20260410_v016.cdf,6,733.5635087309929,369.46077074334437,1.4405276169917896,42394.57359076667,194739.0253606374,0.01505565823355172,83.61848834470743,384.1006417369574,2.9695578369924496e-05,Target H,Target_High,target_high_fit_results,19.50255518919239,0.535241365015149,0.16055537591785196,55.76195648612725,512
imap_idex_l1b_sci-10days_20260410_v016.cdf,6,829224213712317184,2026-04-12T00:02:24.528317184,20,2026-04-12 00:01:52.528525,4,5,5.0,True,l2a_ion_grid_charge,1,4,Pulser,quicklook+event_list,imap_idex_l2a_sci-10days_20260410_v016.cdf,6,733.5635087309929,369.46077074334437,1.4405276169917896,42394.57359076667,194739.0253606374,0.01505565823355172,83.61848834470743,384.1006417369574,2.9695578369924496e-05,Target L,Target_Low,target_low_fit_results,9.099555019036158,7.876144310559194,4.180015581983753,27.419984418014792,512
imap_idex_l1b_sci-10days_20260410_v016.cdf,6,829224213712317184,2026-04-12T00:02:24.528317184,20,2026-04-12 00:01:52.528525,4,5,5.0,True,l2a_ion_grid_charge,1,4,Pulser,quicklook+event_list,imap_idex_l2a_sci-10days_20260410_v016.cdf,6,733.5635087309929,369.46077074334437,1.4405276169917896,42394.57359076667,194739.0253606374,0.01505565823355172,83.61848834470743,384.1006417369574,2.9695578369924496e-05,Ion Grid,Ion_Grid,ion_grid_fit_results,0.005422691443130957,0.0011060196000002008,-0.00041944446875108454,0.018090886577857512,512
imap_idex_l1b_sci-10days_20260420_v016.cdf,1,829915381080787840,2026-04-20T00:01:51.896787840,21,2026-04-20 00:01:51.896787,1,1,1.0,True,l2a_ion_grid_charge,1,5,Pulser,quicklook+event_list,imap_idex_l2a_sci-10days_20260420_v016.cdf,1,75.16803928902664,81.14392133136442,0.28445915099122243,45536.03763536723,87.73768595149646,0.0013625096729032386,89.81466989224306,0.17305263501281354,2.687395804542877e-06,Target H,Target_High,target_high_fit_results,0.4139597418518092,0.24166380000001617,0.09693052246871048,1.4382248464871168,512
imap_idex_l1b_sci-10days_20260420_v016.cdf,1,829915381080787840,2026-04-20T00:01:51.896787840,21,2026-04-20 00:01:51.896787,1,1,1.0,True,l2a_ion_grid_charge,1,5,Pulser,quicklook+event_list,imap_idex_l2a_sci-10days_20260420_v016.cdf,1,75.16803928902664,81.14392133136442,0.28445915099122243,45536.03763536723,87.73768595149646,0.0013625096729032386,89.81466989224306,0.17305263501281354,2.687395804542877e-06,Target L,Target_Low,target_low_fit_results,9.430671954138614,7.433772435900533,3.0686600226345035,27.76617395352514,512
imap_idex_l1b_sci-10days_20260420_v016.cdf,1,829915381080787840,2026-04-20T00:01:51.896787840,21,2026-04-20 00:01:51.896787,1,1,1.0,True,l2a_ion_grid_charge,1,5,Pulser,quicklook+event_list,imap_idex_l2a_sci-10days_20260420_v016.cdf,1,75.16803928902664,81.14392133136442,0.28445915099122243,45536.03763536723,87.73768595149646,0.0013625096729032386,89.81466989224306,0.17305263501281354,2.687395804542877e-06,Ion Grid,Ion_Grid,ion_grid_fit_results,0.0016313036826076063,0.0011060196000002008,-0.0005240944558158045,0.005352265957855318,512
imap_idex_l1b_sci-10days_20260420_v016.cdf,2,829915389080720768,2026-04-20T00:01:59.896720768,21,2026-04-20 00:01:51.896787,2,2,2.0,True,l2a_ion_grid_charge,1,5,Pulser,quicklook+event_list,imap_idex_l2a_sci-10days_20260420_v016.cdf,2,155.20565207840264,162.15533524519606,0.5759136334951082,41800.72344781598,198.1626066133137,0.004212117085419534,82.44718628760549,0.39085326748188104,8.30792324540342e-06,Target H,Target_High,target_high_fit_results,0.6221224485916164,0.24166380000001617,0.01945693272745075,2.2113958005284644,512
imap_idex_l1b_sci-10days_20260420_v016.cdf,2,829915389080720768,2026-04-20T00:01:59.896720768,21,2026-04-20 00:01:51.896787,2,2,2.0,True,l2a_ion_grid_charge,1,5,Pulser,quicklook+event_list,imap_idex_l2a_sci-10days_20260420_v016.cdf,2,155.20565207840264,162.15533524519606,0.5759136334951082,41800.72344781598,198.1626066133137,0.004212117085419534,82.44718628760549,0.39085326748188104,8.30792324540342e-06,Target L,Target_Low,target_low_fit_results,9.035598374430748,7.57108089775921,1.8774944689303084,25.443555319910956,512
imap_idex_l1b_sci-10days_20260420_v016.cdf,2,829915389080720768,2026-04-20T00:01:59.896720768,21,2026-04-20 00:01:51.896787,2,2,2.0,True,l2a_ion_grid_charge,1,5,Pulser,quicklook+event_list,imap_idex_l2a_sci-10days_20260420_v016.cdf,2,155.20565207840264,162.15533524519606,0.5759136334951082,41800.72344781598,198.1626066133137,0.004212117085419534,82.44718628760549,0.39085326748188104,8.30792324540342e-06,Ion Grid,Ion_Grid,ion_grid_fit_results,0.0028682383412924435,0.0011610483232239622,-0.00045126995001720793,0.009599864005742864,512
imap_idex_l1b_sci-10days_20260420_v016.cdf,3,829915397080673792,2026-04-20T00:02:07.896673792,21,2026-04-20 00:01:51.896787,3,3,3.0,True,l2a_ion_grid_charge,1,5,Pulser,quicklook+event_list,imap_idex_l2a_sci-10days_20260420_v016.cdf,3,229.02450504933586,243.79229526855562,0.8661541499569322,40181.07503284735,327.4133151838694,0.007892353969269286,79.25261347701647,0.6457856315263696,1.5566773114929558e-05,Target H,Target_High,target_high_fit_results,0.7996743907481938,0.24166380000001617,0.15879270172916904,2.803623636092766,512
imap_idex_l1b_sci-10days_20260420_v016.cdf,3,829915397080673792,2026-04-20T00:02:07.896673792,21,2026-04-20 00:01:51.896787,3,3,3.0,True,l2a_ion_grid_charge,1,5,Pulser,quicklook+event_list,imap_idex_l2a_sci-10days_20260420_v016.cdf,3,229.02450504933586,243.79229526855562,0.8661541499569322,40181.07503284735,327.4133151838694,0.007892353969269286,79.25261347701647,0.6457856315263696,1.5566773114929558e-05,Target L,Target_Low,target_low_fit_results,8.858818328283405,7.029718095567747,3.215278218334788,27.251910231068905,512
imap_idex_l1b_sci-10days_20260420_v016.cdf,3,829915397080673792,2026-04-20T00:02:07.896673792,21,2026-04-20 00:01:51.896787,3,3,3.0,True,l2a_ion_grid_charge,1,5,Pulser,quicklook+event_list,imap_idex_l2a_sci-10days_20260420_v016.cdf,3,229.02450504933586,243.79229526855562,0.8661541499569322,40181.07503284735,327.4133151838694,0.007892353969269286,79.25261347701647,0.6457856315263696,1.5566773114929558e-05,Ion Grid,Ion_Grid,ion_grid_fit_results,0.003926162738123456,0.0011060196000002008,-0.0007536823016740524,0.012944271326855272,512
imap_idex_l1b_sci-10days_20260420_v016.cdf,4,829915405080626944,2026-04-20T00:02:15.896626944,21,2026-04-20 00:01:51.896787,4,4,4.0,True,l2a_ion_grid_charge,1,5,Pulser,quicklook+event_list,imap_idex_l2a_sci-10days_20260420_v016.cdf,4,313.2794078022962,323.82958362922676,1.153806841820591,47862.60600658137,496.2605905095341,0.011732744389390756,94.40356214315852,0.9788177327604223,2.314150767138216e-05,Target H,Target_High,target_high_fit_results,0.9845095052049695,0.267335101426415,0.03166466665757639,7.432617841544015,512
imap_idex_l1b_sci-10days_20260420_v016.cdf,4,829915405080626944,2026-04-20T00:02:15.896626944,21,2026-04-20 00:01:51.896787,4,4,4.0,True,l2a_ion_grid_charge,1,5,Pulser,quicklook+event_list,imap_idex_l2a_sci-10days_20260420_v016.cdf,4,313.2794078022962,323.82958362922676,1.153806841820591,47862.60600658137,496.2605905095341,0.011732744389390756,94.40356214315852,0.9788177327604223,2.314150767138216e-05,Target L,Target_Low,target_low_fit_results,9.668591022305383,8.201061365062923,2.9116150836980523,28.016938291671977,512
imap_idex_l1b_sci-10days_20260420_v016.cdf,4,829915405080626944,2026-04-20T00:02:15.896626944,21,2026-04-20 00:01:51.896787,4,4,4.0,True,l2a_ion_grid_charge,1,5,Pulser,quicklook+event_list,imap_idex_l2a_sci-10days_20260420_v016.cdf,4,313.2794078022962,323.82958362922676,1.153806841820591,47862.60600658137,496.2605905095341,0.011732744389390756,94.40356214315852,0.9788177327604223,2.314150767138216e-05,Ion Grid,Ion_Grid,ion_grid_fit_results,0.004787015394327536,0.0011060196000002008,-0.0007891170313365503,0.01602713406633849,512
imap_idex_l1b_sci-10days_20260420_v016.cdf,5,829915413080560000,2026-04-20T00:02:23.896560000,21,2026-04-20 00:01:51.896787,5,5,5.0,True,l2a_ion_grid_charge,1,5,Pulser,quicklook+event_list,imap_idex_l2a_sci-10days_20260420_v016.cdf,5,739.7802322923308,369.44522590331627,1.4404558031505095,46742.998872575416,195038.71746597197,0.015356082309164455,92.19526404847223,384.6917504259802,3.0288130787306615e-05,Target H,Target_High,target_high_fit_results,19.517556072693285,0.5867358498564642,0.10315463559157934,55.63204943100732,512
imap_idex_l1b_sci-10days_20260420_v016.cdf,5,829915413080560000,2026-04-20T00:02:23.896560000,21,2026-04-20 00:01:51.896787,5,5,5.0,True,l2a_ion_grid_charge,1,5,Pulser,quicklook+event_list,imap_idex_l2a_sci-10days_20260420_v016.cdf,5,739.7802322923308,369.44522590331627,1.4404558031505095,46742.998872575416,195038.71746597197,0.015356082309164455,92.19526404847223,384.6917504259802,3.0288130787306615e-05,Target L,Target_Low,target_low_fit_results,9.554837501129931,9.303013376699564,2.148510414212069,26.031867902111117,512
imap_idex_l1b_sci-10days_20260420_v016.cdf,5,829915413080560000,2026-04-20T00:02:23.896560000,21,2026-04-20 00:01:51.896787,5,5,5.0,True,l2a_ion_grid_charge,1,5,Pulser,quicklook+event_list,imap_idex_l2a_sci-10days_20260420_v016.cdf,5,739.7802322923308,369.44522590331627,1.4404558031505095,46742.998872575416,195038.71746597197,0.015356082309164455,92.19526404847223,384.6917504259802,3.0288130787306615e-05,Ion Grid,Ion_Grid,ion_grid_fit_results,0.005476527025413718,0.0011060196000002008,-0.0002247084256976617,0.018786675683061915,512
imap_idex_l1b_sci-10days_20260420_v016.cdf,20,830606580675586176,2026-04-28T00:01:51.491586176,22,2026-04-28 00:01:51.491586,1,1,1.0,True,l2a_ion_grid_charge,1,5,Pulser,quicklook+event_list,imap_idex_l2a_sci-10days_20260420_v016.cdf,20,76.57006668236863,81.13140371400493,0.2843666323133158,39891.499989810734,87.67416347953271,0.00131696072178136,78.68145954597777,0.17292734414109015,2.5975556642630376e-06,Target H,Target_High,target_high_fit_results,0.41380986037788214,0.24166380000001617,0.10068705682584778,1.3770292177556485,512
imap_idex_l1b_sci-10days_20260420_v016.cdf,20,830606580675586176,2026-04-28T00:01:51.491586176,22,2026-04-28 00:01:51.491586,1,1,1.0,True,l2a_ion_grid_charge,1,5,Pulser,quicklook+event_list,imap_idex_l2a_sci-10days_20260420_v016.cdf,20,76.57006668236863,81.13140371400493,0.2843666323133158,39891.499989810734,87.67416347953271,0.00131696072178136,78.68145954597777,0.17292734414109015,2.5975556642630376e-06,Target L,Target_Low,target_low_fit_results,8.826838953872393,6.290220247690694,3.5425449905505957,29.54606040991348,512
imap_idex_l1b_sci-10days_20260420_v016.cdf,20,830606580675586176,2026-04-28T00:01:51.491586176,22,2026-04-28 00:01:51.491586,1,1,1.0,True,l2a_ion_grid_charge,1,5,Pulser,quicklook+event_list,imap_idex_l2a_sci-10days_20260420_v016.cdf,20,76.57006668236863,81.13140371400493,0.2843666323133158,39891.499989810734,87.67416347953271,0.00131696072178136,78.68145954597777,0.17292734414109015,2.5975556642630376e-06,Ion Grid,Ion_Grid,ion_grid_fit_results,0.0016038045110702297,0.0011060196000002008,-0.00011120099483563628,0.005682566476406858,512
imap_idex_l1b_sci-10days_20260420_v016.cdf,21,830606588675519360,2026-04-28T00:01:59.491519360,22,2026-04-28 00:01:51.491586,2,2,2.0,True,l2a_ion_grid_charge,1,5,Pulser,quicklook+event_list,imap_idex_l2a_sci-10days_20260420_v016.cdf,21,155.83752414574337,162.27937671742603,0.5758594134006055,43257.423199860816,212.67308637598188,0.0043313107318272755,85.32036134094835,0.41947354314789326,8.543019194925593e-06,Target H,Target_High,target_high_fit_results,0.6444975731747091,0.24166380000001617,0.04285005430364208,2.3429611229955754,512
imap_idex_l1b_sci-10days_20260420_v016.cdf,21,830606588675519360,2026-04-28T00:01:59.491519360,22,2026-04-28 00:01:51.491586,2,2,2.0,True,l2a_ion_grid_charge,1,5,Pulser,quicklook+event_list,imap_idex_l2a_sci-10days_20260420_v016.cdf,21,155.83752414574337,162.27937671742603,0.5758594134006055,43257.423199860816,212.67308637598188,0.0043313107318272755,85.32036134094835,0.41947354314789326,8.543019194925593e-06,Target L,Target_Low,target_low_fit_results,9.191689435964868,7.4884735521899835,3.086352883528889,26.3204103698954,512
imap_idex_l1b_sci-10days_20260420_v016.cdf,21,830606588675519360,2026-04-28T00:01:59.491519360,22,2026-04-28 00:01:51.491586,2,2,2.0,True,l2a_ion_grid_charge,1,5,Pulser,quicklook+event_list,imap_idex_l2a_sci-10days_20260420_v016.cdf,21,155.83752414574337,162.27937671742603,0.5758594134006055,43257.423199860816,212.67308637598188,0.0043313107318272755,85.32036134094835,0.41947354314789326,8.543019194925593e-06,Ion Grid,Ion_Grid,ion_grid_fit_results,0.0029085376519997377,0.0011060196000002008,-0.0005732619464324795,0.009822841182849373,512
imap_idex_l1b_sci-10days_20260420_v016.cdf,22,830606596675472384,2026-04-28T00:02:07.491472384,22,2026-04-28 00:01:51.491586,3,3,3.0,True,l2a_ion_grid_charge,1,5,Pulser,quicklook+event_list,imap_idex_l2a_sci-10days_20260420_v016.cdf,22,230.95896293379337,243.8433249718001,0.8663726213664491,39390.740200675275,344.93219088520067,0.008055222718453162,77.69376765419186,0.6803396269925063,1.5888013251386907e-05,Target H,Target_High,target_high_fit_results,0.8207896717933636,0.24166380000001617,0.13197141772758414,3.201981870292343,512
imap_idex_l1b_sci-10days_20260420_v016.cdf,22,830606596675472384,2026-04-28T00:02:07.491472384,22,2026-04-28 00:01:51.491586,3,3,3.0,True,l2a_ion_grid_charge,1,5,Pulser,quicklook+event_list,imap_idex_l2a_sci-10days_20260420_v016.cdf,22,230.95896293379337,243.8433249718001,0.8663726213664491,39390.740200675275,344.93219088520067,0.008055222718453162,77.69376765419186,0.6803396269925063,1.5888013251386907e-05,Target L,Target_Low,target_low_fit_results,8.771262135772929,7.348924771894083,2.2759861175509286,26.10479248734555,512
imap_idex_l1b_sci-10days_20260420_v016.cdf,22,830606596675472384,2026-04-28T00:02:07.491472384,22,2026-04-28 00:01:51.491586,3,3,3.0,True,l2a_ion_grid_charge,1,5,Pulser,quicklook+event_list,imap_idex_l2a_sci-10days_20260420_v016.cdf,22,230.95896293379337,243.8433249718001,0.8663726213664491,39390.740200675275,344.93219088520067,0.008055222718453162,77.69376765419186,0.6803396269925063,1.5888013251386907e-05,Ion Grid,Ion_Grid,ion_grid_fit_results,0.003966466547442299,0.0011060196000002008,-0.0002704590012059249,0.01344862035788763,512
imap_idex_l1b_sci-10days_20260420_v016.cdf,23,830606604675425408,2026-04-28T00:02:15.491425408,22,2026-04-28 00:01:51.491586,4,4,4.0,True,l2a_ion_grid_charge,1,5,Pulser,quicklook+event_list,imap_idex_l2a_sci-10days_20260420_v016.cdf,23,311.512456153705,323.97464907659236,1.1537807697347515,42773.40889911451,512.0634667903303,0.01167182926130669,84.36569802586689,1.0099871139848724,2.3021359489756785e-05,Target H,Target_High,target_high_fit_results,1.0000619773668349,0.24166380000001617,0.09770030591010936,7.491003561814523,512
imap_idex_l1b_sci-10days_20260420_v016.cdf,23,830606604675425408,2026-04-28T00:02:15.491425408,22,2026-04-28 00:01:51.491586,4,4,4.0,True,l2a_ion_grid_charge,1,5,Pulser,quicklook+event_list,imap_idex_l2a_sci-10days_20260420_v016.cdf,23,311.512456153705,323.97464907659236,1.1537807697347515,42773.40889911451,512.0634667903303,0.01167182926130669,84.36569802586689,1.0099871139848724,2.3021359489756785e-05,Target L,Target_Low,target_low_fit_results,9.140121129180018,7.768319297949368,2.529618020504131,31.96096256927558,512
imap_idex_l1b_sci-10days_20260420_v016.cdf,23,830606604675425408,2026-04-28T00:02:15.491425408,22,2026-04-28 00:01:51.491586,4,4,4.0,True,l2a_ion_grid_charge,1,5,Pulser,quicklook+event_list,imap_idex_l2a_sci-10days_20260420_v016.cdf,23,311.512456153705,323.97464907659236,1.1537807697347515,42773.40889911451,512.0634667903303,0.01167182926130669,84.36569802586689,1.0099871139848724,2.3021359489756785e-05,Ion Grid,Ion_Grid,ion_grid_fit_results,0.004774572391951936,0.0011060196000002008,-0.000714827749328073,0.01607756851089248,512
imap_idex_l1b_sci-10days_20260420_v016.cdf,24,830606612675358592,2026-04-28T00:02:23.491358592,22,2026-04-28 00:01:51.491586,5,5,5.0,True,l2a_ion_grid_charge,1,5,Pulser,quicklook+event_list,imap_idex_l2a_sci-10days_20260420_v016.cdf,24,738.0290310349519,369.44017634197394,1.4407272982666397,42968.6743152921,194740.37097105116,0.014842963059208927,84.75083691379112,384.10329580088984,2.9276061260767115e-05,Target H,Target_High,target_high_fit_results,19.50262256858893,0.5308200957919805,0.148913112661603,55.473731573755686,512
imap_idex_l1b_sci-10days_20260420_v016.cdf,24,830606612675358592,2026-04-28T00:02:23.491358592,22,2026-04-28 00:01:51.491586,5,5,5.0,True,l2a_ion_grid_charge,1,5,Pulser,quicklook+event_list,imap_idex_l2a_sci-10days_20260420_v016.cdf,24,738.0290310349519,369.44017634197394,1.4407272982666397,42968.6743152921,194740.37097105116,0.014842963059208927,84.75083691379112,384.10329580088984,2.9276061260767115e-05,Target L,Target_Low,target_low_fit_results,9.160960212884612,7.413656249052639,3.64813601151036,30.182630244446045,512
imap_idex_l1b_sci-10days_20260420_v016.cdf,24,830606612675358592,2026-04-28T00:02:23.491358592,22,2026-04-28 00:01:51.491586,5,5,5.0,True,l2a_ion_grid_charge,1,5,Pulser,quicklook+event_list,imap_idex_l2a_sci-10days_20260420_v016.cdf,24,738.0290310349519,369.44017634197394,1.4407272982666397,42968.6743152921,194740.37097105116,0.014842963059208927,84.75083691379112,384.10329580088984,2.9276061260767115e-05,Ion Grid,Ion_Grid,ion_grid_fit_results,0.0053842513151799885,0.0011060196000002008,-0.0004709447182629223,0.019080311321502785,512
imap_idex_l1b_sci-10days_20260430_v016.cdf,14,831297779974435328,2026-05-06T00:01:50.790435328,23,2026-05-06 00:01:50.790435,1,1,1.0,True,l2a_ion_grid_charge,1,5,Pulser,quicklook+event_list,imap_idex_l2a_sci-10days_20260430_v016.cdf,14,77.42980199807789,81.08843290684274,0.28415802792952927,39587.40035771089,89.19805370094299,0.00147070949795256,78.08165751027789,0.1759330447750355,2.900807688269349e-06,Target H,Target_High,target_high_fit_results,0.4173906427253183,0.20641055688868232,-0.00307302538459453,1.4504170717008265,512
imap_idex_l1b_sci-10days_20260430_v016.cdf,14,831297779974435328,2026-05-06T00:01:50.790435328,23,2026-05-06 00:01:50.790435,1,1,1.0,True,l2a_ion_grid_charge,1,5,Pulser,quicklook+event_list,imap_idex_l2a_sci-10days_20260430_v016.cdf,14,77.42980199807789,81.08843290684274,0.28415802792952927,39587.40035771089,89.19805370094299,0.00147070949795256,78.08165751027789,0.1759330447750355,2.900807688269349e-06,Target L,Target_Low,target_low_fit_results,8.793130348382997,6.991639845917672,1.8492089345891145,25.540822108665452,512
imap_idex_l1b_sci-10days_20260430_v016.cdf,14,831297779974435328,2026-05-06T00:01:50.790435328,23,2026-05-06 00:01:50.790435,1,1,1.0,True,l2a_ion_grid_charge,1,5,Pulser,quicklook+event_list,imap_idex_l2a_sci-10days_20260430_v016.cdf,14,77.42980199807789,81.08843290684274,0.28415802792952927,39587.40035771089,89.19805370094299,0.00147070949795256,78.08165751027789,0.1759330447750355,2.900807688269349e-06,Ion Grid,Ion_Grid,ion_grid_fit_results,0.0016948390744222868,0.0011060196000002008,2.878054272570374e-05,0.005661039302345516,512
imap_idex_l1b_sci-10days_20260430_v016.cdf,15,831297787974388352,2026-05-06T00:01:58.790388352,23,2026-05-06 00:01:50.790435,2,2,2.0,True,l2a_ion_grid_charge,1,5,Pulser,quicklook+event_list,imap_idex_l2a_sci-10days_20260430_v016.cdf,15,154.56862283320152,162.21231570115083,0.5759014255075936,44244.37855334539,217.33388059998754,0.004361598004483186,87.26701884289032,0.4286664311636835,8.60275740529228e-06,Target H,Target_High,target_high_fit_results,0.6515214774256107,0.24166380000001617,0.02424622871126303,2.3632780775193964,512
imap_idex_l1b_sci-10days_20260430_v016.cdf,15,831297787974388352,2026-05-06T00:01:58.790388352,23,2026-05-06 00:01:50.790435,2,2,2.0,True,l2a_ion_grid_charge,1,5,Pulser,quicklook+event_list,imap_idex_l2a_sci-10days_20260430_v016.cdf,15,154.56862283320152,162.21231570115083,0.5759014255075936,44244.37855334539,217.33388059998754,0.004361598004483186,87.26701884289032,0.4286664311636835,8.60275740529228e-06,Target L,Target_Low,target_low_fit_results,9.295956210202515,8.040140259894759,4.393151933674744,26.96058629392064,512
imap_idex_l1b_sci-10days_20260430_v016.cdf,15,831297787974388352,2026-05-06T00:01:58.790388352,23,2026-05-06 00:01:50.790435,2,2,2.0,True,l2a_ion_grid_charge,1,5,Pulser,quicklook+event_list,imap_idex_l2a_sci-10days_20260430_v016.cdf,15,154.56862283320152,162.21231570115083,0.5759014255075936,44244.37855334539,217.33388059998754,0.004361598004483186,87.26701884289032,0.4286664311636835,8.60275740529228e-06,Ion Grid,Ion_Grid,ion_grid_fit_results,0.0029186891068605134,0.0011060196000002008,-0.00015420811624422548,0.009526050452203005,512
imap_idex_l1b_sci-10days_20260430_v016.cdf,16,831297795974341376,2026-05-06T00:02:06.790341376,23,2026-05-06 00:01:50.790435,3,3,3.0,True,l2a_ion_grid_charge,1,5,Pulser,quicklook+event_list,imap_idex_l2a_sci-10days_20260430_v016.cdf,16,231.2118532746972,243.64903894850323,0.86601710033643,42608.67515377252,339.85810693117156,0.008013297326086608,84.04077939600103,0.6703315718563542,1.5805320169796073e-05,Target H,Target_High,target_high_fit_results,0.8147302406931661,0.24166380000001617,0.02668199279429473,3.0576643931459557,512
imap_idex_l1b_sci-10days_20260430_v016.cdf,16,831297795974341376,2026-05-06T00:02:06.790341376,23,2026-05-06 00:01:50.790435,3,3,3.0,True,l2a_ion_grid_charge,1,5,Pulser,quicklook+event_list,imap_idex_l2a_sci-10days_20260430_v016.cdf,16,231.2118532746972,243.64903894850323,0.86601710033643,42608.67515377252,339.85810693117156,0.008013297326086608,84.04077939600103,0.6703315718563542,1.5805320169796073e-05,Target L,Target_Low,target_low_fit_results,9.122503420646767,7.671336906723468,3.1209953953257354,31.84066526880997,512
imap_idex_l1b_sci-10days_20260430_v016.cdf,16,831297795974341376,2026-05-06T00:02:06.790341376,23,2026-05-06 00:01:50.790435,3,3,3.0,True,l2a_ion_grid_charge,1,5,Pulser,quicklook+event_list,imap_idex_l2a_sci-10days_20260430_v016.cdf,16,231.2118532746972,243.64903894850323,0.86601710033643,42608.67515377252,339.85810693117156,0.008013297326086608,84.04077939600103,0.6703315718563542,1.5805320169796073e-05,Ion Grid,Ion_Grid,ion_grid_fit_results,0.003956130854763642,0.0011060196000002008,-0.0007407930672598262,0.013716395596338193,512
imap_idex_l1b_sci-10days_20260430_v016.cdf,17,831297803974274560,2026-05-06T00:02:14.790274560,23,2026-05-06 00:01:50.790435,4,4,4.0,True,l2a_ion_grid_charge,1,5,Pulser,quicklook+event_list,imap_idex_l2a_sci-10days_20260430_v016.cdf,17,311.98970617527084,323.8575135451796,1.1537189815532405,42372.6123271238,499.0342831112604,0.011724619834910816,83.57517224284774,0.9842885268466675,2.312548290909431e-05,Target H,Target_High,target_high_fit_results,0.9872569747546383,0.3060941147927687,0.05354441691716261,7.56299043122624,512
imap_idex_l1b_sci-10days_20260430_v016.cdf,17,831297803974274560,2026-05-06T00:02:14.790274560,23,2026-05-06 00:01:50.790435,4,4,4.0,True,l2a_ion_grid_charge,1,5,Pulser,quicklook+event_list,imap_idex_l2a_sci-10days_20260430_v016.cdf,17,311.98970617527084,323.8575135451796,1.1537189815532405,42372.6123271238,499.0342831112604,0.011724619834910816,83.57517224284774,0.9842885268466675,2.312548290909431e-05,Target L,Target_Low,target_low_fit_results,9.097197835125588,8.155265828351721,3.3914358445890684,28.2564799709653,512
imap_idex_l1b_sci-10days_20260430_v016.cdf,17,831297803974274560,2026-05-06T00:02:14.790274560,23,2026-05-06 00:01:50.790435,4,4,4.0,True,l2a_ion_grid_charge,1,5,Pulser,quicklook+event_list,imap_idex_l2a_sci-10days_20260430_v016.cdf,17,311.98970617527084,323.8575135451796,1.1537189815532405,42372.6123271238,499.0342831112604,0.011724619834910816,83.57517224284774,0.9842885268466675,2.312548290909431e-05,Ion Grid,Ion_Grid,ion_grid_fit_results,0.004785357678905537,0.0011060196000002008,-0.00023432566790249076,0.015812615879715386,512
imap_idex_l1b_sci-10days_20260430_v016.cdf,18,831297811974227712,2026-05-06T00:02:22.790227712,23,2026-05-06 00:01:50.790435,5,5,5.0,True,l2a_ion_grid_charge,1,5,Pulser,quicklook+event_list,imap_idex_l2a_sci-10days_20260430_v016.cdf,18,740.3926992175402,369.5082264878632,1.440452450714749,45081.33124301341,194925.41587423583,0.01494396016912757,88.91781310259056,384.4682758860667,2.94752666057743e-05,Target H,Target_High,target_high_fit_results,19.511886194813837,0.4898163693726723,0.14310231149909214,55.86566128650054,512
imap_idex_l1b_sci-10days_20260430_v016.cdf,18,831297811974227712,2026-05-06T00:02:22.790227712,23,2026-05-06 00:01:50.790435,5,5,5.0,True,l2a_ion_grid_charge,1,5,Pulser,quicklook+event_list,imap_idex_l2a_sci-10days_20260430_v016.cdf,18,740.3926992175402,369.5082264878632,1.440452450714749,45081.33124301341,194925.41587423583,0.01494396016912757,88.91781310259056,384.4682758860667,2.94752666057743e-05,Target L,Target_Low,target_low_fit_results,9.383468179943414,7.8509905179031785,3.4840400922148547,26.781364984151878,512
imap_idex_l1b_sci-10days_20260430_v016.cdf,18,831297811974227712,2026-05-06T00:02:22.790227712,23,2026-05-06 00:01:50.790435,5,5,5.0,True,l2a_ion_grid_charge,1,5,Pulser,quicklook+event_list,imap_idex_l2a_sci-10days_20260430_v016.cdf,18,740.3926992175402,369.5082264878632,1.440452450714749,45081.33124301341,194925.41587423583,0.01494396016912757,88.91781310259056,384.4682758860667,2.94752666057743e-05,Ion Grid,Ion_Grid,ion_grid_fit_results,0.005402538496422519,0.0011060196000002008,-0.0005998331288445957,0.01899469137328791,512
imap_idex_l1b_sci-10days_20260510_v016.cdf,8,831988979239371648,2026-05-14T00:01:50.055371648,24,2026-05-14 00:01:50.055371,1,1,1.0,True,l2a_ion_grid_charge,1,5,Pulser,quicklook+event_list,imap_idex_l2a_sci-10days_20260510_v016.cdf,8,76.10907998067341,81.07635429214707,0.2842863236664024,42296.30465952205,91.20644159241348,0.0014738236048679784,83.42466402272593,0.17989436211521398,2.906949910982206e-06,Target H,Target_High,target_high_fit_results,0.4220634801012551,0.24166380000001617,0.11935952581802667,1.5645955700944683,512
imap_idex_l1b_sci-10days_20260510_v016.cdf,8,831988979239371648,2026-05-14T00:01:50.055371648,24,2026-05-14 00:01:50.055371,1,1,1.0,True,l2a_ion_grid_charge,1,5,Pulser,quicklook+event_list,imap_idex_l2a_sci-10days_20260510_v016.cdf,8,76.10907998067341,81.07635429214707,0.2842863236664024,42296.30465952205,91.20644159241348,0.0014738236048679784,83.42466402272593,0.17989436211521398,2.906949910982206e-06,Target L,Target_Low,target_low_fit_results,9.089002697663204,7.985205004701238,2.9173394606277725,26.53320903992062,512
imap_idex_l1b_sci-10days_20260510_v016.cdf,8,831988979239371648,2026-05-14T00:01:50.055371648,24,2026-05-14 00:01:50.055371,1,1,1.0,True,l2a_ion_grid_charge,1,5,Pulser,quicklook+event_list,imap_idex_l2a_sci-10days_20260510_v016.cdf,8,76.10907998067341,81.07635429214707,0.2842863236664024,42296.30465952205,91.20644159241348,0.0014738236048679784,83.42466402272593,0.17989436211521398,2.906949910982206e-06,Ion Grid,Ion_Grid,ion_grid_fit_results,0.0016966324670528294,0.0011060196000002008,4.839246541044062e-05,0.005507113689579457,512
imap_idex_l1b_sci-10days_20260510_v016.cdf,9,831988987239304832,2026-05-14T00:01:58.055304832,24,2026-05-14 00:01:50.055371,2,2,2.0,True,l2a_ion_grid_charge,1,5,Pulser,quicklook+event_list,imap_idex_l2a_sci-10days_20260510_v016.cdf,9,156.74301459971684,162.26534369337332,0.5760749197331101,46286.90026120472,214.3852455516805,0.004235057720927227,91.29566126470358,0.4228505829421706,8.353171047193742e-06,Target H,Target_High,target_high_fit_results,0.6470866887196227,0.17205588004651906,0.07112355958921057,2.5173432275004757,512
imap_idex_l1b_sci-10days_20260510_v016.cdf,9,831988987239304832,2026-05-14T00:01:58.055304832,24,2026-05-14 00:01:50.055371,2,2,2.0,True,l2a_ion_grid_charge,1,5,Pulser,quicklook+event_list,imap_idex_l2a_sci-10days_20260510_v016.cdf,9,156.74301459971684,162.26534369337332,0.5760749197331101,46286.90026120472,214.3852455516805,0.004235057720927227,91.29566126470358,0.4228505829421706,8.353171047193742e-06,Target L,Target_Low,target_low_fit_results,9.50810717612425,9.413009657941311,0.9248978527848521,30.693916478343453,512
imap_idex_l1b_sci-10days_20260510_v016.cdf,9,831988987239304832,2026-05-14T00:01:58.055304832,24,2026-05-14 00:01:50.055371,2,2,2.0,True,l2a_ion_grid_charge,1,5,Pulser,quicklook+event_list,imap_idex_l2a_sci-10days_20260510_v016.cdf,9,156.74301459971684,162.26534369337332,0.5760749197331101,46286.90026120472,214.3852455516805,0.004235057720927227,91.29566126470358,0.4228505829421706,8.353171047193742e-06,Ion Grid,Ion_Grid,ion_grid_fit_results,0.0028760384404917104,0.0011060196000002008,-0.00020008657538017616,0.009452584802683184,512
imap_idex_l1b_sci-10days_20260510_v016.cdf,10,831988995239257984,2026-05-14T00:02:06.055257984,24,2026-05-14 00:01:50.055371,3,3,3.0,True,l2a_ion_grid_charge,1,5,Pulser,quicklook+event_list,imap_idex_l2a_sci-10days_20260510_v016.cdf,10,235.06709270524152,243.75852457017504,0.866046717484745,40159.39021735727,333.1210703607906,0.00780887635035244,79.20984263778554,0.6570435312836107,1.5402122978998895e-05,Target H,Target_High,target_high_fit_results,0.806614586124265,0.2590127189544047,0.11909352896566361,2.890359589952425,512
imap_idex_l1b_sci-10days_20260510_v016.cdf,10,831988995239257984,2026-05-14T00:02:06.055257984,24,2026-05-14 00:01:50.055371,3,3,3.0,True,l2a_ion_grid_charge,1,5,Pulser,quicklook+event_list,imap_idex_l2a_sci-10days_20260510_v016.cdf,10,235.06709270524152,243.75852457017504,0.866046717484745,40159.39021735727,333.1210703607906,0.00780887635035244,79.20984263778554,0.6570435312836107,1.5402122978998895e-05,Target L,Target_Low,target_low_fit_results,8.856427553944984,7.851069527662754,4.126927774981596,27.995845821365947,512
imap_idex_l1b_sci-10days_20260510_v016.cdf,10,831988995239257984,2026-05-14T00:02:06.055257984,24,2026-05-14 00:01:50.055371,3,3,3.0,True,l2a_ion_grid_charge,1,5,Pulser,quicklook+event_list,imap_idex_l2a_sci-10days_20260510_v016.cdf,10,235.06709270524152,243.75852457017504,0.866046717484745,40159.39021735727,333.1210703607906,0.00780887635035244,79.20984263778554,0.6570435312836107,1.5402122978998895e-05,Ion Grid,Ion_Grid,ion_grid_fit_results,0.003905343982517047,0.0011060196000002008,-9.569016994492863e-05,0.013232364376948968,512
imap_idex_l1b_sci-10days_20260510_v016.cdf,11,831989003239190912,2026-05-14T00:02:14.055190912,24,2026-05-14 00:01:50.055371,4,4,4.0,True,l2a_ion_grid_charge,1,5,Pulser,quicklook+event_list,imap_idex_l2a_sci-10days_20260510_v016.cdf,11,310.5504395341195,323.7711298195052,1.1539203091836236,41292.474580666974,494.66717668791284,0.011552030718787564,81.44472303879088,0.9756749047098873,2.2785070451257522e-05,Target H,Target_High,target_high_fit_results,0.9829276827257333,0.24166380000001617,0.11536007675954352,7.8042063876754355,512
imap_idex_l1b_sci-10days_20260510_v016.cdf,11,831989003239190912,2026-05-14T00:02:14.055190912,24,2026-05-14 00:01:50.055371,4,4,4.0,True,l2a_ion_grid_charge,1,5,Pulser,quicklook+event_list,imap_idex_l2a_sci-10days_20260510_v016.cdf,11,310.5504395341195,323.7711298195052,1.1539203091836236,41292.474580666974,494.66717668791284,0.011552030718787564,81.44472303879088,0.9756749047098873,2.2785070451257522e-05,Target L,Target_Low,target_low_fit_results,8.980499118387863,8.091787117849105,4.136334540442476,26.738760445874505,512
imap_idex_l1b_sci-10days_20260510_v016.cdf,11,831989003239190912,2026-05-14T00:02:14.055190912,24,2026-05-14 00:01:50.055371,4,4,4.0,True,l2a_ion_grid_charge,1,5,Pulser,quicklook+event_list,imap_idex_l2a_sci-10days_20260510_v016.cdf,11,310.5504395341195,323.7711298195052,1.1539203091836236,41292.474580666974,494.66717668791284,0.011552030718787564,81.44472303879088,0.9756749047098873,2.2785070451257522e-05,Ion Grid,Ion_Grid,ion_grid_fit_results,0.004750006315536008,0.0011060196000002008,-0.0003151155529552696,0.01671293054647882,512
imap_idex_l1b_sci-10days_20260510_v016.cdf,12,831989011239144064,2026-05-14T00:02:22.055144064,24,2026-05-14 00:01:50.055371,5,5,5.0,True,l2a_ion_grid_charge,1,5,Pulser,quicklook+event_list,imap_idex_l2a_sci-10days_20260510_v016.cdf,12,732.0326428115732,369.4648210070717,1.4405113667873808,42497.00283707368,195442.03098605553,0.014947846372581002,83.8205184163189,385.4872406036598,2.94829317013432e-05,Target H,Target_High,target_high_fit_results,19.53772547584902,0.48332760000003233,0.2406844019512846,55.67688217065711,512
imap_idex_l1b_sci-10days_20260510_v016.cdf,12,831989011239144064,2026-05-14T00:02:22.055144064,24,2026-05-14 00:01:50.055371,5,5,5.0,True,l2a_ion_grid_charge,1,5,Pulser,quicklook+event_list,imap_idex_l2a_sci-10days_20260510_v016.cdf,12,732.0326428115732,369.4648210070717,1.4405113667873808,42497.00283707368,195442.03098605553,0.014947846372581002,83.8205184163189,385.4872406036598,2.94829317013432e-05,Target L,Target_Low,target_low_fit_results,9.110541074280908,7.85811318687042,4.220664985350595,27.37933501464795,512
imap_idex_l1b_sci-10days_20260510_v016.cdf,12,831989011239144064,2026-05-14T00:02:22.055144064,24,2026-05-14 00:01:50.055371,5,5,5.0,True,l2a_ion_grid_charge,1,5,Pulser,quicklook+event_list,imap_idex_l2a_sci-10days_20260510_v016.cdf,12,732.0326428115732,369.4648210070717,1.4405113667873808,42497.00283707368,195442.03098605553,0.014947846372581002,83.8205184163189,385.4872406036598,2.94829317013432e-05,Ion Grid,Ion_Grid,ion_grid_fit_results,0.005403240920637101,0.0011060196000002008,-0.000216696746795364,0.018290912339971044,512
imap_idex_l1b_sci-10days_20260520_v016.cdf,5,832680179472751488,2026-05-22T00:01:50.288751488,25,2026-05-22 00:01:50.288751,1,1,1.0,True,l2a_ion_grid_charge,1,5,Pulser,quicklook+event_list,imap_idex_l2a_sci-10days_20260520_v016.cdf,5,78.52487494741945,81.11288639370594,0.2844899864575039,41992.42677831708,90.14625195100072,0.0014231125927664655,82.82529936551693,0.17780325828599747,2.8069281908608787e-06,Target H,Target_High,target_high_fit_results,0.41960326302568035,0.24166380000001617,0.007722088927607729,1.368278077808668,512
imap_idex_l1b_sci-10days_20260520_v016.cdf,5,832680179472751488,2026-05-22T00:01:50.288751488,25,2026-05-22 00:01:50.288751,1,1,1.0,True,l2a_ion_grid_charge,1,5,Pulser,quicklook+event_list,imap_idex_l2a_sci-10days_20260520_v016.cdf,5,78.52487494741945,81.11288639370594,0.2844899864575039,41992.42677831708,90.14625195100072,0.0014231125927664655,82.82529936551693,0.17780325828599747,2.8069281908608787e-06,Target L,Target_Low,target_low_fit_results,9.056293864015265,6.155315886142601,3.3633288317396364,34.96332883174182,512
imap_idex_l1b_sci-10days_20260520_v016.cdf,5,832680179472751488,2026-05-22T00:01:50.288751488,25,2026-05-22 00:01:50.288751,1,1,1.0,True,l2a_ion_grid_charge,1,5,Pulser,quicklook+event_list,imap_idex_l2a_sci-10days_20260520_v016.cdf,5,78.52487494741945,81.11288639370594,0.2844899864575039,41992.42677831708,90.14625195100072,0.0014231125927664655,82.82529936551693,0.17780325828599747,2.8069281908608787e-06,Ion Grid,Ion_Grid,ion_grid_fit_results,0.0016671882865312493,0.0006179795379488678,-0.00016283455433385718,0.005310196245915888,512
imap_idex_l1b_sci-10days_20260520_v016.cdf,6,832680187472704512,2026-05-22T00:01:58.288704512,25,2026-05-22 00:01:50.288751,2,2,2.0,True,l2a_ion_grid_charge,1,5,Pulser,quicklook+event_list,imap_idex_l2a_sci-10days_20260520_v016.cdf,6,154.876820814221,162.20531925958915,0.575771954823457,44695.728729465205,215.45507048677098,0.004356985998945987,88.1572558766572,0.42496069129540626,8.593660747427982e-06,Target H,Target_High,target_high_fit_results,0.6486992250222553,0.2660006646918733,0.1352188423310281,2.2819910370174625,512
imap_idex_l1b_sci-10days_20260520_v016.cdf,6,832680187472704512,2026-05-22T00:01:58.288704512,25,2026-05-22 00:01:50.288751,2,2,2.0,True,l2a_ion_grid_charge,1,5,Pulser,quicklook+event_list,imap_idex_l2a_sci-10days_20260520_v016.cdf,6,154.876820814221,162.20531925958915,0.575771954823457,44695.728729465205,215.45507048677098,0.004356985998945987,88.1572558766572,0.42496069129540626,8.593660747427982e-06,Target L,Target_Low,target_low_fit_results,9.343251317113156,7.855633695063814,1.9240206427439261,30.719529778969445,512
imap_idex_l1b_sci-10days_20260520_v016.cdf,6,832680187472704512,2026-05-22T00:01:58.288704512,25,2026-05-22 00:01:50.288751,2,2,2.0,True,l2a_ion_grid_charge,1,5,Pulser,quicklook+event_list,imap_idex_l2a_sci-10days_20260520_v016.cdf,6,154.876820814221,162.20531925958915,0.575771954823457,44695.728729465205,215.45507048677098,0.004356985998945987,88.1572558766572,0.42496069129540626,8.593660747427982e-06,Ion Grid,Ion_Grid,ion_grid_fit_results,0.0029171455704491986,0.0011060196000002008,-1.763100882512525e-05,0.009444913286916101,512
imap_idex_l1b_sci-10days_20260520_v016.cdf,7,832680195472657664,2026-05-22T00:02:06.288657664,25,2026-05-22 00:01:50.288751,3,3,3.0,True,l2a_ion_grid_charge,1,5,Pulser,quicklook+event_list,imap_idex_l2a_sci-10days_20260520_v016.cdf,7,232.3706405568555,243.79867068774905,0.8659941458959823,40993.84599126981,325.9581828052545,0.007898356170992155,80.85571201433888,0.642915547939358,1.557861177710484e-05,Target H,Target_High,target_high_fit_results,0.7978954040421042,0.24166380000001617,0.07760859448052315,3.0624257911618997,512
imap_idex_l1b_sci-10days_20260520_v016.cdf,7,832680195472657664,2026-05-22T00:02:06.288657664,25,2026-05-22 00:01:50.288751,3,3,3.0,True,l2a_ion_grid_charge,1,5,Pulser,quicklook+event_list,imap_idex_l2a_sci-10days_20260520_v016.cdf,7,232.3706405568555,243.79867068774905,0.8659941458959823,40993.84599126981,325.9581828052545,0.007898356170992155,80.85571201433888,0.642915547939358,1.557861177710484e-05,Target L,Target_Low,target_low_fit_results,8.947966554010964,7.26884462320468,3.7803514045263,26.60096447383694,512
imap_idex_l1b_sci-10days_20260520_v016.cdf,7,832680195472657664,2026-05-22T00:02:06.288657664,25,2026-05-22 00:01:50.288751,3,3,3.0,True,l2a_ion_grid_charge,1,5,Pulser,quicklook+event_list,imap_idex_l2a_sci-10days_20260520_v016.cdf,7,232.3706405568555,243.79867068774905,0.8659941458959823,40993.84599126981,325.9581828052545,0.007898356170992155,80.85571201433888,0.642915547939358,1.557861177710484e-05,Ion Grid,Ion_Grid,ion_grid_fit_results,0.003927655394312115,0.0011060196000002008,-0.0003637307085704311,0.013705083392132611,512
imap_idex_l1b_sci-10days_20260520_v016.cdf,8,832680203472590848,2026-05-22T00:02:14.288590848,25,2026-05-22 00:01:50.288751,4,4,4.0,True,l2a_ion_grid_charge,1,5,Pulser,quicklook+event_list,imap_idex_l2a_sci-10days_20260520_v016.cdf,8,306.85798446189074,323.8841669343778,1.1538691471857712,42213.128159519365,509.0854656425721,0.011280841558771897,83.26060780970289,1.0041133444626669,2.225018058929368e-05,Target H,Target_High,target_high_fit_results,0.9971497129735076,0.24166380000001617,0.007621607239286732,7.6014703738912885,512
imap_idex_l1b_sci-10days_20260520_v016.cdf,8,832680203472590848,2026-05-22T00:02:14.288590848,25,2026-05-22 00:01:50.288751,4,4,4.0,True,l2a_ion_grid_charge,1,5,Pulser,quicklook+event_list,imap_idex_l2a_sci-10days_20260520_v016.cdf,8,306.85798446189074,323.8841669343778,1.1538691471857712,42213.128159519365,509.0854656425721,0.011280841558771897,83.26060780970289,1.0041133444626669,2.225018058929368e-05,Target L,Target_Low,target_low_fit_results,9.080061450043235,7.093733860624002,4.120529158884892,27.479470841113653,512
imap_idex_l1b_sci-10days_20260520_v016.cdf,8,832680203472590848,2026-05-22T00:02:14.288590848,25,2026-05-22 00:01:50.288751,4,4,4.0,True,l2a_ion_grid_charge,1,5,Pulser,quicklook+event_list,imap_idex_l2a_sci-10days_20260520_v016.cdf,8,306.85798446189074,323.8841669343778,1.1538691471857712,42213.128159519365,509.0854656425721,0.011280841558771897,83.26060780970289,1.0041133444626669,2.225018058929368e-05,Ion Grid,Ion_Grid,ion_grid_fit_results,0.004693920927058354,0.0011060196000002008,-0.000397941024388615,0.016265767582279267,512
imap_idex_l1b_sci-10days_20260520_v016.cdf,9,832680211472543872,2026-05-22T00:02:22.288543872,25,2026-05-22 00:01:50.288751,5,5,5.0,True,l2a_ion_grid_charge,1,5,Pulser,quicklook+event_list,imap_idex_l2a_sci-10days_20260520_v016.cdf,9,739.2980358003442,369.4827640247226,1.4402103784232612,42014.64566676113,195485.6414594181,0.015025592562667212,82.86912360307915,385.5732573164065,2.963627724391955e-05,Target H,Target_High,target_high_fit_results,19.539905155231075,0.5081919408466175,0.23599107993885582,55.583590516083405,512
imap_idex_l1b_sci-10days_20260520_v016.cdf,9,832680211472543872,2026-05-22T00:02:22.288543872,25,2026-05-22 00:01:50.288751,5,5,5.0,True,l2a_ion_grid_charge,1,5,Pulser,quicklook+event_list,imap_idex_l2a_sci-10days_20260520_v016.cdf,9,739.2980358003442,369.4827640247226,1.4402103784232612,42014.64566676113,195485.6414594181,0.015025592562667212,82.86912360307915,385.5732573164065,2.963627724391955e-05,Target L,Target_Low,target_low_fit_results,9.058689464701438,7.1557487253635585,3.035856803297065,29.00565373084828,512
imap_idex_l1b_sci-10days_20260520_v016.cdf,9,832680211472543872,2026-05-22T00:02:22.288543872,25,2026-05-22 00:01:50.288751,5,5,5.0,True,l2a_ion_grid_charge,1,5,Pulser,quicklook+event_list,imap_idex_l2a_sci-10days_20260520_v016.cdf,9,739.2980358003442,369.4827640247226,1.4402103784232612,42014.64566676113,195485.6414594181,0.015025592562667212,82.86912360307915,385.5732573164065,2.963627724391955e-05,Ion Grid,Ion_Grid,ion_grid_fit_results,0.0054172742660824735,0.0011060196000002008,-0.00020204747457319705,0.019188866708346852,512
imap_idex_l1b_sci-10days_20260530_v022.cdf,1,833371378625131264,2026-05-30T00:01:49.441131264,26,2026-05-30 00:01:49.441131,1,1,1.0,True,l2a_ion_grid_charge,1,5,Pulser,quicklook+event_list,imap_idex_l2a_sci-10days_20260530_v021.cdf,1,79.13459176689867,81.09141733339732,0.2844017221462314,44305.18048167466,95.89044371670758,0.001387454502276781,87.38694375083759,0.18913302508226348,2.736596651433493e-06,Target H,Target_High,target_high_fit_results,0.43276555186867,0.24166380000001617,0.10434792537006388,1.4085106437618151,512
imap_idex_l1b_sci-10days_20260530_v022.cdf,1,833371378625131264,2026-05-30T00:01:49.441131264,26,2026-05-30 00:01:49.441131,1,1,1.0,True,l2a_ion_grid_charge,1,5,Pulser,quicklook+event_list,imap_idex_l2a_sci-10days_20260530_v021.cdf,1,79.13459176689867,81.09141733339732,0.2844017221462314,44305.18048167466,95.89044371670758,0.001387454502276781,87.38694375083759,0.18913302508226348,2.736596651433493e-06,Target L,Target_Low,target_low_fit_results,9.302341405703771,7.402628407774398,2.9002565344781033,29.75489940186526,512
imap_idex_l1b_sci-10days_20260530_v022.cdf,1,833371378625131264,2026-05-30T00:01:49.441131264,26,2026-05-30 00:01:49.441131,1,1,1.0,True,l2a_ion_grid_charge,1,5,Pulser,quicklook+event_list,imap_idex_l2a_sci-10days_20260530_v021.cdf,1,79.13459176689867,81.09141733339732,0.2844017221462314,44305.18048167466,95.89044371670758,0.001387454502276781,87.38694375083759,0.18913302508226348,2.736596651433493e-06,Ion Grid,Ion_Grid,ion_grid_fit_results,0.0016461689083321122,0.0011060196000002008,2.535013125304353e-05,0.005629546900425053,512
imap_idex_l1b_sci-10days_20260530_v022.cdf,2,833371386625084288,2026-05-30T00:01:57.441084288,26,2026-05-30 00:01:49.441131,2,2,2.0,True,l2a_ion_grid_charge,1,5,Pulser,quicklook+event_list,imap_idex_l2a_sci-10days_20260530_v021.cdf,2,154.52404071006094,162.2789132890186,0.5760533387726822,44921.30250693926,227.21468926956948,0.004335989301432382,88.60217456989992,0.44815520565990036,8.552247142864659e-06,Target H,Target_High,target_high_fit_results,0.666167163690637,0.25636088242846716,0.15237682972181688,2.2621959573324943,512
imap_idex_l1b_sci-10days_20260530_v022.cdf,2,833371386625084288,2026-05-30T00:01:57.441084288,26,2026-05-30 00:01:49.441131,2,2,2.0,True,l2a_ion_grid_charge,1,5,Pulser,quicklook+event_list,imap_idex_l2a_sci-10days_20260530_v021.cdf,2,154.52404071006094,162.2789132890186,0.5760533387726822,44921.30250693926,227.21468926956948,0.004335989301432382,88.60217456989992,0.44815520565990036,8.552247142864659e-06,Target L,Target_Low,target_low_fit_results,9.366798757252434,8.376305302978823,2.4854925726413057,25.601498025913315,512
imap_idex_l1b_sci-10days_20260530_v022.cdf,2,833371386625084288,2026-05-30T00:01:57.441084288,26,2026-05-30 00:01:49.441131,2,2,2.0,True,l2a_ion_grid_charge,1,5,Pulser,quicklook+event_list,imap_idex_l2a_sci-10days_20260530_v021.cdf,2,154.52404071006094,162.2789132890186,0.5760533387726822,44921.30250693926,227.21468926956948,0.004335989301432382,88.60217456989992,0.44815520565990036,8.552247142864659e-06,Ion Grid,Ion_Grid,ion_grid_fit_results,0.002910108091525145,0.0011060196000002008,-0.0001832148518705612,0.00943125813618706,512
imap_idex_l1b_sci-10days_20260530_v022.cdf,3,833371394625017472,2026-05-30T00:02:05.441017472,26,2026-05-30 00:01:49.441131,3,3,3.0,True,l2a_ion_grid_charge,1,5,Pulser,quicklook+event_list,imap_idex_l2a_sci-10days_20260530_v021.cdf,3,233.07690880510927,243.85802266113603,0.8662628274580159,39122.12249775641,362.77137680576215,0.008084076565277277,77.1639496997168,0.7155253980389786,1.5944924191868398e-05,Target H,Target_High,target_high_fit_results,0.8417469009885062,0.24166380000001617,0.041180567430615156,2.9802751811938606,512
imap_idex_l1b_sci-10days_20260530_v022.cdf,3,833371394625017472,2026-05-30T00:02:05.441017472,26,2026-05-30 00:01:49.441131,3,3,3.0,True,l2a_ion_grid_charge,1,5,Pulser,quicklook+event_list,imap_idex_l2a_sci-10days_20260530_v021.cdf,3,233.07690880510927,243.85802266113603,0.8662628274580159,39122.12249775641,362.77137680576215,0.008084076565277277,77.1639496997168,0.7155253980389786,1.5944924191868398e-05,Target L,Target_Low,target_low_fit_results,8.741303993308463,7.651032768220876,3.325409535673316,26.731590990599216,512
imap_idex_l1b_sci-10days_20260530_v022.cdf,3,833371394625017472,2026-05-30T00:02:05.441017472,26,2026-05-30 00:01:49.441131,3,3,3.0,True,l2a_ion_grid_charge,1,5,Pulser,quicklook+event_list,imap_idex_l2a_sci-10days_20260530_v021.cdf,3,233.07690880510927,243.85802266113603,0.8662628274580159,39122.12249775641,362.77137680576215,0.008084076565277277,77.1639496997168,0.7155253980389786,1.5944924191868398e-05,Ion Grid,Ion_Grid,ion_grid_fit_results,0.0039735641484135095,0.0012461012281616082,-0.00041498250758864597,0.01347115834131185,512
imap_idex_l1b_sci-10days_20260530_v022.cdf,4,833371402624970496,2026-05-30T00:02:13.440970496,26,2026-05-30 00:01:49.441131,4,4,4.0,True,l2a_ion_grid_charge,1,5,Pulser,quicklook+event_list,imap_idex_l2a_sci-10days_20260530_v021.cdf,4,310.74017707247185,323.7490047438073,1.1537591746149873,44377.11601722106,529.6021855539423,0.011817624888827493,87.52882843633346,1.0445802476409118,2.3308924830034502e-05,Target H,Target_High,target_high_fit_results,1.0170443789039116,0.24166380000001617,0.05117905245788279,7.997938951051992,512
imap_idex_l1b_sci-10days_20260530_v022.cdf,4,833371402624970496,2026-05-30T00:02:13.440970496,26,2026-05-30 00:01:49.441131,4,4,4.0,True,l2a_ion_grid_charge,1,5,Pulser,quicklook+event_list,imap_idex_l2a_sci-10days_20260530_v021.cdf,4,310.74017707247185,323.7490047438073,1.1537591746149873,44377.11601722106,529.6021855539423,0.011817624888827493,87.52882843633346,1.0445802476409118,2.3308924830034502e-05,Target L,Target_Low,target_low_fit_results,9.309890156233578,8.870839272148737,2.5855936120206024,26.53385259237257,512
imap_idex_l1b_sci-10days_20260530_v022.cdf,4,833371402624970496,2026-05-30T00:02:13.440970496,26,2026-05-30 00:01:49.441131,4,4,4.0,True,l2a_ion_grid_charge,1,5,Pulser,quicklook+event_list,imap_idex_l2a_sci-10days_20260530_v021.cdf,4,310.74017707247185,323.7490047438073,1.1537591746149873,44377.11601722106,529.6021855539423,0.011817624888827493,87.52882843633346,1.0445802476409118,2.3308924830034502e-05,Ion Grid,Ion_Grid,ion_grid_fit_results,0.004804300012591969,0.0011060196000002008,-0.00027741334682440666,0.01629997888856871,512
imap_idex_l1b_sci-10days_20260530_v022.cdf,5,833371410624903680,2026-05-30T00:02:21.440903680,26,2026-05-30 00:01:49.441131,5,5,5.0,True,l2a_ion_grid_charge,1,5,Pulser,quicklook+event_list,imap_idex_l2a_sci-10days_20260530_v021.cdf,5,736.9755627662707,369.4000950896936,1.4404552236023367,41016.63962868296,195198.9134978029,0.014885667683137599,80.9006698790591,385.0077189305777,2.936029128823984e-05,Target H,Target_High,target_high_fit_results,19.52556984892877,0.5252489892327896,0.10946258169036582,55.77697983134999,512
imap_idex_l1b_sci-10days_20260530_v022.cdf,5,833371410624903680,2026-05-30T00:02:21.440903680,26,2026-05-30 00:01:49.441131,5,5,5.0,True,l2a_ion_grid_charge,1,5,Pulser,quicklook+event_list,imap_idex_l2a_sci-10days_20260530_v021.cdf,5,736.9755627662707,369.4000950896936,1.4404552236023367,41016.63962868296,195198.9134978029,0.014885667683137599,80.9006698790591,385.0077189305777,2.936029128823984e-05,Target L,Target_Low,target_low_fit_results,8.950453858591272,6.976288005307893,2.7886685368757753,29.7800689463038,512
imap_idex_l1b_sci-10days_20260530_v022.cdf,5,833371410624903680,2026-05-30T00:02:21.440903680,26,2026-05-30 00:01:49.441131,5,5,5.0,True,l2a_ion_grid_charge,1,5,Pulser,quicklook+event_list,imap_idex_l2a_sci-10days_20260530_v021.cdf,5,736.9755627662707,369.4000950896936,1.4404552236023367,41016.63962868296,195198.9134978029,0.014885667683137599,80.9006698790591,385.0077189305777,2.936029128823984e-05,Ion Grid,Ion_Grid,ion_grid_fit_results,0.005391991254965842,0.0011060196000002008,-0.00030277086982444246,0.018978005589352892,512
imap_idex_l1b_sci-10days_20260530_v022.cdf,38,834062577799303680,2026-06-07T00:01:48.615303680,27,2026-06-07 00:01:48.615303,1,1,1.0,True,l2a_ion_grid_charge,1,5,Pulser,quicklook+event_list,imap_idex_l2a_sci-10days_20260530_v021.cdf,38,76.41111959859336,81.12427677576107,0.284560629324633,41664.96102481529,89.69410301577231,0.0014203076752583406,82.1794103053556,0.17691144579047793,2.8013958091880484e-06,Target H,Target_High,target_high_fit_results,0.4185496326036857,0.24166380000001617,-0.010568965897221005,1.4641970105275277,512
imap_idex_l1b_sci-10days_20260530_v022.cdf,38,834062577799303680,2026-06-07T00:01:48.615303680,27,2026-06-07 00:01:48.615303,1,1,1.0,True,l2a_ion_grid_charge,1,5,Pulser,quicklook+event_list,imap_idex_l2a_sci-10days_20260530_v021.cdf,38,76.41111959859336,81.12427677576107,0.284560629324633,41664.96102481529,89.69410301577231,0.0014203076752583406,82.1794103053556,0.17691144579047793,2.8013958091880484e-06,Target L,Target_Low,target_low_fit_results,9.020913313051642,6.602818866960683,3.573005369416933,28.008746720777708,512
imap_idex_l1b_sci-10days_20260530_v022.cdf,38,834062577799303680,2026-06-07T00:01:48.615303680,27,2026-06-07 00:01:48.615303,1,1,1.0,True,l2a_ion_grid_charge,1,5,Pulser,quicklook+event_list,imap_idex_l2a_sci-10days_20260530_v021.cdf,38,76.41111959859336,81.12427677576107,0.284560629324633,41664.96102481529,89.69410301577231,0.0014203076752583406,82.1794103053556,0.17691144579047793,2.8013958091880484e-06,Ion Grid,Ion_Grid,ion_grid_fit_results,0.0016655444840168474,0.0011060196000002008,8.729636922022443e-05,0.005876289300118298,512
imap_idex_l1b_sci-10days_20260530_v022.cdf,39,834062585799236736,2026-06-07T00:01:56.615236736,27,2026-06-07 00:01:48.615303,2,2,2.0,True,l2a_ion_grid_charge,1,5,Pulser,quicklook+event_list,imap_idex_l2a_sci-10days_20260530_v021.cdf,39,154.74530587197296,162.21764613824348,0.5758969008378619,40678.90511522233,216.69362322748586,0.004427140378849516,80.23452685448191,0.42740359610943957,8.73203230542311e-06,Target H,Target_High,target_high_fit_results,0.6505610908025343,0.24166380000001617,0.09976229467065423,2.4243603618905354,512
imap_idex_l1b_sci-10days_20260530_v022.cdf,39,834062585799236736,2026-06-07T00:01:56.615236736,27,2026-06-07 00:01:48.615303,2,2,2.0,True,l2a_ion_grid_charge,1,5,Pulser,quicklook+event_list,imap_idex_l2a_sci-10days_20260530_v021.cdf,39,154.74530587197296,162.21764613824348,0.5758969008378619,40678.90511522233,216.69362322748586,0.004427140378849516,80.23452685448191,0.42740359610943957,8.73203230542311e-06,Target L,Target_Low,target_low_fit_results,8.913528288683928,8.121186910043997,1.9104190096350067,25.256137154516182,512
imap_idex_l1b_sci-10days_20260530_v022.cdf,39,834062585799236736,2026-06-07T00:01:56.615236736,27,2026-06-07 00:01:48.615303,2,2,2.0,True,l2a_ion_grid_charge,1,5,Pulser,quicklook+event_list,imap_idex_l2a_sci-10days_20260530_v021.cdf,39,154.74530587197296,162.21764613824348,0.5758969008378619,40678.90511522233,216.69362322748586,0.004427140378849516,80.23452685448191,0.42740359610943957,8.73203230542311e-06,Ion Grid,Ion_Grid,ion_grid_fit_results,0.002940537119718175,0.0011060196000002008,-0.0004928810639424075,0.009759840275052722,512
imap_idex_l1b_sci-10days_20260530_v022.cdf,40,834062593799189888,2026-06-07T00:02:04.615189888,27,2026-06-07 00:01:48.615303,3,3,3.0,True,l2a_ion_grid_charge,1,5,Pulser,quicklook+event_list,imap_idex_l2a_sci-10days_20260530_v021.cdf,40,232.31843483482953,243.82867402269198,0.8662453728434001,48323.392949669986,333.7669427075997,0.007881181494737708,95.31241212952659,0.6583174412378692,1.5544736676011258e-05,Target H,Target_High,target_high_fit_results,0.8073961604911065,0.24166380000001617,0.14202894646382447,2.8467413605955016,512
imap_idex_l1b_sci-10days_20260530_v022.cdf,40,834062593799189888,2026-06-07T00:02:04.615189888,27,2026-06-07 00:01:48.615303,3,3,3.0,True,l2a_ion_grid_charge,1,5,Pulser,quicklook+event_list,imap_idex_l2a_sci-10days_20260530_v021.cdf,40,232.31843483482953,243.82867402269198,0.8662453728434001,48323.392949669986,333.7669427075997,0.007881181494737708,95.31241212952659,0.6583174412378692,1.5544736676011258e-05,Target L,Target_Low,target_low_fit_results,9.715020682161423,8.891714380340037,1.0486122850561514,31.550302335053857,512
imap_idex_l1b_sci-10days_20260530_v022.cdf,40,834062593799189888,2026-06-07T00:02:04.615189888,27,2026-06-07 00:01:48.615303,3,3,3.0,True,l2a_ion_grid_charge,1,5,Pulser,quicklook+event_list,imap_idex_l2a_sci-10days_20260530_v021.cdf,40,232.31843483482953,243.82867402269198,0.8662453728434001,48323.392949669986,333.7669427075997,0.007881181494737708,95.31241212952659,0.6583174412378692,1.5544736676011258e-05,Ion Grid,Ion_Grid,ion_grid_fit_results,0.00392338280147497,0.0011060196000002008,-0.00025072101341017117,0.012621892602029172,512
imap_idex_l1b_sci-10days_20260530_v022.cdf,41,834062601799123072,2026-06-07T00:02:12.615123072,27,2026-06-07 00:01:48.615303,4,4,4.0,True,l2a_ion_grid_charge,1,5,Pulser,quicklook+event_list,imap_idex_l2a_sci-10days_20260530_v021.cdf,41,314.4287524442916,323.83156590848404,1.1535224481975976,44085.55140686195,513.2380701709662,0.011311823127607975,86.9537503093924,1.0123038859387894,2.2311288220134073e-05,Target H,Target_High,target_high_fit_results,1.0012083228792439,0.24166380000001617,0.13818921454952715,7.992514774329038,512
imap_idex_l1b_sci-10days_20260530_v022.cdf,41,834062601799123072,2026-06-07T00:02:12.615123072,27,2026-06-07 00:01:48.615303,4,4,4.0,True,l2a_ion_grid_charge,1,5,Pulser,quicklook+event_list,imap_idex_l2a_sci-10days_20260530_v021.cdf,41,314.4287524442916,323.83156590848404,1.1535224481975976,44085.55140686195,513.2380701709662,0.011311823127607975,86.9537503093924,1.0123038859387894,2.2311288220134073e-05,Target L,Target_Low,target_low_fit_results,9.27925603653263,9.166206711473599,-1.2828834217489202,25.659855964044255,512
imap_idex_l1b_sci-10days_20260530_v022.cdf,41,834062601799123072,2026-06-07T00:02:12.615123072,27,2026-06-07 00:01:48.615303,4,4,4.0,True,l2a_ion_grid_charge,1,5,Pulser,quicklook+event_list,imap_idex_l2a_sci-10days_20260530_v021.cdf,41,314.4287524442916,323.83156590848404,1.1535224481975976,44085.55140686195,513.2380701709662,0.011311823127607975,86.9537503093924,1.0123038859387894,2.2311288220134073e-05,Ion Grid,Ion_Grid,ion_grid_fit_results,0.004700362171802225,0.0011060196000002008,-0.000492017859843763,0.016034749999264797,512
imap_idex_l1b_sci-10days_20260530_v022.cdf,42,834062609799076096,2026-06-07T00:02:20.615076096,27,2026-06-07 00:01:48.615303,5,5,5.0,True,l2a_ion_grid_charge,1,5,Pulser,quicklook+event_list,imap_idex_l2a_sci-10days_20260530_v021.cdf,42,737.6205687982547,369.4786027531691,1.4399987870583133,46068.79163294616,195618.76246014252,0.015235603994435796,90.86546673164924,385.83582339278604,3.0050500975218532e-05,Target H,Target_High,target_high_fit_results,19.546557124720604,0.5472658208112547,0.10821297938906582,55.51421582412718,512
imap_idex_l1b_sci-10days_20260530_v022.cdf,42,834062609799076096,2026-06-07T00:02:20.615076096,27,2026-06-07 00:01:48.615303,5,5,5.0,True,l2a_ion_grid_charge,1,5,Pulser,quicklook+event_list,imap_idex_l2a_sci-10days_20260530_v021.cdf,42,737.6205687982547,369.4786027531691,1.4399987870583133,46068.79163294616,195618.76246014252,0.015235603994435796,90.86546673164924,385.83582339278604,3.0050500975218532e-05,Target L,Target_Low,target_low_fit_results,9.48567913531224,9.296193705044711,3.724757540938299,27.782074112445116,512
imap_idex_l1b_sci-10days_20260530_v022.cdf,42,834062609799076096,2026-06-07T00:02:20.615076096,27,2026-06-07 00:01:48.615303,5,5,5.0,True,l2a_ion_grid_charge,1,5,Pulser,quicklook+event_list,imap_idex_l2a_sci-10days_20260530_v021.cdf,42,737.6205687982547,369.4786027531691,1.4399987870583133,46068.79163294616,195618.76246014252,0.015235603994435796,90.86546673164924,385.83582339278604,3.0050500975218532e-05,Ion Grid,Ion_Grid,ion_grid_fit_results,0.005455001287958823,0.0011060196000002008,-0.0003448382114150661,0.01906527511921352,512
imap_idex_l1b_sci-10days_20260609_v011.cdf,17,834753776947396224,2026-06-15T00:01:47.763396224,28,2026-06-15 00:01:47.763396,1,1,1.0,True,l2a_ion_grid_charge,1,5,Pulser,quicklook+event_list,imap_idex_l2a_sci-10days_20260609_v011.cdf,17,78.06039921282718,81.14961435409913,0.2845322147996998,40854.094435658335,89.4709972732343,0.0014421032679894947,80.58006792043064,0.17647139501624123,2.8443851439635002e-06,Target H,Target_High,target_high_fit_results,0.4180287568448919,0.24166380000001617,0.060349486787345086,1.4949564344228747,512
imap_idex_l1b_sci-10days_20260609_v011.cdf,17,834753776947396224,2026-06-15T00:01:47.763396224,28,2026-06-15 00:01:47.763396,1,1,1.0,True,l2a_ion_grid_charge,1,5,Pulser,quicklook+event_list,imap_idex_l2a_sci-10days_20260609_v011.cdf,17,78.06039921282718,81.14961435409913,0.2845322147996998,40854.094435658335,89.4709972732343,0.0014421032679894947,80.58006792043064,0.17647139501624123,2.8443851439635002e-06,Target L,Target_Low,target_low_fit_results,8.93270133804132,7.780350919478,1.7465204434611223,26.71523124262967,512
imap_idex_l1b_sci-10days_20260609_v011.cdf,17,834753776947396224,2026-06-15T00:01:47.763396224,28,2026-06-15 00:01:47.763396,1,1,1.0,True,l2a_ion_grid_charge,1,5,Pulser,quicklook+event_list,imap_idex_l2a_sci-10days_20260609_v011.cdf,17,78.06039921282718,81.14961435409913,0.2845322147996998,40854.094435658335,89.4709972732343,0.0014421032679894947,80.58006792043064,0.17647139501624123,2.8443851439635002e-06,Ion Grid,Ion_Grid,ion_grid_fit_results,0.0016782752888879649,0.0011060196000002008,-1.9245425280756123e-05,0.005734668175548352,512
imap_idex_l1b_sci-10days_20260609_v011.cdf,18,834753784947329536,2026-06-15T00:01:55.763329536,28,2026-06-15 00:01:47.763396,2,2,2.0,True,l2a_ion_grid_charge,1,5,Pulser,quicklook+event_list,imap_idex_l2a_sci-10days_20260609_v011.cdf,18,156.04944218433593,162.2423322879245,0.5758918114530646,46308.16648939172,216.72145218891484,0.0043601197482638545,91.3376064879521,0.42745848557971367,8.599841712551982e-06,Target H,Target_High,target_high_fit_results,0.650602863739835,0.24166380000001617,0.012431422133943215,2.290831135159806,512
imap_idex_l1b_sci-10days_20260609_v011.cdf,18,834753784947329536,2026-06-15T00:01:55.763329536,28,2026-06-15 00:01:47.763396,2,2,2.0,True,l2a_ion_grid_charge,1,5,Pulser,quicklook+event_list,imap_idex_l2a_sci-10days_20260609_v011.cdf,18,156.04944218433593,162.2423322879245,0.5758918114530646,46308.16648939172,216.72145218891484,0.0043601197482638545,91.3376064879521,0.42745848557971367,8.599841712551982e-06,Target L,Target_Low,target_low_fit_results,9.510291145627098,11.501131750114356,-0.12031202915022732,36.074285772032454,512
imap_idex_l1b_sci-10days_20260609_v011.cdf,18,834753784947329536,2026-06-15T00:01:55.763329536,28,2026-06-15 00:01:47.763396,2,2,2.0,True,l2a_ion_grid_charge,1,5,Pulser,quicklook+event_list,imap_idex_l2a_sci-10days_20260609_v011.cdf,18,156.04944218433593,162.2423322879245,0.5758918114530646,46308.16648939172,216.72145218891484,0.0043601197482638545,91.3376064879521,0.42745848557971367,8.599841712551982e-06,Ion Grid,Ion_Grid,ion_grid_fit_results,0.0029181944560511797,0.0011060196000002008,1.0924111002452719e-06,0.009385362904135164,512
imap_idex_l1b_sci-10days_20260609_v011.cdf,19,834753792947282688,2026-06-15T00:02:03.763282688,28,2026-06-15 00:01:47.763396,3,3,3.0,True,l2a_ion_grid_charge,1,5,Pulser,quicklook+event_list,imap_idex_l2a_sci-10days_20260609_v011.cdf,19,231.2234242261875,243.80954579635113,0.8660996705131977,43699.60528806114,336.0054124498762,0.007974592044261581,86.19251536106734,0.662732568934667,1.5728978391048486e-05,Target H,Target_High,target_high_fit_results,0.8100991119555461,0.24166380000001617,0.14111291762606015,3.1572014470983163,512
imap_idex_l1b_sci-10days_20260609_v011.cdf,19,834753792947282688,2026-06-15T00:02:03.763282688,28,2026-06-15 00:01:47.763396,3,3,3.0,True,l2a_ion_grid_charge,1,5,Pulser,quicklook+event_list,imap_idex_l2a_sci-10days_20260609_v011.cdf,19,231.2234242261875,243.80954579635113,0.8660996705131977,43699.60528806114,336.0054124498762,0.007974592044261581,86.19251536106734,0.662732568934667,1.5728978391048486e-05,Target L,Target_Low,target_low_fit_results,9.238549213932044,8.19173170867823,1.8029946726801427,30.109410065029806,512
imap_idex_l1b_sci-10days_20260609_v011.cdf,19,834753792947282688,2026-06-15T00:02:03.763282688,28,2026-06-15 00:01:47.763396,3,3,3.0,True,l2a_ion_grid_charge,1,5,Pulser,quicklook+event_list,imap_idex_l2a_sci-10days_20260609_v011.cdf,19,231.2234242261875,243.80954579635113,0.8660996705131977,43699.60528806114,336.0054124498762,0.007974592044261581,86.19251536106734,0.662732568934667,1.5728978391048486e-05,Ion Grid,Ion_Grid,ion_grid_fit_results,0.003946564973042811,0.0011060196000002008,-0.0003639431607842525,0.013605564264429049,512
imap_idex_l1b_sci-10days_20260609_v011.cdf,20,834753800947215744,2026-06-15T00:02:11.763215744,28,2026-06-15 00:01:47.763396,4,4,4.0,True,l2a_ion_grid_charge,1,5,Pulser,quicklook+event_list,imap_idex_l2a_sci-10days_20260609_v011.cdf,20,310.7525610215853,323.8055035912234,1.1534662319129676,43042.81757860043,497.05784118904387,0.011734444768410795,84.89707609191406,0.9803902193077788,2.3144861476155413e-05,Target H,Target_High,target_high_fit_results,0.9853000030814733,0.24166380000001617,0.07052571869161284,7.870619714725535,512
imap_idex_l1b_sci-10days_20260609_v011.cdf,20,834753800947215744,2026-06-15T00:02:11.763215744,28,2026-06-15 00:01:47.763396,4,4,4.0,True,l2a_ion_grid_charge,1,5,Pulser,quicklook+event_list,imap_idex_l2a_sci-10days_20260609_v011.cdf,20,310.7525610215853,323.8055035912234,1.1534662319129676,43042.81757860043,497.05784118904387,0.011734444768410795,84.89707609191406,0.9803902193077788,2.3144861476155413e-05,Target L,Target_Low,target_low_fit_results,9.168860511710491,8.474263155322763,1.6473115026437881,30.506915166508406,512
imap_idex_l1b_sci-10days_20260609_v011.cdf,20,834753800947215744,2026-06-15T00:02:11.763215744,28,2026-06-15 00:01:47.763396,4,4,4.0,True,l2a_ion_grid_charge,1,5,Pulser,quicklook+event_list,imap_idex_l2a_sci-10days_20260609_v011.cdf,20,310.7525610215853,323.8055035912234,1.1534662319129676,43042.81757860043,497.05784118904387,0.011734444768410795,84.89707609191406,0.9803902193077788,2.3144861476155413e-05,Ion Grid,Ion_Grid,ion_grid_fit_results,0.004787362263115497,0.0011060196000002008,-0.0003195924992376309,0.01660803134201294,512
imap_idex_l1b_sci-10days_20260609_v011.cdf,21,834753808947168896,2026-06-15T00:02:19.763168896,28,2026-06-15 00:01:47.763396,5,5,5.0,True,l2a_ion_grid_charge,1,5,Pulser,quicklook+event_list,imap_idex_l2a_sci-10days_20260609_v011.cdf,21,740.4497902476796,369.54303212017135,1.440308425527492,46743.30615992966,195800.5602271069,0.015081570126160812,92.19587013792832,386.19439887003335,2.9746686639370436e-05,Target H,Target_High,target_high_fit_results,19.55563778539499,0.5320213950885161,0.14062868823646113,55.584609740520364,512
imap_idex_l1b_sci-10days_20260609_v011.cdf,21,834753808947168896,2026-06-15T00:02:19.763168896,28,2026-06-15 00:01:47.763396,5,5,5.0,True,l2a_ion_grid_charge,1,5,Pulser,quicklook+event_list,imap_idex_l2a_sci-10days_20260609_v011.cdf,21,740.4497902476796,369.54303212017135,1.440308425527492,46743.30615992966,195800.5602271069,0.015081570126160812,92.19587013792832,386.19439887003335,2.9746686639370436e-05,Target L,Target_Low,target_low_fit_results,9.554868907714674,10.096917799321993,1.0236698463049834,25.100580769951193,512
imap_idex_l1b_sci-10days_20260609_v011.cdf,21,834753808947168896,2026-06-15T00:02:19.763168896,28,2026-06-15 00:01:47.763396,5,5,5.0,True,l2a_ion_grid_charge,1,5,Pulser,quicklook+event_list,imap_idex_l2a_sci-10days_20260609_v011.cdf,21,740.4497902476796,369.54303212017135,1.440308425527492,46743.30615992966,195800.5602271069,0.015081570126160812,92.19587013792832,386.19439887003335,2.9746686639370436e-05,Ion Grid,Ion_Grid,ion_grid_fit_results,0.005427355861988214,0.0011060196000002008,-0.00041403179907884,0.018902063284417903,512
imap_idex_l1b_sci-10days_20260619_v015.cdf,7,835444977088795776,2026-06-23T00:01:47.904795776,29,2026-06-23 00:01:47.904795,1,1,1.0,True,l2a_ion_grid_charge,1,5,Pulser,quicklook+event_list,imap_idex_l2a_sci-10days_20260619_v015.cdf,7,78.39601154529737,81.17408751590494,0.2843254231636205,38344.056706460324,93.7536588905638,0.0013048077167616583,75.6293031685608,0.18491845935022447,2.5735852401610617e-06,Target H,Target_High,target_high_fit_results,0.42791659820651085,0.24166380000001617,0.02664606439259387,1.3786246776894018,512
imap_idex_l1b_sci-10days_20260619_v015.cdf,7,835444977088795776,2026-06-23T00:01:47.904795776,29,2026-06-23 00:01:47.904795,1,1,1.0,True,l2a_ion_grid_charge,1,5,Pulser,quicklook+event_list,imap_idex_l2a_sci-10days_20260619_v015.cdf,7,78.39601154529737,81.17408751590494,0.2843254231636205,38344.056706460324,93.7536588905638,0.0013048077167616583,75.6293031685608,0.18491845935022447,2.5735852401610617e-06,Target L,Target_Low,target_low_fit_results,8.653943364432502,6.5935794655063855,3.3663539236895303,35.55393651877239,512
imap_idex_l1b_sci-10days_20260619_v015.cdf,7,835444977088795776,2026-06-23T00:01:47.904795776,29,2026-06-23 00:01:47.904795,1,1,1.0,True,l2a_ion_grid_charge,1,5,Pulser,quicklook+event_list,imap_idex_l2a_sci-10days_20260619_v015.cdf,7,78.39601154529737,81.17408751590494,0.2843254231636205,38344.056706460324,93.7536588905638,0.0013048077167616583,75.6293031685608,0.18491845935022447,2.5735852401610617e-06,Ion Grid,Ion_Grid,ion_grid_fit_results,0.0015963873501754246,0.0011060196000002008,-0.00047239086018358023,0.004846389239869131,512
imap_idex_l1b_sci-10days_20260619_v015.cdf,8,835444985088728960,2026-06-23T00:01:55.904728960,29,2026-06-23 00:01:47.904795,2,2,2.0,True,l2a_ion_grid_charge,1,5,Pulser,quicklook+event_list,imap_idex_l2a_sci-10days_20260619_v015.cdf,8,155.07768170371855,162.18359710406077,0.5758859130514288,43632.03100893506,218.35652047483183,0.004237506942733072,86.05923275924076,0.4306834723369464,8.358001859434068e-06,Target H,Target_High,target_high_fit_results,0.6530525086487349,0.24166380000001617,0.018630416827988938,2.2751077112835674,512
imap_idex_l1b_sci-10days_20260619_v015.cdf,8,835444985088728960,2026-06-23T00:01:55.904728960,29,2026-06-23 00:01:47.904795,2,2,2.0,True,l2a_ion_grid_charge,1,5,Pulser,quicklook+event_list,imap_idex_l2a_sci-10days_20260619_v015.cdf,8,155.07768170371855,162.18359710406077,0.5758859130514288,43632.03100893506,218.35652047483183,0.004237506942733072,86.05923275924076,0.4306834723369464,8.358001859434068e-06,Target L,Target_Low,target_low_fit_results,9.231403499161235,8.754033630539118,2.226622366486481,25.692682664455788,512
imap_idex_l1b_sci-10days_20260619_v015.cdf,8,835444985088728960,2026-06-23T00:01:55.904728960,29,2026-06-23 00:01:47.904795,2,2,2.0,True,l2a_ion_grid_charge,1,5,Pulser,quicklook+event_list,imap_idex_l2a_sci-10days_20260619_v015.cdf,8,155.07768170371855,162.18359710406077,0.5758859130514288,43632.03100893506,218.35652047483183,0.004237506942733072,86.05923275924076,0.4306834723369464,8.358001859434068e-06,Ion Grid,Ion_Grid,ion_grid_fit_results,0.0028768699566587177,0.0011060196000002008,-0.00037542880114638244,0.00912994767677544,512
imap_idex_l1b_sci-10days_20260619_v015.cdf,9,835444993088682112,2026-06-23T00:02:03.904682112,29,2026-06-23 00:01:47.904795,3,3,3.0,True,l2a_ion_grid_charge,1,5,Pulser,quicklook+event_list,imap_idex_l2a_sci-10days_20260619_v015.cdf,9,229.72907761316674,243.7592634239901,0.866156456856402,40563.445696396404,331.2857163702027,0.008212722522089086,80.0067962453578,0.6534235036887627,1.6198663751655e-05,Target H,Target_High,target_high_fit_results,0.8043894671025673,0.24166380000001617,0.10047078012746624,2.913954345331831,512
imap_idex_l1b_sci-10days_20260619_v015.cdf,9,835444993088682112,2026-06-23T00:02:03.904682112,29,2026-06-23 00:01:47.904795,3,3,3.0,True,l2a_ion_grid_charge,1,5,Pulser,quicklook+event_list,imap_idex_l2a_sci-10days_20260619_v015.cdf,9,229.72907761316674,243.7592634239901,0.866156456856402,40563.445696396404,331.2857163702027,0.008212722522089086,80.0067962453578,0.6534235036887627,1.6198663751655e-05,Target L,Target_Low,target_low_fit_results,8.900869613457678,7.309398847947082,3.4651180265518633,27.200006756334915,512
imap_idex_l1b_sci-10days_20260619_v015.cdf,9,835444993088682112,2026-06-23T00:02:03.904682112,29,2026-06-23 00:01:47.904795,3,3,3.0,True,l2a_ion_grid_charge,1,5,Pulser,quicklook+event_list,imap_idex_l2a_sci-10days_20260619_v015.cdf,9,229.72907761316674,243.7592634239901,0.866156456856402,40563.445696396404,331.2857163702027,0.008212722522089086,80.0067962453578,0.6534235036887627,1.6198663751655e-05,Ion Grid,Ion_Grid,ion_grid_fit_results,0.004005056014084603,0.0011060196000002008,-0.0007414609275546713,0.012973910536149269,512
imap_idex_l1b_sci-10days_20260619_v015.cdf,10,835445001088615296,2026-06-23T00:02:11.904615296,29,2026-06-23 00:01:47.904795,4,4,4.0,True,l2a_ion_grid_charge,1,5,Pulser,quicklook+event_list,imap_idex_l2a_sci-10days_20260619_v015.cdf,10,311.9196313498287,323.7796282732146,1.1535580807575563,46037.05134218684,512.801479871384,0.011749445015158785,90.80286260786359,1.0114427610875425,2.3174447761654406e-05,Target H,Target_High,target_high_fit_results,1.0007823891205305,0.24166380000001617,0.05050000543087663,8.007856832639163,512
imap_idex_l1b_sci-10days_20260619_v015.cdf,10,835445001088615296,2026-06-23T00:02:11.904615296,29,2026-06-23 00:01:47.904795,4,4,4.0,True,l2a_ion_grid_charge,1,5,Pulser,quicklook+event_list,imap_idex_l2a_sci-10days_20260619_v015.cdf,10,311.9196313498287,323.7796282732146,1.1535580807575563,46037.05134218684,512.801479871384,0.011749445015158785,90.80286260786359,1.0114427610875425,2.3174447761654406e-05,Target L,Target_Low,target_low_fit_results,9.482410869747666,9.279838742681212,2.5758597092735727,25.82137701598549,512
imap_idex_l1b_sci-10days_20260619_v015.cdf,10,835445001088615296,2026-06-23T00:02:11.904615296,29,2026-06-23 00:01:47.904795,4,4,4.0,True,l2a_ion_grid_charge,1,5,Pulser,quicklook+event_list,imap_idex_l2a_sci-10days_20260619_v015.cdf,10,311.9196313498287,323.7796282732146,1.1535580807575563,46037.05134218684,512.801479871384,0.011749445015158785,90.80286260786359,1.0114427610875425,2.3174447761654406e-05,Ion Grid,Ion_Grid,ion_grid_fit_results,0.0047904211500902506,0.0011060196000002008,-0.00033515931868266513,0.01623544138241373,512
imap_idex_l1b_sci-10days_20260619_v015.cdf,11,835445009088568448,2026-06-23T00:02:19.904568448,29,2026-06-23 00:01:47.904795,5,5,5.0,True,l2a_ion_grid_charge,1,5,Pulser,quicklook+event_list,imap_idex_l2a_sci-10days_20260619_v015.cdf,11,737.7251278450603,369.6606142875905,1.4401273847835219,44336.236824457665,195988.7323506303,0.015330231162316056,87.44819886480802,386.56554704266335,3.0237142331984332e-05,Target H,Target_High,target_high_fit_results,19.56503240151482,0.48332760000003233,0.21978794638465615,55.45725316682501,512
imap_idex_l1b_sci-10days_20260619_v015.cdf,11,835445009088568448,2026-06-23T00:02:19.904568448,29,2026-06-23 00:01:47.904795,5,5,5.0,True,l2a_ion_grid_charge,1,5,Pulser,quicklook+event_list,imap_idex_l2a_sci-10days_20260619_v015.cdf,11,737.7251278450603,369.6606142875905,1.4401273847835219,44336.236824457665,195988.7323506303,0.015330231162316056,87.44819886480802,386.56554704266335,3.0237142331984332e-05,Target L,Target_Low,target_low_fit_results,9.305601138441776,8.36028364247981,1.757901984212367,27.334101981119602,512
imap_idex_l1b_sci-10days_20260619_v015.cdf,11,835445009088568448,2026-06-23T00:02:19.904568448,29,2026-06-23 00:01:47.904795,5,5,5.0,True,l2a_ion_grid_charge,1,5,Pulser,quicklook+event_list,imap_idex_l2a_sci-10days_20260619_v015.cdf,11,737.7251278450603,369.6606142875905,1.4401273847835219,44336.236824457665,195988.7323506303,0.015330231162316056,87.44819886480802,386.56554704266335,3.0237142331984332e-05,Ion Grid,Ion_Grid,ion_grid_fit_results,0.005471915362914392,0.0011060196000002008,-0.0003142728591096766,0.01895056782062432,512
imap_idex_l1b_sci-10days_20260629_v011.cdf,3,836136176247064448,2026-07-01T00:01:47.063064448,30,2026-07-01 00:01:47.063064,1,1,1.0,True,l2a_ion_grid_charge,1,5,Pulser,quicklook+event_list,imap_idex_l2a_sci-10days_20260629_v011.cdf,3,79.34858990016437,81.1131096901691,0.2842804797980343,39019.349409550574,92.83940363312348,0.001465626902809827,76.96124143895577,0.18311519454264988,2.8907828457787513e-06,Target H,Target_High,target_high_fit_results,0.4258250347512982,0.24166380000001617,-0.002454240374561323,1.387825546763736,512
imap_idex_l1b_sci-10days_20260629_v011.cdf,3,836136176247064448,2026-07-01T00:01:47.063064448,30,2026-07-01 00:01:47.063064,1,1,1.0,True,l2a_ion_grid_charge,1,5,Pulser,quicklook+event_list,imap_idex_l2a_sci-10days_20260629_v011.cdf,3,79.34858990016437,81.1131096901691,0.2842804797980343,39019.349409550574,92.83940363312348,0.001465626902809827,76.96124143895577,0.18311519454264988,2.8907828457787513e-06,Target L,Target_Low,target_low_fit_results,8.72981482137671,7.798372928971907,1.668592368310783,25.568837331378745,512
imap_idex_l1b_sci-10days_20260629_v011.cdf,3,836136176247064448,2026-07-01T00:01:47.063064448,30,2026-07-01 00:01:47.063064,1,1,1.0,True,l2a_ion_grid_charge,1,5,Pulser,quicklook+event_list,imap_idex_l2a_sci-10days_20260629_v011.cdf,3,79.34858990016437,81.1131096901691,0.2842804797980343,39019.349409550574,92.83940363312348,0.001465626902809827,76.96124143895577,0.18311519454264988,2.8907828457787513e-06,Ion Grid,Ion_Grid,ion_grid_fit_results,0.001691907959834235,0.0011060196000002008,0.00014187591785752574,0.005482409090128426,512
imap_idex_l1b_sci-10days_20260629_v011.cdf,4,836136184246997760,2026-07-01T00:01:55.062997760,30,2026-07-01 00:01:47.063064,2,2,2.0,True,l2a_ion_grid_charge,1,5,Pulser,quicklook+event_list,imap_idex_l2a_sci-10days_20260629_v011.cdf,4,156.33147241170082,162.22661493580284,0.5759908310757732,43770.40175049301,222.52641063230357,0.004287399706324096,86.3321533540296,0.4389081077560228,8.456409677167842e-06,Target H,Target_High,target_high_fit_results,0.6592585955194046,0.24166380000001617,0.013787264649351982,2.3241138286683736,512
imap_idex_l1b_sci-10days_20260629_v011.cdf,4,836136184246997760,2026-07-01T00:01:55.062997760,30,2026-07-01 00:01:47.063064,2,2,2.0,True,l2a_ion_grid_charge,1,5,Pulser,quicklook+event_list,imap_idex_l2a_sci-10days_20260629_v011.cdf,4,156.33147241170082,162.22661493580284,0.5759908310757732,43770.40175049301,222.52641063230357,0.004287399706324096,86.3321533540296,0.4389081077560228,8.456409677167842e-06,Target L,Target_Low,target_low_fit_results,9.2460297381596,7.015596471661456,3.585108838917222,36.16466805220625,512
imap_idex_l1b_sci-10days_20260629_v011.cdf,4,836136184246997760,2026-07-01T00:01:55.062997760,30,2026-07-01 00:01:47.063064,2,2,2.0,True,l2a_ion_grid_charge,1,5,Pulser,quicklook+event_list,imap_idex_l2a_sci-10days_20260629_v011.cdf,4,156.33147241170082,162.22661493580284,0.5759908310757732,43770.40175049301,222.52641063230357,0.004287399706324096,86.3321533540296,0.4389081077560228,8.456409677167842e-06,Ion Grid,Ion_Grid,ion_grid_fit_results,0.0028937566503447125,0.0011060196000002008,-8.693135115578343e-05,0.009899056369018,512
imap_idex_l1b_sci-10days_20260629_v011.cdf,5,836136192246950784,2026-07-01T00:02:03.062950784,30,2026-07-01 00:01:47.063064,3,3,3.0,True,l2a_ion_grid_charge,1,5,Pulser,quicklook+event_list,imap_idex_l2a_sci-10days_20260629_v011.cdf,5,234.38149409383186,243.7428042642117,0.8661133144586219,44424.26285706734,349.25705029566257,0.008156406568393004,87.62182023090205,0.6888699216876973,1.6087586919907305e-05,Target H,Target_High,target_high_fit_results,0.8259192916736574,0.24166380000001617,0.05422004173158257,2.977765455696499,512
imap_idex_l1b_sci-10days_20260629_v011.cdf,5,836136192246950784,2026-07-01T00:02:03.062950784,30,2026-07-01 00:01:47.063064,3,3,3.0,True,l2a_ion_grid_charge,1,5,Pulser,quicklook+event_list,imap_idex_l2a_sci-10days_20260629_v011.cdf,5,234.38149409383186,243.7428042642117,0.8661133144586219,44424.26285706734,349.25705029566257,0.008156406568393004,87.62182023090205,0.6888699216876973,1.6087586919907305e-05,Target L,Target_Low,target_low_fit_results,9.314834319122893,8.991747304039219,3.155291720500827,29.74679026164449,512
imap_idex_l1b_sci-10days_20260629_v011.cdf,5,836136192246950784,2026-07-01T00:02:03.062950784,30,2026-07-01 00:01:47.063064,3,3,3.0,True,l2a_ion_grid_charge,1,5,Pulser,quicklook+event_list,imap_idex_l2a_sci-10days_20260629_v011.cdf,5,234.38149409383186,243.7428042642117,0.8661133144586219,44424.26285706734,349.25705029566257,0.008156406568393004,87.62182023090205,0.6888699216876973,1.6087586919907305e-05,Ion Grid,Ion_Grid,ion_grid_fit_results,0.003991300737716037,0.0011060196000002008,-0.0002652654825860967,0.013508667082002823,512
imap_idex_l1b_sci-10days_20260629_v011.cdf,6,836136200246883968,2026-07-01T00:02:11.062883968,30,2026-07-01 00:01:47.063064,4,4,4.0,True,l2a_ion_grid_charge,1,5,Pulser,quicklook+event_list,imap_idex_l2a_sci-10days_20260629_v011.cdf,6,308.4204725965137,323.8105299465027,1.1536072332247704,43517.05046138099,558.5082843763122,0.011652990216429767,85.8324466693905,1.1015942492629431,2.298420161031512e-05,Target H,Target_High,target_high_fit_results,1.0444311815157974,0.24166380000001617,0.14980775830747461,8.43810582716742,512
imap_idex_l1b_sci-10days_20260629_v011.cdf,6,836136200246883968,2026-07-01T00:02:11.062883968,30,2026-07-01 00:01:47.063064,4,4,4.0,True,l2a_ion_grid_charge,1,5,Pulser,quicklook+event_list,imap_idex_l2a_sci-10days_20260629_v011.cdf,6,308.4204725965137,323.8105299465027,1.1536072332247704,43517.05046138099,558.5082843763122,0.011652990216429767,85.8324466693905,1.1015942492629431,2.298420161031512e-05,Target L,Target_Low,target_low_fit_results,9.219232027798451,7.5445435451416305,4.315783420395746,27.2842165796028,512
imap_idex_l1b_sci-10days_20260629_v011.cdf,6,836136200246883968,2026-07-01T00:02:11.062883968,30,2026-07-01 00:01:47.063064,4,4,4.0,True,l2a_ion_grid_charge,1,5,Pulser,quicklook+event_list,imap_idex_l2a_sci-10days_20260629_v011.cdf,6,308.4204725965137,323.8105299465027,1.1536072332247704,43517.05046138099,558.5082843763122,0.011652990216429767,85.8324466693905,1.1015942492629431,2.298420161031512e-05,Ion Grid,Ion_Grid,ion_grid_fit_results,0.004770717610220122,0.0011060196000002008,-0.0005140720597696102,0.016317595351283742,512
imap_idex_l1b_sci-10days_20260629_v011.cdf,7,836136208246817152,2026-07-01T00:02:19.062817152,30,2026-07-01 00:01:47.063064,5,5,5.0,True,l2a_ion_grid_charge,1,5,Pulser,quicklook+event_list,imap_idex_l2a_sci-10days_20260629_v011.cdf,7,736.519234487394,369.49868019134624,1.4401244996619644,37298.36481040604,195412.51775185257,0.015136313565621153,73.5667944978423,385.42902909635615,2.9854661865130478e-05,Target H,Target_High,target_high_fit_results,19.53625024752926,0.48332760000003233,0.18179929530515437,55.54844263724169,512
imap_idex_l1b_sci-10days_20260629_v011.cdf,7,836136208246817152,2026-07-01T00:02:19.062817152,30,2026-07-01 00:01:47.063064,5,5,5.0,True,l2a_ion_grid_charge,1,5,Pulser,quicklook+event_list,imap_idex_l2a_sci-10days_20260629_v011.cdf,7,736.519234487394,369.49868019134624,1.4401244996619644,37298.36481040604,195412.51775185257,0.015136313565621153,73.5667944978423,385.42902909635615,2.9854661865130478e-05,Target L,Target_Low,target_low_fit_results,8.535125586089773,6.818504952409284,3.8349429342306394,25.53512943640817,512
imap_idex_l1b_sci-10days_20260629_v011.cdf,7,836136208246817152,2026-07-01T00:02:19.062817152,30,2026-07-01 00:01:47.063064,5,5,5.0,True,l2a_ion_grid_charge,1,5,Pulser,quicklook+event_list,imap_idex_l2a_sci-10days_20260629_v011.cdf,7,736.519234487394,369.49868019134624,1.4401244996619644,37298.36481040604,195412.51775185257,0.015136313565621153,73.5667944978423,385.42902909635615,2.9854661865130478e-05,Ion Grid,Ion_Grid,ion_grid_fit_results,0.0054371971118264435,0.0011060196000002008,-0.0005839145470016849,0.019622146215708597,512
