Compiled summary plots,,,,,,,Last updated: 14-Jul-2026
Time,DOY,Event type,Dust category,Impact Location,TOF Quality,CDF File,Notes
1-Oct-2025 16:40:05,274,Noise Capture,,,,imap_idex_l1b_sci-10days_20250927_v001.cdf,
1-Oct-2025 16:41:49,274,Pulser,,,,imap_idex_l1b_sci-10days_20250927_v001.cdf,
1-Oct-2025 16:41:55,274,Pulser,,,,imap_idex_l1b_sci-10days_20250927_v001.cdf,
1-Oct-2025 16:42:01,274,Pulser,,,,imap_idex_l1b_sci-10days_20250927_v001.cdf,
1-Oct-2025 16:42:07,274,Pulser,,,,imap_idex_l1b_sci-10days_20250927_v001.cdf,
1-Oct-2025 16:43:36,274,Pulser,,,,imap_idex_l1b_sci-10days_20250927_v001.cdf,
1-Oct-2025 16:43:42,274,Pulser,,,,imap_idex_l1b_sci-10days_20250927_v001.cdf,
1-Oct-2025 16:43:48,274,Pulser,,,,imap_idex_l1b_sci-10days_20250927_v001.cdf,
1-Oct-2025 16:43:54,274,Pulser,,,,imap_idex_l1b_sci-10days_20250927_v001.cdf,
1-Oct-2025 16:45:18,274,Pulser,,,,imap_idex_l1b_sci-10days_20250927_v001.cdf,
1-Oct-2025 16:45:24,274,Pulser,,,,imap_idex_l1b_sci-10days_20250927_v001.cdf,
1-Oct-2025 16:45:30,274,Pulser,,,,imap_idex_l1b_sci-10days_20250927_v001.cdf,
1-Oct-2025 16:45:36,274,Pulser,,,,imap_idex_l1b_sci-10days_20250927_v001.cdf,
1-Oct-2025 16:47:06,274,Pulser,,,,imap_idex_l1b_sci-10days_20250927_v001.cdf,
1-Oct-2025 16:47:12,274,Pulser,,,,imap_idex_l1b_sci-10days_20250927_v001.cdf,
1-Oct-2025 16:47:18,274,Pulser,,,,imap_idex_l1b_sci-10days_20250927_v001.cdf,
1-Oct-2025 16:47:24,274,Pulser,,,,imap_idex_l1b_sci-10days_20250927_v001.cdf,
1-Oct-2025 16:48:43,274,Pulser,,,,imap_idex_l1b_sci-10days_20250927_v001.cdf,
1-Oct-2025 16:48:49,274,Pulser,,,,imap_idex_l1b_sci-10days_20250927_v001.cdf,
1-Oct-2025 16:48:55,274,Pulser,,,,imap_idex_l1b_sci-10days_20250927_v001.cdf,
1-Oct-2025 16:49:01,274,Pulser,,,,imap_idex_l1b_sci-10days_20250927_v001.cdf,
4-Nov-2025 14:40:36,308,Noise Capture,,,,imap_idex_l1b_sci-10days_20251027_v002.cdf,
4-Nov-2025 14:42:17,308,Pulser,,,,imap_idex_l1b_sci-10days_20251027_v002.cdf,
4-Nov-2025 14:42:23,308,Pulser,,,,imap_idex_l1b_sci-10days_20251027_v002.cdf,
4-Nov-2025 14:42:29,308,Pulser,,,,imap_idex_l1b_sci-10days_20251027_v002.cdf,
4-Nov-2025 14:42:35,308,Pulser,,,,imap_idex_l1b_sci-10days_20251027_v002.cdf,
4-Nov-2025 14:42:41,308,Pulser,,,,imap_idex_l1b_sci-10days_20251027_v002.cdf,
4-Nov-2025 14:44:17,308,Pulser,,,,imap_idex_l1b_sci-10days_20251027_v002.cdf,
4-Nov-2025 14:44:23,308,Pulser,,,,imap_idex_l1b_sci-10days_20251027_v002.cdf,
4-Nov-2025 14:44:29,308,Pulser,,,,imap_idex_l1b_sci-10days_20251027_v002.cdf,
4-Nov-2025 14:44:35,308,Pulser,,,,imap_idex_l1b_sci-10days_20251027_v002.cdf,
4-Nov-2025 14:44:41,308,Pulser,,,,imap_idex_l1b_sci-10days_20251027_v002.cdf,
4-Nov-2025 14:46:17,308,Pulser,,,,imap_idex_l1b_sci-10days_20251027_v002.cdf,
4-Nov-2025 14:46:23,308,Pulser,,,,imap_idex_l1b_sci-10days_20251027_v002.cdf,
4-Nov-2025 14:46:29,308,Pulser,,,,imap_idex_l1b_sci-10days_20251027_v002.cdf,
4-Nov-2025 14:46:35,308,Pulser,,,,imap_idex_l1b_sci-10days_20251027_v002.cdf,
4-Nov-2025 14:46:41,308,Pulser,,,,imap_idex_l1b_sci-10days_20251027_v002.cdf,
4-Nov-2025 14:48:11,308,Pulser,,,,imap_idex_l1b_sci-10days_20251027_v002.cdf,
4-Nov-2025 14:48:17,308,Pulser,,,,imap_idex_l1b_sci-10days_20251027_v002.cdf,
4-Nov-2025 14:48:23,308,Pulser,,,,imap_idex_l1b_sci-10days_20251027_v002.cdf,
4-Nov-2025 14:48:29,308,Pulser,,,,imap_idex_l1b_sci-10days_20251027_v002.cdf,
4-Nov-2025 14:48:35,308,Pulser,,,,imap_idex_l1b_sci-10days_20251027_v002.cdf,
4-Nov-2025 14:50:11,308,Pulser,,,,imap_idex_l1b_sci-10days_20251027_v002.cdf,
4-Nov-2025 14:50:17,308,Pulser,,,,imap_idex_l1b_sci-10days_20251027_v002.cdf,
4-Nov-2025 14:50:23,308,Pulser,,,,imap_idex_l1b_sci-10days_20251027_v002.cdf,
4-Nov-2025 14:50:29,308,Pulser,,,,imap_idex_l1b_sci-10days_20251027_v002.cdf,
4-Nov-2025 14:50:35,308,Pulser,,,,imap_idex_l1b_sci-10days_20251027_v002.cdf,
6-Nov-2025 20:24:22,310,Noise Capture,,,,imap_idex_l1b_sci-10days_20251106_v002.cdf,
6-Nov-2025 20:26:22,310,Pulser,,,,imap_idex_l1b_sci-10days_20251106_v002.cdf,
6-Nov-2025 20:26:28,310,Pulser,,,,imap_idex_l1b_sci-10days_20251106_v002.cdf,
6-Nov-2025 20:26:34,310,Pulser,,,,imap_idex_l1b_sci-10days_20251106_v002.cdf,
6-Nov-2025 20:26:40,310,Pulser,,,,imap_idex_l1b_sci-10days_20251106_v002.cdf,
6-Nov-2025 20:28:33,310,Pulser,,,,imap_idex_l1b_sci-10days_20251106_v002.cdf,
6-Nov-2025 20:28:39,310,Pulser,,,,imap_idex_l1b_sci-10days_20251106_v002.cdf,
6-Nov-2025 20:28:45,310,Pulser,,,,imap_idex_l1b_sci-10days_20251106_v002.cdf,
6-Nov-2025 20:28:51,310,Pulser,,,,imap_idex_l1b_sci-10days_20251106_v002.cdf,
6-Nov-2025 20:30:40,310,Pulser,,,,imap_idex_l1b_sci-10days_20251106_v002.cdf,
6-Nov-2025 20:30:46,310,Pulser,,,,imap_idex_l1b_sci-10days_20251106_v002.cdf,
6-Nov-2025 20:30:52,310,Pulser,,,,imap_idex_l1b_sci-10days_20251106_v002.cdf,
6-Nov-2025 20:30:58,310,Pulser,,,,imap_idex_l1b_sci-10days_20251106_v002.cdf,
6-Nov-2025 20:32:45,310,Pulser,,,,imap_idex_l1b_sci-10days_20251106_v002.cdf,
6-Nov-2025 20:32:51,310,Pulser,,,,imap_idex_l1b_sci-10days_20251106_v002.cdf,
6-Nov-2025 20:32:57,310,Pulser,,,,imap_idex_l1b_sci-10days_20251106_v002.cdf,
6-Nov-2025 20:33:03,310,Pulser,,,,imap_idex_l1b_sci-10days_20251106_v002.cdf,
6-Nov-2025 20:34:51,310,Pulser,,,,imap_idex_l1b_sci-10days_20251106_v002.cdf,
6-Nov-2025 20:34:57,310,Pulser,,,,imap_idex_l1b_sci-10days_20251106_v002.cdf,
6-Nov-2025 20:35:03,310,Pulser,,,,imap_idex_l1b_sci-10days_20251106_v002.cdf,
6-Nov-2025 20:35:09,310,Pulser,,,,imap_idex_l1b_sci-10days_20251106_v002.cdf,
6-Nov-2025 20:53:38,310,Noise Capture,,,,imap_idex_l1b_sci-10days_20251106_v002.cdf,
6-Nov-2025 20:57:57,310,Noise Capture,,,,imap_idex_l1b_sci-10days_20251106_v002.cdf,
6-Nov-2025 21:01:02,310,Noise Capture,,,,imap_idex_l1b_sci-10days_20251106_v002.cdf,
6-Nov-2025 21:03:41,310,Noise Capture,,,,imap_idex_l1b_sci-10days_20251106_v002.cdf,
24-Nov-2025 1:14:06,328,Triggered,,,,imap_idex_l1b_sci-10days_20251116_v002.cdf,
24-Nov-2025 10:12:40,328,Triggered,,,,imap_idex_l1b_sci-10days_20251116_v002.cdf,
24-Nov-2025 15:26:48,328,Triggered,,,,imap_idex_l1b_sci-10days_20251116_v002.cdf,
24-Nov-2025 18:28:26,328,Triggered,,,,imap_idex_l1b_sci-10days_20251116_v002.cdf,
25-Nov-2025 12:12:58,329,Triggered,,,,imap_idex_l1b_sci-10days_20251116_v002.cdf,
25-Nov-2025 15:12:24,329,Triggered,,,,imap_idex_l1b_sci-10days_20251116_v002.cdf,
25-Nov-2025 15:31:31,329,Triggered,,,,imap_idex_l1b_sci-10days_20251116_v002.cdf,
26-Nov-2025 2:10:32,330,Triggered,,,,imap_idex_l1b_sci-10days_20251126_v002.cdf,
26-Nov-2025 12:13:02,330,Triggered,Dust,,,imap_idex_l1b_sci-10days_20251126_v002.cdf,
26-Nov-2025 13:05:16,330,Triggered,,,,imap_idex_l1b_sci-10days_20251126_v002.cdf,
26-Nov-2025 20:24:48,330,Triggered,,,,imap_idex_l1b_sci-10days_20251126_v002.cdf,
26-Nov-2025 21:33:24,330,Triggered,,,,imap_idex_l1b_sci-10days_20251126_v002.cdf,
27-Nov-2025 4:19:34,331,Triggered,,,,imap_idex_l1b_sci-10days_20251126_v002.cdf,
27-Nov-2025 10:19:23,331,Triggered,,,,imap_idex_l1b_sci-10days_20251126_v002.cdf,
27-Nov-2025 15:23:38,331,Triggered,,,,imap_idex_l1b_sci-10days_20251126_v002.cdf,
27-Nov-2025 15:30:04,331,Triggered,,,,imap_idex_l1b_sci-10days_20251126_v002.cdf,
27-Nov-2025 16:10:39,331,Triggered,,,,imap_idex_l1b_sci-10days_20251126_v002.cdf,
27-Nov-2025 17:16:57,331,Triggered,,,,imap_idex_l1b_sci-10days_20251126_v002.cdf,
27-Nov-2025 22:06:55,331,Triggered,Dust,,,imap_idex_l1b_sci-10days_20251126_v002.cdf,
28-Nov-2025 4:16:31,332,Triggered,Dust,,,imap_idex_l1b_sci-10days_20251126_v002.cdf,
28-Nov-2025 7:21:49,332,Triggered,,,,imap_idex_l1b_sci-10days_20251126_v002.cdf,
28-Nov-2025 19:05:21,332,Triggered,,,,imap_idex_l1b_sci-10days_20251126_v002.cdf,
28-Nov-2025 19:58:06,332,Triggered,,,,imap_idex_l1b_sci-10days_20251126_v002.cdf,
28-Nov-2025 20:13:30,332,Triggered,,,,imap_idex_l1b_sci-10days_20251126_v002.cdf,
28-Nov-2025 20:49:55,332,Triggered,,,,imap_idex_l1b_sci-10days_20251126_v002.cdf,
29-Nov-2025 0:53:20,333,Triggered,,,,imap_idex_l1b_sci-10days_20251126_v002.cdf,
29-Nov-2025 3:33:17,333,Triggered,,,,imap_idex_l1b_sci-10days_20251126_v002.cdf,
29-Nov-2025 12:08:45,333,Triggered,Dust,,,imap_idex_l1b_sci-10days_20251126_v002.cdf,
29-Nov-2025 12:09:15,333,Triggered,,,,imap_idex_l1b_sci-10days_20251126_v002.cdf,
29-Nov-2025 22:57:12,333,Triggered,,,,imap_idex_l1b_sci-10days_20251126_v002.cdf,
30-Nov-2025 0:01:57,334,Noise Capture,,,,imap_idex_l1b_sci-10days_20251126_v002.cdf,
30-Nov-2025 0:02:03,334,Pulser,,,,imap_idex_l1b_sci-10days_20251126_v002.cdf,
30-Nov-2025 0:02:11,334,Pulser,,,,imap_idex_l1b_sci-10days_20251126_v002.cdf,
30-Nov-2025 0:02:19,334,Pulser,,,,imap_idex_l1b_sci-10days_20251126_v002.cdf,
30-Nov-2025 0:02:27,334,Pulser,,,,imap_idex_l1b_sci-10days_20251126_v002.cdf,
30-Nov-2025 0:02:35,334,Pulser,,,,imap_idex_l1b_sci-10days_20251126_v002.cdf,
30-Nov-2025 0:02:49,334,Noise Capture,,,,imap_idex_l1b_sci-10days_20251126_v002.cdf,
30-Nov-2025 0:03:01,334,Noise Capture,,,,imap_idex_l1b_sci-10days_20251126_v002.cdf,
30-Nov-2025 0:03:13,334,Noise Capture,,,,imap_idex_l1b_sci-10days_20251126_v002.cdf,
30-Nov-2025 0:03:25,334,Noise Capture,,,,imap_idex_l1b_sci-10days_20251126_v002.cdf,
1-Dec-2025 5:53:52,335,Triggered,,,,imap_idex_l1b_sci-10days_20251126_v002.cdf,
1-Dec-2025 8:14:26,335,Triggered,,,,imap_idex_l1b_sci-10days_20251126_v002.cdf,
1-Dec-2025 16:25:50,335,Triggered,,,,imap_idex_l1b_sci-10days_20251126_v002.cdf,
2-Dec-2025 1:47:00,336,Triggered,,,,imap_idex_l1b_sci-10days_20251126_v002.cdf,
3-Dec-2025 1:05:36,337,Triggered,,,,imap_idex_l1b_sci-10days_20251126_v002.cdf,
3-Dec-2025 4:47:14,337,Triggered,,,,imap_idex_l1b_sci-10days_20251126_v002.cdf,
3-Dec-2025 9:16:24,337,Triggered,,,,imap_idex_l1b_sci-10days_20251126_v002.cdf,
3-Dec-2025 12:00:02,337,Triggered,,,,imap_idex_l1b_sci-10days_20251126_v002.cdf,
3-Dec-2025 12:50:35,337,Triggered,,,,imap_idex_l1b_sci-10days_20251126_v002.cdf,
3-Dec-2025 13:39:56,337,Triggered,,,,imap_idex_l1b_sci-10days_20251126_v002.cdf,
3-Dec-2025 17:07:41,337,Triggered,,,,imap_idex_l1b_sci-10days_20251126_v002.cdf,
3-Dec-2025 20:26:08,337,Triggered,,,,imap_idex_l1b_sci-10days_20251126_v002.cdf,
3-Dec-2025 23:27:12,337,Triggered,,,,imap_idex_l1b_sci-10days_20251126_v002.cdf,
4-Dec-2025 0:50:36,338,Triggered,,,,imap_idex_l1b_sci-10days_20251126_v002.cdf,
4-Dec-2025 7:14:13,338,Triggered,,,,imap_idex_l1b_sci-10days_20251126_v002.cdf,
4-Dec-2025 13:50:54,338,Triggered,,,,imap_idex_l1b_sci-10days_20251126_v002.cdf,
4-Dec-2025 14:18:32,338,Triggered,,,,imap_idex_l1b_sci-10days_20251126_v002.cdf,
4-Dec-2025 15:04:00,338,Triggered,,,,imap_idex_l1b_sci-10days_20251126_v002.cdf,
4-Dec-2025 16:24:59,338,Triggered,,,,imap_idex_l1b_sci-10days_20251126_v002.cdf,
4-Dec-2025 16:30:48,338,Triggered,,,,imap_idex_l1b_sci-10days_20251126_v002.cdf,
4-Dec-2025 18:55:24,338,Triggered,,,,imap_idex_l1b_sci-10days_20251126_v002.cdf,
4-Dec-2025 19:14:03,338,Triggered,,,,imap_idex_l1b_sci-10days_20251126_v002.cdf,
4-Dec-2025 19:56:24,338,Triggered,,,,imap_idex_l1b_sci-10days_20251126_v002.cdf,
4-Dec-2025 23:08:42,338,Triggered,,,,imap_idex_l1b_sci-10days_20251126_v002.cdf,
4-Dec-2025 23:26:34,338,Triggered,,,,imap_idex_l1b_sci-10days_20251126_v002.cdf,
5-Dec-2025 0:51:26,339,Triggered,,,,imap_idex_l1b_sci-10days_20251126_v002.cdf,
5-Dec-2025 0:57:03,339,Triggered,,,,imap_idex_l1b_sci-10days_20251126_v002.cdf,
5-Dec-2025 1:58:57,339,Triggered,,,,imap_idex_l1b_sci-10days_20251126_v002.cdf,
5-Dec-2025 2:01:59,339,Triggered,,,,imap_idex_l1b_sci-10days_20251126_v002.cdf,
5-Dec-2025 2:33:36,339,Triggered,,,,imap_idex_l1b_sci-10days_20251126_v002.cdf,
5-Dec-2025 2:40:02,339,Triggered,,,,imap_idex_l1b_sci-10days_20251126_v002.cdf,
5-Dec-2025 4:00:04,339,Triggered,,,,imap_idex_l1b_sci-10days_20251126_v002.cdf,
5-Dec-2025 4:24:27,339,Triggered,,,,imap_idex_l1b_sci-10days_20251126_v002.cdf,
5-Dec-2025 5:17:04,339,Triggered,,,,imap_idex_l1b_sci-10days_20251126_v002.cdf,
5-Dec-2025 5:27:46,339,Triggered,,,,imap_idex_l1b_sci-10days_20251126_v002.cdf,
5-Dec-2025 5:36:02,339,Triggered,,,,imap_idex_l1b_sci-10days_20251126_v002.cdf,
5-Dec-2025 9:49:51,339,Triggered,,,,imap_idex_l1b_sci-10days_20251126_v002.cdf,
5-Dec-2025 9:56:47,339,Triggered,,,,imap_idex_l1b_sci-10days_20251126_v002.cdf,
5-Dec-2025 10:19:31,339,Triggered,,,,imap_idex_l1b_sci-10days_20251126_v002.cdf,
5-Dec-2025 10:21:52,339,Triggered,,,,imap_idex_l1b_sci-10days_20251126_v002.cdf,
5-Dec-2025 11:47:44,339,Triggered,,,,imap_idex_l1b_sci-10days_20251126_v002.cdf,
5-Dec-2025 19:48:54,339,Triggered,,,,imap_idex_l1b_sci-10days_20251126_v002.cdf,
5-Dec-2025 21:44:39,339,Triggered,,,,imap_idex_l1b_sci-10days_20251126_v002.cdf,
6-Dec-2025 0:34:37,340,Triggered,,,,imap_idex_l1b_sci-10days_20251206_v002.cdf,
6-Dec-2025 2:03:39,340,Triggered,,,,imap_idex_l1b_sci-10days_20251206_v002.cdf,
6-Dec-2025 3:23:52,340,Triggered,,,,imap_idex_l1b_sci-10days_20251206_v002.cdf,
6-Dec-2025 4:20:45,340,Triggered,,,,imap_idex_l1b_sci-10days_20251206_v002.cdf,
6-Dec-2025 8:31:52,340,Triggered,,,,imap_idex_l1b_sci-10days_20251206_v002.cdf,
6-Dec-2025 8:48:53,340,Triggered,,,,imap_idex_l1b_sci-10days_20251206_v002.cdf,
6-Dec-2025 11:07:49,340,Triggered,,,,imap_idex_l1b_sci-10days_20251206_v002.cdf,
6-Dec-2025 12:11:05,340,Triggered,,,,imap_idex_l1b_sci-10days_20251206_v002.cdf,
6-Dec-2025 13:27:47,340,Triggered,,,,imap_idex_l1b_sci-10days_20251206_v002.cdf,
6-Dec-2025 14:01:56,340,Triggered,,,,imap_idex_l1b_sci-10days_20251206_v002.cdf,
6-Dec-2025 16:57:31,340,Triggered,,,,imap_idex_l1b_sci-10days_20251206_v002.cdf,
7-Dec-2025 0:12:15,341,Triggered,,,,imap_idex_l1b_sci-10days_20251206_v002.cdf,
7-Dec-2025 0:17:43,341,Triggered,,,,imap_idex_l1b_sci-10days_20251206_v002.cdf,
7-Dec-2025 0:26:40,341,Triggered,,,,imap_idex_l1b_sci-10days_20251206_v002.cdf,
7-Dec-2025 1:35:11,341,Triggered,,,,imap_idex_l1b_sci-10days_20251206_v002.cdf,
7-Dec-2025 2:35:24,341,Triggered,,,,imap_idex_l1b_sci-10days_20251206_v002.cdf,
7-Dec-2025 2:57:52,341,Triggered,,,,imap_idex_l1b_sci-10days_20251206_v002.cdf,
7-Dec-2025 3:20:28,341,Triggered,,,,imap_idex_l1b_sci-10days_20251206_v002.cdf,
7-Dec-2025 3:27:26,341,Triggered,,,,imap_idex_l1b_sci-10days_20251206_v002.cdf,
7-Dec-2025 4:56:00,341,Triggered,,,,imap_idex_l1b_sci-10days_20251206_v002.cdf,
7-Dec-2025 5:02:18,341,Triggered,,,,imap_idex_l1b_sci-10days_20251206_v002.cdf,
7-Dec-2025 5:10:10,341,Triggered,,,,imap_idex_l1b_sci-10days_20251206_v002.cdf,
7-Dec-2025 5:26:21,341,Triggered,,,,imap_idex_l1b_sci-10days_20251206_v002.cdf,
7-Dec-2025 6:10:39,341,Triggered,,,,imap_idex_l1b_sci-10days_20251206_v002.cdf,
7-Dec-2025 6:36:29,341,Triggered,,,,imap_idex_l1b_sci-10days_20251206_v002.cdf,
7-Dec-2025 6:43:48,341,Triggered,,,,imap_idex_l1b_sci-10days_20251206_v002.cdf,
7-Dec-2025 6:59:47,341,Triggered,,,,imap_idex_l1b_sci-10days_20251206_v002.cdf,
7-Dec-2025 7:40:21,341,Triggered,,,,imap_idex_l1b_sci-10days_20251206_v002.cdf,
7-Dec-2025 7:50:05,341,Triggered,,,,imap_idex_l1b_sci-10days_20251206_v002.cdf,
7-Dec-2025 7:59:59,341,Triggered,,,,imap_idex_l1b_sci-10days_20251206_v002.cdf,
7-Dec-2025 8:06:07,341,Triggered,,,,imap_idex_l1b_sci-10days_20251206_v002.cdf,
7-Dec-2025 8:17:01,341,Triggered,,,,imap_idex_l1b_sci-10days_20251206_v002.cdf,
7-Dec-2025 9:28:38,341,Triggered,,,,imap_idex_l1b_sci-10days_20251206_v002.cdf,
7-Dec-2025 10:39:06,341,Triggered,,,,imap_idex_l1b_sci-10days_20251206_v002.cdf,
7-Dec-2025 10:54:04,341,Triggered,,,,imap_idex_l1b_sci-10days_20251206_v002.cdf,
7-Dec-2025 11:04:15,341,Triggered,,,,imap_idex_l1b_sci-10days_20251206_v002.cdf,
7-Dec-2025 11:37:27,341,Triggered,,,,imap_idex_l1b_sci-10days_20251206_v002.cdf,
7-Dec-2025 11:52:13,341,Triggered,,,,imap_idex_l1b_sci-10days_20251206_v002.cdf,
7-Dec-2025 12:18:46,341,Triggered,,,,imap_idex_l1b_sci-10days_20251206_v002.cdf,
7-Dec-2025 12:54:32,341,Triggered,,,,imap_idex_l1b_sci-10days_20251206_v002.cdf,
7-Dec-2025 13:55:13,341,Triggered,,,,imap_idex_l1b_sci-10days_20251206_v002.cdf,
7-Dec-2025 14:08:04,341,Triggered,,,,imap_idex_l1b_sci-10days_20251206_v002.cdf,
7-Dec-2025 14:50:06,341,Triggered,,,,imap_idex_l1b_sci-10days_20251206_v002.cdf,
7-Dec-2025 15:01:23,341,Triggered,,,,imap_idex_l1b_sci-10days_20251206_v002.cdf,
7-Dec-2025 15:04:39,341,Triggered,,,,imap_idex_l1b_sci-10days_20251206_v002.cdf,
7-Dec-2025 15:39:04,341,Triggered,,,,imap_idex_l1b_sci-10days_20251206_v002.cdf,
7-Dec-2025 15:57:37,341,Triggered,,,,imap_idex_l1b_sci-10days_20251206_v002.cdf,
7-Dec-2025 16:08:00,341,Triggered,,,,imap_idex_l1b_sci-10days_20251206_v002.cdf,
7-Dec-2025 16:17:20,341,Triggered,,,,imap_idex_l1b_sci-10days_20251206_v002.cdf,
7-Dec-2025 17:16:50,341,Triggered,,,,imap_idex_l1b_sci-10days_20251206_v002.cdf,
7-Dec-2025 17:21:38,341,Triggered,,,,imap_idex_l1b_sci-10days_20251206_v002.cdf,
7-Dec-2025 17:21:55,341,Triggered,,,,imap_idex_l1b_sci-10days_20251206_v002.cdf,
7-Dec-2025 17:45:12,341,Triggered,,,,imap_idex_l1b_sci-10days_20251206_v002.cdf,
7-Dec-2025 18:23:00,341,Triggered,,,,imap_idex_l1b_sci-10days_20251206_v002.cdf,
7-Dec-2025 18:49:31,341,Triggered,,,,imap_idex_l1b_sci-10days_20251206_v002.cdf,
7-Dec-2025 18:54:49,341,Triggered,,,,imap_idex_l1b_sci-10days_20251206_v002.cdf,
7-Dec-2025 18:56:13,341,Triggered,,,,imap_idex_l1b_sci-10days_20251206_v002.cdf,
7-Dec-2025 19:06:30,341,Triggered,,,,imap_idex_l1b_sci-10days_20251206_v002.cdf,
7-Dec-2025 19:58:29,341,Triggered,,,,imap_idex_l1b_sci-10days_20251206_v002.cdf,
7-Dec-2025 20:09:40,341,Triggered,,,,imap_idex_l1b_sci-10days_20251206_v002.cdf,
7-Dec-2025 20:31:28,341,Triggered,,,,imap_idex_l1b_sci-10days_20251206_v002.cdf,
7-Dec-2025 20:32:42,341,Triggered,,,,imap_idex_l1b_sci-10days_20251206_v002.cdf,
7-Dec-2025 20:35:14,341,Triggered,,,,imap_idex_l1b_sci-10days_20251206_v002.cdf,
7-Dec-2025 21:00:04,341,Triggered,,,,imap_idex_l1b_sci-10days_20251206_v002.cdf,
7-Dec-2025 21:13:37,341,Triggered,,,,imap_idex_l1b_sci-10days_20251206_v002.cdf,
7-Dec-2025 22:10:01,341,Triggered,,,,imap_idex_l1b_sci-10days_20251206_v002.cdf,
7-Dec-2025 22:19:04,341,Triggered,,,,imap_idex_l1b_sci-10days_20251206_v002.cdf,
7-Dec-2025 22:30:10,341,Triggered,,,,imap_idex_l1b_sci-10days_20251206_v002.cdf,
7-Dec-2025 22:44:06,341,Triggered,,,,imap_idex_l1b_sci-10days_20251206_v002.cdf,
7-Dec-2025 23:13:52,341,Triggered,,,,imap_idex_l1b_sci-10days_20251206_v002.cdf,
8-Dec-2025 0:07:13,342,Triggered,,,,imap_idex_l1b_sci-10days_20251206_v002.cdf,
8-Dec-2025 0:20:57,342,Triggered,,,,imap_idex_l1b_sci-10days_20251206_v002.cdf,
8-Dec-2025 0:43:08,342,Triggered,,,,imap_idex_l1b_sci-10days_20251206_v002.cdf,
8-Dec-2025 0:53:42,342,Triggered,,,,imap_idex_l1b_sci-10days_20251206_v002.cdf,
8-Dec-2025 1:13:32,342,Triggered,,,,imap_idex_l1b_sci-10days_20251206_v002.cdf,
8-Dec-2025 1:53:55,342,Triggered,,,,imap_idex_l1b_sci-10days_20251206_v002.cdf,
8-Dec-2025 1:59:18,342,Triggered,,,,imap_idex_l1b_sci-10days_20251206_v002.cdf,
8-Dec-2025 2:02:19,342,Triggered,,,,imap_idex_l1b_sci-10days_20251206_v002.cdf,
8-Dec-2025 2:45:08,342,Triggered,,,,imap_idex_l1b_sci-10days_20251206_v002.cdf,
8-Dec-2025 2:50:43,342,Triggered,,,,imap_idex_l1b_sci-10days_20251206_v002.cdf,
8-Dec-2025 4:17:21,342,Triggered,,,,imap_idex_l1b_sci-10days_20251206_v002.cdf,
8-Dec-2025 4:22:48,342,Triggered,,,,imap_idex_l1b_sci-10days_20251206_v002.cdf,
8-Dec-2025 4:23:00,342,Triggered,,,,imap_idex_l1b_sci-10days_20251206_v002.cdf,
8-Dec-2025 4:51:30,342,Triggered,,,,imap_idex_l1b_sci-10days_20251206_v002.cdf,
8-Dec-2025 4:53:36,342,Triggered,,,,imap_idex_l1b_sci-10days_20251206_v002.cdf,
8-Dec-2025 5:05:00,342,Triggered,,,,imap_idex_l1b_sci-10days_20251206_v002.cdf,
8-Dec-2025 5:06:59,342,Triggered,,,,imap_idex_l1b_sci-10days_20251206_v002.cdf,
8-Dec-2025 5:49:36,342,Triggered,,,,imap_idex_l1b_sci-10days_20251206_v002.cdf,
8-Dec-2025 6:50:07,342,Triggered,,,,imap_idex_l1b_sci-10days_20251206_v002.cdf,
8-Dec-2025 6:52:09,342,Triggered,,,,imap_idex_l1b_sci-10days_20251206_v002.cdf,
8-Dec-2025 7:36:12,342,Triggered,,,,imap_idex_l1b_sci-10days_20251206_v002.cdf,
8-Dec-2025 8:47:23,342,Triggered,,,,imap_idex_l1b_sci-10days_20251206_v002.cdf,
8-Dec-2025 10:26:05,342,Triggered,,,,imap_idex_l1b_sci-10days_20251206_v002.cdf,
8-Dec-2025 10:39:00,342,Triggered,,,,imap_idex_l1b_sci-10days_20251206_v002.cdf,
8-Dec-2025 10:50:13,342,Triggered,,,,imap_idex_l1b_sci-10days_20251206_v002.cdf,
8-Dec-2025 12:21:31,342,Triggered,,,,imap_idex_l1b_sci-10days_20251206_v002.cdf,
8-Dec-2025 12:31:35,342,Triggered,,,,imap_idex_l1b_sci-10days_20251206_v002.cdf,
8-Dec-2025 13:03:17,342,Triggered,,,,imap_idex_l1b_sci-10days_20251206_v002.cdf,
8-Dec-2025 13:40:03,342,Triggered,,,,imap_idex_l1b_sci-10days_20251206_v002.cdf,
8-Dec-2025 13:52:18,342,Triggered,,,,imap_idex_l1b_sci-10days_20251206_v002.cdf,
8-Dec-2025 14:00:50,342,Triggered,,,,imap_idex_l1b_sci-10days_20251206_v002.cdf,
8-Dec-2025 14:54:27,342,Triggered,,,,imap_idex_l1b_sci-10days_20251206_v002.cdf,
8-Dec-2025 14:58:38,342,Triggered,,,,imap_idex_l1b_sci-10days_20251206_v002.cdf,
8-Dec-2025 15:43:09,342,Triggered,,,,imap_idex_l1b_sci-10days_20251206_v002.cdf,
8-Dec-2025 15:56:46,342,Triggered,,,,imap_idex_l1b_sci-10days_20251206_v002.cdf,
8-Dec-2025 16:54:44,342,Triggered,,,,imap_idex_l1b_sci-10days_20251206_v002.cdf,
8-Dec-2025 17:15:44,342,Triggered,,,,imap_idex_l1b_sci-10days_20251206_v002.cdf,
8-Dec-2025 17:32:30,342,Triggered,,,,imap_idex_l1b_sci-10days_20251206_v002.cdf,
8-Dec-2025 17:53:40,342,Triggered,,,,imap_idex_l1b_sci-10days_20251206_v002.cdf,
8-Dec-2025 19:41:45,342,Triggered,,,,imap_idex_l1b_sci-10days_20251206_v002.cdf,
8-Dec-2025 19:44:12,342,Triggered,,,,imap_idex_l1b_sci-10days_20251206_v002.cdf,
8-Dec-2025 20:18:48,342,Triggered,,,,imap_idex_l1b_sci-10days_20251206_v002.cdf,
8-Dec-2025 20:55:32,342,Triggered,,,,imap_idex_l1b_sci-10days_20251206_v002.cdf,
8-Dec-2025 21:06:47,342,Triggered,,,,imap_idex_l1b_sci-10days_20251206_v002.cdf,
8-Dec-2025 21:32:34,342,Triggered,,,,imap_idex_l1b_sci-10days_20251206_v002.cdf,
8-Dec-2025 21:52:03,342,Triggered,,,,imap_idex_l1b_sci-10days_20251206_v002.cdf,
8-Dec-2025 21:53:06,342,Triggered,,,,imap_idex_l1b_sci-10days_20251206_v002.cdf,
8-Dec-2025 22:07:58,342,Triggered,,,,imap_idex_l1b_sci-10days_20251206_v002.cdf,
8-Dec-2025 22:22:49,342,Triggered,,,,imap_idex_l1b_sci-10days_20251206_v002.cdf,
8-Dec-2025 22:35:41,342,Triggered,,,,imap_idex_l1b_sci-10days_20251206_v002.cdf,
8-Dec-2025 22:36:13,342,Triggered,,,,imap_idex_l1b_sci-10days_20251206_v002.cdf,
8-Dec-2025 22:56:17,342,Triggered,Dust,,,imap_idex_l1b_sci-10days_20251206_v002.cdf,
8-Dec-2025 23:16:45,342,Triggered,,,,imap_idex_l1b_sci-10days_20251206_v002.cdf,
8-Dec-2025 23:19:39,342,Triggered,,,,imap_idex_l1b_sci-10days_20251206_v002.cdf,
8-Dec-2025 23:36:51,342,Triggered,,,,imap_idex_l1b_sci-10days_20251206_v002.cdf,
8-Dec-2025 23:48:03,342,Triggered,,,,imap_idex_l1b_sci-10days_20251206_v002.cdf,
9-Dec-2025 0:01:57,343,Noise Capture,,,,imap_idex_l1b_sci-10days_20251206_v002.cdf,
9-Dec-2025 0:02:03,343,Pulser,,,,imap_idex_l1b_sci-10days_20251206_v002.cdf,
9-Dec-2025 0:02:11,343,Pulser,,,,imap_idex_l1b_sci-10days_20251206_v002.cdf,
9-Dec-2025 0:02:19,343,Pulser,,,,imap_idex_l1b_sci-10days_20251206_v002.cdf,
9-Dec-2025 0:02:27,343,Pulser,,,,imap_idex_l1b_sci-10days_20251206_v002.cdf,
9-Dec-2025 0:02:35,343,Pulser,,,,imap_idex_l1b_sci-10days_20251206_v002.cdf,
9-Dec-2025 0:02:49,343,Noise Capture,,,,imap_idex_l1b_sci-10days_20251206_v002.cdf,
9-Dec-2025 0:03:01,343,Noise Capture,,,,imap_idex_l1b_sci-10days_20251206_v002.cdf,
9-Dec-2025 0:03:13,343,Noise Capture,,,,imap_idex_l1b_sci-10days_20251206_v002.cdf,
9-Dec-2025 0:03:25,343,Noise Capture,,,,imap_idex_l1b_sci-10days_20251206_v002.cdf,
9-Dec-2025 11:02:39,343,Triggered,,,,imap_idex_l1b_sci-10days_20251206_v002.cdf,
9-Dec-2025 11:34:27,343,Triggered,,,,imap_idex_l1b_sci-10days_20251206_v002.cdf,
9-Dec-2025 11:56:02,343,Triggered,,,,imap_idex_l1b_sci-10days_20251206_v002.cdf,
9-Dec-2025 12:49:55,343,Triggered,,,,imap_idex_l1b_sci-10days_20251206_v002.cdf,
9-Dec-2025 13:19:44,343,Triggered,,,,imap_idex_l1b_sci-10days_20251206_v002.cdf,
9-Dec-2025 13:38:02,343,Triggered,,,,imap_idex_l1b_sci-10days_20251206_v002.cdf,
9-Dec-2025 15:28:45,343,Triggered,,,,imap_idex_l1b_sci-10days_20251206_v002.cdf,
9-Dec-2025 15:49:26,343,Triggered,,,,imap_idex_l1b_sci-10days_20251206_v002.cdf,
9-Dec-2025 15:54:38,343,Triggered,,,,imap_idex_l1b_sci-10days_20251206_v002.cdf,
9-Dec-2025 15:56:35,343,Triggered,,,,imap_idex_l1b_sci-10days_20251206_v002.cdf,
9-Dec-2025 16:00:59,343,Triggered,,,,imap_idex_l1b_sci-10days_20251206_v002.cdf,
9-Dec-2025 16:34:50,343,Triggered,,,,imap_idex_l1b_sci-10days_20251206_v002.cdf,
9-Dec-2025 16:47:53,343,Triggered,,,,imap_idex_l1b_sci-10days_20251206_v002.cdf,
9-Dec-2025 17:10:23,343,Triggered,,,,imap_idex_l1b_sci-10days_20251206_v002.cdf,
9-Dec-2025 17:20:22,343,Triggered,,,,imap_idex_l1b_sci-10days_20251206_v002.cdf,
9-Dec-2025 17:38:18,343,Triggered,,,,imap_idex_l1b_sci-10days_20251206_v002.cdf,
9-Dec-2025 19:19:21,343,Triggered,,,,imap_idex_l1b_sci-10days_20251206_v002.cdf,
9-Dec-2025 19:43:19,343,Triggered,,,,imap_idex_l1b_sci-10days_20251206_v002.cdf,
9-Dec-2025 20:12:16,343,Triggered,,,,imap_idex_l1b_sci-10days_20251206_v002.cdf,
9-Dec-2025 20:16:31,343,Triggered,,,,imap_idex_l1b_sci-10days_20251206_v002.cdf,
9-Dec-2025 20:29:50,343,Triggered,,,,imap_idex_l1b_sci-10days_20251206_v002.cdf,
9-Dec-2025 20:39:54,343,Triggered,,,,imap_idex_l1b_sci-10days_20251206_v002.cdf,
9-Dec-2025 20:56:36,343,Triggered,,,,imap_idex_l1b_sci-10days_20251206_v002.cdf,
9-Dec-2025 21:25:38,343,Triggered,,,,imap_idex_l1b_sci-10days_20251206_v002.cdf,
9-Dec-2025 21:36:39,343,Triggered,,,,imap_idex_l1b_sci-10days_20251206_v002.cdf,
9-Dec-2025 22:02:57,343,Triggered,,,,imap_idex_l1b_sci-10days_20251206_v002.cdf,
9-Dec-2025 22:39:27,343,Triggered,,,,imap_idex_l1b_sci-10days_20251206_v002.cdf,
9-Dec-2025 22:57:24,343,Triggered,,,,imap_idex_l1b_sci-10days_20251206_v002.cdf,
9-Dec-2025 22:57:38,343,Triggered,,,,imap_idex_l1b_sci-10days_20251206_v002.cdf,
9-Dec-2025 23:08:42,343,Triggered,,,,imap_idex_l1b_sci-10days_20251206_v002.cdf,
9-Dec-2025 23:12:24,343,Triggered,,,,imap_idex_l1b_sci-10days_20251206_v002.cdf,
9-Dec-2025 23:39:35,343,Triggered,,,,imap_idex_l1b_sci-10days_20251206_v002.cdf,
9-Dec-2025 23:56:19,343,Triggered,,,,imap_idex_l1b_sci-10days_20251206_v002.cdf,
9-Dec-2025 23:58:55,343,Triggered,,,,imap_idex_l1b_sci-10days_20251206_v002.cdf,
10-Dec-2025 1:09:11,344,Triggered,,,,imap_idex_l1b_sci-10days_20251206_v002.cdf,
10-Dec-2025 1:15:44,344,Triggered,,,,imap_idex_l1b_sci-10days_20251206_v002.cdf,
10-Dec-2025 1:21:01,344,Triggered,,,,imap_idex_l1b_sci-10days_20251206_v002.cdf,
10-Dec-2025 1:33:22,344,Triggered,,,,imap_idex_l1b_sci-10days_20251206_v002.cdf,
10-Dec-2025 1:40:54,344,Triggered,,,,imap_idex_l1b_sci-10days_20251206_v002.cdf,
10-Dec-2025 1:58:03,344,Triggered,,,,imap_idex_l1b_sci-10days_20251206_v002.cdf,
10-Dec-2025 2:59:15,344,Triggered,,,,imap_idex_l1b_sci-10days_20251206_v002.cdf,
10-Dec-2025 3:37:56,344,Triggered,,,,imap_idex_l1b_sci-10days_20251206_v002.cdf,
10-Dec-2025 4:03:10,344,Triggered,,,,imap_idex_l1b_sci-10days_20251206_v002.cdf,
10-Dec-2025 4:49:31,344,Triggered,,,,imap_idex_l1b_sci-10days_20251206_v002.cdf,
10-Dec-2025 6:17:25,344,Triggered,,,,imap_idex_l1b_sci-10days_20251206_v002.cdf,
10-Dec-2025 6:41:17,344,Triggered,,,,imap_idex_l1b_sci-10days_20251206_v002.cdf,
10-Dec-2025 6:45:34,344,Triggered,,,,imap_idex_l1b_sci-10days_20251206_v002.cdf,
10-Dec-2025 6:50:57,344,Triggered,,,,imap_idex_l1b_sci-10days_20251206_v002.cdf,
10-Dec-2025 7:21:26,344,Triggered,,,,imap_idex_l1b_sci-10days_20251206_v002.cdf,
10-Dec-2025 7:42:29,344,Triggered,,,,imap_idex_l1b_sci-10days_20251206_v002.cdf,
10-Dec-2025 8:26:13,344,Triggered,,,,imap_idex_l1b_sci-10days_20251206_v002.cdf,
10-Dec-2025 8:29:16,344,Triggered,,,,imap_idex_l1b_sci-10days_20251206_v002.cdf,
10-Dec-2025 8:34:04,344,Triggered,,,,imap_idex_l1b_sci-10days_20251206_v002.cdf,
10-Dec-2025 8:40:21,344,Triggered,,,,imap_idex_l1b_sci-10days_20251206_v002.cdf,
10-Dec-2025 9:25:51,344,Triggered,,,,imap_idex_l1b_sci-10days_20251206_v002.cdf,
10-Dec-2025 9:26:25,344,Triggered,,,,imap_idex_l1b_sci-10days_20251206_v002.cdf,
10-Dec-2025 9:31:40,344,Triggered,,,,imap_idex_l1b_sci-10days_20251206_v002.cdf,
10-Dec-2025 9:45:49,344,Triggered,,,,imap_idex_l1b_sci-10days_20251206_v002.cdf,
10-Dec-2025 10:26:21,344,Triggered,,,,imap_idex_l1b_sci-10days_20251206_v002.cdf,
10-Dec-2025 11:07:07,344,Triggered,,,,imap_idex_l1b_sci-10days_20251206_v002.cdf,
10-Dec-2025 11:34:43,344,Triggered,,,,imap_idex_l1b_sci-10days_20251206_v002.cdf,
10-Dec-2025 12:20:05,344,Triggered,,,,imap_idex_l1b_sci-10days_20251206_v002.cdf,
10-Dec-2025 13:57:24,344,Triggered,,,,imap_idex_l1b_sci-10days_20251206_v002.cdf,
10-Dec-2025 14:27:58,344,Triggered,,,,imap_idex_l1b_sci-10days_20251206_v002.cdf,
10-Dec-2025 15:27:38,344,Triggered,,,,imap_idex_l1b_sci-10days_20251206_v002.cdf,
10-Dec-2025 16:21:08,344,Triggered,,,,imap_idex_l1b_sci-10days_20251206_v002.cdf,
10-Dec-2025 17:18:59,344,Triggered,,,,imap_idex_l1b_sci-10days_20251206_v002.cdf,
10-Dec-2025 17:31:45,344,Triggered,,,,imap_idex_l1b_sci-10days_20251206_v002.cdf,
10-Dec-2025 17:39:09,344,Triggered,,,,imap_idex_l1b_sci-10days_20251206_v002.cdf,
10-Dec-2025 18:19:39,344,Triggered,,,,imap_idex_l1b_sci-10days_20251206_v002.cdf,
10-Dec-2025 18:42:54,344,Triggered,,,,imap_idex_l1b_sci-10days_20251206_v002.cdf,
10-Dec-2025 19:43:14,344,Triggered,,,,imap_idex_l1b_sci-10days_20251206_v002.cdf,
10-Dec-2025 20:07:29,344,Triggered,,,,imap_idex_l1b_sci-10days_20251206_v002.cdf,
10-Dec-2025 20:35:42,344,Triggered,,,,imap_idex_l1b_sci-10days_20251206_v002.cdf,
10-Dec-2025 21:28:08,344,Triggered,,,,imap_idex_l1b_sci-10days_20251206_v002.cdf,
10-Dec-2025 21:45:44,344,Triggered,,,,imap_idex_l1b_sci-10days_20251206_v002.cdf,
10-Dec-2025 22:16:44,344,Triggered,,,,imap_idex_l1b_sci-10days_20251206_v002.cdf,
10-Dec-2025 22:30:19,344,Triggered,,,,imap_idex_l1b_sci-10days_20251206_v002.cdf,
10-Dec-2025 22:44:36,344,Triggered,,,,imap_idex_l1b_sci-10days_20251206_v002.cdf,
10-Dec-2025 22:45:54,344,Triggered,,,,imap_idex_l1b_sci-10days_20251206_v002.cdf,
10-Dec-2025 23:25:52,344,Triggered,,,,imap_idex_l1b_sci-10days_20251206_v002.cdf,
10-Dec-2025 23:26:21,344,Triggered,,,,imap_idex_l1b_sci-10days_20251206_v002.cdf,
10-Dec-2025 23:42:20,344,Triggered,,,,imap_idex_l1b_sci-10days_20251206_v002.cdf,
11-Dec-2025 0:45:09,345,Triggered,,,,imap_idex_l1b_sci-10days_20251206_v002.cdf,
11-Dec-2025 0:47:38,345,Triggered,,,,imap_idex_l1b_sci-10days_20251206_v002.cdf,
11-Dec-2025 0:57:36,345,Triggered,,,,imap_idex_l1b_sci-10days_20251206_v002.cdf,
11-Dec-2025 3:51:04,345,Triggered,,,,imap_idex_l1b_sci-10days_20251206_v002.cdf,
11-Dec-2025 4:33:32,345,Triggered,,,,imap_idex_l1b_sci-10days_20251206_v002.cdf,
11-Dec-2025 4:43:25,345,Triggered,,,,imap_idex_l1b_sci-10days_20251206_v002.cdf,
11-Dec-2025 4:44:07,345,Triggered,,,,imap_idex_l1b_sci-10days_20251206_v002.cdf,
11-Dec-2025 5:53:54,345,Triggered,,,,imap_idex_l1b_sci-10days_20251206_v002.cdf,
11-Dec-2025 6:00:18,345,Triggered,,,,imap_idex_l1b_sci-10days_20251206_v002.cdf,
11-Dec-2025 6:25:00,345,Triggered,,,,imap_idex_l1b_sci-10days_20251206_v002.cdf,
11-Dec-2025 7:12:42,345,Triggered,,,,imap_idex_l1b_sci-10days_20251206_v002.cdf,
11-Dec-2025 7:54:20,345,Triggered,,,,imap_idex_l1b_sci-10days_20251206_v002.cdf,
11-Dec-2025 8:52:40,345,Triggered,,,,imap_idex_l1b_sci-10days_20251206_v002.cdf,
11-Dec-2025 9:02:38,345,Triggered,,,,imap_idex_l1b_sci-10days_20251206_v002.cdf,
11-Dec-2025 10:33:48,345,Triggered,,,,imap_idex_l1b_sci-10days_20251206_v002.cdf,
11-Dec-2025 11:30:36,345,Triggered,,,,imap_idex_l1b_sci-10days_20251206_v002.cdf,
11-Dec-2025 12:37:50,345,Triggered,,,,imap_idex_l1b_sci-10days_20251206_v002.cdf,
11-Dec-2025 12:46:04,345,Triggered,,,,imap_idex_l1b_sci-10days_20251206_v002.cdf,
11-Dec-2025 13:04:38,345,Triggered,,,,imap_idex_l1b_sci-10days_20251206_v002.cdf,
11-Dec-2025 13:13:19,345,Triggered,,,,imap_idex_l1b_sci-10days_20251206_v002.cdf,
11-Dec-2025 13:44:10,345,Triggered,,,,imap_idex_l1b_sci-10days_20251206_v002.cdf,
11-Dec-2025 13:46:09,345,Triggered,,,,imap_idex_l1b_sci-10days_20251206_v002.cdf,
11-Dec-2025 13:57:45,345,Triggered,,,,imap_idex_l1b_sci-10days_20251206_v002.cdf,
11-Dec-2025 16:40:18,345,Triggered,,,,imap_idex_l1b_sci-10days_20251206_v002.cdf,
11-Dec-2025 18:27:22,345,Triggered,,,,imap_idex_l1b_sci-10days_20251206_v002.cdf,
11-Dec-2025 18:40:58,345,Triggered,,,,imap_idex_l1b_sci-10days_20251206_v002.cdf,
11-Dec-2025 19:40:42,345,Triggered,,,,imap_idex_l1b_sci-10days_20251206_v002.cdf,
11-Dec-2025 20:06:45,345,Triggered,,,,imap_idex_l1b_sci-10days_20251206_v002.cdf,
11-Dec-2025 20:36:32,345,Triggered,,,,imap_idex_l1b_sci-10days_20251206_v002.cdf,
11-Dec-2025 21:01:50,345,Triggered,,,,imap_idex_l1b_sci-10days_20251206_v002.cdf,
11-Dec-2025 21:07:06,345,Triggered,,,,imap_idex_l1b_sci-10days_20251206_v002.cdf,
11-Dec-2025 21:24:09,345,Triggered,,,,imap_idex_l1b_sci-10days_20251206_v002.cdf,
11-Dec-2025 23:29:13,345,Triggered,,,,imap_idex_l1b_sci-10days_20251206_v002.cdf,
12-Dec-2025 0:27:42,346,Triggered,,,,imap_idex_l1b_sci-10days_20251206_v002.cdf,
12-Dec-2025 1:09:22,346,Triggered,,,,imap_idex_l1b_sci-10days_20251206_v002.cdf,
12-Dec-2025 1:29:10,346,Triggered,,,,imap_idex_l1b_sci-10days_20251206_v002.cdf,
12-Dec-2025 2:23:07,346,Triggered,,,,imap_idex_l1b_sci-10days_20251206_v002.cdf,
12-Dec-2025 2:32:47,346,Triggered,,,,imap_idex_l1b_sci-10days_20251206_v002.cdf,
12-Dec-2025 3:06:39,346,Triggered,,,,imap_idex_l1b_sci-10days_20251206_v002.cdf,
12-Dec-2025 3:08:56,346,Triggered,,,,imap_idex_l1b_sci-10days_20251206_v002.cdf,
12-Dec-2025 3:42:20,346,Triggered,,,,imap_idex_l1b_sci-10days_20251206_v002.cdf,
12-Dec-2025 8:40:33,346,Triggered,,,,imap_idex_l1b_sci-10days_20251206_v002.cdf,
12-Dec-2025 8:59:47,346,Triggered,,,,imap_idex_l1b_sci-10days_20251206_v002.cdf,
12-Dec-2025 9:14:46,346,Triggered,,,,imap_idex_l1b_sci-10days_20251206_v002.cdf,
12-Dec-2025 9:57:23,346,Triggered,,,,imap_idex_l1b_sci-10days_20251206_v002.cdf,
12-Dec-2025 11:02:48,346,Triggered,,,,imap_idex_l1b_sci-10days_20251206_v002.cdf,
12-Dec-2025 13:01:48,346,Triggered,,,,imap_idex_l1b_sci-10days_20251206_v002.cdf,
12-Dec-2025 13:46:32,346,Triggered,,,,imap_idex_l1b_sci-10days_20251206_v002.cdf,
12-Dec-2025 14:44:44,346,Triggered,,,,imap_idex_l1b_sci-10days_20251206_v002.cdf,
12-Dec-2025 14:57:15,346,Triggered,,,,imap_idex_l1b_sci-10days_20251206_v002.cdf,
12-Dec-2025 15:04:52,346,Triggered,,,,imap_idex_l1b_sci-10days_20251206_v002.cdf,
12-Dec-2025 15:46:05,346,Triggered,,,,imap_idex_l1b_sci-10days_20251206_v002.cdf,
12-Dec-2025 16:38:39,346,Triggered,,,,imap_idex_l1b_sci-10days_20251206_v002.cdf,
12-Dec-2025 17:26:28,346,Triggered,,,,imap_idex_l1b_sci-10days_20251206_v002.cdf,
12-Dec-2025 18:56:14,346,Triggered,,,,imap_idex_l1b_sci-10days_20251206_v002.cdf,
12-Dec-2025 19:19:04,346,Triggered,,,,imap_idex_l1b_sci-10days_20251206_v002.cdf,
12-Dec-2025 20:34:12,346,Triggered,,,,imap_idex_l1b_sci-10days_20251206_v002.cdf,
12-Dec-2025 23:17:09,346,Triggered,,,,imap_idex_l1b_sci-10days_20251206_v002.cdf,
13-Dec-2025 0:26:33,347,Triggered,,,,imap_idex_l1b_sci-10days_20251206_v002.cdf,
13-Dec-2025 3:27:16,347,Triggered,,,,imap_idex_l1b_sci-10days_20251206_v002.cdf,
13-Dec-2025 3:45:09,347,Triggered,,,,imap_idex_l1b_sci-10days_20251206_v002.cdf,
13-Dec-2025 9:50:43,347,Triggered,,,,imap_idex_l1b_sci-10days_20251206_v002.cdf,
13-Dec-2025 10:04:38,347,Triggered,,,,imap_idex_l1b_sci-10days_20251206_v002.cdf,
13-Dec-2025 10:05:47,347,Triggered,,,,imap_idex_l1b_sci-10days_20251206_v002.cdf,
13-Dec-2025 11:50:56,347,Triggered,,,,imap_idex_l1b_sci-10days_20251206_v002.cdf,
13-Dec-2025 11:57:14,347,Triggered,,,,imap_idex_l1b_sci-10days_20251206_v002.cdf,
13-Dec-2025 12:23:27,347,Triggered,,,,imap_idex_l1b_sci-10days_20251206_v002.cdf,
13-Dec-2025 13:50:08,347,Triggered,,,,imap_idex_l1b_sci-10days_20251206_v002.cdf,
13-Dec-2025 14:59:27,347,Triggered,,,,imap_idex_l1b_sci-10days_20251206_v002.cdf,
13-Dec-2025 15:28:35,347,Triggered,,,,imap_idex_l1b_sci-10days_20251206_v002.cdf,
13-Dec-2025 17:21:10,347,Triggered,,,,imap_idex_l1b_sci-10days_20251206_v002.cdf,
13-Dec-2025 17:37:34,347,Triggered,,,,imap_idex_l1b_sci-10days_20251206_v002.cdf,
13-Dec-2025 17:53:03,347,Triggered,,,,imap_idex_l1b_sci-10days_20251206_v002.cdf,
13-Dec-2025 20:41:25,347,Triggered,,,,imap_idex_l1b_sci-10days_20251206_v002.cdf,
13-Dec-2025 21:09:18,347,Triggered,,,,imap_idex_l1b_sci-10days_20251206_v002.cdf,
13-Dec-2025 22:31:16,347,Triggered,,,,imap_idex_l1b_sci-10days_20251206_v002.cdf,
13-Dec-2025 23:03:28,347,Triggered,,,,imap_idex_l1b_sci-10days_20251206_v002.cdf,
14-Dec-2025 0:37:02,348,Triggered,,,,imap_idex_l1b_sci-10days_20251206_v002.cdf,
14-Dec-2025 0:50:19,348,Triggered,,,,imap_idex_l1b_sci-10days_20251206_v002.cdf,
14-Dec-2025 0:52:29,348,Triggered,,,,imap_idex_l1b_sci-10days_20251206_v002.cdf,
14-Dec-2025 9:07:09,348,Triggered,,,,imap_idex_l1b_sci-10days_20251206_v002.cdf,
14-Dec-2025 9:21:41,348,Triggered,,,,imap_idex_l1b_sci-10days_20251206_v002.cdf,
14-Dec-2025 9:53:43,348,Triggered,,,,imap_idex_l1b_sci-10days_20251206_v002.cdf,
14-Dec-2025 11:27:19,348,Triggered,,,,imap_idex_l1b_sci-10days_20251206_v002.cdf,
14-Dec-2025 14:10:09,348,Triggered,,,,imap_idex_l1b_sci-10days_20251206_v002.cdf,
14-Dec-2025 14:42:49,348,Triggered,,,,imap_idex_l1b_sci-10days_20251206_v002.cdf,
14-Dec-2025 15:37:52,348,Triggered,,,,imap_idex_l1b_sci-10days_20251206_v002.cdf,
14-Dec-2025 15:40:54,348,Triggered,,,,imap_idex_l1b_sci-10days_20251206_v002.cdf,
14-Dec-2025 19:30:05,348,Triggered,,,,imap_idex_l1b_sci-10days_20251206_v002.cdf,
14-Dec-2025 21:45:29,348,Triggered,,,,imap_idex_l1b_sci-10days_20251206_v002.cdf,
15-Dec-2025 3:23:25,349,Triggered,,,,imap_idex_l1b_sci-10days_20251206_v002.cdf,
15-Dec-2025 3:28:29,349,Triggered,,,,imap_idex_l1b_sci-10days_20251206_v002.cdf,
15-Dec-2025 6:46:53,349,Triggered,,,,imap_idex_l1b_sci-10days_20251206_v002.cdf,
15-Dec-2025 8:08:07,349,Triggered,Dust,,,imap_idex_l1b_sci-10days_20251206_v002.cdf,
15-Dec-2025 8:10:23,349,Triggered,,,,imap_idex_l1b_sci-10days_20251206_v002.cdf,
15-Dec-2025 11:45:11,349,Triggered,,,,imap_idex_l1b_sci-10days_20251206_v002.cdf,
15-Dec-2025 11:56:42,349,Triggered,,,,imap_idex_l1b_sci-10days_20251206_v002.cdf,
15-Dec-2025 13:00:39,349,Triggered,,,,imap_idex_l1b_sci-10days_20251206_v002.cdf,
15-Dec-2025 13:23:03,349,Triggered,,,,imap_idex_l1b_sci-10days_20251206_v002.cdf,
15-Dec-2025 18:48:17,349,Triggered,,,,imap_idex_l1b_sci-10days_20251206_v002.cdf,
15-Dec-2025 19:30:56,349,Triggered,,,,imap_idex_l1b_sci-10days_20251206_v002.cdf,
15-Dec-2025 19:56:53,349,Triggered,,,,imap_idex_l1b_sci-10days_20251206_v002.cdf,
15-Dec-2025 22:17:54,349,Triggered,,,,imap_idex_l1b_sci-10days_20251206_v002.cdf,
15-Dec-2025 23:15:46,349,Triggered,,,,imap_idex_l1b_sci-10days_20251206_v002.cdf,
16-Dec-2025 1:04:32,350,Triggered,,,,imap_idex_l1b_sci-10days_20251216_v002.cdf,
16-Dec-2025 1:06:54,350,Triggered,,,,imap_idex_l1b_sci-10days_20251216_v002.cdf,
16-Dec-2025 5:23:40,350,Triggered,,,,imap_idex_l1b_sci-10days_20251216_v002.cdf,
16-Dec-2025 7:03:25,350,Triggered,,,,imap_idex_l1b_sci-10days_20251216_v002.cdf,
16-Dec-2025 8:30:37,350,Triggered,,,,imap_idex_l1b_sci-10days_20251216_v002.cdf,
16-Dec-2025 9:32:52,350,Triggered,,,,imap_idex_l1b_sci-10days_20251216_v002.cdf,
16-Dec-2025 10:18:32,350,Triggered,,,,imap_idex_l1b_sci-10days_20251216_v002.cdf,
16-Dec-2025 12:15:09,350,Triggered,,,,imap_idex_l1b_sci-10days_20251216_v002.cdf,
16-Dec-2025 13:39:40,350,Triggered,,,,imap_idex_l1b_sci-10days_20251216_v002.cdf,
16-Dec-2025 14:39:36,350,Triggered,,,,imap_idex_l1b_sci-10days_20251216_v002.cdf,
16-Dec-2025 15:34:06,350,Triggered,,,,imap_idex_l1b_sci-10days_20251216_v002.cdf,
16-Dec-2025 15:39:59,350,Triggered,,,,imap_idex_l1b_sci-10days_20251216_v002.cdf,
16-Dec-2025 15:43:26,350,Triggered,,,,imap_idex_l1b_sci-10days_20251216_v002.cdf,
16-Dec-2025 20:51:50,350,Triggered,,,,imap_idex_l1b_sci-10days_20251216_v002.cdf,
16-Dec-2025 22:20:14,350,Triggered,,,,imap_idex_l1b_sci-10days_20251216_v002.cdf,
17-Dec-2025 0:01:56,351,Noise Capture,,,,imap_idex_l1b_sci-10days_20251216_v002.cdf,
17-Dec-2025 0:02:02,351,Pulser,,,,imap_idex_l1b_sci-10days_20251216_v002.cdf,
17-Dec-2025 0:02:10,351,Pulser,,,,imap_idex_l1b_sci-10days_20251216_v002.cdf,
17-Dec-2025 0:02:18,351,Pulser,,,,imap_idex_l1b_sci-10days_20251216_v002.cdf,
17-Dec-2025 0:02:26,351,Pulser,,,,imap_idex_l1b_sci-10days_20251216_v002.cdf,
17-Dec-2025 0:02:34,351,Pulser,,,,imap_idex_l1b_sci-10days_20251216_v002.cdf,
17-Dec-2025 0:02:48,351,Noise Capture,,,,imap_idex_l1b_sci-10days_20251216_v002.cdf,
17-Dec-2025 0:03:00,351,Noise Capture,,,,imap_idex_l1b_sci-10days_20251216_v002.cdf,
17-Dec-2025 0:03:12,351,Noise Capture,,,,imap_idex_l1b_sci-10days_20251216_v002.cdf,
17-Dec-2025 0:03:24,351,Noise Capture,,,,imap_idex_l1b_sci-10days_20251216_v002.cdf,
17-Dec-2025 1:44:41,351,Triggered,,,,imap_idex_l1b_sci-10days_20251216_v002.cdf,
17-Dec-2025 1:58:14,351,Triggered,,,,imap_idex_l1b_sci-10days_20251216_v002.cdf,
17-Dec-2025 2:10:22,351,Triggered,,,,imap_idex_l1b_sci-10days_20251216_v002.cdf,
17-Dec-2025 2:16:55,351,Triggered,,,,imap_idex_l1b_sci-10days_20251216_v002.cdf,
17-Dec-2025 6:58:55,351,Triggered,,,,imap_idex_l1b_sci-10days_20251216_v002.cdf,
17-Dec-2025 7:06:18,351,Triggered,,,,imap_idex_l1b_sci-10days_20251216_v002.cdf,
17-Dec-2025 8:27:26,351,Triggered,,,,imap_idex_l1b_sci-10days_20251216_v002.cdf,
17-Dec-2025 9:34:01,351,Triggered,,,,imap_idex_l1b_sci-10days_20251216_v002.cdf,
17-Dec-2025 14:44:37,351,Triggered,,,,imap_idex_l1b_sci-10days_20251216_v002.cdf,
17-Dec-2025 18:25:09,351,Triggered,,,,imap_idex_l1b_sci-10days_20251216_v002.cdf,
17-Dec-2025 19:00:49,351,Triggered,,,,imap_idex_l1b_sci-10days_20251216_v002.cdf,
17-Dec-2025 20:19:47,351,Triggered,,,,imap_idex_l1b_sci-10days_20251216_v002.cdf,
18-Dec-2025 0:06:36,352,Triggered,,,,imap_idex_l1b_sci-10days_20251216_v002.cdf,
18-Dec-2025 3:15:37,352,Triggered,,,,imap_idex_l1b_sci-10days_20251216_v002.cdf,
18-Dec-2025 4:55:09,352,Triggered,,,,imap_idex_l1b_sci-10days_20251216_v002.cdf,
18-Dec-2025 5:37:52,352,Triggered,,,,imap_idex_l1b_sci-10days_20251216_v002.cdf,
18-Dec-2025 6:47:13,352,Triggered,,,,imap_idex_l1b_sci-10days_20251216_v002.cdf,
18-Dec-2025 6:58:57,352,Triggered,,,,imap_idex_l1b_sci-10days_20251216_v002.cdf,
18-Dec-2025 8:58:43,352,Triggered,,,,imap_idex_l1b_sci-10days_20251216_v002.cdf,
18-Dec-2025 8:59:06,352,Triggered,,,,imap_idex_l1b_sci-10days_20251216_v002.cdf,
18-Dec-2025 10:31:52,352,Triggered,,,,imap_idex_l1b_sci-10days_20251216_v002.cdf,
18-Dec-2025 12:03:43,352,Triggered,,,,imap_idex_l1b_sci-10days_20251216_v002.cdf,
19-Dec-2025 0:17:00,353,Triggered,,,,imap_idex_l1b_sci-10days_20251216_v002.cdf,
19-Dec-2025 1:07:11,353,Triggered,,,,imap_idex_l1b_sci-10days_20251216_v002.cdf,
19-Dec-2025 5:24:00,353,Triggered,,,,imap_idex_l1b_sci-10days_20251216_v002.cdf,
19-Dec-2025 6:18:59,353,Triggered,,,,imap_idex_l1b_sci-10days_20251216_v002.cdf,
19-Dec-2025 7:23:10,353,Triggered,,,,imap_idex_l1b_sci-10days_20251216_v002.cdf,
19-Dec-2025 8:20:33,353,Triggered,,,,imap_idex_l1b_sci-10days_20251216_v002.cdf,
19-Dec-2025 9:46:45,353,Triggered,,,,imap_idex_l1b_sci-10days_20251216_v002.cdf,
19-Dec-2025 10:21:06,353,Triggered,,,,imap_idex_l1b_sci-10days_20251216_v002.cdf,
19-Dec-2025 10:55:29,353,Triggered,,,,imap_idex_l1b_sci-10days_20251216_v002.cdf,
19-Dec-2025 16:23:23,353,Triggered,,,,imap_idex_l1b_sci-10days_20251216_v002.cdf,
19-Dec-2025 22:08:03,353,Triggered,,,,imap_idex_l1b_sci-10days_20251216_v002.cdf,
20-Dec-2025 3:16:12,354,Triggered,,,,imap_idex_l1b_sci-10days_20251216_v002.cdf,
20-Dec-2025 3:37:38,354,Triggered,,,,imap_idex_l1b_sci-10days_20251216_v002.cdf,
20-Dec-2025 5:17:27,354,Triggered,,,,imap_idex_l1b_sci-10days_20251216_v002.cdf,
20-Dec-2025 5:46:40,354,Triggered,,,,imap_idex_l1b_sci-10days_20251216_v002.cdf,
20-Dec-2025 5:47:16,354,Triggered,,,,imap_idex_l1b_sci-10days_20251216_v002.cdf,
20-Dec-2025 6:20:40,354,Triggered,,,,imap_idex_l1b_sci-10days_20251216_v002.cdf,
20-Dec-2025 6:38:19,354,Triggered,,,,imap_idex_l1b_sci-10days_20251216_v002.cdf,
20-Dec-2025 8:45:02,354,Triggered,,,,imap_idex_l1b_sci-10days_20251216_v002.cdf,
20-Dec-2025 10:36:43,354,Triggered,,,,imap_idex_l1b_sci-10days_20251216_v002.cdf,
20-Dec-2025 10:53:32,354,Triggered,,,,imap_idex_l1b_sci-10days_20251216_v002.cdf,
20-Dec-2025 10:55:39,354,Triggered,,,,imap_idex_l1b_sci-10days_20251216_v002.cdf,
20-Dec-2025 11:48:31,354,Triggered,,,,imap_idex_l1b_sci-10days_20251216_v002.cdf,
20-Dec-2025 18:36:43,354,Triggered,,,,imap_idex_l1b_sci-10days_20251216_v002.cdf,
20-Dec-2025 20:06:18,354,Triggered,,,,imap_idex_l1b_sci-10days_20251216_v002.cdf,
20-Dec-2025 21:46:33,354,Triggered,,,,imap_idex_l1b_sci-10days_20251216_v002.cdf,
20-Dec-2025 22:49:02,354,Triggered,,,,imap_idex_l1b_sci-10days_20251216_v002.cdf,
20-Dec-2025 22:59:44,354,Triggered,,,,imap_idex_l1b_sci-10days_20251216_v002.cdf,
21-Dec-2025 1:59:48,355,Triggered,,,,imap_idex_l1b_sci-10days_20251216_v002.cdf,
21-Dec-2025 5:17:20,355,Triggered,,,,imap_idex_l1b_sci-10days_20251216_v002.cdf,
21-Dec-2025 5:53:06,355,Triggered,,,,imap_idex_l1b_sci-10days_20251216_v002.cdf,
21-Dec-2025 7:42:29,355,Triggered,,,,imap_idex_l1b_sci-10days_20251216_v002.cdf,
21-Dec-2025 8:53:57,355,Triggered,,,,imap_idex_l1b_sci-10days_20251216_v002.cdf,
21-Dec-2025 11:19:54,355,Triggered,,,,imap_idex_l1b_sci-10days_20251216_v002.cdf,
21-Dec-2025 11:31:05,355,Triggered,,,,imap_idex_l1b_sci-10days_20251216_v002.cdf,
21-Dec-2025 11:38:48,355,Triggered,,,,imap_idex_l1b_sci-10days_20251216_v002.cdf,
21-Dec-2025 12:35:41,355,Triggered,,,,imap_idex_l1b_sci-10days_20251216_v002.cdf,
21-Dec-2025 14:50:15,355,Triggered,,,,imap_idex_l1b_sci-10days_20251216_v002.cdf,
21-Dec-2025 15:47:45,355,Triggered,,,,imap_idex_l1b_sci-10days_20251216_v002.cdf,
21-Dec-2025 16:50:14,355,Triggered,,,,imap_idex_l1b_sci-10days_20251216_v002.cdf,
21-Dec-2025 17:53:41,355,Triggered,,,,imap_idex_l1b_sci-10days_20251216_v002.cdf,
21-Dec-2025 18:41:42,355,Triggered,,,,imap_idex_l1b_sci-10days_20251216_v002.cdf,
21-Dec-2025 21:43:58,355,Triggered,,,,imap_idex_l1b_sci-10days_20251216_v002.cdf,
21-Dec-2025 22:22:24,355,Triggered,,,,imap_idex_l1b_sci-10days_20251216_v002.cdf,
21-Dec-2025 22:45:57,355,Triggered,,,,imap_idex_l1b_sci-10days_20251216_v002.cdf,
21-Dec-2025 23:17:15,355,Triggered,,,,imap_idex_l1b_sci-10days_20251216_v002.cdf,
21-Dec-2025 23:48:27,355,Triggered,,,,imap_idex_l1b_sci-10days_20251216_v002.cdf,
22-Dec-2025 0:22:42,356,Triggered,,,,imap_idex_l1b_sci-10days_20251216_v002.cdf,
22-Dec-2025 1:01:57,356,Triggered,,,,imap_idex_l1b_sci-10days_20251216_v002.cdf,
22-Dec-2025 1:28:12,356,Triggered,,,,imap_idex_l1b_sci-10days_20251216_v002.cdf,
22-Dec-2025 2:05:33,356,Triggered,,,,imap_idex_l1b_sci-10days_20251216_v002.cdf,
22-Dec-2025 4:31:49,356,Triggered,,,,imap_idex_l1b_sci-10days_20251216_v002.cdf,
22-Dec-2025 4:59:49,356,Triggered,,,,imap_idex_l1b_sci-10days_20251216_v002.cdf,
22-Dec-2025 5:40:19,356,Triggered,,,,imap_idex_l1b_sci-10days_20251216_v002.cdf,
22-Dec-2025 7:45:42,356,Triggered,,,,imap_idex_l1b_sci-10days_20251216_v002.cdf,
22-Dec-2025 9:40:00,356,Triggered,,,,imap_idex_l1b_sci-10days_20251216_v002.cdf,
22-Dec-2025 10:49:52,356,Triggered,,,,imap_idex_l1b_sci-10days_20251216_v002.cdf,
22-Dec-2025 12:12:07,356,Triggered,,,,imap_idex_l1b_sci-10days_20251216_v002.cdf,
22-Dec-2025 14:46:39,356,Triggered,,,,imap_idex_l1b_sci-10days_20251216_v002.cdf,
22-Dec-2025 17:17:37,356,Triggered,,,,imap_idex_l1b_sci-10days_20251216_v002.cdf,
22-Dec-2025 17:20:57,356,Triggered,,,,imap_idex_l1b_sci-10days_20251216_v002.cdf,
22-Dec-2025 18:05:09,356,Triggered,,,,imap_idex_l1b_sci-10days_20251216_v002.cdf,
22-Dec-2025 18:10:30,356,Triggered,,,,imap_idex_l1b_sci-10days_20251216_v002.cdf,
22-Dec-2025 18:11:42,356,Triggered,,,,imap_idex_l1b_sci-10days_20251216_v002.cdf,
22-Dec-2025 21:32:18,356,Triggered,,,,imap_idex_l1b_sci-10days_20251216_v002.cdf,
22-Dec-2025 23:07:39,356,Triggered,,,,imap_idex_l1b_sci-10days_20251216_v002.cdf,
23-Dec-2025 6:00:37,357,Triggered,,,,imap_idex_l1b_sci-10days_20251216_v002.cdf,
23-Dec-2025 6:47:21,357,Triggered,,,,imap_idex_l1b_sci-10days_20251216_v002.cdf,
23-Dec-2025 7:27:05,357,Triggered,,,,imap_idex_l1b_sci-10days_20251216_v002.cdf,
23-Dec-2025 10:08:56,357,Triggered,,,,imap_idex_l1b_sci-10days_20251216_v002.cdf,
23-Dec-2025 10:16:17,357,Triggered,,,,imap_idex_l1b_sci-10days_20251216_v002.cdf,
23-Dec-2025 12:49:11,357,Triggered,,,,imap_idex_l1b_sci-10days_20251216_v002.cdf,
23-Dec-2025 12:53:22,357,Triggered,,,,imap_idex_l1b_sci-10days_20251216_v002.cdf,
23-Dec-2025 12:58:42,357,Triggered,,,,imap_idex_l1b_sci-10days_20251216_v002.cdf,
23-Dec-2025 14:48:52,357,Triggered,,,,imap_idex_l1b_sci-10days_20251216_v002.cdf,
23-Dec-2025 18:09:07,357,Triggered,,,,imap_idex_l1b_sci-10days_20251216_v002.cdf,
23-Dec-2025 18:26:59,357,Triggered,,,,imap_idex_l1b_sci-10days_20251216_v002.cdf,
23-Dec-2025 18:43:05,357,Triggered,,,,imap_idex_l1b_sci-10days_20251216_v002.cdf,
23-Dec-2025 19:42:30,357,Triggered,,,,imap_idex_l1b_sci-10days_20251216_v002.cdf,
23-Dec-2025 20:53:34,357,Triggered,,,,imap_idex_l1b_sci-10days_20251216_v002.cdf,
23-Dec-2025 21:17:06,357,Triggered,,,,imap_idex_l1b_sci-10days_20251216_v002.cdf,
23-Dec-2025 22:12:49,357,Triggered,,,,imap_idex_l1b_sci-10days_20251216_v002.cdf,
23-Dec-2025 22:24:14,357,Triggered,,,,imap_idex_l1b_sci-10days_20251216_v002.cdf,
24-Dec-2025 0:34:14,358,Triggered,,,,imap_idex_l1b_sci-10days_20251216_v002.cdf,
24-Dec-2025 1:04:50,358,Triggered,,,,imap_idex_l1b_sci-10days_20251216_v002.cdf,
24-Dec-2025 2:17:14,358,Triggered,,,,imap_idex_l1b_sci-10days_20251216_v002.cdf,
24-Dec-2025 3:10:25,358,Triggered,,,,imap_idex_l1b_sci-10days_20251216_v002.cdf,
24-Dec-2025 3:17:50,358,Triggered,,,,imap_idex_l1b_sci-10days_20251216_v002.cdf,
24-Dec-2025 3:18:57,358,Triggered,,,,imap_idex_l1b_sci-10days_20251216_v002.cdf,
24-Dec-2025 4:26:21,358,Triggered,,,,imap_idex_l1b_sci-10days_20251216_v002.cdf,
24-Dec-2025 5:54:28,358,Triggered,,,,imap_idex_l1b_sci-10days_20251216_v002.cdf,
24-Dec-2025 6:04:12,358,Triggered,,,,imap_idex_l1b_sci-10days_20251216_v002.cdf,
24-Dec-2025 6:53:54,358,Triggered,,,,imap_idex_l1b_sci-10days_20251216_v002.cdf,
24-Dec-2025 8:45:23,358,Triggered,,,,imap_idex_l1b_sci-10days_20251216_v002.cdf,
24-Dec-2025 9:15:06,358,Triggered,,,,imap_idex_l1b_sci-10days_20251216_v002.cdf,
24-Dec-2025 10:07:00,358,Triggered,,,,imap_idex_l1b_sci-10days_20251216_v002.cdf,
24-Dec-2025 13:48:31,358,Triggered,,,,imap_idex_l1b_sci-10days_20251216_v002.cdf,
24-Dec-2025 15:55:55,358,Triggered,,,,imap_idex_l1b_sci-10days_20251216_v002.cdf,
24-Dec-2025 17:33:11,358,Triggered,Dust,,,imap_idex_l1b_sci-10days_20251216_v002.cdf,
24-Dec-2025 18:46:30,358,Triggered,,,,imap_idex_l1b_sci-10days_20251216_v002.cdf,
24-Dec-2025 19:47:31,358,Triggered,,,,imap_idex_l1b_sci-10days_20251216_v002.cdf,
24-Dec-2025 19:56:59,358,Triggered,,,,imap_idex_l1b_sci-10days_20251216_v002.cdf,
24-Dec-2025 22:23:18,358,Triggered,,,,imap_idex_l1b_sci-10days_20251216_v002.cdf,
25-Dec-2025 0:01:55,359,Noise Capture,,,,imap_idex_l1b_sci-10days_20251216_v002.cdf,
25-Dec-2025 0:02:01,359,Pulser,,,,imap_idex_l1b_sci-10days_20251216_v002.cdf,
25-Dec-2025 0:02:09,359,Pulser,,,,imap_idex_l1b_sci-10days_20251216_v002.cdf,
25-Dec-2025 0:02:17,359,Pulser,,,,imap_idex_l1b_sci-10days_20251216_v002.cdf,
25-Dec-2025 0:02:25,359,Pulser,,,,imap_idex_l1b_sci-10days_20251216_v002.cdf,
25-Dec-2025 0:02:33,359,Pulser,,,,imap_idex_l1b_sci-10days_20251216_v002.cdf,
25-Dec-2025 0:02:47,359,Noise Capture,,,,imap_idex_l1b_sci-10days_20251216_v002.cdf,
25-Dec-2025 0:02:59,359,Noise Capture,,,,imap_idex_l1b_sci-10days_20251216_v002.cdf,
25-Dec-2025 0:03:11,359,Noise Capture,,,,imap_idex_l1b_sci-10days_20251216_v002.cdf,
25-Dec-2025 0:03:23,359,Noise Capture,,,,imap_idex_l1b_sci-10days_20251216_v002.cdf,
25-Dec-2025 2:53:56,359,Triggered,,,,imap_idex_l1b_sci-10days_20251216_v002.cdf,
25-Dec-2025 3:39:04,359,Triggered,,,,imap_idex_l1b_sci-10days_20251216_v002.cdf,
25-Dec-2025 4:11:33,359,Triggered,,,,imap_idex_l1b_sci-10days_20251216_v002.cdf,
25-Dec-2025 4:24:25,359,Triggered,,,,imap_idex_l1b_sci-10days_20251216_v002.cdf,
25-Dec-2025 4:25:50,359,Triggered,,,,imap_idex_l1b_sci-10days_20251216_v002.cdf,
25-Dec-2025 4:34:50,359,Triggered,,,,imap_idex_l1b_sci-10days_20251216_v002.cdf,
25-Dec-2025 4:38:21,359,Triggered,,,,imap_idex_l1b_sci-10days_20251216_v002.cdf,
25-Dec-2025 4:50:31,359,Triggered,,,,imap_idex_l1b_sci-10days_20251216_v002.cdf,
25-Dec-2025 8:46:52,359,Triggered,Dust,,,imap_idex_l1b_sci-10days_20251216_v002.cdf,
25-Dec-2025 10:28:34,359,Triggered,,,,imap_idex_l1b_sci-10days_20251216_v002.cdf,
25-Dec-2025 11:10:29,359,Triggered,,,,imap_idex_l1b_sci-10days_20251216_v002.cdf,
25-Dec-2025 14:05:10,359,Triggered,,,,imap_idex_l1b_sci-10days_20251216_v002.cdf,
25-Dec-2025 14:48:08,359,Triggered,,,,imap_idex_l1b_sci-10days_20251216_v002.cdf,
25-Dec-2025 15:24:24,359,Triggered,,,,imap_idex_l1b_sci-10days_20251216_v002.cdf,
25-Dec-2025 20:43:51,359,Triggered,,,,imap_idex_l1b_sci-10days_20251216_v002.cdf,
25-Dec-2025 22:46:32,359,Triggered,,,,imap_idex_l1b_sci-10days_20251216_v002.cdf,
26-Dec-2025 0:44:24,360,Triggered,,,,imap_idex_l1b_sci-10days_20251226_v003.cdf,
26-Dec-2025 1:15:54,360,Triggered,,,,imap_idex_l1b_sci-10days_20251226_v003.cdf,
26-Dec-2025 2:45:19,360,Triggered,,,,imap_idex_l1b_sci-10days_20251226_v003.cdf,
26-Dec-2025 5:11:16,360,Triggered,,,,imap_idex_l1b_sci-10days_20251226_v003.cdf,
26-Dec-2025 8:03:32,360,Triggered,,,,imap_idex_l1b_sci-10days_20251226_v003.cdf,
26-Dec-2025 10:01:47,360,Triggered,,,,imap_idex_l1b_sci-10days_20251226_v003.cdf,
26-Dec-2025 10:33:14,360,Triggered,,,,imap_idex_l1b_sci-10days_20251226_v003.cdf,
26-Dec-2025 10:43:18,360,Triggered,,,,imap_idex_l1b_sci-10days_20251226_v003.cdf,
26-Dec-2025 11:18:54,360,Triggered,,,,imap_idex_l1b_sci-10days_20251226_v003.cdf,
26-Dec-2025 11:51:12,360,Triggered,,,,imap_idex_l1b_sci-10days_20251226_v003.cdf,
26-Dec-2025 13:48:00,360,Triggered,,,,imap_idex_l1b_sci-10days_20251226_v003.cdf,
26-Dec-2025 14:10:11,360,Triggered,,,,imap_idex_l1b_sci-10days_20251226_v003.cdf,
26-Dec-2025 14:52:35,360,Triggered,,,,imap_idex_l1b_sci-10days_20251226_v003.cdf,
26-Dec-2025 17:56:12,360,Triggered,,,,imap_idex_l1b_sci-10days_20251226_v003.cdf,
26-Dec-2025 20:04:35,360,Triggered,,,,imap_idex_l1b_sci-10days_20251226_v003.cdf,
26-Dec-2025 20:32:07,360,Triggered,,,,imap_idex_l1b_sci-10days_20251226_v003.cdf,
26-Dec-2025 22:52:03,360,Triggered,,,,imap_idex_l1b_sci-10days_20251226_v003.cdf,
27-Dec-2025 0:50:57,361,Triggered,,,,imap_idex_l1b_sci-10days_20251226_v003.cdf,
27-Dec-2025 1:05:06,361,Triggered,,,,imap_idex_l1b_sci-10days_20251226_v003.cdf,
27-Dec-2025 3:28:41,361,Triggered,,,,imap_idex_l1b_sci-10days_20251226_v003.cdf,
27-Dec-2025 8:33:34,361,Triggered,,,,imap_idex_l1b_sci-10days_20251226_v003.cdf,
27-Dec-2025 9:11:23,361,Triggered,,,,imap_idex_l1b_sci-10days_20251226_v003.cdf,
27-Dec-2025 18:16:46,361,Triggered,,,,imap_idex_l1b_sci-10days_20251226_v003.cdf,
27-Dec-2025 18:44:57,361,Triggered,,,,imap_idex_l1b_sci-10days_20251226_v003.cdf,
27-Dec-2025 19:33:24,361,Triggered,,,,imap_idex_l1b_sci-10days_20251226_v003.cdf,
27-Dec-2025 22:12:05,361,Triggered,,,,imap_idex_l1b_sci-10days_20251226_v003.cdf,
28-Dec-2025 3:35:21,362,Triggered,,,,imap_idex_l1b_sci-10days_20251226_v003.cdf,
28-Dec-2025 6:55:38,362,Triggered,,,,imap_idex_l1b_sci-10days_20251226_v003.cdf,
28-Dec-2025 7:08:34,362,Triggered,,,,imap_idex_l1b_sci-10days_20251226_v003.cdf,
28-Dec-2025 10:29:25,362,Triggered,,,,imap_idex_l1b_sci-10days_20251226_v003.cdf,
28-Dec-2025 10:54:16,362,Triggered,,,,imap_idex_l1b_sci-10days_20251226_v003.cdf,
28-Dec-2025 11:20:35,362,Triggered,,,,imap_idex_l1b_sci-10days_20251226_v003.cdf,
28-Dec-2025 12:10:24,362,Triggered,,,,imap_idex_l1b_sci-10days_20251226_v003.cdf,
28-Dec-2025 12:39:24,362,Triggered,,,,imap_idex_l1b_sci-10days_20251226_v003.cdf,
28-Dec-2025 15:42:41,362,Triggered,,,,imap_idex_l1b_sci-10days_20251226_v003.cdf,
28-Dec-2025 18:58:25,362,Triggered,,,,imap_idex_l1b_sci-10days_20251226_v003.cdf,
28-Dec-2025 19:11:26,362,Triggered,,,,imap_idex_l1b_sci-10days_20251226_v003.cdf,
28-Dec-2025 21:00:39,362,Triggered,,,,imap_idex_l1b_sci-10days_20251226_v003.cdf,
28-Dec-2025 23:17:20,362,Triggered,Dust,,,imap_idex_l1b_sci-10days_20251226_v003.cdf,
29-Dec-2025 1:54:51,363,Triggered,,,,imap_idex_l1b_sci-10days_20251226_v003.cdf,
29-Dec-2025 5:36:34,363,Triggered,,,,imap_idex_l1b_sci-10days_20251226_v003.cdf,
29-Dec-2025 5:50:41,363,Triggered,,,,imap_idex_l1b_sci-10days_20251226_v003.cdf,
29-Dec-2025 6:32:03,363,Triggered,,,,imap_idex_l1b_sci-10days_20251226_v003.cdf,
29-Dec-2025 9:39:30,363,Triggered,,,,imap_idex_l1b_sci-10days_20251226_v003.cdf,
29-Dec-2025 14:57:58,363,Triggered,,,,imap_idex_l1b_sci-10days_20251226_v003.cdf,
29-Dec-2025 16:49:00,363,Triggered,,,,imap_idex_l1b_sci-10days_20251226_v003.cdf,
29-Dec-2025 16:56:47,363,Triggered,,,,imap_idex_l1b_sci-10days_20251226_v003.cdf,
29-Dec-2025 18:32:38,363,Triggered,,,,imap_idex_l1b_sci-10days_20251226_v003.cdf,
29-Dec-2025 19:54:36,363,Triggered,,,,imap_idex_l1b_sci-10days_20251226_v003.cdf,
29-Dec-2025 19:56:59,363,Triggered,,,,imap_idex_l1b_sci-10days_20251226_v003.cdf,
29-Dec-2025 20:10:28,363,Triggered,,,,imap_idex_l1b_sci-10days_20251226_v003.cdf,
29-Dec-2025 20:10:41,363,Triggered,,,,imap_idex_l1b_sci-10days_20251226_v003.cdf,
29-Dec-2025 20:21:49,363,Triggered,,,,imap_idex_l1b_sci-10days_20251226_v003.cdf,
29-Dec-2025 21:32:38,363,Triggered,,,,imap_idex_l1b_sci-10days_20251226_v003.cdf,
29-Dec-2025 22:06:44,363,Triggered,,,,imap_idex_l1b_sci-10days_20251226_v003.cdf,
29-Dec-2025 23:10:11,363,Triggered,,,,imap_idex_l1b_sci-10days_20251226_v003.cdf,
30-Dec-2025 1:18:30,364,Triggered,,,,imap_idex_l1b_sci-10days_20251226_v003.cdf,
30-Dec-2025 2:22:29,364,Triggered,,,,imap_idex_l1b_sci-10days_20251226_v003.cdf,
30-Dec-2025 4:29:43,364,Triggered,,,,imap_idex_l1b_sci-10days_20251226_v003.cdf,
30-Dec-2025 6:21:42,364,Triggered,,,,imap_idex_l1b_sci-10days_20251226_v003.cdf,
30-Dec-2025 7:08:17,364,Triggered,,,,imap_idex_l1b_sci-10days_20251226_v003.cdf,
30-Dec-2025 8:24:08,364,Triggered,,,,imap_idex_l1b_sci-10days_20251226_v003.cdf,
30-Dec-2025 9:36:08,364,Triggered,,,,imap_idex_l1b_sci-10days_20251226_v003.cdf,
30-Dec-2025 13:49:51,364,Triggered,,,,imap_idex_l1b_sci-10days_20251226_v003.cdf,
30-Dec-2025 14:19:48,364,Triggered,,,,imap_idex_l1b_sci-10days_20251226_v003.cdf,
30-Dec-2025 18:41:43,364,Triggered,,,,imap_idex_l1b_sci-10days_20251226_v003.cdf,
30-Dec-2025 23:03:01,364,Triggered,,,,imap_idex_l1b_sci-10days_20251226_v003.cdf,
30-Dec-2025 23:31:30,364,Triggered,,,,imap_idex_l1b_sci-10days_20251226_v003.cdf,
31-Dec-2025 2:51:17,365,Triggered,,,,imap_idex_l1b_sci-10days_20251226_v003.cdf,
31-Dec-2025 7:45:35,365,Triggered,,,,imap_idex_l1b_sci-10days_20251226_v003.cdf,
31-Dec-2025 9:18:09,365,Triggered,,,,imap_idex_l1b_sci-10days_20251226_v003.cdf,
31-Dec-2025 9:19:15,365,Triggered,,,,imap_idex_l1b_sci-10days_20251226_v003.cdf,
31-Dec-2025 13:38:40,365,Triggered,,,,imap_idex_l1b_sci-10days_20251226_v003.cdf,
31-Dec-2025 14:11:26,365,Triggered,,,,imap_idex_l1b_sci-10days_20251226_v003.cdf,
31-Dec-2025 14:36:25,365,Triggered,,,,imap_idex_l1b_sci-10days_20251226_v003.cdf,
31-Dec-2025 15:08:03,365,Triggered,,,,imap_idex_l1b_sci-10days_20251226_v003.cdf,
31-Dec-2025 16:25:25,365,Triggered,,,,imap_idex_l1b_sci-10days_20251226_v003.cdf,
31-Dec-2025 17:23:38,365,Triggered,,,,imap_idex_l1b_sci-10days_20251226_v003.cdf,
31-Dec-2025 19:58:34,365,Triggered,,,,imap_idex_l1b_sci-10days_20251226_v003.cdf,
31-Dec-2025 20:47:41,365,Triggered,,,,imap_idex_l1b_sci-10days_20251226_v003.cdf,
1-Jan-2026 0:43:56,1,Triggered,,,,imap_idex_l1b_sci-10days_20260101_v003.cdf,
1-Jan-2026 1:34:30,1,Triggered,,,,imap_idex_l1b_sci-10days_20260101_v003.cdf,
1-Jan-2026 4:14:02,1,Triggered,,,,imap_idex_l1b_sci-10days_20260101_v003.cdf,
1-Jan-2026 5:41:25,1,Triggered,,,,imap_idex_l1b_sci-10days_20260101_v003.cdf,
1-Jan-2026 11:47:45,1,Triggered,,,,imap_idex_l1b_sci-10days_20260101_v003.cdf,
1-Jan-2026 19:15:48,1,Triggered,,,,imap_idex_l1b_sci-10days_20260101_v003.cdf,
2-Jan-2026 0:01:55,2,Noise Capture,,,,imap_idex_l1b_sci-10days_20260101_v003.cdf,
2-Jan-2026 0:02:01,2,Pulser,,,,imap_idex_l1b_sci-10days_20260101_v003.cdf,
2-Jan-2026 0:02:09,2,Pulser,,,,imap_idex_l1b_sci-10days_20260101_v003.cdf,
2-Jan-2026 0:02:17,2,Pulser,,,,imap_idex_l1b_sci-10days_20260101_v003.cdf,
2-Jan-2026 0:02:25,2,Pulser,,,,imap_idex_l1b_sci-10days_20260101_v003.cdf,
2-Jan-2026 0:02:33,2,Pulser,,,,imap_idex_l1b_sci-10days_20260101_v003.cdf,
2-Jan-2026 0:02:47,2,Noise Capture,,,,imap_idex_l1b_sci-10days_20260101_v003.cdf,
2-Jan-2026 0:02:59,2,Noise Capture,,,,imap_idex_l1b_sci-10days_20260101_v003.cdf,
2-Jan-2026 0:03:11,2,Noise Capture,,,,imap_idex_l1b_sci-10days_20260101_v003.cdf,
2-Jan-2026 0:03:23,2,Noise Capture,,,,imap_idex_l1b_sci-10days_20260101_v003.cdf,
2-Jan-2026 4:52:15,2,Triggered,,,,imap_idex_l1b_sci-10days_20260101_v003.cdf,
2-Jan-2026 8:24:37,2,Triggered,,,,imap_idex_l1b_sci-10days_20260101_v003.cdf,
2-Jan-2026 9:27:07,2,Triggered,,,,imap_idex_l1b_sci-10days_20260101_v003.cdf,
2-Jan-2026 9:36:43,2,Triggered,,,,imap_idex_l1b_sci-10days_20260101_v003.cdf,
2-Jan-2026 9:51:37,2,Triggered,,,,imap_idex_l1b_sci-10days_20260101_v003.cdf,
2-Jan-2026 10:19:12,2,Triggered,,,,imap_idex_l1b_sci-10days_20260101_v003.cdf,
2-Jan-2026 10:52:04,2,Triggered,,,,imap_idex_l1b_sci-10days_20260101_v003.cdf,
2-Jan-2026 10:55:34,2,Triggered,,,,imap_idex_l1b_sci-10days_20260101_v003.cdf,
2-Jan-2026 10:59:24,2,Triggered,,,,imap_idex_l1b_sci-10days_20260101_v003.cdf,
2-Jan-2026 11:01:44,2,Triggered,,,,imap_idex_l1b_sci-10days_20260101_v003.cdf,
2-Jan-2026 11:07:11,2,Triggered,,,,imap_idex_l1b_sci-10days_20260101_v003.cdf,
2-Jan-2026 11:21:43,2,Triggered,,,,imap_idex_l1b_sci-10days_20260101_v003.cdf,
2-Jan-2026 11:23:46,2,Triggered,,,,imap_idex_l1b_sci-10days_20260101_v003.cdf,
2-Jan-2026 11:36:09,2,Triggered,,,,imap_idex_l1b_sci-10days_20260101_v003.cdf,
2-Jan-2026 11:39:11,2,Triggered,,,,imap_idex_l1b_sci-10days_20260101_v003.cdf,
2-Jan-2026 11:58:54,2,Triggered,,,,imap_idex_l1b_sci-10days_20260101_v003.cdf,
2-Jan-2026 12:02:06,2,Triggered,,,,imap_idex_l1b_sci-10days_20260101_v003.cdf,
2-Jan-2026 12:24:47,2,Triggered,,,,imap_idex_l1b_sci-10days_20260101_v003.cdf,
2-Jan-2026 12:32:20,2,Triggered,,,,imap_idex_l1b_sci-10days_20260101_v003.cdf,
2-Jan-2026 12:48:26,2,Triggered,,,,imap_idex_l1b_sci-10days_20260101_v003.cdf,
2-Jan-2026 12:49:05,2,Triggered,,,,imap_idex_l1b_sci-10days_20260101_v003.cdf,
2-Jan-2026 12:57:12,2,Triggered,,,,imap_idex_l1b_sci-10days_20260101_v003.cdf,
2-Jan-2026 13:11:32,2,Triggered,,,,imap_idex_l1b_sci-10days_20260101_v003.cdf,
2-Jan-2026 13:18:49,2,Triggered,,,,imap_idex_l1b_sci-10days_20260101_v003.cdf,
2-Jan-2026 13:27:22,2,Triggered,,,,imap_idex_l1b_sci-10days_20260101_v003.cdf,
2-Jan-2026 13:34:58,2,Triggered,,,,imap_idex_l1b_sci-10days_20260101_v003.cdf,
2-Jan-2026 14:14:51,2,Triggered,,,,imap_idex_l1b_sci-10days_20260101_v003.cdf,
2-Jan-2026 14:25:57,2,Triggered,,,,imap_idex_l1b_sci-10days_20260101_v003.cdf,
2-Jan-2026 14:40:11,2,Triggered,,,,imap_idex_l1b_sci-10days_20260101_v003.cdf,
2-Jan-2026 14:49:02,2,Triggered,,,,imap_idex_l1b_sci-10days_20260101_v003.cdf,
2-Jan-2026 15:00:47,2,Triggered,,,,imap_idex_l1b_sci-10days_20260101_v003.cdf,
2-Jan-2026 15:03:03,2,Triggered,,,,imap_idex_l1b_sci-10days_20260101_v003.cdf,
2-Jan-2026 15:20:15,2,Triggered,,,,imap_idex_l1b_sci-10days_20260101_v003.cdf,
2-Jan-2026 15:23:18,2,Triggered,,,,imap_idex_l1b_sci-10days_20260101_v003.cdf,
2-Jan-2026 15:25:07,2,Triggered,,,,imap_idex_l1b_sci-10days_20260101_v003.cdf,
2-Jan-2026 15:40:35,2,Triggered,,,,imap_idex_l1b_sci-10days_20260101_v003.cdf,
2-Jan-2026 16:20:32,2,Triggered,,,,imap_idex_l1b_sci-10days_20260101_v003.cdf,
2-Jan-2026 16:28:52,2,Triggered,,,,imap_idex_l1b_sci-10days_20260101_v003.cdf,
2-Jan-2026 17:11:12,2,Triggered,,,,imap_idex_l1b_sci-10days_20260101_v003.cdf,
2-Jan-2026 17:24:33,2,Triggered,,,,imap_idex_l1b_sci-10days_20260101_v003.cdf,
2-Jan-2026 21:33:32,2,Triggered,,,,imap_idex_l1b_sci-10days_20260101_v003.cdf,
2-Jan-2026 21:53:09,2,Triggered,,,,imap_idex_l1b_sci-10days_20260101_v003.cdf,
2-Jan-2026 22:02:38,2,Triggered,,,,imap_idex_l1b_sci-10days_20260101_v003.cdf,
2-Jan-2026 22:58:45,2,Triggered,,,,imap_idex_l1b_sci-10days_20260101_v003.cdf,
2-Jan-2026 23:10:40,2,Triggered,,,,imap_idex_l1b_sci-10days_20260101_v003.cdf,
2-Jan-2026 23:20:44,2,Triggered,,,,imap_idex_l1b_sci-10days_20260101_v003.cdf,
2-Jan-2026 23:23:07,2,Triggered,,,,imap_idex_l1b_sci-10days_20260101_v003.cdf,
3-Jan-2026 1:17:06,3,Triggered,,,,imap_idex_l1b_sci-10days_20260101_v003.cdf,
3-Jan-2026 3:02:16,3,Triggered,,,,imap_idex_l1b_sci-10days_20260101_v003.cdf,
3-Jan-2026 3:21:33,3,Triggered,,,,imap_idex_l1b_sci-10days_20260101_v003.cdf,
3-Jan-2026 3:42:28,3,Triggered,,,,imap_idex_l1b_sci-10days_20260101_v003.cdf,
3-Jan-2026 6:24:46,3,Triggered,,,,imap_idex_l1b_sci-10days_20260101_v003.cdf,
3-Jan-2026 7:47:48,3,Triggered,,,,imap_idex_l1b_sci-10days_20260101_v003.cdf,
3-Jan-2026 7:50:14,3,Triggered,,,,imap_idex_l1b_sci-10days_20260101_v003.cdf,
3-Jan-2026 7:56:13,3,Triggered,,,,imap_idex_l1b_sci-10days_20260101_v003.cdf,
3-Jan-2026 9:50:53,3,Triggered,,,,imap_idex_l1b_sci-10days_20260101_v003.cdf,
3-Jan-2026 9:59:07,3,Triggered,,,,imap_idex_l1b_sci-10days_20260101_v003.cdf,
3-Jan-2026 10:33:37,3,Triggered,,,,imap_idex_l1b_sci-10days_20260101_v003.cdf,
3-Jan-2026 11:08:34,3,Triggered,,,,imap_idex_l1b_sci-10days_20260101_v003.cdf,
3-Jan-2026 14:35:39,3,Triggered,,,,imap_idex_l1b_sci-10days_20260101_v003.cdf,
3-Jan-2026 15:01:13,3,Triggered,,,,imap_idex_l1b_sci-10days_20260101_v003.cdf,
3-Jan-2026 15:28:05,3,Triggered,,,,imap_idex_l1b_sci-10days_20260101_v003.cdf,
3-Jan-2026 15:59:03,3,Triggered,,,,imap_idex_l1b_sci-10days_20260101_v003.cdf,
3-Jan-2026 16:31:17,3,Triggered,,,,imap_idex_l1b_sci-10days_20260101_v003.cdf,
3-Jan-2026 16:37:31,3,Triggered,,,,imap_idex_l1b_sci-10days_20260101_v003.cdf,
3-Jan-2026 17:55:03,3,Triggered,,,,imap_idex_l1b_sci-10days_20260101_v003.cdf,
3-Jan-2026 18:23:08,3,Triggered,,,,imap_idex_l1b_sci-10days_20260101_v003.cdf,
3-Jan-2026 19:36:50,3,Triggered,,,,imap_idex_l1b_sci-10days_20260101_v003.cdf,
3-Jan-2026 19:59:32,3,Triggered,,,,imap_idex_l1b_sci-10days_20260101_v003.cdf,
3-Jan-2026 20:16:33,3,Triggered,,,,imap_idex_l1b_sci-10days_20260101_v003.cdf,
3-Jan-2026 22:40:59,3,Triggered,,,,imap_idex_l1b_sci-10days_20260101_v003.cdf,
4-Jan-2026 1:28:35,4,Triggered,,,,imap_idex_l1b_sci-10days_20260101_v003.cdf,
4-Jan-2026 1:49:39,4,Triggered,,,,imap_idex_l1b_sci-10days_20260101_v003.cdf,
4-Jan-2026 2:39:06,4,Triggered,,,,imap_idex_l1b_sci-10days_20260101_v003.cdf,
4-Jan-2026 2:43:12,4,Triggered,,,,imap_idex_l1b_sci-10days_20260101_v003.cdf,
4-Jan-2026 3:15:42,4,Triggered,,,,imap_idex_l1b_sci-10days_20260101_v003.cdf,
4-Jan-2026 4:45:00,4,Triggered,,,,imap_idex_l1b_sci-10days_20260101_v003.cdf,
4-Jan-2026 5:39:31,4,Triggered,,,,imap_idex_l1b_sci-10days_20260101_v003.cdf,
4-Jan-2026 9:13:05,4,Triggered,,,,imap_idex_l1b_sci-10days_20260101_v003.cdf,
4-Jan-2026 9:39:33,4,Triggered,,,,imap_idex_l1b_sci-10days_20260101_v003.cdf,
4-Jan-2026 10:00:52,4,Triggered,,,,imap_idex_l1b_sci-10days_20260101_v003.cdf,
4-Jan-2026 10:17:42,4,Triggered,,,,imap_idex_l1b_sci-10days_20260101_v003.cdf,
4-Jan-2026 12:48:52,4,Triggered,,,,imap_idex_l1b_sci-10days_20260101_v003.cdf,
4-Jan-2026 13:29:36,4,Triggered,,,,imap_idex_l1b_sci-10days_20260101_v003.cdf,
4-Jan-2026 13:47:03,4,Triggered,,,,imap_idex_l1b_sci-10days_20260101_v003.cdf,
4-Jan-2026 14:47:04,4,Triggered,,,,imap_idex_l1b_sci-10days_20260101_v003.cdf,
4-Jan-2026 15:26:31,4,Triggered,,,,imap_idex_l1b_sci-10days_20260101_v003.cdf,
4-Jan-2026 16:50:34,4,Triggered,,,,imap_idex_l1b_sci-10days_20260101_v003.cdf,
4-Jan-2026 19:49:34,4,Triggered,,,,imap_idex_l1b_sci-10days_20260101_v003.cdf,
4-Jan-2026 21:54:30,4,Triggered,,,,imap_idex_l1b_sci-10days_20260101_v003.cdf,
4-Jan-2026 23:15:50,4,Triggered,,,,imap_idex_l1b_sci-10days_20260101_v003.cdf,
4-Jan-2026 23:41:05,4,Triggered,,,,imap_idex_l1b_sci-10days_20260101_v003.cdf,
5-Jan-2026 0:15:24,5,Triggered,,,,imap_idex_l1b_sci-10days_20260101_v003.cdf,
5-Jan-2026 1:24:58,5,Triggered,,,,imap_idex_l1b_sci-10days_20260101_v003.cdf,
12-Jan-2026 22:31:34,12,Triggered,,,,imap_idex_l1b_sci-10days_20260110_v002.cdf,
12-Jan-2026 23:05:12,12,Triggered,,,,imap_idex_l1b_sci-10days_20260110_v002.cdf,
12-Jan-2026 23:23:16,12,Triggered,,,,imap_idex_l1b_sci-10days_20260110_v002.cdf,
13-Jan-2026 5:25:02,13,Triggered,,,,imap_idex_l1b_sci-10days_20260110_v002.cdf,
13-Jan-2026 7:57:17,13,Triggered,,,,imap_idex_l1b_sci-10days_20260110_v002.cdf,
13-Jan-2026 12:32:37,13,Triggered,,,,imap_idex_l1b_sci-10days_20260110_v002.cdf,
13-Jan-2026 12:42:48,13,Triggered,,,,imap_idex_l1b_sci-10days_20260110_v002.cdf,
13-Jan-2026 15:23:22,13,Triggered,,,,imap_idex_l1b_sci-10days_20260110_v002.cdf,
13-Jan-2026 15:55:33,13,Triggered,,,,imap_idex_l1b_sci-10days_20260110_v002.cdf,
13-Jan-2026 17:48:05,13,Triggered,,,,imap_idex_l1b_sci-10days_20260110_v002.cdf,
13-Jan-2026 20:47:13,13,Triggered,,,,imap_idex_l1b_sci-10days_20260110_v002.cdf,
13-Jan-2026 22:01:14,13,Triggered,,,,imap_idex_l1b_sci-10days_20260110_v002.cdf,
14-Jan-2026 0:01:54,14,Noise Capture,,,,imap_idex_l1b_sci-10days_20260110_v002.cdf,
14-Jan-2026 0:02:00,14,Pulser,,,,imap_idex_l1b_sci-10days_20260110_v002.cdf,
14-Jan-2026 0:02:08,14,Pulser,,,,imap_idex_l1b_sci-10days_20260110_v002.cdf,
14-Jan-2026 0:02:16,14,Pulser,,,,imap_idex_l1b_sci-10days_20260110_v002.cdf,
14-Jan-2026 0:02:24,14,Pulser,,,,imap_idex_l1b_sci-10days_20260110_v002.cdf,
14-Jan-2026 0:02:32,14,Pulser,,,,imap_idex_l1b_sci-10days_20260110_v002.cdf,
14-Jan-2026 0:02:46,14,Noise Capture,,,,imap_idex_l1b_sci-10days_20260110_v002.cdf,
14-Jan-2026 0:02:58,14,Noise Capture,,,,imap_idex_l1b_sci-10days_20260110_v002.cdf,
14-Jan-2026 0:03:10,14,Noise Capture,,,,imap_idex_l1b_sci-10days_20260110_v002.cdf,
14-Jan-2026 0:03:22,14,Noise Capture,,,,imap_idex_l1b_sci-10days_20260110_v002.cdf,
14-Jan-2026 12:22:55,14,Triggered,,,,imap_idex_l1b_sci-10days_20260110_v002.cdf,
14-Jan-2026 12:43:23,14,Triggered,,,,imap_idex_l1b_sci-10days_20260110_v002.cdf,
14-Jan-2026 12:45:50,14,Triggered,,,,imap_idex_l1b_sci-10days_20260110_v002.cdf,
15-Jan-2026 0:56:58,15,Triggered,,,,imap_idex_l1b_sci-10days_20260110_v002.cdf,
15-Jan-2026 1:32:10,15,Triggered,,,,imap_idex_l1b_sci-10days_20260110_v002.cdf,
15-Jan-2026 2:35:53,15,Triggered,,,,imap_idex_l1b_sci-10days_20260110_v002.cdf,
15-Jan-2026 10:09:13,15,Triggered,,,,imap_idex_l1b_sci-10days_20260110_v002.cdf,
15-Jan-2026 10:13:33,15,Triggered,,,,imap_idex_l1b_sci-10days_20260110_v002.cdf,
15-Jan-2026 11:26:16,15,Triggered,,,,imap_idex_l1b_sci-10days_20260110_v002.cdf,
15-Jan-2026 15:22:48,15,Triggered,,,,imap_idex_l1b_sci-10days_20260110_v002.cdf,
15-Jan-2026 16:48:42,15,Triggered,,,,imap_idex_l1b_sci-10days_20260110_v002.cdf,
15-Jan-2026 19:39:48,15,Triggered,,,,imap_idex_l1b_sci-10days_20260110_v002.cdf,
15-Jan-2026 20:38:04,15,Triggered,,,,imap_idex_l1b_sci-10days_20260110_v002.cdf,
16-Jan-2026 1:32:21,16,Triggered,,,,imap_idex_l1b_sci-10days_20260110_v002.cdf,
16-Jan-2026 1:47:01,16,Triggered,,,,imap_idex_l1b_sci-10days_20260110_v002.cdf,
16-Jan-2026 4:36:03,16,Triggered,,,,imap_idex_l1b_sci-10days_20260110_v002.cdf,
16-Jan-2026 6:56:58,16,Triggered,,,,imap_idex_l1b_sci-10days_20260110_v002.cdf,
16-Jan-2026 6:57:40,16,Triggered,,,,imap_idex_l1b_sci-10days_20260110_v002.cdf,
16-Jan-2026 6:58:26,16,Triggered,,,,imap_idex_l1b_sci-10days_20260110_v002.cdf,
16-Jan-2026 6:59:02,16,Triggered,,,,imap_idex_l1b_sci-10days_20260110_v002.cdf,
16-Jan-2026 6:59:49,16,Triggered,,,,imap_idex_l1b_sci-10days_20260110_v002.cdf,
16-Jan-2026 7:10:13,16,Triggered,,,,imap_idex_l1b_sci-10days_20260110_v002.cdf,
16-Jan-2026 7:10:33,16,Triggered,,,,imap_idex_l1b_sci-10days_20260110_v002.cdf,
16-Jan-2026 7:13:34,16,Triggered,,,,imap_idex_l1b_sci-10days_20260110_v002.cdf,
16-Jan-2026 7:29:43,16,Triggered,,,,imap_idex_l1b_sci-10days_20260110_v002.cdf,
16-Jan-2026 8:25:49,16,Triggered,,,,imap_idex_l1b_sci-10days_20260110_v002.cdf,
16-Jan-2026 14:43:09,16,Triggered,,,,imap_idex_l1b_sci-10days_20260110_v002.cdf,
16-Jan-2026 16:58:13,16,Triggered,,,,imap_idex_l1b_sci-10days_20260110_v002.cdf,
16-Jan-2026 18:09:42,16,Triggered,,,,imap_idex_l1b_sci-10days_20260110_v002.cdf,
16-Jan-2026 20:34:02,16,Triggered,,,,imap_idex_l1b_sci-10days_20260110_v002.cdf,
16-Jan-2026 23:08:32,16,Triggered,,,,imap_idex_l1b_sci-10days_20260110_v002.cdf,
16-Jan-2026 23:45:10,16,Triggered,,,,imap_idex_l1b_sci-10days_20260110_v002.cdf,
17-Jan-2026 0:59:48,17,Triggered,,,,imap_idex_l1b_sci-10days_20260110_v002.cdf,
17-Jan-2026 1:12:34,17,Triggered,,,,imap_idex_l1b_sci-10days_20260110_v002.cdf,
17-Jan-2026 5:15:01,17,Triggered,,,,imap_idex_l1b_sci-10days_20260110_v002.cdf,
17-Jan-2026 6:52:02,17,Triggered,,,,imap_idex_l1b_sci-10days_20260110_v002.cdf,
17-Jan-2026 7:49:50,17,Triggered,,,,imap_idex_l1b_sci-10days_20260110_v002.cdf,
17-Jan-2026 8:45:52,17,Triggered,,,,imap_idex_l1b_sci-10days_20260110_v002.cdf,
17-Jan-2026 9:38:17,17,Triggered,,,,imap_idex_l1b_sci-10days_20260110_v002.cdf,
17-Jan-2026 10:22:10,17,Triggered,,,,imap_idex_l1b_sci-10days_20260110_v002.cdf,
17-Jan-2026 11:20:12,17,Triggered,,,,imap_idex_l1b_sci-10days_20260110_v002.cdf,
17-Jan-2026 12:45:52,17,Triggered,,,,imap_idex_l1b_sci-10days_20260110_v002.cdf,
17-Jan-2026 13:01:42,17,Triggered,,,,imap_idex_l1b_sci-10days_20260110_v002.cdf,
17-Jan-2026 13:57:25,17,Triggered,,,,imap_idex_l1b_sci-10days_20260110_v002.cdf,
17-Jan-2026 14:25:43,17,Triggered,,,,imap_idex_l1b_sci-10days_20260110_v002.cdf,
17-Jan-2026 14:39:50,17,Triggered,,,,imap_idex_l1b_sci-10days_20260110_v002.cdf,
17-Jan-2026 19:58:43,17,Triggered,,,,imap_idex_l1b_sci-10days_20260110_v002.cdf,
17-Jan-2026 20:51:01,17,Triggered,,,,imap_idex_l1b_sci-10days_20260110_v002.cdf,
17-Jan-2026 21:49:39,17,Triggered,,,,imap_idex_l1b_sci-10days_20260110_v002.cdf,
17-Jan-2026 22:20:19,17,Triggered,,,,imap_idex_l1b_sci-10days_20260110_v002.cdf,
17-Jan-2026 22:49:48,17,Triggered,,,,imap_idex_l1b_sci-10days_20260110_v002.cdf,
18-Jan-2026 1:52:59,18,Triggered,,,,imap_idex_l1b_sci-10days_20260110_v002.cdf,
18-Jan-2026 4:14:13,18,Triggered,,,,imap_idex_l1b_sci-10days_20260110_v002.cdf,
18-Jan-2026 5:19:40,18,Triggered,,,,imap_idex_l1b_sci-10days_20260110_v002.cdf,
18-Jan-2026 5:53:53,18,Triggered,,,,imap_idex_l1b_sci-10days_20260110_v002.cdf,
18-Jan-2026 6:31:14,18,Triggered,,,,imap_idex_l1b_sci-10days_20260110_v002.cdf,
18-Jan-2026 8:49:57,18,Triggered,,,,imap_idex_l1b_sci-10days_20260110_v002.cdf,
18-Jan-2026 9:57:49,18,Triggered,,,,imap_idex_l1b_sci-10days_20260110_v002.cdf,
18-Jan-2026 10:48:56,18,Triggered,,,,imap_idex_l1b_sci-10days_20260110_v002.cdf,
18-Jan-2026 12:56:41,18,Triggered,,,,imap_idex_l1b_sci-10days_20260110_v002.cdf,
18-Jan-2026 14:27:30,18,Triggered,,,,imap_idex_l1b_sci-10days_20260110_v002.cdf,
18-Jan-2026 16:33:48,18,Triggered,,,,imap_idex_l1b_sci-10days_20260110_v002.cdf,
18-Jan-2026 17:18:54,18,Triggered,,,,imap_idex_l1b_sci-10days_20260110_v002.cdf,
18-Jan-2026 18:15:53,18,Triggered,,,,imap_idex_l1b_sci-10days_20260110_v002.cdf,
18-Jan-2026 18:34:42,18,Triggered,,,,imap_idex_l1b_sci-10days_20260110_v002.cdf,
18-Jan-2026 19:52:00,18,Triggered,,,,imap_idex_l1b_sci-10days_20260110_v002.cdf,
18-Jan-2026 20:30:09,18,Triggered,,,,imap_idex_l1b_sci-10days_20260110_v002.cdf,
18-Jan-2026 20:51:47,18,Triggered,,,,imap_idex_l1b_sci-10days_20260110_v002.cdf,
18-Jan-2026 21:59:36,18,Triggered,,,,imap_idex_l1b_sci-10days_20260110_v002.cdf,
18-Jan-2026 23:59:31,18,Triggered,,,,imap_idex_l1b_sci-10days_20260110_v002.cdf,
19-Jan-2026 0:32:36,19,Triggered,,,,imap_idex_l1b_sci-10days_20260110_v002.cdf,
19-Jan-2026 1:14:30,19,Triggered,,,,imap_idex_l1b_sci-10days_20260110_v002.cdf,
19-Jan-2026 1:52:24,19,Triggered,,,,imap_idex_l1b_sci-10days_20260110_v002.cdf,
19-Jan-2026 2:05:00,19,Triggered,,,,imap_idex_l1b_sci-10days_20260110_v002.cdf,
19-Jan-2026 3:27:16,19,Triggered,,,,imap_idex_l1b_sci-10days_20260110_v002.cdf,
19-Jan-2026 3:57:50,19,Triggered,,,,imap_idex_l1b_sci-10days_20260110_v002.cdf,
19-Jan-2026 4:13:09,19,Triggered,,,,imap_idex_l1b_sci-10days_20260110_v002.cdf,
19-Jan-2026 4:26:02,19,Triggered,,,,imap_idex_l1b_sci-10days_20260110_v002.cdf,
19-Jan-2026 4:32:59,19,Triggered,,,,imap_idex_l1b_sci-10days_20260110_v002.cdf,
19-Jan-2026 4:35:59,19,Triggered,,,,imap_idex_l1b_sci-10days_20260110_v002.cdf,
19-Jan-2026 4:56:30,19,Triggered,,,,imap_idex_l1b_sci-10days_20260110_v002.cdf,
19-Jan-2026 4:56:38,19,Triggered,,,,imap_idex_l1b_sci-10days_20260110_v002.cdf,
19-Jan-2026 5:01:43,19,Triggered,,,,imap_idex_l1b_sci-10days_20260110_v002.cdf,
19-Jan-2026 5:07:57,19,Triggered,,,,imap_idex_l1b_sci-10days_20260110_v002.cdf,
19-Jan-2026 5:36:13,19,Triggered,,,,imap_idex_l1b_sci-10days_20260110_v002.cdf,
19-Jan-2026 5:41:12,19,Triggered,,,,imap_idex_l1b_sci-10days_20260110_v002.cdf,
19-Jan-2026 5:46:54,19,Triggered,,,,imap_idex_l1b_sci-10days_20260110_v002.cdf,
19-Jan-2026 5:51:07,19,Triggered,,,,imap_idex_l1b_sci-10days_20260110_v002.cdf,
19-Jan-2026 5:52:02,19,Triggered,,,,imap_idex_l1b_sci-10days_20260110_v002.cdf,
19-Jan-2026 5:52:39,19,Triggered,,,,imap_idex_l1b_sci-10days_20260110_v002.cdf,
19-Jan-2026 5:54:28,19,Triggered,,,,imap_idex_l1b_sci-10days_20260110_v002.cdf,
19-Jan-2026 5:54:54,19,Triggered,,,,imap_idex_l1b_sci-10days_20260110_v002.cdf,
19-Jan-2026 5:58:37,19,Triggered,,,,imap_idex_l1b_sci-10days_20260110_v002.cdf,
19-Jan-2026 5:59:37,19,Triggered,,,,imap_idex_l1b_sci-10days_20260110_v002.cdf,
19-Jan-2026 5:59:51,19,Triggered,,,,imap_idex_l1b_sci-10days_20260110_v002.cdf,
19-Jan-2026 6:00:19,19,Triggered,,,,imap_idex_l1b_sci-10days_20260110_v002.cdf,
19-Jan-2026 6:01:53,19,Triggered,,,,imap_idex_l1b_sci-10days_20260110_v002.cdf,
19-Jan-2026 6:05:59,19,Triggered,,,,imap_idex_l1b_sci-10days_20260110_v002.cdf,
19-Jan-2026 6:06:12,19,Triggered,,,,imap_idex_l1b_sci-10days_20260110_v002.cdf,
19-Jan-2026 6:07:25,19,Triggered,,,,imap_idex_l1b_sci-10days_20260110_v002.cdf,
19-Jan-2026 6:09:06,19,Triggered,,,,imap_idex_l1b_sci-10days_20260110_v002.cdf,
19-Jan-2026 6:10:18,19,Triggered,,,,imap_idex_l1b_sci-10days_20260110_v002.cdf,
19-Jan-2026 6:11:24,19,Triggered,,,,imap_idex_l1b_sci-10days_20260110_v002.cdf,
19-Jan-2026 6:11:37,19,Triggered,,,,imap_idex_l1b_sci-10days_20260110_v002.cdf,
19-Jan-2026 6:15:31,19,Triggered,,,,imap_idex_l1b_sci-10days_20260110_v002.cdf,
19-Jan-2026 6:20:13,19,Triggered,,,,imap_idex_l1b_sci-10days_20260110_v002.cdf,
19-Jan-2026 6:21:20,19,Triggered,,,,imap_idex_l1b_sci-10days_20260110_v002.cdf,
19-Jan-2026 6:21:56,19,Triggered,,,,imap_idex_l1b_sci-10days_20260110_v002.cdf,
19-Jan-2026 6:22:55,19,Triggered,,,,imap_idex_l1b_sci-10days_20260110_v002.cdf,
19-Jan-2026 6:24:11,19,Triggered,,,,imap_idex_l1b_sci-10days_20260110_v002.cdf,
19-Jan-2026 6:27:53,19,Triggered,,,,imap_idex_l1b_sci-10days_20260110_v002.cdf,
19-Jan-2026 6:29:31,19,Triggered,,,,imap_idex_l1b_sci-10days_20260110_v002.cdf,
19-Jan-2026 6:31:44,19,Triggered,,,,imap_idex_l1b_sci-10days_20260110_v002.cdf,
19-Jan-2026 6:38:12,19,Triggered,,,,imap_idex_l1b_sci-10days_20260110_v002.cdf,
19-Jan-2026 6:38:57,19,Triggered,,,,imap_idex_l1b_sci-10days_20260110_v002.cdf,
19-Jan-2026 6:39:19,19,Triggered,,,,imap_idex_l1b_sci-10days_20260110_v002.cdf,
19-Jan-2026 6:39:45,19,Triggered,,,,imap_idex_l1b_sci-10days_20260110_v002.cdf,
19-Jan-2026 6:43:11,19,Triggered,,,,imap_idex_l1b_sci-10days_20260110_v002.cdf,
19-Jan-2026 6:46:08,19,Triggered,,,,imap_idex_l1b_sci-10days_20260110_v002.cdf,
19-Jan-2026 6:49:18,19,Triggered,,,,imap_idex_l1b_sci-10days_20260110_v002.cdf,
19-Jan-2026 6:51:21,19,Triggered,,,,imap_idex_l1b_sci-10days_20260110_v002.cdf,
19-Jan-2026 6:51:59,19,Triggered,,,,imap_idex_l1b_sci-10days_20260110_v002.cdf,
19-Jan-2026 6:53:28,19,Triggered,,,,imap_idex_l1b_sci-10days_20260110_v002.cdf,
19-Jan-2026 7:00:54,19,Triggered,,,,imap_idex_l1b_sci-10days_20260110_v002.cdf,
19-Jan-2026 7:02:09,19,Triggered,,,,imap_idex_l1b_sci-10days_20260110_v002.cdf,
19-Jan-2026 7:03:37,19,Triggered,,,,imap_idex_l1b_sci-10days_20260110_v002.cdf,
19-Jan-2026 7:04:56,19,Triggered,,,,imap_idex_l1b_sci-10days_20260110_v002.cdf,
19-Jan-2026 7:05:03,19,Triggered,,,,imap_idex_l1b_sci-10days_20260110_v002.cdf,
19-Jan-2026 7:05:10,19,Triggered,,,,imap_idex_l1b_sci-10days_20260110_v002.cdf,
19-Jan-2026 7:17:01,19,Triggered,Dust,,,imap_idex_l1b_sci-10days_20260110_v002.cdf,
19-Jan-2026 7:19:29,19,Triggered,,,,imap_idex_l1b_sci-10days_20260110_v002.cdf,
19-Jan-2026 7:21:20,19,Triggered,,,,imap_idex_l1b_sci-10days_20260110_v002.cdf,
19-Jan-2026 7:22:45,19,Triggered,,,,imap_idex_l1b_sci-10days_20260110_v002.cdf,
19-Jan-2026 7:25:19,19,Triggered,,,,imap_idex_l1b_sci-10days_20260110_v002.cdf,
19-Jan-2026 7:26:58,19,Triggered,,,,imap_idex_l1b_sci-10days_20260110_v002.cdf,
19-Jan-2026 7:35:51,19,Triggered,,,,imap_idex_l1b_sci-10days_20260110_v002.cdf,
19-Jan-2026 7:39:56,19,Triggered,,,,imap_idex_l1b_sci-10days_20260110_v002.cdf,
19-Jan-2026 7:41:31,19,Triggered,,,,imap_idex_l1b_sci-10days_20260110_v002.cdf,
19-Jan-2026 7:44:33,19,Triggered,,,,imap_idex_l1b_sci-10days_20260110_v002.cdf,
19-Jan-2026 7:45:44,19,Triggered,,,,imap_idex_l1b_sci-10days_20260110_v002.cdf,
19-Jan-2026 7:47:40,19,Triggered,,,,imap_idex_l1b_sci-10days_20260110_v002.cdf,
19-Jan-2026 7:48:16,19,Triggered,,,,imap_idex_l1b_sci-10days_20260110_v002.cdf,
19-Jan-2026 7:50:50,19,Triggered,,,,imap_idex_l1b_sci-10days_20260110_v002.cdf,
19-Jan-2026 7:52:08,19,Triggered,,,,imap_idex_l1b_sci-10days_20260110_v002.cdf,
19-Jan-2026 7:55:13,19,Triggered,,,,imap_idex_l1b_sci-10days_20260110_v002.cdf,
19-Jan-2026 7:59:23,19,Triggered,,,,imap_idex_l1b_sci-10days_20260110_v002.cdf,
19-Jan-2026 8:00:10,19,Triggered,,,,imap_idex_l1b_sci-10days_20260110_v002.cdf,
19-Jan-2026 8:02:16,19,Triggered,,,,imap_idex_l1b_sci-10days_20260110_v002.cdf,
19-Jan-2026 8:03:24,19,Triggered,,,,imap_idex_l1b_sci-10days_20260110_v002.cdf,
19-Jan-2026 8:03:39,19,Triggered,,,,imap_idex_l1b_sci-10days_20260110_v002.cdf,
19-Jan-2026 8:03:50,19,Triggered,,,,imap_idex_l1b_sci-10days_20260110_v002.cdf,
19-Jan-2026 8:07:18,19,Triggered,,,,imap_idex_l1b_sci-10days_20260110_v002.cdf,
19-Jan-2026 8:08:04,19,Triggered,,,,imap_idex_l1b_sci-10days_20260110_v002.cdf,
19-Jan-2026 8:08:12,19,Triggered,,,,imap_idex_l1b_sci-10days_20260110_v002.cdf,
19-Jan-2026 8:08:25,19,Triggered,,,,imap_idex_l1b_sci-10days_20260110_v002.cdf,
19-Jan-2026 8:09:16,19,Triggered,,,,imap_idex_l1b_sci-10days_20260110_v002.cdf,
19-Jan-2026 8:09:31,19,Triggered,,,,imap_idex_l1b_sci-10days_20260110_v002.cdf,
19-Jan-2026 8:10:47,19,Triggered,,,,imap_idex_l1b_sci-10days_20260110_v002.cdf,
19-Jan-2026 8:11:11,19,Triggered,,,,imap_idex_l1b_sci-10days_20260110_v002.cdf,
19-Jan-2026 8:11:57,19,Triggered,,,,imap_idex_l1b_sci-10days_20260110_v002.cdf,
19-Jan-2026 8:14:23,19,Triggered,,,,imap_idex_l1b_sci-10days_20260110_v002.cdf,
19-Jan-2026 8:15:13,19,Triggered,,,,imap_idex_l1b_sci-10days_20260110_v002.cdf,
19-Jan-2026 8:15:46,19,Triggered,,,,imap_idex_l1b_sci-10days_20260110_v002.cdf,
19-Jan-2026 8:16:24,19,Triggered,,,,imap_idex_l1b_sci-10days_20260110_v002.cdf,
19-Jan-2026 8:17:05,19,Triggered,,,,imap_idex_l1b_sci-10days_20260110_v002.cdf,
19-Jan-2026 8:17:43,19,Triggered,,,,imap_idex_l1b_sci-10days_20260110_v002.cdf,
19-Jan-2026 8:19:07,19,Triggered,,,,imap_idex_l1b_sci-10days_20260110_v002.cdf,
19-Jan-2026 8:19:35,19,Triggered,,,,imap_idex_l1b_sci-10days_20260110_v002.cdf,
19-Jan-2026 8:21:04,19,Triggered,,,,imap_idex_l1b_sci-10days_20260110_v002.cdf,
19-Jan-2026 8:21:30,19,Triggered,,,,imap_idex_l1b_sci-10days_20260110_v002.cdf,
19-Jan-2026 8:22:05,19,Triggered,,,,imap_idex_l1b_sci-10days_20260110_v002.cdf,
19-Jan-2026 8:23:11,19,Triggered,,,,imap_idex_l1b_sci-10days_20260110_v002.cdf,
19-Jan-2026 8:24:12,19,Triggered,,,,imap_idex_l1b_sci-10days_20260110_v002.cdf,
19-Jan-2026 8:26:15,19,Triggered,,,,imap_idex_l1b_sci-10days_20260110_v002.cdf,
19-Jan-2026 8:26:46,19,Triggered,,,,imap_idex_l1b_sci-10days_20260110_v002.cdf,
19-Jan-2026 8:28:03,19,Triggered,,,,imap_idex_l1b_sci-10days_20260110_v002.cdf,
19-Jan-2026 8:28:18,19,Triggered,,,,imap_idex_l1b_sci-10days_20260110_v002.cdf,
19-Jan-2026 8:29:45,19,Triggered,,,,imap_idex_l1b_sci-10days_20260110_v002.cdf,
19-Jan-2026 8:29:53,19,Triggered,,,,imap_idex_l1b_sci-10days_20260110_v002.cdf,
19-Jan-2026 8:31:24,19,Triggered,,,,imap_idex_l1b_sci-10days_20260110_v002.cdf,
19-Jan-2026 8:32:08,19,Triggered,,,,imap_idex_l1b_sci-10days_20260110_v002.cdf,
19-Jan-2026 8:34:10,19,Triggered,,,,imap_idex_l1b_sci-10days_20260110_v002.cdf,
19-Jan-2026 8:34:19,19,Triggered,,,,imap_idex_l1b_sci-10days_20260110_v002.cdf,
19-Jan-2026 8:34:27,19,Triggered,,,,imap_idex_l1b_sci-10days_20260110_v002.cdf,
19-Jan-2026 8:36:05,19,Triggered,,,,imap_idex_l1b_sci-10days_20260110_v002.cdf,
19-Jan-2026 8:36:39,19,Triggered,,,,imap_idex_l1b_sci-10days_20260110_v002.cdf,
19-Jan-2026 8:37:15,19,Triggered,,,,imap_idex_l1b_sci-10days_20260110_v002.cdf,
19-Jan-2026 8:38:03,19,Triggered,,,,imap_idex_l1b_sci-10days_20260110_v002.cdf,
19-Jan-2026 8:40:55,19,Triggered,,,,imap_idex_l1b_sci-10days_20260110_v002.cdf,
19-Jan-2026 8:41:11,19,Triggered,,,,imap_idex_l1b_sci-10days_20260110_v002.cdf,
19-Jan-2026 8:41:52,19,Triggered,,,,imap_idex_l1b_sci-10days_20260110_v002.cdf,
19-Jan-2026 8:43:23,19,Triggered,,,,imap_idex_l1b_sci-10days_20260110_v002.cdf,
19-Jan-2026 8:44:27,19,Triggered,,,,imap_idex_l1b_sci-10days_20260110_v002.cdf,
19-Jan-2026 8:44:35,19,Triggered,,,,imap_idex_l1b_sci-10days_20260110_v002.cdf,
19-Jan-2026 8:45:27,19,Triggered,,,,imap_idex_l1b_sci-10days_20260110_v002.cdf,
19-Jan-2026 8:45:44,19,Triggered,,,,imap_idex_l1b_sci-10days_20260110_v002.cdf,
19-Jan-2026 8:46:43,19,Triggered,,,,imap_idex_l1b_sci-10days_20260110_v002.cdf,
19-Jan-2026 8:46:58,19,Triggered,,,,imap_idex_l1b_sci-10days_20260110_v002.cdf,
19-Jan-2026 8:48:31,19,Triggered,,,,imap_idex_l1b_sci-10days_20260110_v002.cdf,
19-Jan-2026 8:49:15,19,Triggered,,,,imap_idex_l1b_sci-10days_20260110_v002.cdf,
19-Jan-2026 8:49:53,19,Triggered,,,,imap_idex_l1b_sci-10days_20260110_v002.cdf,
19-Jan-2026 8:50:24,19,Triggered,,,,imap_idex_l1b_sci-10days_20260110_v002.cdf,
19-Jan-2026 8:50:38,19,Triggered,,,,imap_idex_l1b_sci-10days_20260110_v002.cdf,
19-Jan-2026 8:50:48,19,Triggered,,,,imap_idex_l1b_sci-10days_20260110_v002.cdf,
19-Jan-2026 8:51:28,19,Triggered,,,,imap_idex_l1b_sci-10days_20260110_v002.cdf,
19-Jan-2026 8:53:29,19,Triggered,,,,imap_idex_l1b_sci-10days_20260110_v002.cdf,
19-Jan-2026 8:53:39,19,Triggered,,,,imap_idex_l1b_sci-10days_20260110_v002.cdf,
19-Jan-2026 8:53:54,19,Triggered,,,,imap_idex_l1b_sci-10days_20260110_v002.cdf,
19-Jan-2026 8:54:12,19,Triggered,,,,imap_idex_l1b_sci-10days_20260110_v002.cdf,
19-Jan-2026 8:56:24,19,Triggered,,,,imap_idex_l1b_sci-10days_20260110_v002.cdf,
19-Jan-2026 8:56:44,19,Triggered,,,,imap_idex_l1b_sci-10days_20260110_v002.cdf,
19-Jan-2026 8:58:11,19,Triggered,,,,imap_idex_l1b_sci-10days_20260110_v002.cdf,
19-Jan-2026 8:58:37,19,Triggered,,,,imap_idex_l1b_sci-10days_20260110_v002.cdf,
19-Jan-2026 8:59:54,19,Triggered,,,,imap_idex_l1b_sci-10days_20260110_v002.cdf,
19-Jan-2026 9:01:21,19,Triggered,,,,imap_idex_l1b_sci-10days_20260110_v002.cdf,
19-Jan-2026 9:01:58,19,Triggered,,,,imap_idex_l1b_sci-10days_20260110_v002.cdf,
19-Jan-2026 9:03:07,19,Triggered,,,,imap_idex_l1b_sci-10days_20260110_v002.cdf,
19-Jan-2026 9:03:31,19,Triggered,,,,imap_idex_l1b_sci-10days_20260110_v002.cdf,
19-Jan-2026 9:05:22,19,Triggered,,,,imap_idex_l1b_sci-10days_20260110_v002.cdf,
19-Jan-2026 9:06:12,19,Triggered,,,,imap_idex_l1b_sci-10days_20260110_v002.cdf,
19-Jan-2026 9:08:19,19,Triggered,,,,imap_idex_l1b_sci-10days_20260110_v002.cdf,
19-Jan-2026 9:11:17,19,Triggered,,,,imap_idex_l1b_sci-10days_20260110_v002.cdf,
19-Jan-2026 9:12:03,19,Triggered,,,,imap_idex_l1b_sci-10days_20260110_v002.cdf,
19-Jan-2026 9:12:11,19,Triggered,,,,imap_idex_l1b_sci-10days_20260110_v002.cdf,
19-Jan-2026 9:12:36,19,Triggered,,,,imap_idex_l1b_sci-10days_20260110_v002.cdf,
19-Jan-2026 9:19:03,19,Triggered,,,,imap_idex_l1b_sci-10days_20260110_v002.cdf,
19-Jan-2026 9:20:36,19,Triggered,,,,imap_idex_l1b_sci-10days_20260110_v002.cdf,
19-Jan-2026 9:22:00,19,Triggered,,,,imap_idex_l1b_sci-10days_20260110_v002.cdf,
19-Jan-2026 9:22:29,19,Triggered,,,,imap_idex_l1b_sci-10days_20260110_v002.cdf,
19-Jan-2026 9:29:27,19,Triggered,,,,imap_idex_l1b_sci-10days_20260110_v002.cdf,
19-Jan-2026 9:30:49,19,Triggered,,,,imap_idex_l1b_sci-10days_20260110_v002.cdf,
19-Jan-2026 9:32:00,19,Triggered,,,,imap_idex_l1b_sci-10days_20260110_v002.cdf,
19-Jan-2026 9:34:56,19,Triggered,,,,imap_idex_l1b_sci-10days_20260110_v002.cdf,
19-Jan-2026 9:35:30,19,Triggered,,,,imap_idex_l1b_sci-10days_20260110_v002.cdf,
19-Jan-2026 9:35:44,19,Triggered,,,,imap_idex_l1b_sci-10days_20260110_v002.cdf,
19-Jan-2026 9:37:29,19,Triggered,,,,imap_idex_l1b_sci-10days_20260110_v002.cdf,
19-Jan-2026 9:37:43,19,Triggered,,,,imap_idex_l1b_sci-10days_20260110_v002.cdf,
19-Jan-2026 9:37:56,19,Triggered,,,,imap_idex_l1b_sci-10days_20260110_v002.cdf,
19-Jan-2026 9:38:04,19,Triggered,,,,imap_idex_l1b_sci-10days_20260110_v002.cdf,
19-Jan-2026 9:38:28,19,Triggered,,,,imap_idex_l1b_sci-10days_20260110_v002.cdf,
19-Jan-2026 9:38:49,19,Triggered,,,,imap_idex_l1b_sci-10days_20260110_v002.cdf,
19-Jan-2026 9:39:04,19,Triggered,,,,imap_idex_l1b_sci-10days_20260110_v002.cdf,
19-Jan-2026 9:40:20,19,Triggered,,,,imap_idex_l1b_sci-10days_20260110_v002.cdf,
19-Jan-2026 9:40:47,19,Triggered,,,,imap_idex_l1b_sci-10days_20260110_v002.cdf,
19-Jan-2026 9:41:09,19,Triggered,,,,imap_idex_l1b_sci-10days_20260110_v002.cdf,
19-Jan-2026 9:41:48,19,Triggered,,,,imap_idex_l1b_sci-10days_20260110_v002.cdf,
19-Jan-2026 9:41:56,19,Triggered,,,,imap_idex_l1b_sci-10days_20260110_v002.cdf,
19-Jan-2026 9:42:26,19,Triggered,,,,imap_idex_l1b_sci-10days_20260110_v002.cdf,
19-Jan-2026 9:43:54,19,Triggered,,,,imap_idex_l1b_sci-10days_20260110_v002.cdf,
19-Jan-2026 9:44:59,19,Triggered,,,,imap_idex_l1b_sci-10days_20260110_v002.cdf,
19-Jan-2026 9:45:40,19,Triggered,,,,imap_idex_l1b_sci-10days_20260110_v002.cdf,
19-Jan-2026 9:46:13,19,Triggered,,,,imap_idex_l1b_sci-10days_20260110_v002.cdf,
19-Jan-2026 9:46:28,19,Triggered,,,,imap_idex_l1b_sci-10days_20260110_v002.cdf,
19-Jan-2026 9:47:07,19,Triggered,,,,imap_idex_l1b_sci-10days_20260110_v002.cdf,
19-Jan-2026 9:47:24,19,Triggered,,,,imap_idex_l1b_sci-10days_20260110_v002.cdf,
19-Jan-2026 9:50:24,19,Triggered,,,,imap_idex_l1b_sci-10days_20260110_v002.cdf,
19-Jan-2026 9:50:53,19,Triggered,,,,imap_idex_l1b_sci-10days_20260110_v002.cdf,
19-Jan-2026 9:51:36,19,Triggered,,,,imap_idex_l1b_sci-10days_20260110_v002.cdf,
19-Jan-2026 9:53:38,19,Triggered,,,,imap_idex_l1b_sci-10days_20260110_v002.cdf,
19-Jan-2026 9:55:25,19,Triggered,,,,imap_idex_l1b_sci-10days_20260110_v002.cdf,
19-Jan-2026 9:56:06,19,Triggered,,,,imap_idex_l1b_sci-10days_20260110_v002.cdf,
19-Jan-2026 9:56:43,19,Triggered,,,,imap_idex_l1b_sci-10days_20260110_v002.cdf,
19-Jan-2026 9:57:23,19,Triggered,,,,imap_idex_l1b_sci-10days_20260110_v002.cdf,
19-Jan-2026 9:58:29,19,Triggered,,,,imap_idex_l1b_sci-10days_20260110_v002.cdf,
19-Jan-2026 10:00:02,19,Triggered,,,,imap_idex_l1b_sci-10days_20260110_v002.cdf,
19-Jan-2026 10:02:16,19,Triggered,,,,imap_idex_l1b_sci-10days_20260110_v002.cdf,
19-Jan-2026 10:03:28,19,Triggered,,,,imap_idex_l1b_sci-10days_20260110_v002.cdf,
19-Jan-2026 10:09:04,19,Triggered,,,,imap_idex_l1b_sci-10days_20260110_v002.cdf,
19-Jan-2026 10:09:43,19,Triggered,,,,imap_idex_l1b_sci-10days_20260110_v002.cdf,
19-Jan-2026 10:11:57,19,Triggered,,,,imap_idex_l1b_sci-10days_20260110_v002.cdf,
19-Jan-2026 10:13:44,19,Triggered,,,,imap_idex_l1b_sci-10days_20260110_v002.cdf,
19-Jan-2026 10:14:00,19,Triggered,,,,imap_idex_l1b_sci-10days_20260110_v002.cdf,
19-Jan-2026 10:17:20,19,Triggered,,,,imap_idex_l1b_sci-10days_20260110_v002.cdf,
19-Jan-2026 10:18:31,19,Triggered,,,,imap_idex_l1b_sci-10days_20260110_v002.cdf,
19-Jan-2026 10:18:44,19,Triggered,,,,imap_idex_l1b_sci-10days_20260110_v002.cdf,
19-Jan-2026 10:19:17,19,Triggered,,,,imap_idex_l1b_sci-10days_20260110_v002.cdf,
19-Jan-2026 10:21:48,19,Triggered,,,,imap_idex_l1b_sci-10days_20260110_v002.cdf,
19-Jan-2026 10:22:18,19,Triggered,,,,imap_idex_l1b_sci-10days_20260110_v002.cdf,
19-Jan-2026 10:24:27,19,Triggered,,,,imap_idex_l1b_sci-10days_20260110_v002.cdf,
19-Jan-2026 10:24:45,19,Triggered,,,,imap_idex_l1b_sci-10days_20260110_v002.cdf,
19-Jan-2026 10:27:01,19,Triggered,,,,imap_idex_l1b_sci-10days_20260110_v002.cdf,
19-Jan-2026 10:27:59,19,Triggered,,,,imap_idex_l1b_sci-10days_20260110_v002.cdf,
19-Jan-2026 10:28:09,19,Triggered,,,,imap_idex_l1b_sci-10days_20260110_v002.cdf,
19-Jan-2026 10:30:06,19,Triggered,,,,imap_idex_l1b_sci-10days_20260110_v002.cdf,
19-Jan-2026 10:30:34,19,Triggered,,,,imap_idex_l1b_sci-10days_20260110_v002.cdf,
19-Jan-2026 10:31:23,19,Triggered,,,,imap_idex_l1b_sci-10days_20260110_v002.cdf,
19-Jan-2026 10:31:31,19,Triggered,,,,imap_idex_l1b_sci-10days_20260110_v002.cdf,
19-Jan-2026 10:32:28,19,Triggered,,,,imap_idex_l1b_sci-10days_20260110_v002.cdf,
19-Jan-2026 10:33:14,19,Triggered,,,,imap_idex_l1b_sci-10days_20260110_v002.cdf,
19-Jan-2026 10:33:46,19,Triggered,,,,imap_idex_l1b_sci-10days_20260110_v002.cdf,
19-Jan-2026 10:34:42,19,Triggered,,,,imap_idex_l1b_sci-10days_20260110_v002.cdf,
19-Jan-2026 10:36:42,19,Triggered,,,,imap_idex_l1b_sci-10days_20260110_v002.cdf,
19-Jan-2026 10:37:48,19,Triggered,,,,imap_idex_l1b_sci-10days_20260110_v002.cdf,
19-Jan-2026 10:38:16,19,Triggered,,,,imap_idex_l1b_sci-10days_20260110_v002.cdf,
19-Jan-2026 10:39:33,19,Triggered,,,,imap_idex_l1b_sci-10days_20260110_v002.cdf,
19-Jan-2026 10:40:30,19,Triggered,,,,imap_idex_l1b_sci-10days_20260110_v002.cdf,
19-Jan-2026 10:40:41,19,Triggered,,,,imap_idex_l1b_sci-10days_20260110_v002.cdf,
19-Jan-2026 10:40:48,19,Triggered,,,,imap_idex_l1b_sci-10days_20260110_v002.cdf,
19-Jan-2026 10:40:55,19,Triggered,,,,imap_idex_l1b_sci-10days_20260110_v002.cdf,
19-Jan-2026 10:41:15,19,Triggered,,,,imap_idex_l1b_sci-10days_20260110_v002.cdf,
19-Jan-2026 10:44:19,19,Triggered,,,,imap_idex_l1b_sci-10days_20260110_v002.cdf,
19-Jan-2026 10:44:44,19,Triggered,,,,imap_idex_l1b_sci-10days_20260110_v002.cdf,
19-Jan-2026 10:45:11,19,Triggered,,,,imap_idex_l1b_sci-10days_20260110_v002.cdf,
19-Jan-2026 10:47:44,19,Triggered,,,,imap_idex_l1b_sci-10days_20260110_v002.cdf,
19-Jan-2026 10:48:30,19,Triggered,,,,imap_idex_l1b_sci-10days_20260110_v002.cdf,
19-Jan-2026 10:48:44,19,Triggered,,,,imap_idex_l1b_sci-10days_20260110_v002.cdf,
19-Jan-2026 10:48:52,19,Triggered,,,,imap_idex_l1b_sci-10days_20260110_v002.cdf,
19-Jan-2026 10:49:19,19,Triggered,,,,imap_idex_l1b_sci-10days_20260110_v002.cdf,
19-Jan-2026 10:50:25,19,Triggered,,,,imap_idex_l1b_sci-10days_20260110_v002.cdf,
19-Jan-2026 10:50:36,19,Triggered,,,,imap_idex_l1b_sci-10days_20260110_v002.cdf,
19-Jan-2026 10:50:44,19,Triggered,,,,imap_idex_l1b_sci-10days_20260110_v002.cdf,
19-Jan-2026 10:51:16,19,Triggered,,,,imap_idex_l1b_sci-10days_20260110_v002.cdf,
19-Jan-2026 10:52:30,19,Triggered,,,,imap_idex_l1b_sci-10days_20260110_v002.cdf,
19-Jan-2026 10:55:56,19,Triggered,,,,imap_idex_l1b_sci-10days_20260110_v002.cdf,
19-Jan-2026 10:56:12,19,Triggered,,,,imap_idex_l1b_sci-10days_20260110_v002.cdf,
19-Jan-2026 10:56:39,19,Triggered,,,,imap_idex_l1b_sci-10days_20260110_v002.cdf,
19-Jan-2026 10:58:46,19,Triggered,,,,imap_idex_l1b_sci-10days_20260110_v002.cdf,
19-Jan-2026 10:59:11,19,Triggered,,,,imap_idex_l1b_sci-10days_20260110_v002.cdf,
19-Jan-2026 10:59:34,19,Triggered,,,,imap_idex_l1b_sci-10days_20260110_v002.cdf,
19-Jan-2026 10:59:46,19,Triggered,,,,imap_idex_l1b_sci-10days_20260110_v002.cdf,
19-Jan-2026 11:00:03,19,Triggered,,,,imap_idex_l1b_sci-10days_20260110_v002.cdf,
19-Jan-2026 11:00:19,19,Triggered,,,,imap_idex_l1b_sci-10days_20260110_v002.cdf,
19-Jan-2026 11:01:46,19,Triggered,,,,imap_idex_l1b_sci-10days_20260110_v002.cdf,
19-Jan-2026 11:02:29,19,Triggered,,,,imap_idex_l1b_sci-10days_20260110_v002.cdf,
19-Jan-2026 11:03:51,19,Triggered,,,,imap_idex_l1b_sci-10days_20260110_v002.cdf,
19-Jan-2026 11:06:12,19,Triggered,,,,imap_idex_l1b_sci-10days_20260110_v002.cdf,
19-Jan-2026 11:08:55,19,Triggered,,,,imap_idex_l1b_sci-10days_20260110_v002.cdf,
19-Jan-2026 11:10:55,19,Triggered,,,,imap_idex_l1b_sci-10days_20260110_v002.cdf,
19-Jan-2026 11:12:50,19,Triggered,,,,imap_idex_l1b_sci-10days_20260110_v002.cdf,
19-Jan-2026 11:14:30,19,Triggered,,,,imap_idex_l1b_sci-10days_20260110_v002.cdf,
19-Jan-2026 11:16:14,19,Triggered,,,,imap_idex_l1b_sci-10days_20260110_v002.cdf,
19-Jan-2026 11:18:07,19,Triggered,,,,imap_idex_l1b_sci-10days_20260110_v002.cdf,
19-Jan-2026 11:18:19,19,Triggered,,,,imap_idex_l1b_sci-10days_20260110_v002.cdf,
19-Jan-2026 11:18:46,19,Triggered,,,,imap_idex_l1b_sci-10days_20260110_v002.cdf,
19-Jan-2026 11:18:59,19,Triggered,,,,imap_idex_l1b_sci-10days_20260110_v002.cdf,
19-Jan-2026 11:21:15,19,Triggered,,,,imap_idex_l1b_sci-10days_20260110_v002.cdf,
19-Jan-2026 11:23:42,19,Triggered,,,,imap_idex_l1b_sci-10days_20260110_v002.cdf,
19-Jan-2026 11:25:28,19,Triggered,,,,imap_idex_l1b_sci-10days_20260110_v002.cdf,
19-Jan-2026 11:26:10,19,Triggered,,,,imap_idex_l1b_sci-10days_20260110_v002.cdf,
19-Jan-2026 11:27:00,19,Triggered,,,,imap_idex_l1b_sci-10days_20260110_v002.cdf,
19-Jan-2026 11:29:56,19,Triggered,,,,imap_idex_l1b_sci-10days_20260110_v002.cdf,
19-Jan-2026 11:31:45,19,Triggered,,,,imap_idex_l1b_sci-10days_20260110_v002.cdf,
19-Jan-2026 11:32:11,19,Triggered,,,,imap_idex_l1b_sci-10days_20260110_v002.cdf,
19-Jan-2026 11:32:39,19,Triggered,,,,imap_idex_l1b_sci-10days_20260110_v002.cdf,
19-Jan-2026 11:32:45,19,Triggered,,,,imap_idex_l1b_sci-10days_20260110_v002.cdf,
19-Jan-2026 11:33:13,19,Triggered,,,,imap_idex_l1b_sci-10days_20260110_v002.cdf,
19-Jan-2026 11:34:24,19,Triggered,,,,imap_idex_l1b_sci-10days_20260110_v002.cdf,
19-Jan-2026 11:43:43,19,Triggered,,,,imap_idex_l1b_sci-10days_20260110_v002.cdf,
19-Jan-2026 11:44:03,19,Triggered,,,,imap_idex_l1b_sci-10days_20260110_v002.cdf,
19-Jan-2026 11:44:47,19,Triggered,,,,imap_idex_l1b_sci-10days_20260110_v002.cdf,
19-Jan-2026 11:44:53,19,Triggered,,,,imap_idex_l1b_sci-10days_20260110_v002.cdf,
19-Jan-2026 11:45:34,19,Triggered,,,,imap_idex_l1b_sci-10days_20260110_v002.cdf,
19-Jan-2026 11:45:59,19,Triggered,,,,imap_idex_l1b_sci-10days_20260110_v002.cdf,
19-Jan-2026 11:46:15,19,Triggered,,,,imap_idex_l1b_sci-10days_20260110_v002.cdf,
19-Jan-2026 11:48:14,19,Triggered,,,,imap_idex_l1b_sci-10days_20260110_v002.cdf,
19-Jan-2026 11:48:37,19,Triggered,,,,imap_idex_l1b_sci-10days_20260110_v002.cdf,
19-Jan-2026 11:50:15,19,Triggered,,,,imap_idex_l1b_sci-10days_20260110_v002.cdf,
19-Jan-2026 11:50:41,19,Triggered,,,,imap_idex_l1b_sci-10days_20260110_v002.cdf,
19-Jan-2026 11:50:47,19,Triggered,,,,imap_idex_l1b_sci-10days_20260110_v002.cdf,
19-Jan-2026 11:51:57,19,Triggered,,,,imap_idex_l1b_sci-10days_20260110_v002.cdf,
19-Jan-2026 11:52:36,19,Triggered,,,,imap_idex_l1b_sci-10days_20260110_v002.cdf,
19-Jan-2026 11:54:14,19,Triggered,,,,imap_idex_l1b_sci-10days_20260110_v002.cdf,
19-Jan-2026 11:56:20,19,Triggered,,,,imap_idex_l1b_sci-10days_20260110_v002.cdf,
19-Jan-2026 11:56:30,19,Triggered,,,,imap_idex_l1b_sci-10days_20260110_v002.cdf,
19-Jan-2026 11:56:41,19,Triggered,,,,imap_idex_l1b_sci-10days_20260110_v002.cdf,
19-Jan-2026 11:58:01,19,Triggered,,,,imap_idex_l1b_sci-10days_20260110_v002.cdf,
19-Jan-2026 12:00:00,19,Triggered,,,,imap_idex_l1b_sci-10days_20260110_v002.cdf,
19-Jan-2026 12:01:16,19,Triggered,,,,imap_idex_l1b_sci-10days_20260110_v002.cdf,
19-Jan-2026 12:01:23,19,Triggered,,,,imap_idex_l1b_sci-10days_20260110_v002.cdf,
19-Jan-2026 12:01:30,19,Triggered,,,,imap_idex_l1b_sci-10days_20260110_v002.cdf,
19-Jan-2026 12:01:34,19,Triggered,,,,imap_idex_l1b_sci-10days_20260110_v002.cdf,
19-Jan-2026 12:01:45,19,Triggered,,,,imap_idex_l1b_sci-10days_20260110_v002.cdf,
19-Jan-2026 12:02:19,19,Triggered,,,,imap_idex_l1b_sci-10days_20260110_v002.cdf,
19-Jan-2026 12:02:45,19,Triggered,,,,imap_idex_l1b_sci-10days_20260110_v002.cdf,
19-Jan-2026 12:03:46,19,Triggered,,,,imap_idex_l1b_sci-10days_20260110_v002.cdf,
19-Jan-2026 12:05:00,19,Triggered,,,,imap_idex_l1b_sci-10days_20260110_v002.cdf,
19-Jan-2026 12:05:46,19,Triggered,,,,imap_idex_l1b_sci-10days_20260110_v002.cdf,
20-Jan-2026 0:02:30,20,Triggered,,,,imap_idex_l1b_sci-10days_20260120_v002.cdf,
20-Jan-2026 0:02:56,20,Triggered,,,,imap_idex_l1b_sci-10days_20260120_v002.cdf,
20-Jan-2026 0:03:51,20,Triggered,,,,imap_idex_l1b_sci-10days_20260120_v002.cdf,
20-Jan-2026 0:06:36,20,Triggered,,,,imap_idex_l1b_sci-10days_20260120_v002.cdf,
20-Jan-2026 0:06:55,20,Triggered,,,,imap_idex_l1b_sci-10days_20260120_v002.cdf,
20-Jan-2026 0:07:34,20,Triggered,,,,imap_idex_l1b_sci-10days_20260120_v002.cdf,
20-Jan-2026 0:08:14,20,Triggered,,,,imap_idex_l1b_sci-10days_20260120_v002.cdf,
20-Jan-2026 0:08:20,20,Triggered,,,,imap_idex_l1b_sci-10days_20260120_v002.cdf,
20-Jan-2026 0:09:03,20,Triggered,,,,imap_idex_l1b_sci-10days_20260120_v002.cdf,
20-Jan-2026 0:10:46,20,Triggered,,,,imap_idex_l1b_sci-10days_20260120_v002.cdf,
20-Jan-2026 0:12:30,20,Triggered,,,,imap_idex_l1b_sci-10days_20260120_v002.cdf,
20-Jan-2026 0:13:27,20,Triggered,,,,imap_idex_l1b_sci-10days_20260120_v002.cdf,
20-Jan-2026 0:13:45,20,Triggered,,,,imap_idex_l1b_sci-10days_20260120_v002.cdf,
20-Jan-2026 0:18:36,20,Triggered,,,,imap_idex_l1b_sci-10days_20260120_v002.cdf,
20-Jan-2026 0:18:42,20,Triggered,,,,imap_idex_l1b_sci-10days_20260120_v002.cdf,
20-Jan-2026 0:21:22,20,Triggered,,,,imap_idex_l1b_sci-10days_20260120_v002.cdf,
20-Jan-2026 0:21:46,20,Triggered,,,,imap_idex_l1b_sci-10days_20260120_v002.cdf,
20-Jan-2026 0:22:10,20,Triggered,,,,imap_idex_l1b_sci-10days_20260120_v002.cdf,
20-Jan-2026 0:24:30,20,Triggered,,,,imap_idex_l1b_sci-10days_20260120_v002.cdf,
20-Jan-2026 0:24:41,20,Triggered,,,,imap_idex_l1b_sci-10days_20260120_v002.cdf,
20-Jan-2026 0:27:26,20,Triggered,,,,imap_idex_l1b_sci-10days_20260120_v002.cdf,
20-Jan-2026 0:27:57,20,Triggered,,,,imap_idex_l1b_sci-10days_20260120_v002.cdf,
20-Jan-2026 0:31:18,20,Triggered,,,,imap_idex_l1b_sci-10days_20260120_v002.cdf,
20-Jan-2026 0:33:48,20,Triggered,,,,imap_idex_l1b_sci-10days_20260120_v002.cdf,
20-Jan-2026 0:36:42,20,Triggered,,,,imap_idex_l1b_sci-10days_20260120_v002.cdf,
20-Jan-2026 0:43:32,20,Triggered,Dust,,,imap_idex_l1b_sci-10days_20260120_v002.cdf,
20-Jan-2026 0:44:48,20,Triggered,,,,imap_idex_l1b_sci-10days_20260120_v002.cdf,
20-Jan-2026 0:45:17,20,Triggered,,,,imap_idex_l1b_sci-10days_20260120_v002.cdf,
20-Jan-2026 0:59:38,20,Triggered,,,,imap_idex_l1b_sci-10days_20260120_v002.cdf,
20-Jan-2026 1:00:57,20,Triggered,,,,imap_idex_l1b_sci-10days_20260120_v002.cdf,
20-Jan-2026 1:04:28,20,Triggered,,,,imap_idex_l1b_sci-10days_20260120_v002.cdf,
20-Jan-2026 1:05:00,20,Triggered,,,,imap_idex_l1b_sci-10days_20260120_v002.cdf,
20-Jan-2026 1:06:37,20,Triggered,,,,imap_idex_l1b_sci-10days_20260120_v002.cdf,
20-Jan-2026 1:07:24,20,Triggered,,,,imap_idex_l1b_sci-10days_20260120_v002.cdf,
20-Jan-2026 1:12:22,20,Triggered,,,,imap_idex_l1b_sci-10days_20260120_v002.cdf,
20-Jan-2026 1:16:27,20,Triggered,,,,imap_idex_l1b_sci-10days_20260120_v002.cdf,
20-Jan-2026 1:17:19,20,Triggered,,,,imap_idex_l1b_sci-10days_20260120_v002.cdf,
20-Jan-2026 1:19:07,20,Triggered,,,,imap_idex_l1b_sci-10days_20260120_v002.cdf,
20-Jan-2026 1:19:43,20,Triggered,,,,imap_idex_l1b_sci-10days_20260120_v002.cdf,
20-Jan-2026 1:24:45,20,Triggered,,,,imap_idex_l1b_sci-10days_20260120_v002.cdf,
20-Jan-2026 1:26:26,20,Triggered,,,,imap_idex_l1b_sci-10days_20260120_v002.cdf,
20-Jan-2026 1:28:08,20,Triggered,,,,imap_idex_l1b_sci-10days_20260120_v002.cdf,
20-Jan-2026 1:29:31,20,Triggered,,,,imap_idex_l1b_sci-10days_20260120_v002.cdf,
20-Jan-2026 1:30:39,20,Triggered,,,,imap_idex_l1b_sci-10days_20260120_v002.cdf,
20-Jan-2026 1:34:02,20,Triggered,,,,imap_idex_l1b_sci-10days_20260120_v002.cdf,
20-Jan-2026 1:37:30,20,Triggered,,,,imap_idex_l1b_sci-10days_20260120_v002.cdf,
20-Jan-2026 1:39:29,20,Triggered,,,,imap_idex_l1b_sci-10days_20260120_v002.cdf,
20-Jan-2026 1:42:52,20,Triggered,,,,imap_idex_l1b_sci-10days_20260120_v002.cdf,
20-Jan-2026 1:43:13,20,Triggered,,,,imap_idex_l1b_sci-10days_20260120_v002.cdf,
20-Jan-2026 1:44:20,20,Triggered,,,,imap_idex_l1b_sci-10days_20260120_v002.cdf,
20-Jan-2026 1:45:27,20,Triggered,,,,imap_idex_l1b_sci-10days_20260120_v002.cdf,
20-Jan-2026 1:47:15,20,Triggered,,,,imap_idex_l1b_sci-10days_20260120_v002.cdf,
20-Jan-2026 1:48:53,20,Triggered,,,,imap_idex_l1b_sci-10days_20260120_v002.cdf,
20-Jan-2026 1:52:27,20,Triggered,,,,imap_idex_l1b_sci-10days_20260120_v002.cdf,
20-Jan-2026 1:53:38,20,Triggered,,,,imap_idex_l1b_sci-10days_20260120_v002.cdf,
20-Jan-2026 1:59:21,20,Triggered,,,,imap_idex_l1b_sci-10days_20260120_v002.cdf,
20-Jan-2026 1:59:41,20,Triggered,,,,imap_idex_l1b_sci-10days_20260120_v002.cdf,
20-Jan-2026 2:00:38,20,Triggered,,,,imap_idex_l1b_sci-10days_20260120_v002.cdf,
20-Jan-2026 2:07:33,20,Triggered,,,,imap_idex_l1b_sci-10days_20260120_v002.cdf,
20-Jan-2026 2:10:15,20,Triggered,,,,imap_idex_l1b_sci-10days_20260120_v002.cdf,
20-Jan-2026 2:11:21,20,Triggered,,,,imap_idex_l1b_sci-10days_20260120_v002.cdf,
20-Jan-2026 2:12:13,20,Triggered,,,,imap_idex_l1b_sci-10days_20260120_v002.cdf,
20-Jan-2026 2:13:43,20,Triggered,,,,imap_idex_l1b_sci-10days_20260120_v002.cdf,
20-Jan-2026 2:19:26,20,Triggered,,,,imap_idex_l1b_sci-10days_20260120_v002.cdf,
20-Jan-2026 2:19:41,20,Triggered,,,,imap_idex_l1b_sci-10days_20260120_v002.cdf,
20-Jan-2026 2:20:31,20,Triggered,,,,imap_idex_l1b_sci-10days_20260120_v002.cdf,
20-Jan-2026 2:24:31,20,Triggered,,,,imap_idex_l1b_sci-10days_20260120_v002.cdf,
20-Jan-2026 2:26:48,20,Triggered,,,,imap_idex_l1b_sci-10days_20260120_v002.cdf,
20-Jan-2026 2:29:45,20,Triggered,,,,imap_idex_l1b_sci-10days_20260120_v002.cdf,
20-Jan-2026 2:33:12,20,Triggered,,,,imap_idex_l1b_sci-10days_20260120_v002.cdf,
20-Jan-2026 2:47:21,20,Triggered,,,,imap_idex_l1b_sci-10days_20260120_v002.cdf,
20-Jan-2026 2:47:30,20,Triggered,,,,imap_idex_l1b_sci-10days_20260120_v002.cdf,
20-Jan-2026 2:48:50,20,Triggered,,,,imap_idex_l1b_sci-10days_20260120_v002.cdf,
20-Jan-2026 2:49:18,20,Triggered,,,,imap_idex_l1b_sci-10days_20260120_v002.cdf,
20-Jan-2026 2:50:51,20,Triggered,,,,imap_idex_l1b_sci-10days_20260120_v002.cdf,
20-Jan-2026 2:56:35,20,Triggered,,,,imap_idex_l1b_sci-10days_20260120_v002.cdf,
20-Jan-2026 2:57:42,20,Triggered,,,,imap_idex_l1b_sci-10days_20260120_v002.cdf,
20-Jan-2026 2:58:41,20,Triggered,,,,imap_idex_l1b_sci-10days_20260120_v002.cdf,
20-Jan-2026 3:02:12,20,Triggered,,,,imap_idex_l1b_sci-10days_20260120_v002.cdf,
20-Jan-2026 3:04:26,20,Triggered,,,,imap_idex_l1b_sci-10days_20260120_v002.cdf,
20-Jan-2026 3:08:56,20,Triggered,,,,imap_idex_l1b_sci-10days_20260120_v002.cdf,
20-Jan-2026 3:09:25,20,Triggered,,,,imap_idex_l1b_sci-10days_20260120_v002.cdf,
20-Jan-2026 3:10:47,20,Triggered,,,,imap_idex_l1b_sci-10days_20260120_v002.cdf,
20-Jan-2026 3:13:14,20,Triggered,,,,imap_idex_l1b_sci-10days_20260120_v002.cdf,
20-Jan-2026 3:14:19,20,Triggered,,,,imap_idex_l1b_sci-10days_20260120_v002.cdf,
20-Jan-2026 3:14:35,20,Triggered,,,,imap_idex_l1b_sci-10days_20260120_v002.cdf,
20-Jan-2026 3:16:14,20,Triggered,,,,imap_idex_l1b_sci-10days_20260120_v002.cdf,
20-Jan-2026 3:21:18,20,Triggered,,,,imap_idex_l1b_sci-10days_20260120_v002.cdf,
20-Jan-2026 3:21:52,20,Triggered,,,,imap_idex_l1b_sci-10days_20260120_v002.cdf,
20-Jan-2026 3:23:15,20,Triggered,,,,imap_idex_l1b_sci-10days_20260120_v002.cdf,
20-Jan-2026 3:25:54,20,Triggered,,,,imap_idex_l1b_sci-10days_20260120_v002.cdf,
20-Jan-2026 3:27:31,20,Triggered,,,,imap_idex_l1b_sci-10days_20260120_v002.cdf,
20-Jan-2026 3:28:18,20,Triggered,,,,imap_idex_l1b_sci-10days_20260120_v002.cdf,
20-Jan-2026 3:30:35,20,Triggered,,,,imap_idex_l1b_sci-10days_20260120_v002.cdf,
20-Jan-2026 3:32:03,20,Triggered,,,,imap_idex_l1b_sci-10days_20260120_v002.cdf,
20-Jan-2026 3:35:16,20,Triggered,,,,imap_idex_l1b_sci-10days_20260120_v002.cdf,
20-Jan-2026 3:38:32,20,Triggered,,,,imap_idex_l1b_sci-10days_20260120_v002.cdf,
20-Jan-2026 3:39:00,20,Triggered,,,,imap_idex_l1b_sci-10days_20260120_v002.cdf,
20-Jan-2026 3:40:04,20,Triggered,,,,imap_idex_l1b_sci-10days_20260120_v002.cdf,
20-Jan-2026 3:41:37,20,Triggered,,,,imap_idex_l1b_sci-10days_20260120_v002.cdf,
20-Jan-2026 3:43:03,20,Triggered,,,,imap_idex_l1b_sci-10days_20260120_v002.cdf,
20-Jan-2026 3:43:48,20,Triggered,,,,imap_idex_l1b_sci-10days_20260120_v002.cdf,
20-Jan-2026 3:45:27,20,Triggered,,,,imap_idex_l1b_sci-10days_20260120_v002.cdf,
20-Jan-2026 3:48:32,20,Triggered,,,,imap_idex_l1b_sci-10days_20260120_v002.cdf,
20-Jan-2026 3:48:38,20,Triggered,Dust,,,imap_idex_l1b_sci-10days_20260120_v002.cdf,
20-Jan-2026 3:50:14,20,Triggered,,,,imap_idex_l1b_sci-10days_20260120_v002.cdf,
20-Jan-2026 3:50:54,20,Triggered,,,,imap_idex_l1b_sci-10days_20260120_v002.cdf,
20-Jan-2026 3:53:09,20,Triggered,,,,imap_idex_l1b_sci-10days_20260120_v002.cdf,
20-Jan-2026 3:53:32,20,Triggered,,,,imap_idex_l1b_sci-10days_20260120_v002.cdf,
20-Jan-2026 3:59:08,20,Triggered,,,,imap_idex_l1b_sci-10days_20260120_v002.cdf,
20-Jan-2026 4:00:59,20,Triggered,,,,imap_idex_l1b_sci-10days_20260120_v002.cdf,
20-Jan-2026 4:04:13,20,Triggered,,,,imap_idex_l1b_sci-10days_20260120_v002.cdf,
20-Jan-2026 4:08:31,20,Triggered,,,,imap_idex_l1b_sci-10days_20260120_v002.cdf,
20-Jan-2026 4:09:17,20,Triggered,,,,imap_idex_l1b_sci-10days_20260120_v002.cdf,
20-Jan-2026 4:10:10,20,Triggered,,,,imap_idex_l1b_sci-10days_20260120_v002.cdf,
20-Jan-2026 4:11:18,20,Triggered,,,,imap_idex_l1b_sci-10days_20260120_v002.cdf,
20-Jan-2026 4:12:09,20,Triggered,,,,imap_idex_l1b_sci-10days_20260120_v002.cdf,
20-Jan-2026 4:12:18,20,Triggered,,,,imap_idex_l1b_sci-10days_20260120_v002.cdf,
20-Jan-2026 4:12:23,20,Triggered,,,,imap_idex_l1b_sci-10days_20260120_v002.cdf,
20-Jan-2026 4:20:33,20,Triggered,,,,imap_idex_l1b_sci-10days_20260120_v002.cdf,
20-Jan-2026 4:29:02,20,Triggered,,,,imap_idex_l1b_sci-10days_20260120_v002.cdf,
20-Jan-2026 4:40:55,20,Triggered,,,,imap_idex_l1b_sci-10days_20260120_v002.cdf,
20-Jan-2026 4:42:11,20,Triggered,,,,imap_idex_l1b_sci-10days_20260120_v002.cdf,
20-Jan-2026 4:43:19,20,Triggered,,,,imap_idex_l1b_sci-10days_20260120_v002.cdf,
20-Jan-2026 4:45:20,20,Triggered,,,,imap_idex_l1b_sci-10days_20260120_v002.cdf,
20-Jan-2026 4:45:48,20,Triggered,,,,imap_idex_l1b_sci-10days_20260120_v002.cdf,
20-Jan-2026 5:01:48,20,Triggered,,,,imap_idex_l1b_sci-10days_20260120_v002.cdf,
20-Jan-2026 5:02:39,20,Triggered,,,,imap_idex_l1b_sci-10days_20260120_v002.cdf,
20-Jan-2026 5:04:57,20,Triggered,,,,imap_idex_l1b_sci-10days_20260120_v002.cdf,
20-Jan-2026 5:05:33,20,Triggered,,,,imap_idex_l1b_sci-10days_20260120_v002.cdf,
20-Jan-2026 5:06:37,20,Triggered,,,,imap_idex_l1b_sci-10days_20260120_v002.cdf,
20-Jan-2026 5:06:49,20,Triggered,,,,imap_idex_l1b_sci-10days_20260120_v002.cdf,
20-Jan-2026 5:09:10,20,Triggered,,,,imap_idex_l1b_sci-10days_20260120_v002.cdf,
20-Jan-2026 5:11:30,20,Triggered,,,,imap_idex_l1b_sci-10days_20260120_v002.cdf,
20-Jan-2026 5:13:17,20,Triggered,,,,imap_idex_l1b_sci-10days_20260120_v002.cdf,
20-Jan-2026 5:14:19,20,Triggered,,,,imap_idex_l1b_sci-10days_20260120_v002.cdf,
20-Jan-2026 5:15:48,20,Triggered,,,,imap_idex_l1b_sci-10days_20260120_v002.cdf,
20-Jan-2026 5:18:23,20,Triggered,,,,imap_idex_l1b_sci-10days_20260120_v002.cdf,
20-Jan-2026 5:20:42,20,Triggered,,,,imap_idex_l1b_sci-10days_20260120_v002.cdf,
20-Jan-2026 5:21:31,20,Triggered,,,,imap_idex_l1b_sci-10days_20260120_v002.cdf,
20-Jan-2026 5:23:59,20,Triggered,,,,imap_idex_l1b_sci-10days_20260120_v002.cdf,
20-Jan-2026 5:26:18,20,Triggered,,,,imap_idex_l1b_sci-10days_20260120_v002.cdf,
20-Jan-2026 5:28:06,20,Triggered,,,,imap_idex_l1b_sci-10days_20260120_v002.cdf,
20-Jan-2026 5:28:36,20,Triggered,,,,imap_idex_l1b_sci-10days_20260120_v002.cdf,
20-Jan-2026 5:29:28,20,Triggered,,,,imap_idex_l1b_sci-10days_20260120_v002.cdf,
20-Jan-2026 5:30:08,20,Triggered,,,,imap_idex_l1b_sci-10days_20260120_v002.cdf,
20-Jan-2026 5:34:30,20,Triggered,,,,imap_idex_l1b_sci-10days_20260120_v002.cdf,
20-Jan-2026 5:35:19,20,Triggered,,,,imap_idex_l1b_sci-10days_20260120_v002.cdf,
20-Jan-2026 5:36:00,20,Triggered,,,,imap_idex_l1b_sci-10days_20260120_v002.cdf,
20-Jan-2026 5:36:11,20,Triggered,,,,imap_idex_l1b_sci-10days_20260120_v002.cdf,
20-Jan-2026 5:36:39,20,Triggered,,,,imap_idex_l1b_sci-10days_20260120_v002.cdf,
20-Jan-2026 5:38:38,20,Triggered,,,,imap_idex_l1b_sci-10days_20260120_v002.cdf,
20-Jan-2026 5:39:22,20,Triggered,,,,imap_idex_l1b_sci-10days_20260120_v002.cdf,
20-Jan-2026 5:39:41,20,Triggered,,,,imap_idex_l1b_sci-10days_20260120_v002.cdf,
20-Jan-2026 5:40:04,20,Triggered,,,,imap_idex_l1b_sci-10days_20260120_v002.cdf,
20-Jan-2026 5:40:22,20,Triggered,,,,imap_idex_l1b_sci-10days_20260120_v002.cdf,
20-Jan-2026 5:40:53,20,Triggered,,,,imap_idex_l1b_sci-10days_20260120_v002.cdf,
20-Jan-2026 5:41:01,20,Triggered,,,,imap_idex_l1b_sci-10days_20260120_v002.cdf,
20-Jan-2026 5:42:38,20,Triggered,,,,imap_idex_l1b_sci-10days_20260120_v002.cdf,
20-Jan-2026 5:43:16,20,Triggered,,,,imap_idex_l1b_sci-10days_20260120_v002.cdf,
20-Jan-2026 5:43:37,20,Triggered,,,,imap_idex_l1b_sci-10days_20260120_v002.cdf,
20-Jan-2026 5:44:22,20,Triggered,,,,imap_idex_l1b_sci-10days_20260120_v002.cdf,
20-Jan-2026 5:45:38,20,Triggered,,,,imap_idex_l1b_sci-10days_20260120_v002.cdf,
20-Jan-2026 5:46:15,20,Triggered,,,,imap_idex_l1b_sci-10days_20260120_v002.cdf,
20-Jan-2026 5:46:58,20,Triggered,,,,imap_idex_l1b_sci-10days_20260120_v002.cdf,
20-Jan-2026 5:48:49,20,Triggered,,,,imap_idex_l1b_sci-10days_20260120_v002.cdf,
20-Jan-2026 5:51:04,20,Triggered,,,,imap_idex_l1b_sci-10days_20260120_v002.cdf,
20-Jan-2026 5:51:23,20,Triggered,,,,imap_idex_l1b_sci-10days_20260120_v002.cdf,
20-Jan-2026 5:51:36,20,Triggered,,,,imap_idex_l1b_sci-10days_20260120_v002.cdf,
20-Jan-2026 5:51:59,20,Triggered,,,,imap_idex_l1b_sci-10days_20260120_v002.cdf,
20-Jan-2026 5:52:54,20,Triggered,,,,imap_idex_l1b_sci-10days_20260120_v002.cdf,
20-Jan-2026 5:54:18,20,Triggered,,,,imap_idex_l1b_sci-10days_20260120_v002.cdf,
20-Jan-2026 5:55:37,20,Triggered,,,,imap_idex_l1b_sci-10days_20260120_v002.cdf,
20-Jan-2026 5:56:09,20,Triggered,,,,imap_idex_l1b_sci-10days_20260120_v002.cdf,
20-Jan-2026 5:56:38,20,Triggered,,,,imap_idex_l1b_sci-10days_20260120_v002.cdf,
20-Jan-2026 5:56:44,20,Triggered,,,,imap_idex_l1b_sci-10days_20260120_v002.cdf,
20-Jan-2026 5:56:59,20,Triggered,,,,imap_idex_l1b_sci-10days_20260120_v002.cdf,
20-Jan-2026 5:57:29,20,Triggered,,,,imap_idex_l1b_sci-10days_20260120_v002.cdf,
20-Jan-2026 5:59:10,20,Triggered,,,,imap_idex_l1b_sci-10days_20260120_v002.cdf,
20-Jan-2026 5:59:25,20,Triggered,,,,imap_idex_l1b_sci-10days_20260120_v002.cdf,
20-Jan-2026 5:59:38,20,Triggered,,,,imap_idex_l1b_sci-10days_20260120_v002.cdf,
20-Jan-2026 5:59:42,20,Triggered,,,,imap_idex_l1b_sci-10days_20260120_v002.cdf,
20-Jan-2026 5:59:52,20,Triggered,,,,imap_idex_l1b_sci-10days_20260120_v002.cdf,
20-Jan-2026 6:00:10,20,Triggered,,,,imap_idex_l1b_sci-10days_20260120_v002.cdf,
20-Jan-2026 6:00:23,20,Triggered,,,,imap_idex_l1b_sci-10days_20260120_v002.cdf,
20-Jan-2026 6:00:45,20,Triggered,,,,imap_idex_l1b_sci-10days_20260120_v002.cdf,
20-Jan-2026 6:02:40,20,Triggered,,,,imap_idex_l1b_sci-10days_20260120_v002.cdf,
20-Jan-2026 6:03:15,20,Triggered,,,,imap_idex_l1b_sci-10days_20260120_v002.cdf,
20-Jan-2026 6:03:57,20,Triggered,,,,imap_idex_l1b_sci-10days_20260120_v002.cdf,
20-Jan-2026 6:05:54,20,Triggered,,,,imap_idex_l1b_sci-10days_20260120_v002.cdf,
20-Jan-2026 6:07:23,20,Triggered,,,,imap_idex_l1b_sci-10days_20260120_v002.cdf,
20-Jan-2026 6:07:50,20,Triggered,,,,imap_idex_l1b_sci-10days_20260120_v002.cdf,
20-Jan-2026 6:08:14,20,Triggered,,,,imap_idex_l1b_sci-10days_20260120_v002.cdf,
20-Jan-2026 6:08:28,20,Triggered,,,,imap_idex_l1b_sci-10days_20260120_v002.cdf,
20-Jan-2026 6:08:47,20,Triggered,,,,imap_idex_l1b_sci-10days_20260120_v002.cdf,
20-Jan-2026 6:09:23,20,Triggered,,,,imap_idex_l1b_sci-10days_20260120_v002.cdf,
20-Jan-2026 6:09:29,20,Triggered,,,,imap_idex_l1b_sci-10days_20260120_v002.cdf,
20-Jan-2026 6:09:36,20,Triggered,,,,imap_idex_l1b_sci-10days_20260120_v002.cdf,
20-Jan-2026 6:09:46,20,Triggered,,,,imap_idex_l1b_sci-10days_20260120_v002.cdf,
20-Jan-2026 6:10:10,20,Triggered,,,,imap_idex_l1b_sci-10days_20260120_v002.cdf,
20-Jan-2026 6:10:23,20,Triggered,,,,imap_idex_l1b_sci-10days_20260120_v002.cdf,
20-Jan-2026 6:11:14,20,Triggered,,,,imap_idex_l1b_sci-10days_20260120_v002.cdf,
20-Jan-2026 6:11:58,20,Triggered,,,,imap_idex_l1b_sci-10days_20260120_v002.cdf,
20-Jan-2026 6:12:45,20,Triggered,,,,imap_idex_l1b_sci-10days_20260120_v002.cdf,
20-Jan-2026 6:13:24,20,Triggered,,,,imap_idex_l1b_sci-10days_20260120_v002.cdf,
20-Jan-2026 6:13:40,20,Triggered,,,,imap_idex_l1b_sci-10days_20260120_v002.cdf,
20-Jan-2026 6:14:11,20,Triggered,,,,imap_idex_l1b_sci-10days_20260120_v002.cdf,
20-Jan-2026 6:14:32,20,Triggered,,,,imap_idex_l1b_sci-10days_20260120_v002.cdf,
20-Jan-2026 6:14:54,20,Triggered,,,,imap_idex_l1b_sci-10days_20260120_v002.cdf,
20-Jan-2026 6:15:09,20,Triggered,,,,imap_idex_l1b_sci-10days_20260120_v002.cdf,
20-Jan-2026 6:16:03,20,Triggered,,,,imap_idex_l1b_sci-10days_20260120_v002.cdf,
20-Jan-2026 6:16:39,20,Triggered,,,,imap_idex_l1b_sci-10days_20260120_v002.cdf,
20-Jan-2026 6:17:03,20,Triggered,,,,imap_idex_l1b_sci-10days_20260120_v002.cdf,
20-Jan-2026 6:17:10,20,Triggered,,,,imap_idex_l1b_sci-10days_20260120_v002.cdf,
20-Jan-2026 6:18:45,20,Triggered,,,,imap_idex_l1b_sci-10days_20260120_v002.cdf,
20-Jan-2026 6:19:34,20,Triggered,,,,imap_idex_l1b_sci-10days_20260120_v002.cdf,
20-Jan-2026 6:19:44,20,Triggered,,,,imap_idex_l1b_sci-10days_20260120_v002.cdf,
20-Jan-2026 6:19:51,20,Triggered,,,,imap_idex_l1b_sci-10days_20260120_v002.cdf,
20-Jan-2026 6:20:25,20,Triggered,,,,imap_idex_l1b_sci-10days_20260120_v002.cdf,
20-Jan-2026 6:20:34,20,Triggered,,,,imap_idex_l1b_sci-10days_20260120_v002.cdf,
20-Jan-2026 6:20:40,20,Triggered,,,,imap_idex_l1b_sci-10days_20260120_v002.cdf,
20-Jan-2026 6:21:01,20,Triggered,,,,imap_idex_l1b_sci-10days_20260120_v002.cdf,
20-Jan-2026 6:22:49,20,Triggered,,,,imap_idex_l1b_sci-10days_20260120_v002.cdf,
20-Jan-2026 6:22:54,20,Triggered,,,,imap_idex_l1b_sci-10days_20260120_v002.cdf,
20-Jan-2026 6:22:59,20,Triggered,,,,imap_idex_l1b_sci-10days_20260120_v002.cdf,
20-Jan-2026 6:23:09,20,Triggered,,,,imap_idex_l1b_sci-10days_20260120_v002.cdf,
20-Jan-2026 6:23:22,20,Triggered,,,,imap_idex_l1b_sci-10days_20260120_v002.cdf,
20-Jan-2026 6:23:57,20,Triggered,,,,imap_idex_l1b_sci-10days_20260120_v002.cdf,
20-Jan-2026 6:24:31,20,Triggered,,,,imap_idex_l1b_sci-10days_20260120_v002.cdf,
20-Jan-2026 6:24:47,20,Triggered,,,,imap_idex_l1b_sci-10days_20260120_v002.cdf,
20-Jan-2026 6:25:21,20,Triggered,,,,imap_idex_l1b_sci-10days_20260120_v002.cdf,
20-Jan-2026 6:26:01,20,Triggered,,,,imap_idex_l1b_sci-10days_20260120_v002.cdf,
20-Jan-2026 6:26:09,20,Triggered,,,,imap_idex_l1b_sci-10days_20260120_v002.cdf,
20-Jan-2026 6:26:54,20,Triggered,,,,imap_idex_l1b_sci-10days_20260120_v002.cdf,
20-Jan-2026 6:27:35,20,Triggered,,,,imap_idex_l1b_sci-10days_20260120_v002.cdf,
20-Jan-2026 6:27:52,20,Triggered,,,,imap_idex_l1b_sci-10days_20260120_v002.cdf,
20-Jan-2026 6:27:58,20,Triggered,,,,imap_idex_l1b_sci-10days_20260120_v002.cdf,
20-Jan-2026 6:28:07,20,Triggered,,,,imap_idex_l1b_sci-10days_20260120_v002.cdf,
20-Jan-2026 6:28:27,20,Triggered,,,,imap_idex_l1b_sci-10days_20260120_v002.cdf,
20-Jan-2026 6:28:51,20,Triggered,,,,imap_idex_l1b_sci-10days_20260120_v002.cdf,
20-Jan-2026 6:29:09,20,Triggered,,,,imap_idex_l1b_sci-10days_20260120_v002.cdf,
20-Jan-2026 6:29:18,20,Triggered,,,,imap_idex_l1b_sci-10days_20260120_v002.cdf,
20-Jan-2026 6:29:33,20,Triggered,,,,imap_idex_l1b_sci-10days_20260120_v002.cdf,
20-Jan-2026 6:30:12,20,Triggered,,,,imap_idex_l1b_sci-10days_20260120_v002.cdf,
20-Jan-2026 6:30:35,20,Triggered,,,,imap_idex_l1b_sci-10days_20260120_v002.cdf,
20-Jan-2026 6:30:53,20,Triggered,,,,imap_idex_l1b_sci-10days_20260120_v002.cdf,
20-Jan-2026 6:31:48,20,Triggered,,,,imap_idex_l1b_sci-10days_20260120_v002.cdf,
20-Jan-2026 6:31:54,20,Triggered,,,,imap_idex_l1b_sci-10days_20260120_v002.cdf,
20-Jan-2026 6:34:03,20,Triggered,,,,imap_idex_l1b_sci-10days_20260120_v002.cdf,
20-Jan-2026 6:34:31,20,Triggered,,,,imap_idex_l1b_sci-10days_20260120_v002.cdf,
20-Jan-2026 6:36:27,20,Triggered,,,,imap_idex_l1b_sci-10days_20260120_v002.cdf,
20-Jan-2026 6:38:09,20,Triggered,,,,imap_idex_l1b_sci-10days_20260120_v002.cdf,
20-Jan-2026 6:38:34,20,Triggered,,,,imap_idex_l1b_sci-10days_20260120_v002.cdf,
20-Jan-2026 6:39:04,20,Triggered,,,,imap_idex_l1b_sci-10days_20260120_v002.cdf,
20-Jan-2026 6:39:22,20,Triggered,,,,imap_idex_l1b_sci-10days_20260120_v002.cdf,
20-Jan-2026 6:40:16,20,Triggered,,,,imap_idex_l1b_sci-10days_20260120_v002.cdf,
20-Jan-2026 6:41:03,20,Triggered,,,,imap_idex_l1b_sci-10days_20260120_v002.cdf,
20-Jan-2026 6:41:15,20,Triggered,,,,imap_idex_l1b_sci-10days_20260120_v002.cdf,
20-Jan-2026 6:41:29,20,Triggered,,,,imap_idex_l1b_sci-10days_20260120_v002.cdf,
20-Jan-2026 6:43:21,20,Triggered,,,,imap_idex_l1b_sci-10days_20260120_v002.cdf,
20-Jan-2026 6:43:59,20,Triggered,,,,imap_idex_l1b_sci-10days_20260120_v002.cdf,
20-Jan-2026 6:44:04,20,Triggered,,,,imap_idex_l1b_sci-10days_20260120_v002.cdf,
20-Jan-2026 6:45:11,20,Triggered,,,,imap_idex_l1b_sci-10days_20260120_v002.cdf,
20-Jan-2026 6:45:59,20,Triggered,,,,imap_idex_l1b_sci-10days_20260120_v002.cdf,
20-Jan-2026 6:50:35,20,Triggered,,,,imap_idex_l1b_sci-10days_20260120_v002.cdf,
20-Jan-2026 6:51:26,20,Triggered,,,,imap_idex_l1b_sci-10days_20260120_v002.cdf,
20-Jan-2026 6:52:43,20,Triggered,,,,imap_idex_l1b_sci-10days_20260120_v002.cdf,
20-Jan-2026 6:53:08,20,Triggered,,,,imap_idex_l1b_sci-10days_20260120_v002.cdf,
20-Jan-2026 6:53:14,20,Triggered,,,,imap_idex_l1b_sci-10days_20260120_v002.cdf,
20-Jan-2026 6:53:26,20,Triggered,,,,imap_idex_l1b_sci-10days_20260120_v002.cdf,
20-Jan-2026 6:53:52,20,Triggered,,,,imap_idex_l1b_sci-10days_20260120_v002.cdf,
20-Jan-2026 6:54:47,20,Triggered,,,,imap_idex_l1b_sci-10days_20260120_v002.cdf,
20-Jan-2026 6:55:25,20,Triggered,,,,imap_idex_l1b_sci-10days_20260120_v002.cdf,
20-Jan-2026 6:56:09,20,Triggered,,,,imap_idex_l1b_sci-10days_20260120_v002.cdf,
20-Jan-2026 6:56:59,20,Triggered,,,,imap_idex_l1b_sci-10days_20260120_v002.cdf,
20-Jan-2026 6:57:46,20,Triggered,,,,imap_idex_l1b_sci-10days_20260120_v002.cdf,
20-Jan-2026 6:58:03,20,Triggered,,,,imap_idex_l1b_sci-10days_20260120_v002.cdf,
20-Jan-2026 6:58:47,20,Triggered,,,,imap_idex_l1b_sci-10days_20260120_v002.cdf,
20-Jan-2026 6:59:53,20,Triggered,,,,imap_idex_l1b_sci-10days_20260120_v002.cdf,
20-Jan-2026 7:00:56,20,Triggered,,,,imap_idex_l1b_sci-10days_20260120_v002.cdf,
20-Jan-2026 7:01:09,20,Triggered,,,,imap_idex_l1b_sci-10days_20260120_v002.cdf,
20-Jan-2026 7:02:34,20,Triggered,,,,imap_idex_l1b_sci-10days_20260120_v002.cdf,
20-Jan-2026 7:03:03,20,Triggered,,,,imap_idex_l1b_sci-10days_20260120_v002.cdf,
20-Jan-2026 7:04:27,20,Triggered,,,,imap_idex_l1b_sci-10days_20260120_v002.cdf,
20-Jan-2026 7:06:22,20,Triggered,,,,imap_idex_l1b_sci-10days_20260120_v002.cdf,
20-Jan-2026 7:06:41,20,Triggered,,,,imap_idex_l1b_sci-10days_20260120_v002.cdf,
20-Jan-2026 7:07:41,20,Triggered,,,,imap_idex_l1b_sci-10days_20260120_v002.cdf,
20-Jan-2026 7:08:28,20,Triggered,,,,imap_idex_l1b_sci-10days_20260120_v002.cdf,
20-Jan-2026 7:09:54,20,Triggered,,,,imap_idex_l1b_sci-10days_20260120_v002.cdf,
20-Jan-2026 7:10:07,20,Triggered,,,,imap_idex_l1b_sci-10days_20260120_v002.cdf,
20-Jan-2026 7:11:04,20,Triggered,,,,imap_idex_l1b_sci-10days_20260120_v002.cdf,
20-Jan-2026 7:11:14,20,Triggered,,,,imap_idex_l1b_sci-10days_20260120_v002.cdf,
20-Jan-2026 7:12:08,20,Triggered,,,,imap_idex_l1b_sci-10days_20260120_v002.cdf,
20-Jan-2026 7:17:50,20,Triggered,,,,imap_idex_l1b_sci-10days_20260120_v002.cdf,
20-Jan-2026 7:19:56,20,Triggered,,,,imap_idex_l1b_sci-10days_20260120_v002.cdf,
20-Jan-2026 7:20:08,20,Triggered,,,,imap_idex_l1b_sci-10days_20260120_v002.cdf,
20-Jan-2026 7:20:44,20,Triggered,,,,imap_idex_l1b_sci-10days_20260120_v002.cdf,
20-Jan-2026 7:22:21,20,Triggered,,,,imap_idex_l1b_sci-10days_20260120_v002.cdf,
20-Jan-2026 7:23:06,20,Triggered,,,,imap_idex_l1b_sci-10days_20260120_v002.cdf,
20-Jan-2026 7:23:21,20,Triggered,,,,imap_idex_l1b_sci-10days_20260120_v002.cdf,
20-Jan-2026 7:23:54,20,Triggered,,,,imap_idex_l1b_sci-10days_20260120_v002.cdf,
20-Jan-2026 7:25:08,20,Triggered,,,,imap_idex_l1b_sci-10days_20260120_v002.cdf,
20-Jan-2026 7:25:58,20,Triggered,,,,imap_idex_l1b_sci-10days_20260120_v002.cdf,
20-Jan-2026 7:26:49,20,Triggered,,,,imap_idex_l1b_sci-10days_20260120_v002.cdf,
20-Jan-2026 7:27:00,20,Triggered,,,,imap_idex_l1b_sci-10days_20260120_v002.cdf,
20-Jan-2026 7:29:14,20,Triggered,,,,imap_idex_l1b_sci-10days_20260120_v002.cdf,
20-Jan-2026 7:31:12,20,Triggered,,,,imap_idex_l1b_sci-10days_20260120_v002.cdf,
20-Jan-2026 7:32:11,20,Triggered,,,,imap_idex_l1b_sci-10days_20260120_v002.cdf,
20-Jan-2026 7:32:52,20,Triggered,,,,imap_idex_l1b_sci-10days_20260120_v002.cdf,
20-Jan-2026 7:33:17,20,Triggered,,,,imap_idex_l1b_sci-10days_20260120_v002.cdf,
20-Jan-2026 7:34:15,20,Triggered,,,,imap_idex_l1b_sci-10days_20260120_v002.cdf,
20-Jan-2026 7:34:30,20,Triggered,,,,imap_idex_l1b_sci-10days_20260120_v002.cdf,
20-Jan-2026 7:34:37,20,Triggered,,,,imap_idex_l1b_sci-10days_20260120_v002.cdf,
20-Jan-2026 7:36:21,20,Triggered,,,,imap_idex_l1b_sci-10days_20260120_v002.cdf,
20-Jan-2026 7:36:31,20,Triggered,,,,imap_idex_l1b_sci-10days_20260120_v002.cdf,
20-Jan-2026 7:37:50,20,Triggered,,,,imap_idex_l1b_sci-10days_20260120_v002.cdf,
20-Jan-2026 7:38:41,20,Triggered,,,,imap_idex_l1b_sci-10days_20260120_v002.cdf,
20-Jan-2026 7:39:08,20,Triggered,,,,imap_idex_l1b_sci-10days_20260120_v002.cdf,
20-Jan-2026 7:39:42,20,Triggered,,,,imap_idex_l1b_sci-10days_20260120_v002.cdf,
20-Jan-2026 7:41:06,20,Triggered,,,,imap_idex_l1b_sci-10days_20260120_v002.cdf,
20-Jan-2026 7:42:04,20,Triggered,,,,imap_idex_l1b_sci-10days_20260120_v002.cdf,
20-Jan-2026 7:43:04,20,Triggered,,,,imap_idex_l1b_sci-10days_20260120_v002.cdf,
20-Jan-2026 7:44:38,20,Triggered,,,,imap_idex_l1b_sci-10days_20260120_v002.cdf,
20-Jan-2026 7:46:04,20,Triggered,,,,imap_idex_l1b_sci-10days_20260120_v002.cdf,
20-Jan-2026 7:46:54,20,Triggered,,,,imap_idex_l1b_sci-10days_20260120_v002.cdf,
20-Jan-2026 7:50:32,20,Triggered,,,,imap_idex_l1b_sci-10days_20260120_v002.cdf,
22-Jan-2026 0:01:53,22,Noise Capture,,,,imap_idex_l1b_sci-10days_20260120_v002.cdf,
22-Jan-2026 0:01:59,22,Pulser,,,,imap_idex_l1b_sci-10days_20260120_v002.cdf,
22-Jan-2026 0:02:07,22,Pulser,,,,imap_idex_l1b_sci-10days_20260120_v002.cdf,
22-Jan-2026 0:02:15,22,Pulser,,,,imap_idex_l1b_sci-10days_20260120_v002.cdf,
22-Jan-2026 0:02:23,22,Pulser,,,,imap_idex_l1b_sci-10days_20260120_v002.cdf,
22-Jan-2026 0:02:31,22,Pulser,,,,imap_idex_l1b_sci-10days_20260120_v002.cdf,
22-Jan-2026 0:02:45,22,Noise Capture,,,,imap_idex_l1b_sci-10days_20260120_v002.cdf,
22-Jan-2026 0:02:57,22,Noise Capture,,,,imap_idex_l1b_sci-10days_20260120_v002.cdf,
22-Jan-2026 0:03:09,22,Noise Capture,,,,imap_idex_l1b_sci-10days_20260120_v002.cdf,
22-Jan-2026 0:03:21,22,Noise Capture,,,,imap_idex_l1b_sci-10days_20260120_v002.cdf,
22-Jan-2026 1:41:48,22,Triggered,,,,imap_idex_l1b_sci-10days_20260120_v002.cdf,
22-Jan-2026 1:55:14,22,Triggered,,,,imap_idex_l1b_sci-10days_20260120_v002.cdf,
22-Jan-2026 1:56:06,22,Triggered,,,,imap_idex_l1b_sci-10days_20260120_v002.cdf,
22-Jan-2026 2:05:51,22,Triggered,,,,imap_idex_l1b_sci-10days_20260120_v002.cdf,
22-Jan-2026 2:08:06,22,Triggered,,,,imap_idex_l1b_sci-10days_20260120_v002.cdf,
22-Jan-2026 2:10:39,22,Triggered,,,,imap_idex_l1b_sci-10days_20260120_v002.cdf,
22-Jan-2026 2:17:33,22,Triggered,,,,imap_idex_l1b_sci-10days_20260120_v002.cdf,
22-Jan-2026 2:26:26,22,Triggered,,,,imap_idex_l1b_sci-10days_20260120_v002.cdf,
22-Jan-2026 2:26:56,22,Triggered,,,,imap_idex_l1b_sci-10days_20260120_v002.cdf,
22-Jan-2026 2:28:00,22,Triggered,,,,imap_idex_l1b_sci-10days_20260120_v002.cdf,
22-Jan-2026 2:41:34,22,Triggered,,,,imap_idex_l1b_sci-10days_20260120_v002.cdf,
22-Jan-2026 2:41:51,22,Triggered,,,,imap_idex_l1b_sci-10days_20260120_v002.cdf,
22-Jan-2026 2:51:25,22,Triggered,,,,imap_idex_l1b_sci-10days_20260120_v002.cdf,
22-Jan-2026 2:51:29,22,Triggered,,,,imap_idex_l1b_sci-10days_20260120_v002.cdf,
22-Jan-2026 3:06:10,22,Triggered,,,,imap_idex_l1b_sci-10days_20260120_v002.cdf,
22-Jan-2026 3:10:09,22,Triggered,,,,imap_idex_l1b_sci-10days_20260120_v002.cdf,
22-Jan-2026 3:11:47,22,Triggered,,,,imap_idex_l1b_sci-10days_20260120_v002.cdf,
22-Jan-2026 3:16:45,22,Triggered,,,,imap_idex_l1b_sci-10days_20260120_v002.cdf,
22-Jan-2026 3:19:23,22,Triggered,,,,imap_idex_l1b_sci-10days_20260120_v002.cdf,
22-Jan-2026 3:22:13,22,Triggered,,,,imap_idex_l1b_sci-10days_20260120_v002.cdf,
22-Jan-2026 3:25:22,22,Triggered,,,,imap_idex_l1b_sci-10days_20260120_v002.cdf,
22-Jan-2026 3:42:33,22,Triggered,,,,imap_idex_l1b_sci-10days_20260120_v002.cdf,
22-Jan-2026 3:43:32,22,Triggered,,,,imap_idex_l1b_sci-10days_20260120_v002.cdf,
22-Jan-2026 3:44:41,22,Triggered,,,,imap_idex_l1b_sci-10days_20260120_v002.cdf,
22-Jan-2026 3:54:46,22,Triggered,,,,imap_idex_l1b_sci-10days_20260120_v002.cdf,
22-Jan-2026 4:00:27,22,Triggered,,,,imap_idex_l1b_sci-10days_20260120_v002.cdf,
22-Jan-2026 4:10:36,22,Triggered,,,,imap_idex_l1b_sci-10days_20260120_v002.cdf,
22-Jan-2026 4:15:10,22,Triggered,,,,imap_idex_l1b_sci-10days_20260120_v002.cdf,
22-Jan-2026 4:16:31,22,Triggered,,,,imap_idex_l1b_sci-10days_20260120_v002.cdf,
22-Jan-2026 4:26:00,22,Triggered,,,,imap_idex_l1b_sci-10days_20260120_v002.cdf,
22-Jan-2026 4:26:52,22,Triggered,,,,imap_idex_l1b_sci-10days_20260120_v002.cdf,
22-Jan-2026 4:29:11,22,Triggered,,,,imap_idex_l1b_sci-10days_20260120_v002.cdf,
22-Jan-2026 4:32:22,22,Triggered,,,,imap_idex_l1b_sci-10days_20260120_v002.cdf,
22-Jan-2026 4:40:18,22,Triggered,,,,imap_idex_l1b_sci-10days_20260120_v002.cdf,
22-Jan-2026 4:45:58,22,Triggered,,,,imap_idex_l1b_sci-10days_20260120_v002.cdf,
22-Jan-2026 4:53:44,22,Triggered,,,,imap_idex_l1b_sci-10days_20260120_v002.cdf,
22-Jan-2026 4:56:27,22,Triggered,,,,imap_idex_l1b_sci-10days_20260120_v002.cdf,
22-Jan-2026 4:58:23,22,Triggered,,,,imap_idex_l1b_sci-10days_20260120_v002.cdf,
22-Jan-2026 4:59:27,22,Triggered,,,,imap_idex_l1b_sci-10days_20260120_v002.cdf,
22-Jan-2026 5:08:08,22,Triggered,,,,imap_idex_l1b_sci-10days_20260120_v002.cdf,
22-Jan-2026 5:09:55,22,Triggered,,,,imap_idex_l1b_sci-10days_20260120_v002.cdf,
22-Jan-2026 5:20:43,22,Triggered,,,,imap_idex_l1b_sci-10days_20260120_v002.cdf,
22-Jan-2026 5:24:31,22,Triggered,,,,imap_idex_l1b_sci-10days_20260120_v002.cdf,
22-Jan-2026 5:25:40,22,Triggered,,,,imap_idex_l1b_sci-10days_20260120_v002.cdf,
22-Jan-2026 5:32:04,22,Triggered,,,,imap_idex_l1b_sci-10days_20260120_v002.cdf,
22-Jan-2026 5:32:56,22,Triggered,,,,imap_idex_l1b_sci-10days_20260120_v002.cdf,
22-Jan-2026 5:33:28,22,Triggered,,,,imap_idex_l1b_sci-10days_20260120_v002.cdf,
22-Jan-2026 5:35:23,22,Triggered,,,,imap_idex_l1b_sci-10days_20260120_v002.cdf,
22-Jan-2026 5:38:29,22,Triggered,,,,imap_idex_l1b_sci-10days_20260120_v002.cdf,
22-Jan-2026 5:45:46,22,Triggered,,,,imap_idex_l1b_sci-10days_20260120_v002.cdf,
22-Jan-2026 5:50:09,22,Triggered,,,,imap_idex_l1b_sci-10days_20260120_v002.cdf,
22-Jan-2026 5:53:01,22,Triggered,,,,imap_idex_l1b_sci-10days_20260120_v002.cdf,
22-Jan-2026 5:56:22,22,Triggered,,,,imap_idex_l1b_sci-10days_20260120_v002.cdf,
22-Jan-2026 5:56:37,22,Triggered,,,,imap_idex_l1b_sci-10days_20260120_v002.cdf,
22-Jan-2026 5:59:51,22,Triggered,,,,imap_idex_l1b_sci-10days_20260120_v002.cdf,
22-Jan-2026 6:13:33,22,Triggered,,,,imap_idex_l1b_sci-10days_20260120_v002.cdf,
22-Jan-2026 6:20:36,22,Triggered,,,,imap_idex_l1b_sci-10days_20260120_v002.cdf,
22-Jan-2026 6:24:12,22,Triggered,,,,imap_idex_l1b_sci-10days_20260120_v002.cdf,
22-Jan-2026 6:26:44,22,Triggered,,,,imap_idex_l1b_sci-10days_20260120_v002.cdf,
22-Jan-2026 6:28:37,22,Triggered,,,,imap_idex_l1b_sci-10days_20260120_v002.cdf,
22-Jan-2026 6:36:20,22,Triggered,,,,imap_idex_l1b_sci-10days_20260120_v002.cdf,
22-Jan-2026 6:44:44,22,Triggered,,,,imap_idex_l1b_sci-10days_20260120_v002.cdf,
22-Jan-2026 6:45:04,22,Triggered,,,,imap_idex_l1b_sci-10days_20260120_v002.cdf,
22-Jan-2026 6:47:33,22,Triggered,,,,imap_idex_l1b_sci-10days_20260120_v002.cdf,
22-Jan-2026 6:49:20,22,Triggered,,,,imap_idex_l1b_sci-10days_20260120_v002.cdf,
22-Jan-2026 6:58:17,22,Triggered,,,,imap_idex_l1b_sci-10days_20260120_v002.cdf,
22-Jan-2026 7:07:31,22,Triggered,,,,imap_idex_l1b_sci-10days_20260120_v002.cdf,
22-Jan-2026 7:08:50,22,Triggered,,,,imap_idex_l1b_sci-10days_20260120_v002.cdf,
22-Jan-2026 7:11:29,22,Triggered,,,,imap_idex_l1b_sci-10days_20260120_v002.cdf,
22-Jan-2026 7:16:42,22,Triggered,,,,imap_idex_l1b_sci-10days_20260120_v002.cdf,
22-Jan-2026 7:27:00,22,Triggered,,,,imap_idex_l1b_sci-10days_20260120_v002.cdf,
22-Jan-2026 7:28:27,22,Triggered,,,,imap_idex_l1b_sci-10days_20260120_v002.cdf,
22-Jan-2026 7:40:05,22,Triggered,,,,imap_idex_l1b_sci-10days_20260120_v002.cdf,
22-Jan-2026 7:45:38,22,Triggered,,,,imap_idex_l1b_sci-10days_20260120_v002.cdf,
22-Jan-2026 7:54:21,22,Triggered,,,,imap_idex_l1b_sci-10days_20260120_v002.cdf,
22-Jan-2026 7:56:01,22,Triggered,,,,imap_idex_l1b_sci-10days_20260120_v002.cdf,
22-Jan-2026 7:56:24,22,Triggered,,,,imap_idex_l1b_sci-10days_20260120_v002.cdf,
22-Jan-2026 7:57:28,22,Triggered,,,,imap_idex_l1b_sci-10days_20260120_v002.cdf,
22-Jan-2026 8:02:42,22,Triggered,,,,imap_idex_l1b_sci-10days_20260120_v002.cdf,
22-Jan-2026 8:05:11,22,Triggered,,,,imap_idex_l1b_sci-10days_20260120_v002.cdf,
22-Jan-2026 8:11:17,22,Triggered,,,,imap_idex_l1b_sci-10days_20260120_v002.cdf,
22-Jan-2026 8:15:43,22,Triggered,,,,imap_idex_l1b_sci-10days_20260120_v002.cdf,
22-Jan-2026 8:22:58,22,Triggered,,,,imap_idex_l1b_sci-10days_20260120_v002.cdf,
22-Jan-2026 8:39:19,22,Triggered,,,,imap_idex_l1b_sci-10days_20260120_v002.cdf,
22-Jan-2026 8:42:31,22,Triggered,,,,imap_idex_l1b_sci-10days_20260120_v002.cdf,
22-Jan-2026 8:47:55,22,Triggered,,,,imap_idex_l1b_sci-10days_20260120_v002.cdf,
22-Jan-2026 8:50:35,22,Triggered,,,,imap_idex_l1b_sci-10days_20260120_v002.cdf,
22-Jan-2026 8:55:09,22,Triggered,,,,imap_idex_l1b_sci-10days_20260120_v002.cdf,
22-Jan-2026 8:59:41,22,Triggered,,,,imap_idex_l1b_sci-10days_20260120_v002.cdf,
22-Jan-2026 9:02:06,22,Triggered,,,,imap_idex_l1b_sci-10days_20260120_v002.cdf,
22-Jan-2026 9:05:15,22,Triggered,,,,imap_idex_l1b_sci-10days_20260120_v002.cdf,
22-Jan-2026 9:12:15,22,Triggered,,,,imap_idex_l1b_sci-10days_20260120_v002.cdf,
22-Jan-2026 9:14:27,22,Triggered,,,,imap_idex_l1b_sci-10days_20260120_v002.cdf,
22-Jan-2026 9:28:42,22,Triggered,,,,imap_idex_l1b_sci-10days_20260120_v002.cdf,
22-Jan-2026 9:32:57,22,Triggered,,,,imap_idex_l1b_sci-10days_20260120_v002.cdf,
22-Jan-2026 9:43:28,22,Triggered,,,,imap_idex_l1b_sci-10days_20260120_v002.cdf,
22-Jan-2026 9:57:13,22,Triggered,,,,imap_idex_l1b_sci-10days_20260120_v002.cdf,
22-Jan-2026 10:01:13,22,Triggered,,,,imap_idex_l1b_sci-10days_20260120_v002.cdf,
22-Jan-2026 10:04:12,22,Triggered,,,,imap_idex_l1b_sci-10days_20260120_v002.cdf,
22-Jan-2026 10:11:42,22,Triggered,,,,imap_idex_l1b_sci-10days_20260120_v002.cdf,
22-Jan-2026 10:12:21,22,Triggered,,,,imap_idex_l1b_sci-10days_20260120_v002.cdf,
22-Jan-2026 10:18:36,22,Triggered,,,,imap_idex_l1b_sci-10days_20260120_v002.cdf,
22-Jan-2026 10:20:59,22,Triggered,,,,imap_idex_l1b_sci-10days_20260120_v002.cdf,
22-Jan-2026 10:26:14,22,Triggered,,,,imap_idex_l1b_sci-10days_20260120_v002.cdf,
22-Jan-2026 10:32:25,22,Triggered,,,,imap_idex_l1b_sci-10days_20260120_v002.cdf,
22-Jan-2026 10:42:15,22,Triggered,,,,imap_idex_l1b_sci-10days_20260120_v002.cdf,
22-Jan-2026 10:50:26,22,Triggered,,,,imap_idex_l1b_sci-10days_20260120_v002.cdf,
22-Jan-2026 10:58:43,22,Triggered,,,,imap_idex_l1b_sci-10days_20260120_v002.cdf,
22-Jan-2026 11:02:29,22,Triggered,,,,imap_idex_l1b_sci-10days_20260120_v002.cdf,
22-Jan-2026 11:12:47,22,Triggered,,,,imap_idex_l1b_sci-10days_20260120_v002.cdf,
22-Jan-2026 11:23:01,22,Triggered,,,,imap_idex_l1b_sci-10days_20260120_v002.cdf,
22-Jan-2026 11:24:01,22,Triggered,,,,imap_idex_l1b_sci-10days_20260120_v002.cdf,
22-Jan-2026 11:31:00,22,Triggered,,,,imap_idex_l1b_sci-10days_20260120_v002.cdf,
22-Jan-2026 11:35:22,22,Triggered,,,,imap_idex_l1b_sci-10days_20260120_v002.cdf,
22-Jan-2026 11:35:35,22,Triggered,,,,imap_idex_l1b_sci-10days_20260120_v002.cdf,
22-Jan-2026 11:38:03,22,Triggered,,,,imap_idex_l1b_sci-10days_20260120_v002.cdf,
22-Jan-2026 11:39:37,22,Triggered,,,,imap_idex_l1b_sci-10days_20260120_v002.cdf,
22-Jan-2026 11:41:07,22,Triggered,,,,imap_idex_l1b_sci-10days_20260120_v002.cdf,
22-Jan-2026 11:55:16,22,Triggered,,,,imap_idex_l1b_sci-10days_20260120_v002.cdf,
22-Jan-2026 12:01:51,22,Triggered,,,,imap_idex_l1b_sci-10days_20260120_v002.cdf,
22-Jan-2026 12:07:29,22,Triggered,,,,imap_idex_l1b_sci-10days_20260120_v002.cdf,
22-Jan-2026 12:09:30,22,Triggered,,,,imap_idex_l1b_sci-10days_20260120_v002.cdf,
22-Jan-2026 12:10:20,22,Triggered,,,,imap_idex_l1b_sci-10days_20260120_v002.cdf,
22-Jan-2026 12:10:59,22,Triggered,,,,imap_idex_l1b_sci-10days_20260120_v002.cdf,
22-Jan-2026 12:12:35,22,Triggered,,,,imap_idex_l1b_sci-10days_20260120_v002.cdf,
22-Jan-2026 12:25:47,22,Triggered,,,,imap_idex_l1b_sci-10days_20260120_v002.cdf,
22-Jan-2026 12:26:31,22,Triggered,,,,imap_idex_l1b_sci-10days_20260120_v002.cdf,
22-Jan-2026 12:34:13,22,Triggered,,,,imap_idex_l1b_sci-10days_20260120_v002.cdf,
22-Jan-2026 12:34:21,22,Triggered,,,,imap_idex_l1b_sci-10days_20260120_v002.cdf,
22-Jan-2026 12:39:57,22,Triggered,,,,imap_idex_l1b_sci-10days_20260120_v002.cdf,
22-Jan-2026 12:53:04,22,Triggered,,,,imap_idex_l1b_sci-10days_20260120_v002.cdf,
22-Jan-2026 12:58:17,22,Triggered,,,,imap_idex_l1b_sci-10days_20260120_v002.cdf,
22-Jan-2026 12:58:50,22,Triggered,,,,imap_idex_l1b_sci-10days_20260120_v002.cdf,
22-Jan-2026 13:00:52,22,Triggered,,,,imap_idex_l1b_sci-10days_20260120_v002.cdf,
22-Jan-2026 13:04:10,22,Triggered,,,,imap_idex_l1b_sci-10days_20260120_v002.cdf,
22-Jan-2026 13:05:16,22,Triggered,,,,imap_idex_l1b_sci-10days_20260120_v002.cdf,
22-Jan-2026 13:16:26,22,Triggered,,,,imap_idex_l1b_sci-10days_20260120_v002.cdf,
22-Jan-2026 13:17:19,22,Triggered,,,,imap_idex_l1b_sci-10days_20260120_v002.cdf,
22-Jan-2026 13:19:25,22,Triggered,,,,imap_idex_l1b_sci-10days_20260120_v002.cdf,
22-Jan-2026 13:21:38,22,Triggered,,,,imap_idex_l1b_sci-10days_20260120_v002.cdf,
22-Jan-2026 13:26:35,22,Triggered,,,,imap_idex_l1b_sci-10days_20260120_v002.cdf,
22-Jan-2026 13:27:53,22,Triggered,,,,imap_idex_l1b_sci-10days_20260120_v002.cdf,
22-Jan-2026 13:31:48,22,Triggered,,,,imap_idex_l1b_sci-10days_20260120_v002.cdf,
22-Jan-2026 13:33:56,22,Triggered,,,,imap_idex_l1b_sci-10days_20260120_v002.cdf,
22-Jan-2026 13:37:24,22,Triggered,,,,imap_idex_l1b_sci-10days_20260120_v002.cdf,
22-Jan-2026 13:37:59,22,Triggered,,,,imap_idex_l1b_sci-10days_20260120_v002.cdf,
22-Jan-2026 13:47:47,22,Triggered,,,,imap_idex_l1b_sci-10days_20260120_v002.cdf,
22-Jan-2026 13:52:04,22,Triggered,,,,imap_idex_l1b_sci-10days_20260120_v002.cdf,
22-Jan-2026 14:01:09,22,Triggered,,,,imap_idex_l1b_sci-10days_20260120_v002.cdf,
22-Jan-2026 14:01:25,22,Triggered,,,,imap_idex_l1b_sci-10days_20260120_v002.cdf,
22-Jan-2026 14:05:02,22,Triggered,,,,imap_idex_l1b_sci-10days_20260120_v002.cdf,
22-Jan-2026 14:08:03,22,Triggered,,,,imap_idex_l1b_sci-10days_20260120_v002.cdf,
22-Jan-2026 14:12:41,22,Triggered,,,,imap_idex_l1b_sci-10days_20260120_v002.cdf,
22-Jan-2026 14:13:36,22,Triggered,,,,imap_idex_l1b_sci-10days_20260120_v002.cdf,
22-Jan-2026 14:17:12,22,Triggered,,,,imap_idex_l1b_sci-10days_20260120_v002.cdf,
22-Jan-2026 14:29:48,22,Triggered,,,,imap_idex_l1b_sci-10days_20260120_v002.cdf,
22-Jan-2026 14:30:47,22,Triggered,,,,imap_idex_l1b_sci-10days_20260120_v002.cdf,
22-Jan-2026 14:31:06,22,Triggered,,,,imap_idex_l1b_sci-10days_20260120_v002.cdf,
22-Jan-2026 14:31:26,22,Triggered,,,,imap_idex_l1b_sci-10days_20260120_v002.cdf,
22-Jan-2026 14:33:38,22,Triggered,,,,imap_idex_l1b_sci-10days_20260120_v002.cdf,
22-Jan-2026 14:54:20,22,Triggered,,,,imap_idex_l1b_sci-10days_20260120_v002.cdf,
22-Jan-2026 15:00:15,22,Triggered,,,,imap_idex_l1b_sci-10days_20260120_v002.cdf,
22-Jan-2026 15:02:16,22,Triggered,,,,imap_idex_l1b_sci-10days_20260120_v002.cdf,
22-Jan-2026 15:07:39,22,Triggered,,,,imap_idex_l1b_sci-10days_20260120_v002.cdf,
22-Jan-2026 15:09:09,22,Triggered,,,,imap_idex_l1b_sci-10days_20260120_v002.cdf,
22-Jan-2026 15:09:38,22,Triggered,,,,imap_idex_l1b_sci-10days_20260120_v002.cdf,
22-Jan-2026 15:19:09,22,Triggered,,,,imap_idex_l1b_sci-10days_20260120_v002.cdf,
22-Jan-2026 15:20:24,22,Triggered,,,,imap_idex_l1b_sci-10days_20260120_v002.cdf,
22-Jan-2026 15:23:39,22,Triggered,,,,imap_idex_l1b_sci-10days_20260120_v002.cdf,
22-Jan-2026 15:28:24,22,Triggered,,,,imap_idex_l1b_sci-10days_20260120_v002.cdf,
22-Jan-2026 15:38:44,22,Triggered,,,,imap_idex_l1b_sci-10days_20260120_v002.cdf,
22-Jan-2026 15:39:08,22,Triggered,,,,imap_idex_l1b_sci-10days_20260120_v002.cdf,
22-Jan-2026 15:42:27,22,Triggered,,,,imap_idex_l1b_sci-10days_20260120_v002.cdf,
22-Jan-2026 16:09:39,22,Triggered,,,,imap_idex_l1b_sci-10days_20260120_v002.cdf,
22-Jan-2026 16:14:21,22,Triggered,,,,imap_idex_l1b_sci-10days_20260120_v002.cdf,
22-Jan-2026 16:18:53,22,Triggered,,,,imap_idex_l1b_sci-10days_20260120_v002.cdf,
22-Jan-2026 16:19:53,22,Triggered,,,,imap_idex_l1b_sci-10days_20260120_v002.cdf,
22-Jan-2026 16:27:01,22,Triggered,,,,imap_idex_l1b_sci-10days_20260120_v002.cdf,
22-Jan-2026 16:40:39,22,Triggered,,,,imap_idex_l1b_sci-10days_20260120_v002.cdf,
22-Jan-2026 16:45:12,22,Triggered,,,,imap_idex_l1b_sci-10days_20260120_v002.cdf,
22-Jan-2026 16:45:51,22,Triggered,,,,imap_idex_l1b_sci-10days_20260120_v002.cdf,
22-Jan-2026 16:52:25,22,Triggered,,,,imap_idex_l1b_sci-10days_20260120_v002.cdf,
22-Jan-2026 16:54:41,22,Triggered,,,,imap_idex_l1b_sci-10days_20260120_v002.cdf,
22-Jan-2026 17:15:12,22,Triggered,,,,imap_idex_l1b_sci-10days_20260120_v002.cdf,
22-Jan-2026 17:17:44,22,Triggered,,,,imap_idex_l1b_sci-10days_20260120_v002.cdf,
22-Jan-2026 17:34:58,22,Triggered,,,,imap_idex_l1b_sci-10days_20260120_v002.cdf,
22-Jan-2026 17:39:07,22,Triggered,,,,imap_idex_l1b_sci-10days_20260120_v002.cdf,
22-Jan-2026 17:42:11,22,Triggered,,,,imap_idex_l1b_sci-10days_20260120_v002.cdf,
22-Jan-2026 17:45:25,22,Triggered,,,,imap_idex_l1b_sci-10days_20260120_v002.cdf,
22-Jan-2026 17:51:46,22,Triggered,,,,imap_idex_l1b_sci-10days_20260120_v002.cdf,
22-Jan-2026 18:12:44,22,Triggered,,,,imap_idex_l1b_sci-10days_20260120_v002.cdf,
22-Jan-2026 18:17:21,22,Triggered,,,,imap_idex_l1b_sci-10days_20260120_v002.cdf,
22-Jan-2026 18:20:54,22,Triggered,,,,imap_idex_l1b_sci-10days_20260120_v002.cdf,
22-Jan-2026 18:26:06,22,Triggered,,,,imap_idex_l1b_sci-10days_20260120_v002.cdf,
22-Jan-2026 18:30:53,22,Triggered,,,,imap_idex_l1b_sci-10days_20260120_v002.cdf,
22-Jan-2026 18:35:35,22,Triggered,,,,imap_idex_l1b_sci-10days_20260120_v002.cdf,
22-Jan-2026 18:35:42,22,Triggered,,,,imap_idex_l1b_sci-10days_20260120_v002.cdf,
22-Jan-2026 18:36:23,22,Triggered,,,,imap_idex_l1b_sci-10days_20260120_v002.cdf,
22-Jan-2026 18:36:28,22,Triggered,,,,imap_idex_l1b_sci-10days_20260120_v002.cdf,
22-Jan-2026 18:37:35,22,Triggered,,,,imap_idex_l1b_sci-10days_20260120_v002.cdf,
22-Jan-2026 18:39:38,22,Triggered,,,,imap_idex_l1b_sci-10days_20260120_v002.cdf,
22-Jan-2026 18:47:05,22,Triggered,,,,imap_idex_l1b_sci-10days_20260120_v002.cdf,
22-Jan-2026 18:51:14,22,Triggered,,,,imap_idex_l1b_sci-10days_20260120_v002.cdf,
22-Jan-2026 18:52:16,22,Triggered,,,,imap_idex_l1b_sci-10days_20260120_v002.cdf,
22-Jan-2026 18:53:53,22,Triggered,,,,imap_idex_l1b_sci-10days_20260120_v002.cdf,
22-Jan-2026 19:06:41,22,Triggered,,,,imap_idex_l1b_sci-10days_20260120_v002.cdf,
22-Jan-2026 19:09:31,22,Triggered,,,,imap_idex_l1b_sci-10days_20260120_v002.cdf,
22-Jan-2026 19:18:44,22,Triggered,,,,imap_idex_l1b_sci-10days_20260120_v002.cdf,
22-Jan-2026 19:19:21,22,Triggered,,,,imap_idex_l1b_sci-10days_20260120_v002.cdf,
22-Jan-2026 19:33:22,22,Triggered,,,,imap_idex_l1b_sci-10days_20260120_v002.cdf,
22-Jan-2026 19:35:02,22,Triggered,,,,imap_idex_l1b_sci-10days_20260120_v002.cdf,
22-Jan-2026 19:38:47,22,Triggered,,,,imap_idex_l1b_sci-10days_20260120_v002.cdf,
22-Jan-2026 19:39:45,22,Triggered,,,,imap_idex_l1b_sci-10days_20260120_v002.cdf,
22-Jan-2026 19:46:18,22,Triggered,,,,imap_idex_l1b_sci-10days_20260120_v002.cdf,
22-Jan-2026 20:05:32,22,Triggered,,,,imap_idex_l1b_sci-10days_20260120_v002.cdf,
22-Jan-2026 20:06:08,22,Triggered,,,,imap_idex_l1b_sci-10days_20260120_v002.cdf,
22-Jan-2026 20:14:55,22,Triggered,,,,imap_idex_l1b_sci-10days_20260120_v002.cdf,
22-Jan-2026 20:29:48,22,Triggered,,,,imap_idex_l1b_sci-10days_20260120_v002.cdf,
22-Jan-2026 20:32:28,22,Triggered,,,,imap_idex_l1b_sci-10days_20260120_v002.cdf,
22-Jan-2026 20:37:53,22,Triggered,,,,imap_idex_l1b_sci-10days_20260120_v002.cdf,
22-Jan-2026 20:47:08,22,Triggered,,,,imap_idex_l1b_sci-10days_20260120_v002.cdf,
22-Jan-2026 20:50:22,22,Triggered,,,,imap_idex_l1b_sci-10days_20260120_v002.cdf,
22-Jan-2026 21:12:54,22,Triggered,,,,imap_idex_l1b_sci-10days_20260120_v002.cdf,
22-Jan-2026 21:21:20,22,Triggered,,,,imap_idex_l1b_sci-10days_20260120_v002.cdf,
22-Jan-2026 21:29:33,22,Triggered,,,,imap_idex_l1b_sci-10days_20260120_v002.cdf,
22-Jan-2026 21:35:34,22,Triggered,,,,imap_idex_l1b_sci-10days_20260120_v002.cdf,
22-Jan-2026 21:41:21,22,Triggered,,,,imap_idex_l1b_sci-10days_20260120_v002.cdf,
22-Jan-2026 21:44:44,22,Triggered,,,,imap_idex_l1b_sci-10days_20260120_v002.cdf,
22-Jan-2026 21:49:38,22,Triggered,,,,imap_idex_l1b_sci-10days_20260120_v002.cdf,
22-Jan-2026 21:52:29,22,Triggered,,,,imap_idex_l1b_sci-10days_20260120_v002.cdf,
22-Jan-2026 21:56:18,22,Triggered,,,,imap_idex_l1b_sci-10days_20260120_v002.cdf,
22-Jan-2026 21:59:40,22,Triggered,,,,imap_idex_l1b_sci-10days_20260120_v002.cdf,
22-Jan-2026 22:09:12,22,Triggered,,,,imap_idex_l1b_sci-10days_20260120_v002.cdf,
22-Jan-2026 22:12:36,22,Triggered,,,,imap_idex_l1b_sci-10days_20260120_v002.cdf,
22-Jan-2026 22:13:11,22,Triggered,,,,imap_idex_l1b_sci-10days_20260120_v002.cdf,
22-Jan-2026 22:15:53,22,Triggered,,,,imap_idex_l1b_sci-10days_20260120_v002.cdf,
22-Jan-2026 22:42:46,22,Triggered,,,,imap_idex_l1b_sci-10days_20260120_v002.cdf,
22-Jan-2026 22:55:10,22,Triggered,,,,imap_idex_l1b_sci-10days_20260120_v002.cdf,
22-Jan-2026 23:00:33,22,Triggered,,,,imap_idex_l1b_sci-10days_20260120_v002.cdf,
22-Jan-2026 23:02:38,22,Triggered,,,,imap_idex_l1b_sci-10days_20260120_v002.cdf,
22-Jan-2026 23:12:10,22,Triggered,,,,imap_idex_l1b_sci-10days_20260120_v002.cdf,
22-Jan-2026 23:14:25,22,Triggered,,,,imap_idex_l1b_sci-10days_20260120_v002.cdf,
22-Jan-2026 23:18:37,22,Triggered,,,,imap_idex_l1b_sci-10days_20260120_v002.cdf,
22-Jan-2026 23:35:47,22,Triggered,,,,imap_idex_l1b_sci-10days_20260120_v002.cdf,
22-Jan-2026 23:40:37,22,Triggered,,,,imap_idex_l1b_sci-10days_20260120_v002.cdf,
22-Jan-2026 23:43:25,22,Triggered,,,,imap_idex_l1b_sci-10days_20260120_v002.cdf,
22-Jan-2026 23:44:48,22,Triggered,,,,imap_idex_l1b_sci-10days_20260120_v002.cdf,
22-Jan-2026 23:46:11,22,Triggered,,,,imap_idex_l1b_sci-10days_20260120_v002.cdf,
22-Jan-2026 23:47:43,22,Triggered,,,,imap_idex_l1b_sci-10days_20260120_v002.cdf,
22-Jan-2026 23:53:53,22,Triggered,,,,imap_idex_l1b_sci-10days_20260120_v002.cdf,
22-Jan-2026 23:58:33,22,Triggered,,,,imap_idex_l1b_sci-10days_20260120_v002.cdf,
23-Jan-2026 0:01:13,23,Triggered,,,,imap_idex_l1b_sci-10days_20260120_v002.cdf,
23-Jan-2026 0:08:18,23,Triggered,,,,imap_idex_l1b_sci-10days_20260120_v002.cdf,
23-Jan-2026 0:09:37,23,Triggered,,,,imap_idex_l1b_sci-10days_20260120_v002.cdf,
23-Jan-2026 0:26:05,23,Triggered,,,,imap_idex_l1b_sci-10days_20260120_v002.cdf,
23-Jan-2026 0:29:58,23,Triggered,,,,imap_idex_l1b_sci-10days_20260120_v002.cdf,
23-Jan-2026 0:32:19,23,Triggered,,,,imap_idex_l1b_sci-10days_20260120_v002.cdf,
23-Jan-2026 0:43:43,23,Triggered,,,,imap_idex_l1b_sci-10days_20260120_v002.cdf,
23-Jan-2026 0:50:45,23,Triggered,,,,imap_idex_l1b_sci-10days_20260120_v002.cdf,
23-Jan-2026 0:54:52,23,Triggered,,,,imap_idex_l1b_sci-10days_20260120_v002.cdf,
23-Jan-2026 0:55:36,23,Triggered,,,,imap_idex_l1b_sci-10days_20260120_v002.cdf,
23-Jan-2026 0:56:54,23,Triggered,,,,imap_idex_l1b_sci-10days_20260120_v002.cdf,
23-Jan-2026 1:15:15,23,Triggered,,,,imap_idex_l1b_sci-10days_20260120_v002.cdf,
23-Jan-2026 1:16:52,23,Triggered,,,,imap_idex_l1b_sci-10days_20260120_v002.cdf,
23-Jan-2026 1:22:45,23,Triggered,,,,imap_idex_l1b_sci-10days_20260120_v002.cdf,
23-Jan-2026 1:47:53,23,Triggered,,,,imap_idex_l1b_sci-10days_20260120_v002.cdf,
23-Jan-2026 1:53:19,23,Triggered,,,,imap_idex_l1b_sci-10days_20260120_v002.cdf,
23-Jan-2026 1:53:27,23,Triggered,,,,imap_idex_l1b_sci-10days_20260120_v002.cdf,
23-Jan-2026 2:07:20,23,Triggered,,,,imap_idex_l1b_sci-10days_20260120_v002.cdf,
23-Jan-2026 2:07:54,23,Triggered,,,,imap_idex_l1b_sci-10days_20260120_v002.cdf,
23-Jan-2026 2:09:37,23,Triggered,,,,imap_idex_l1b_sci-10days_20260120_v002.cdf,
23-Jan-2026 2:13:54,23,Triggered,,,,imap_idex_l1b_sci-10days_20260120_v002.cdf,
23-Jan-2026 2:24:29,23,Triggered,,,,imap_idex_l1b_sci-10days_20260120_v002.cdf,
23-Jan-2026 2:37:34,23,Triggered,,,,imap_idex_l1b_sci-10days_20260120_v002.cdf,
23-Jan-2026 2:49:48,23,Triggered,,,,imap_idex_l1b_sci-10days_20260120_v002.cdf,
23-Jan-2026 3:17:27,23,Triggered,,,,imap_idex_l1b_sci-10days_20260120_v002.cdf,
23-Jan-2026 3:24:07,23,Triggered,,,,imap_idex_l1b_sci-10days_20260120_v002.cdf,
23-Jan-2026 3:48:44,23,Triggered,,,,imap_idex_l1b_sci-10days_20260120_v002.cdf,
23-Jan-2026 3:51:25,23,Triggered,,,,imap_idex_l1b_sci-10days_20260120_v002.cdf,
23-Jan-2026 4:02:57,23,Triggered,,,,imap_idex_l1b_sci-10days_20260120_v002.cdf,
23-Jan-2026 4:04:43,23,Triggered,,,,imap_idex_l1b_sci-10days_20260120_v002.cdf,
23-Jan-2026 4:13:00,23,Triggered,,,,imap_idex_l1b_sci-10days_20260120_v002.cdf,
23-Jan-2026 4:14:19,23,Triggered,,,,imap_idex_l1b_sci-10days_20260120_v002.cdf,
23-Jan-2026 4:15:46,23,Triggered,,,,imap_idex_l1b_sci-10days_20260120_v002.cdf,
23-Jan-2026 4:20:27,23,Triggered,,,,imap_idex_l1b_sci-10days_20260120_v002.cdf,
23-Jan-2026 4:37:43,23,Triggered,,,,imap_idex_l1b_sci-10days_20260120_v002.cdf,
23-Jan-2026 5:28:08,23,Triggered,,,,imap_idex_l1b_sci-10days_20260120_v002.cdf,
23-Jan-2026 5:36:50,23,Triggered,,,,imap_idex_l1b_sci-10days_20260120_v002.cdf,
23-Jan-2026 5:41:51,23,Triggered,,,,imap_idex_l1b_sci-10days_20260120_v002.cdf,
23-Jan-2026 5:44:19,23,Triggered,,,,imap_idex_l1b_sci-10days_20260120_v002.cdf,
23-Jan-2026 5:47:01,23,Triggered,,,,imap_idex_l1b_sci-10days_20260120_v002.cdf,
23-Jan-2026 5:48:50,23,Triggered,,,,imap_idex_l1b_sci-10days_20260120_v002.cdf,
23-Jan-2026 6:17:58,23,Triggered,,,,imap_idex_l1b_sci-10days_20260120_v002.cdf,
23-Jan-2026 6:23:42,23,Triggered,,,,imap_idex_l1b_sci-10days_20260120_v002.cdf,
23-Jan-2026 6:30:55,23,Triggered,,,,imap_idex_l1b_sci-10days_20260120_v002.cdf,
23-Jan-2026 6:39:58,23,Triggered,,,,imap_idex_l1b_sci-10days_20260120_v002.cdf,
23-Jan-2026 6:41:52,23,Triggered,,,,imap_idex_l1b_sci-10days_20260120_v002.cdf,
23-Jan-2026 6:50:19,23,Triggered,,,,imap_idex_l1b_sci-10days_20260120_v002.cdf,
23-Jan-2026 7:01:30,23,Triggered,,,,imap_idex_l1b_sci-10days_20260120_v002.cdf,
23-Jan-2026 7:25:36,23,Triggered,,,,imap_idex_l1b_sci-10days_20260120_v002.cdf,
23-Jan-2026 7:26:33,23,Triggered,,,,imap_idex_l1b_sci-10days_20260120_v002.cdf,
23-Jan-2026 7:42:32,23,Triggered,,,,imap_idex_l1b_sci-10days_20260120_v002.cdf,
23-Jan-2026 8:00:34,23,Triggered,,,,imap_idex_l1b_sci-10days_20260120_v002.cdf,
23-Jan-2026 8:03:48,23,Triggered,,,,imap_idex_l1b_sci-10days_20260120_v002.cdf,
23-Jan-2026 8:12:29,23,Triggered,,,,imap_idex_l1b_sci-10days_20260120_v002.cdf,
23-Jan-2026 8:22:42,23,Triggered,Dust,,,imap_idex_l1b_sci-10days_20260120_v002.cdf,
23-Jan-2026 9:29:05,23,Triggered,,,,imap_idex_l1b_sci-10days_20260120_v002.cdf,
23-Jan-2026 9:30:53,23,Triggered,,,,imap_idex_l1b_sci-10days_20260120_v002.cdf,
23-Jan-2026 9:31:19,23,Triggered,,,,imap_idex_l1b_sci-10days_20260120_v002.cdf,
23-Jan-2026 9:34:55,23,Triggered,,,,imap_idex_l1b_sci-10days_20260120_v002.cdf,
23-Jan-2026 9:36:13,23,Triggered,,,,imap_idex_l1b_sci-10days_20260120_v002.cdf,
23-Jan-2026 9:36:26,23,Triggered,,,,imap_idex_l1b_sci-10days_20260120_v002.cdf,
23-Jan-2026 9:39:55,23,Triggered,,,,imap_idex_l1b_sci-10days_20260120_v002.cdf,
23-Jan-2026 9:48:10,23,Triggered,,,,imap_idex_l1b_sci-10days_20260120_v002.cdf,
23-Jan-2026 10:17:19,23,Triggered,,,,imap_idex_l1b_sci-10days_20260120_v002.cdf,
23-Jan-2026 10:21:21,23,Triggered,,,,imap_idex_l1b_sci-10days_20260120_v002.cdf,
23-Jan-2026 10:27:17,23,Triggered,,,,imap_idex_l1b_sci-10days_20260120_v002.cdf,
23-Jan-2026 10:43:58,23,Triggered,,,,imap_idex_l1b_sci-10days_20260120_v002.cdf,
23-Jan-2026 10:58:00,23,Triggered,,,,imap_idex_l1b_sci-10days_20260120_v002.cdf,
23-Jan-2026 11:05:02,23,Triggered,,,,imap_idex_l1b_sci-10days_20260120_v002.cdf,
23-Jan-2026 11:18:40,23,Triggered,,,,imap_idex_l1b_sci-10days_20260120_v002.cdf,
23-Jan-2026 11:20:37,23,Triggered,,,,imap_idex_l1b_sci-10days_20260120_v002.cdf,
23-Jan-2026 11:25:30,23,Triggered,,,,imap_idex_l1b_sci-10days_20260120_v002.cdf,
23-Jan-2026 11:37:18,23,Triggered,,,,imap_idex_l1b_sci-10days_20260120_v002.cdf,
23-Jan-2026 11:59:23,23,Triggered,,,,imap_idex_l1b_sci-10days_20260120_v002.cdf,
23-Jan-2026 12:01:44,23,Triggered,,,,imap_idex_l1b_sci-10days_20260120_v002.cdf,
24-Jan-2026 0:03:40,24,Triggered,,,,imap_idex_l1b_sci-10days_20260120_v002.cdf,
24-Jan-2026 0:08:28,24,Triggered,,,,imap_idex_l1b_sci-10days_20260120_v002.cdf,
24-Jan-2026 0:31:58,24,Triggered,,,,imap_idex_l1b_sci-10days_20260120_v002.cdf,
24-Jan-2026 0:47:40,24,Triggered,,,,imap_idex_l1b_sci-10days_20260120_v002.cdf,
24-Jan-2026 0:53:21,24,Triggered,,,,imap_idex_l1b_sci-10days_20260120_v002.cdf,
24-Jan-2026 1:54:48,24,Triggered,,,,imap_idex_l1b_sci-10days_20260120_v002.cdf,
24-Jan-2026 2:09:48,24,Triggered,,,,imap_idex_l1b_sci-10days_20260120_v002.cdf,
24-Jan-2026 2:35:26,24,Triggered,,,,imap_idex_l1b_sci-10days_20260120_v002.cdf,
24-Jan-2026 3:01:17,24,Triggered,,,,imap_idex_l1b_sci-10days_20260120_v002.cdf,
24-Jan-2026 3:14:17,24,Triggered,,,,imap_idex_l1b_sci-10days_20260120_v002.cdf,
24-Jan-2026 3:22:32,24,Triggered,,,,imap_idex_l1b_sci-10days_20260120_v002.cdf,
24-Jan-2026 3:54:08,24,Triggered,,,,imap_idex_l1b_sci-10days_20260120_v002.cdf,
24-Jan-2026 3:56:59,24,Triggered,,,,imap_idex_l1b_sci-10days_20260120_v002.cdf,
24-Jan-2026 4:06:19,24,Triggered,,,,imap_idex_l1b_sci-10days_20260120_v002.cdf,
24-Jan-2026 4:13:06,24,Triggered,,,,imap_idex_l1b_sci-10days_20260120_v002.cdf,
24-Jan-2026 4:40:11,24,Triggered,,,,imap_idex_l1b_sci-10days_20260120_v002.cdf,
24-Jan-2026 4:47:05,24,Triggered,,,,imap_idex_l1b_sci-10days_20260120_v002.cdf,
24-Jan-2026 4:55:26,24,Triggered,,,,imap_idex_l1b_sci-10days_20260120_v002.cdf,
24-Jan-2026 5:32:32,24,Triggered,,,,imap_idex_l1b_sci-10days_20260120_v002.cdf,
24-Jan-2026 5:44:10,24,Triggered,,,,imap_idex_l1b_sci-10days_20260120_v002.cdf,
24-Jan-2026 5:53:08,24,Triggered,,,,imap_idex_l1b_sci-10days_20260120_v002.cdf,
24-Jan-2026 5:56:05,24,Triggered,,,,imap_idex_l1b_sci-10days_20260120_v002.cdf,
24-Jan-2026 6:34:05,24,Triggered,,,,imap_idex_l1b_sci-10days_20260120_v002.cdf,
24-Jan-2026 6:38:02,24,Triggered,,,,imap_idex_l1b_sci-10days_20260120_v002.cdf,
24-Jan-2026 6:59:45,24,Triggered,,,,imap_idex_l1b_sci-10days_20260120_v002.cdf,
24-Jan-2026 7:25:49,24,Triggered,,,,imap_idex_l1b_sci-10days_20260120_v002.cdf,
24-Jan-2026 7:40:52,24,Triggered,,,,imap_idex_l1b_sci-10days_20260120_v002.cdf,
24-Jan-2026 8:01:17,24,Triggered,,,,imap_idex_l1b_sci-10days_20260120_v002.cdf,
24-Jan-2026 8:02:16,24,Triggered,,,,imap_idex_l1b_sci-10days_20260120_v002.cdf,
24-Jan-2026 8:17:46,24,Triggered,,,,imap_idex_l1b_sci-10days_20260120_v002.cdf,
24-Jan-2026 8:26:02,24,Triggered,,,,imap_idex_l1b_sci-10days_20260120_v002.cdf,
24-Jan-2026 8:44:44,24,Triggered,,,,imap_idex_l1b_sci-10days_20260120_v002.cdf,
24-Jan-2026 8:45:21,24,Triggered,,,,imap_idex_l1b_sci-10days_20260120_v002.cdf,
24-Jan-2026 9:02:33,24,Triggered,,,,imap_idex_l1b_sci-10days_20260120_v002.cdf,
24-Jan-2026 9:12:54,24,Triggered,,,,imap_idex_l1b_sci-10days_20260120_v002.cdf,
24-Jan-2026 9:17:08,24,Triggered,,,,imap_idex_l1b_sci-10days_20260120_v002.cdf,
24-Jan-2026 9:21:15,24,Triggered,,,,imap_idex_l1b_sci-10days_20260120_v002.cdf,
24-Jan-2026 9:24:54,24,Triggered,,,,imap_idex_l1b_sci-10days_20260120_v002.cdf,
24-Jan-2026 9:27:08,24,Triggered,,,,imap_idex_l1b_sci-10days_20260120_v002.cdf,
24-Jan-2026 10:00:16,24,Triggered,,,,imap_idex_l1b_sci-10days_20260120_v002.cdf,
24-Jan-2026 10:50:09,24,Triggered,,,,imap_idex_l1b_sci-10days_20260120_v002.cdf,
24-Jan-2026 10:51:20,24,Triggered,,,,imap_idex_l1b_sci-10days_20260120_v002.cdf,
24-Jan-2026 10:57:16,24,Triggered,,,,imap_idex_l1b_sci-10days_20260120_v002.cdf,
24-Jan-2026 11:14:05,24,Triggered,,,,imap_idex_l1b_sci-10days_20260120_v002.cdf,
24-Jan-2026 11:53:43,24,Triggered,,,,imap_idex_l1b_sci-10days_20260120_v002.cdf,
24-Jan-2026 12:16:14,24,Triggered,,,,imap_idex_l1b_sci-10days_20260120_v002.cdf,
24-Jan-2026 13:14:54,24,Triggered,,,,imap_idex_l1b_sci-10days_20260120_v002.cdf,
24-Jan-2026 13:34:39,24,Triggered,,,,imap_idex_l1b_sci-10days_20260120_v002.cdf,
24-Jan-2026 14:19:13,24,Triggered,,,,imap_idex_l1b_sci-10days_20260120_v002.cdf,
25-Jan-2026 8:57:31,25,Triggered,Dust,,,imap_idex_l1b_sci-10days_20260120_v002.cdf,
25-Jan-2026 11:55:09,25,Triggered,Dust,,,imap_idex_l1b_sci-10days_20260120_v002.cdf,
26-Jan-2026 11:18:43,26,Triggered,Dust,,,imap_idex_l1b_sci-10days_20260120_v002.cdf,
27-Jan-2026 2:27:56,27,Triggered,,,,imap_idex_l1b_sci-10days_20260120_v002.cdf,
27-Jan-2026 7:46:56,27,Triggered,,,,imap_idex_l1b_sci-10days_20260120_v002.cdf,
29-Jan-2026 9:21:06,29,Triggered,Dust,,,imap_idex_l1b_sci-10days_20260120_v002.cdf,
30-Jan-2026 0:01:53,30,Noise Capture,,,,imap_idex_l1b_sci-10days_20260130_v003.cdf,
30-Jan-2026 0:01:59,30,Pulser,,,,imap_idex_l1b_sci-10days_20260130_v003.cdf,
30-Jan-2026 0:02:07,30,Pulser,,,,imap_idex_l1b_sci-10days_20260130_v003.cdf,
30-Jan-2026 0:02:15,30,Pulser,,,,imap_idex_l1b_sci-10days_20260130_v003.cdf,
30-Jan-2026 0:02:23,30,Pulser,,,,imap_idex_l1b_sci-10days_20260130_v003.cdf,
30-Jan-2026 0:02:31,30,Pulser,,,,imap_idex_l1b_sci-10days_20260130_v003.cdf,
30-Jan-2026 0:02:45,30,Noise Capture,,,,imap_idex_l1b_sci-10days_20260130_v003.cdf,
30-Jan-2026 0:02:57,30,Noise Capture,,,,imap_idex_l1b_sci-10days_20260130_v003.cdf,
30-Jan-2026 0:03:09,30,Noise Capture,,,,imap_idex_l1b_sci-10days_20260130_v003.cdf,
30-Jan-2026 0:03:21,30,Noise Capture,,,,imap_idex_l1b_sci-10days_20260130_v003.cdf,
2-Feb-2026 16:29:17,33,Triggered,,,,imap_idex_l1b_sci-10days_20260130_v003.cdf,
3-Feb-2026 6:58:58,34,Triggered,,,,imap_idex_l1b_sci-10days_20260130_v003.cdf,
5-Feb-2026 3:04:46,36,Triggered,,,,imap_idex_l1b_sci-10days_20260130_v003.cdf,
6-Feb-2026 10:41:56,37,Triggered,,,,imap_idex_l1b_sci-10days_20260130_v003.cdf,
6-Feb-2026 13:23:10,37,Triggered,,,,imap_idex_l1b_sci-10days_20260130_v003.cdf,
6-Feb-2026 18:46:09,37,Triggered,,,,imap_idex_l1b_sci-10days_20260130_v003.cdf,
6-Feb-2026 20:28:17,37,Triggered,,,,imap_idex_l1b_sci-10days_20260130_v003.cdf,
7-Feb-2026 0:01:51,38,Noise Capture,,,,imap_idex_l1b_sci-10days_20260130_v003.cdf,
7-Feb-2026 0:01:57,38,Pulser,,,,imap_idex_l1b_sci-10days_20260130_v003.cdf,
7-Feb-2026 0:02:05,38,Pulser,,,,imap_idex_l1b_sci-10days_20260130_v003.cdf,
7-Feb-2026 0:02:13,38,Pulser,,,,imap_idex_l1b_sci-10days_20260130_v003.cdf,
7-Feb-2026 0:02:21,38,Pulser,,,,imap_idex_l1b_sci-10days_20260130_v003.cdf,
7-Feb-2026 0:02:29,38,Pulser,,,,imap_idex_l1b_sci-10days_20260130_v003.cdf,
7-Feb-2026 0:02:43,38,Noise Capture,,,,imap_idex_l1b_sci-10days_20260130_v003.cdf,
7-Feb-2026 0:02:55,38,Noise Capture,,,,imap_idex_l1b_sci-10days_20260130_v003.cdf,
7-Feb-2026 0:03:07,38,Noise Capture,,,,imap_idex_l1b_sci-10days_20260130_v003.cdf,
7-Feb-2026 0:03:19,38,Noise Capture,,,,imap_idex_l1b_sci-10days_20260130_v003.cdf,
7-Feb-2026 3:09:52,38,Triggered,,,,imap_idex_l1b_sci-10days_20260130_v003.cdf,
7-Feb-2026 10:31:08,38,Triggered,Dust,,,imap_idex_l1b_sci-10days_20260130_v003.cdf,
7-Feb-2026 13:21:50,38,Triggered,,,,imap_idex_l1b_sci-10days_20260130_v003.cdf,
8-Feb-2026 23:00:19,39,Triggered,,,,imap_idex_l1b_sci-10days_20260130_v003.cdf,
9-Feb-2026 13:51:45,40,Triggered,,,,imap_idex_l1b_sci-10days_20260209_v002.cdf,
11-Feb-2026 10:02:14,42,Triggered,,,,imap_idex_l1b_sci-10days_20260209_v002.cdf,
11-Feb-2026 17:37:29,42,Triggered,,,,imap_idex_l1b_sci-10days_20260209_v002.cdf,
12-Feb-2026 10:41:20,43,Triggered,,,,imap_idex_l1b_sci-10days_20260209_v002.cdf,
13-Feb-2026 11:05:07,44,Triggered,,,,imap_idex_l1b_sci-10days_20260209_v002.cdf,
15-Feb-2026 0:01:51,46,Noise Capture,,,,imap_idex_l1b_sci-10days_20260209_v002.cdf,
15-Feb-2026 0:01:57,46,Pulser,,,,imap_idex_l1b_sci-10days_20260209_v002.cdf,
15-Feb-2026 0:02:05,46,Pulser,,,,imap_idex_l1b_sci-10days_20260209_v002.cdf,
15-Feb-2026 0:02:13,46,Pulser,,,,imap_idex_l1b_sci-10days_20260209_v002.cdf,
15-Feb-2026 0:02:21,46,Pulser,,,,imap_idex_l1b_sci-10days_20260209_v002.cdf,
15-Feb-2026 0:02:29,46,Pulser,,,,imap_idex_l1b_sci-10days_20260209_v002.cdf,
15-Feb-2026 0:02:43,46,Noise Capture,,,,imap_idex_l1b_sci-10days_20260209_v002.cdf,
15-Feb-2026 0:02:55,46,Noise Capture,,,,imap_idex_l1b_sci-10days_20260209_v002.cdf,
15-Feb-2026 0:03:07,46,Noise Capture,,,,imap_idex_l1b_sci-10days_20260209_v002.cdf,
15-Feb-2026 0:03:19,46,Noise Capture,,,,imap_idex_l1b_sci-10days_20260209_v002.cdf,
16-Feb-2026 4:32:42,47,Triggered,Dust,,,imap_idex_l1b_sci-10days_20260209_v002.cdf,
16-Feb-2026 16:00:39,47,Triggered,Dust,,,imap_idex_l1b_sci-10days_20260209_v002.cdf,
17-Feb-2026 23:32:45,48,Triggered,,,,imap_idex_l1b_sci-10days_20260209_v002.cdf,
18-Feb-2026 13:58:32,49,Triggered,,,,imap_idex_l1b_sci-10days_20260209_v002.cdf,
19-Feb-2026 11:04:38,50,Triggered,Dust,,,imap_idex_l1b_sci-10days_20260219_v002.cdf,
20-Feb-2026 15:32:46,51,Triggered,Dust,,,imap_idex_l1b_sci-10days_20260219_v002.cdf,
21-Feb-2026 22:24:50,52,Triggered,Dust,,,imap_idex_l1b_sci-10days_20260219_v002.cdf,
23-Feb-2026 0:01:51,54,Noise Capture,,,,imap_idex_l1b_sci-10days_20260219_v002.cdf,
23-Feb-2026 0:01:57,54,Pulser,,,,imap_idex_l1b_sci-10days_20260219_v002.cdf,
23-Feb-2026 0:02:05,54,Pulser,,,,imap_idex_l1b_sci-10days_20260219_v002.cdf,
23-Feb-2026 0:02:13,54,Pulser,,,,imap_idex_l1b_sci-10days_20260219_v002.cdf,
23-Feb-2026 0:02:21,54,Pulser,,,,imap_idex_l1b_sci-10days_20260219_v002.cdf,
23-Feb-2026 0:02:29,54,Pulser,,,,imap_idex_l1b_sci-10days_20260219_v002.cdf,
23-Feb-2026 0:02:43,54,Noise Capture,,,,imap_idex_l1b_sci-10days_20260219_v002.cdf,
23-Feb-2026 0:02:55,54,Noise Capture,,,,imap_idex_l1b_sci-10days_20260219_v002.cdf,
23-Feb-2026 0:03:07,54,Noise Capture,,,,imap_idex_l1b_sci-10days_20260219_v002.cdf,
23-Feb-2026 0:03:19,54,Noise Capture,,,,imap_idex_l1b_sci-10days_20260219_v002.cdf,
23-Feb-2026 18:56:48,54,Triggered,,,,imap_idex_l1b_sci-10days_20260219_v002.cdf,
24-Feb-2026 4:53:10,55,Triggered,,,,imap_idex_l1b_sci-10days_20260219_v002.cdf,
24-Feb-2026 18:11:26,55,Triggered,,,,imap_idex_l1b_sci-10days_20260219_v002.cdf,
25-Feb-2026 19:57:41,56,Triggered,,,,imap_idex_l1b_sci-10days_20260219_v002.cdf,
26-Feb-2026 5:45:32,57,Triggered,,,,imap_idex_l1b_sci-10days_20260219_v002.cdf,
26-Feb-2026 18:10:39,57,Triggered,Dust,,,imap_idex_l1b_sci-10days_20260219_v002.cdf,
27-Feb-2026 7:38:06,58,Triggered,,,,imap_idex_l1b_sci-10days_20260219_v002.cdf,
1-Mar-2026 0:59:37,60,Triggered,Dust,,,imap_idex_l1b_sci-10days_20260301_v002.cdf,
1-Mar-2026 12:12:46,60,Triggered,Dust,,,imap_idex_l1b_sci-10days_20260301_v002.cdf,
2-Mar-2026 6:00:28,61,Triggered,Dust,,,imap_idex_l1b_sci-10days_20260301_v002.cdf,
3-Mar-2026 0:01:49,62,Noise Capture,,,,imap_idex_l1b_sci-10days_20260301_v002.cdf,
3-Mar-2026 0:01:55,62,Pulser,,,,imap_idex_l1b_sci-10days_20260301_v002.cdf,
3-Mar-2026 0:02:03,62,Pulser,,,,imap_idex_l1b_sci-10days_20260301_v002.cdf,
3-Mar-2026 0:02:11,62,Pulser,,,,imap_idex_l1b_sci-10days_20260301_v002.cdf,
3-Mar-2026 0:02:19,62,Pulser,,,,imap_idex_l1b_sci-10days_20260301_v002.cdf,
3-Mar-2026 0:02:27,62,Pulser,,,,imap_idex_l1b_sci-10days_20260301_v002.cdf,
3-Mar-2026 0:02:41,62,Noise Capture,,,,imap_idex_l1b_sci-10days_20260301_v002.cdf,
3-Mar-2026 0:02:53,62,Noise Capture,,,,imap_idex_l1b_sci-10days_20260301_v002.cdf,
3-Mar-2026 0:03:05,62,Noise Capture,,,,imap_idex_l1b_sci-10days_20260301_v002.cdf,
3-Mar-2026 0:03:17,62,Noise Capture,,,,imap_idex_l1b_sci-10days_20260301_v002.cdf,
3-Mar-2026 6:38:52,62,Triggered,Dust,,,imap_idex_l1b_sci-10days_20260301_v002.cdf,
4-Mar-2026 3:00:50,63,Triggered,,,,imap_idex_l1b_sci-10days_20260301_v002.cdf,
4-Mar-2026 18:24:24,63,Triggered,,,,imap_idex_l1b_sci-10days_20260301_v002.cdf,
5-Mar-2026 13:10:21,64,Triggered,Dust,,,imap_idex_l1b_sci-10days_20260301_v002.cdf,
5-Mar-2026 14:29:36,64,Triggered,,,,imap_idex_l1b_sci-10days_20260301_v002.cdf,
7-Mar-2026 2:34:27,66,Triggered,,,,imap_idex_l1b_sci-10days_20260301_v002.cdf,
9-Mar-2026 21:09:02,68,Triggered,,,,imap_idex_l1b_sci-10days_20260301_v002.cdf,
11-Mar-2026 0:01:49,70,Noise Capture,,,,imap_idex_l1b_sci-10days_20260311_v002.cdf,
11-Mar-2026 0:01:55,70,Pulser,,,,imap_idex_l1b_sci-10days_20260311_v002.cdf,
11-Mar-2026 0:02:03,70,Pulser,,,,imap_idex_l1b_sci-10days_20260311_v002.cdf,
11-Mar-2026 0:02:11,70,Pulser,,,,imap_idex_l1b_sci-10days_20260311_v002.cdf,
11-Mar-2026 0:02:19,70,Pulser,,,,imap_idex_l1b_sci-10days_20260311_v002.cdf,
11-Mar-2026 0:02:27,70,Pulser,,,,imap_idex_l1b_sci-10days_20260311_v002.cdf,
11-Mar-2026 0:02:41,70,Noise Capture,,,,imap_idex_l1b_sci-10days_20260311_v002.cdf,
11-Mar-2026 0:02:53,70,Noise Capture,,,,imap_idex_l1b_sci-10days_20260311_v002.cdf,
11-Mar-2026 0:03:05,70,Noise Capture,,,,imap_idex_l1b_sci-10days_20260311_v002.cdf,
11-Mar-2026 0:03:17,70,Noise Capture,,,,imap_idex_l1b_sci-10days_20260311_v002.cdf,
11-Mar-2026 9:24:04,70,Triggered,,,,imap_idex_l1b_sci-10days_20260311_v002.cdf,
11-Mar-2026 22:00:17,70,Triggered,Dust,,,imap_idex_l1b_sci-10days_20260311_v002.cdf,
13-Mar-2026 12:48:40,72,Triggered,Dust,,,imap_idex_l1b_sci-10days_20260311_v002.cdf,
18-Mar-2026 16:35:04,77,Triggered,,,,imap_idex_l1b_sci-10days_20260311_v002.cdf,
18-Mar-2026 17:10:58,77,Triggered,,,,imap_idex_l1b_sci-10days_20260311_v002.cdf,
18-Mar-2026 20:54:15,77,Triggered,Dust,,,imap_idex_l1b_sci-10days_20260311_v002.cdf,
19-Mar-2026 0:01:49,78,Noise Capture,,,,imap_idex_l1b_sci-10days_20260311_v002.cdf,
19-Mar-2026 0:01:55,78,Pulser,,,,imap_idex_l1b_sci-10days_20260311_v002.cdf,
19-Mar-2026 0:02:03,78,Pulser,,,,imap_idex_l1b_sci-10days_20260311_v002.cdf,
19-Mar-2026 0:02:11,78,Pulser,,,,imap_idex_l1b_sci-10days_20260311_v002.cdf,
19-Mar-2026 0:02:19,78,Pulser,,,,imap_idex_l1b_sci-10days_20260311_v002.cdf,
19-Mar-2026 0:02:27,78,Pulser,,,,imap_idex_l1b_sci-10days_20260311_v002.cdf,
19-Mar-2026 0:02:41,78,Noise Capture,,,,imap_idex_l1b_sci-10days_20260311_v002.cdf,
19-Mar-2026 0:02:53,78,Noise Capture,,,,imap_idex_l1b_sci-10days_20260311_v002.cdf,
19-Mar-2026 0:03:05,78,Noise Capture,,,,imap_idex_l1b_sci-10days_20260311_v002.cdf,
19-Mar-2026 0:03:17,78,Noise Capture,,,,imap_idex_l1b_sci-10days_20260311_v002.cdf,
19-Mar-2026 11:44:59,78,Triggered,Dust,,,imap_idex_l1b_sci-10days_20260311_v002.cdf,
21-Mar-2026 3:32:18,80,Triggered,Dust,,,imap_idex_l1b_sci-10days_20260321_v003.cdf,
21-Mar-2026 19:16:20,80,Triggered,,,,imap_idex_l1b_sci-10days_20260321_v003.cdf,
22-Mar-2026 9:10:35,81,Triggered,,,,imap_idex_l1b_sci-10days_20260321_v003.cdf,
22-Mar-2026 12:20:52,81,Triggered,,,,imap_idex_l1b_sci-10days_20260321_v003.cdf,
22-Mar-2026 17:08:55,81,Triggered,,,,imap_idex_l1b_sci-10days_20260321_v003.cdf,
22-Mar-2026 17:15:02,81,Triggered,,,,imap_idex_l1b_sci-10days_20260321_v003.cdf,
22-Mar-2026 18:32:41,81,Triggered,,,,imap_idex_l1b_sci-10days_20260321_v003.cdf,
22-Mar-2026 18:45:46,81,Triggered,,,,imap_idex_l1b_sci-10days_20260321_v003.cdf,
22-Mar-2026 21:55:58,81,Triggered,,,,imap_idex_l1b_sci-10days_20260321_v003.cdf,
22-Mar-2026 22:10:18,81,Triggered,,,,imap_idex_l1b_sci-10days_20260321_v003.cdf,
22-Mar-2026 22:22:58,81,Triggered,,,,imap_idex_l1b_sci-10days_20260321_v003.cdf,
23-Mar-2026 1:29:28,82,Triggered,,,,imap_idex_l1b_sci-10days_20260321_v003.cdf,
23-Mar-2026 5:44:54,82,Triggered,,,,imap_idex_l1b_sci-10days_20260321_v003.cdf,
23-Mar-2026 8:56:52,82,Triggered,,,,imap_idex_l1b_sci-10days_20260321_v003.cdf,
23-Mar-2026 14:11:19,82,Triggered,,,,imap_idex_l1b_sci-10days_20260321_v003.cdf,
24-Mar-2026 4:39:53,83,Triggered,,,,imap_idex_l1b_sci-10days_20260321_v003.cdf,
24-Mar-2026 8:13:46,83,Triggered,,,,imap_idex_l1b_sci-10days_20260321_v003.cdf,
26-Mar-2026 7:36:13,85,Triggered,,,,imap_idex_l1b_sci-10days_20260321_v003.cdf,
26-Mar-2026 10:35:02,85,Triggered,,,,imap_idex_l1b_sci-10days_20260321_v003.cdf,
26-Mar-2026 11:52:08,85,Triggered,,,,imap_idex_l1b_sci-10days_20260321_v003.cdf,
27-Mar-2026 0:01:48,86,Noise Capture,,,,imap_idex_l1b_sci-10days_20260321_v003.cdf,
27-Mar-2026 0:01:54,86,Pulser,,,,imap_idex_l1b_sci-10days_20260321_v003.cdf,
27-Mar-2026 0:02:02,86,Pulser,,,,imap_idex_l1b_sci-10days_20260321_v003.cdf,
27-Mar-2026 0:02:10,86,Pulser,,,,imap_idex_l1b_sci-10days_20260321_v003.cdf,
27-Mar-2026 0:02:18,86,Pulser,,,,imap_idex_l1b_sci-10days_20260321_v003.cdf,
27-Mar-2026 0:02:26,86,Pulser,,,,imap_idex_l1b_sci-10days_20260321_v003.cdf,
27-Mar-2026 0:02:37,86,Triggered,,,,imap_idex_l1b_sci-10days_20260321_v003.cdf,
27-Mar-2026 0:02:44,86,Triggered,,,,imap_idex_l1b_sci-10days_20260321_v003.cdf,
27-Mar-2026 0:02:52,86,Noise Capture,,,,imap_idex_l1b_sci-10days_20260321_v003.cdf,
27-Mar-2026 0:03:04,86,Noise Capture,,,,imap_idex_l1b_sci-10days_20260321_v003.cdf,
27-Mar-2026 0:03:16,86,Noise Capture,,,,imap_idex_l1b_sci-10days_20260321_v003.cdf,
28-Mar-2026 17:22:38,87,Triggered,,,,imap_idex_l1b_sci-10days_20260321_v003.cdf,
29-Mar-2026 20:18:24,88,Triggered,,,,imap_idex_l1b_sci-10days_20260321_v003.cdf,
31-Mar-2026 8:07:01,90,Triggered,,,,imap_idex_l1b_sci-10days_20260331_v005.cdf,
31-Mar-2026 22:30:21,90,Triggered,,,,imap_idex_l1b_sci-10days_20260331_v005.cdf,
1-Apr-2026 0:17:44,91,Triggered,,,,imap_idex_l1b_sci-10days_20260331_v005.cdf,
1-Apr-2026 8:18:26,91,Triggered,Dust,,,imap_idex_l1b_sci-10days_20260331_v005.cdf,
1-Apr-2026 12:55:32,91,Triggered,,,,imap_idex_l1b_sci-10days_20260331_v005.cdf,
1-Apr-2026 13:48:14,91,Triggered,,,,imap_idex_l1b_sci-10days_20260331_v005.cdf,
1-Apr-2026 13:53:12,91,Triggered,,,,imap_idex_l1b_sci-10days_20260331_v005.cdf,
1-Apr-2026 14:00:05,91,Triggered,Dust,,,imap_idex_l1b_sci-10days_20260331_v005.cdf,
1-Apr-2026 14:19:14,91,Triggered,,,,imap_idex_l1b_sci-10days_20260331_v005.cdf,
1-Apr-2026 14:25:14,91,Triggered,,,,imap_idex_l1b_sci-10days_20260331_v005.cdf,
1-Apr-2026 18:10:32,91,Triggered,,,,imap_idex_l1b_sci-10days_20260331_v005.cdf,
1-Apr-2026 20:57:01,91,Triggered,,,,imap_idex_l1b_sci-10days_20260331_v005.cdf,
1-Apr-2026 21:30:30,91,Triggered,,,,imap_idex_l1b_sci-10days_20260331_v005.cdf,
1-Apr-2026 22:04:12,91,Triggered,,,,imap_idex_l1b_sci-10days_20260331_v005.cdf,
1-Apr-2026 23:37:24,91,Triggered,,,,imap_idex_l1b_sci-10days_20260331_v005.cdf,
1-Apr-2026 23:55:46,91,Triggered,,,,imap_idex_l1b_sci-10days_20260331_v005.cdf,
2-Apr-2026 0:10:24,92,Triggered,,,,imap_idex_l1b_sci-10days_20260331_v005.cdf,
2-Apr-2026 0:32:14,92,Triggered,,,,imap_idex_l1b_sci-10days_20260331_v005.cdf,
2-Apr-2026 0:36:45,92,Triggered,,,,imap_idex_l1b_sci-10days_20260331_v005.cdf,
2-Apr-2026 2:25:40,92,Triggered,,,,imap_idex_l1b_sci-10days_20260331_v005.cdf,
2-Apr-2026 2:49:50,92,Triggered,,,,imap_idex_l1b_sci-10days_20260331_v005.cdf,
2-Apr-2026 3:15:20,92,Triggered,,,,imap_idex_l1b_sci-10days_20260331_v005.cdf,
2-Apr-2026 3:18:00,92,Triggered,,,,imap_idex_l1b_sci-10days_20260331_v005.cdf,
2-Apr-2026 3:24:14,92,Triggered,,,,imap_idex_l1b_sci-10days_20260331_v005.cdf,
2-Apr-2026 4:01:08,92,Triggered,,,,imap_idex_l1b_sci-10days_20260331_v005.cdf,
2-Apr-2026 4:45:29,92,Triggered,,,,imap_idex_l1b_sci-10days_20260331_v005.cdf,
2-Apr-2026 4:47:53,92,Triggered,,,,imap_idex_l1b_sci-10days_20260331_v005.cdf,
2-Apr-2026 4:51:24,92,Triggered,,,,imap_idex_l1b_sci-10days_20260331_v005.cdf,
2-Apr-2026 4:59:12,92,Triggered,,,,imap_idex_l1b_sci-10days_20260331_v005.cdf,
2-Apr-2026 5:13:48,92,Triggered,,,,imap_idex_l1b_sci-10days_20260331_v005.cdf,
2-Apr-2026 5:24:41,92,Triggered,,,,imap_idex_l1b_sci-10days_20260331_v005.cdf,
2-Apr-2026 5:48:47,92,Triggered,,,,imap_idex_l1b_sci-10days_20260331_v005.cdf,
2-Apr-2026 5:49:13,92,Triggered,,,,imap_idex_l1b_sci-10days_20260331_v005.cdf,
2-Apr-2026 5:52:34,92,Triggered,,,,imap_idex_l1b_sci-10days_20260331_v005.cdf,
2-Apr-2026 6:04:09,92,Triggered,,,,imap_idex_l1b_sci-10days_20260331_v005.cdf,
2-Apr-2026 6:24:39,92,Triggered,,,,imap_idex_l1b_sci-10days_20260331_v005.cdf,
2-Apr-2026 6:35:20,92,Triggered,,,,imap_idex_l1b_sci-10days_20260331_v005.cdf,
2-Apr-2026 6:40:33,92,Triggered,,,,imap_idex_l1b_sci-10days_20260331_v005.cdf,
2-Apr-2026 6:56:13,92,Triggered,,,,imap_idex_l1b_sci-10days_20260331_v005.cdf,
2-Apr-2026 7:36:27,92,Triggered,,,,imap_idex_l1b_sci-10days_20260331_v005.cdf,
2-Apr-2026 7:45:26,92,Triggered,,,,imap_idex_l1b_sci-10days_20260331_v005.cdf,
2-Apr-2026 7:52:57,92,Triggered,,,,imap_idex_l1b_sci-10days_20260331_v005.cdf,
2-Apr-2026 7:55:35,92,Triggered,,,,imap_idex_l1b_sci-10days_20260331_v005.cdf,
2-Apr-2026 8:24:48,92,Triggered,,,,imap_idex_l1b_sci-10days_20260331_v005.cdf,
2-Apr-2026 8:27:03,92,Triggered,,,,imap_idex_l1b_sci-10days_20260331_v005.cdf,
2-Apr-2026 8:32:28,92,Triggered,,,,imap_idex_l1b_sci-10days_20260331_v005.cdf,
2-Apr-2026 8:38:26,92,Triggered,,,,imap_idex_l1b_sci-10days_20260331_v005.cdf,
2-Apr-2026 9:01:32,92,Triggered,,,,imap_idex_l1b_sci-10days_20260331_v005.cdf,
2-Apr-2026 9:07:49,92,Triggered,,,,imap_idex_l1b_sci-10days_20260331_v005.cdf,
2-Apr-2026 9:08:26,92,Triggered,,,,imap_idex_l1b_sci-10days_20260331_v005.cdf,
2-Apr-2026 9:12:40,92,Triggered,,,,imap_idex_l1b_sci-10days_20260331_v005.cdf,
2-Apr-2026 9:23:39,92,Triggered,,,,imap_idex_l1b_sci-10days_20260331_v005.cdf,
2-Apr-2026 9:28:07,92,Triggered,,,,imap_idex_l1b_sci-10days_20260331_v005.cdf,
2-Apr-2026 9:28:41,92,Triggered,,,,imap_idex_l1b_sci-10days_20260331_v005.cdf,
2-Apr-2026 9:39:24,92,Triggered,,,,imap_idex_l1b_sci-10days_20260331_v005.cdf,
2-Apr-2026 9:40:19,92,Triggered,,,,imap_idex_l1b_sci-10days_20260331_v005.cdf,
2-Apr-2026 9:55:44,92,Triggered,,,,imap_idex_l1b_sci-10days_20260331_v005.cdf,
2-Apr-2026 10:13:18,92,Triggered,,,,imap_idex_l1b_sci-10days_20260331_v005.cdf,
2-Apr-2026 10:17:26,92,Triggered,,,,imap_idex_l1b_sci-10days_20260331_v005.cdf,
2-Apr-2026 10:34:49,92,Triggered,,,,imap_idex_l1b_sci-10days_20260331_v005.cdf,
2-Apr-2026 10:42:10,92,Triggered,,,,imap_idex_l1b_sci-10days_20260331_v005.cdf,
2-Apr-2026 11:02:36,92,Triggered,,,,imap_idex_l1b_sci-10days_20260331_v005.cdf,
2-Apr-2026 11:02:58,92,Triggered,,,,imap_idex_l1b_sci-10days_20260331_v005.cdf,
2-Apr-2026 11:11:20,92,Triggered,,,,imap_idex_l1b_sci-10days_20260331_v005.cdf,
2-Apr-2026 11:11:38,92,Triggered,,,,imap_idex_l1b_sci-10days_20260331_v005.cdf,
2-Apr-2026 11:14:14,92,Triggered,,,,imap_idex_l1b_sci-10days_20260331_v005.cdf,
2-Apr-2026 11:16:17,92,Triggered,,,,imap_idex_l1b_sci-10days_20260331_v005.cdf,
2-Apr-2026 11:17:46,92,Triggered,,,,imap_idex_l1b_sci-10days_20260331_v005.cdf,
2-Apr-2026 11:28:48,92,Triggered,,,,imap_idex_l1b_sci-10days_20260331_v005.cdf,
2-Apr-2026 11:36:58,92,Triggered,,,,imap_idex_l1b_sci-10days_20260331_v005.cdf,
2-Apr-2026 11:37:43,92,Triggered,,,,imap_idex_l1b_sci-10days_20260331_v005.cdf,
2-Apr-2026 11:42:10,92,Triggered,,,,imap_idex_l1b_sci-10days_20260331_v005.cdf,
2-Apr-2026 11:42:25,92,Triggered,,,,imap_idex_l1b_sci-10days_20260331_v005.cdf,
2-Apr-2026 11:51:25,92,Triggered,,,,imap_idex_l1b_sci-10days_20260331_v005.cdf,
2-Apr-2026 11:54:58,92,Triggered,,,,imap_idex_l1b_sci-10days_20260331_v005.cdf,
2-Apr-2026 12:07:36,92,Triggered,,,,imap_idex_l1b_sci-10days_20260331_v005.cdf,
2-Apr-2026 12:08:39,92,Triggered,,,,imap_idex_l1b_sci-10days_20260331_v005.cdf,
2-Apr-2026 12:20:10,92,Triggered,,,,imap_idex_l1b_sci-10days_20260331_v005.cdf,
2-Apr-2026 12:29:07,92,Triggered,,,,imap_idex_l1b_sci-10days_20260331_v005.cdf,
2-Apr-2026 12:32:53,92,Triggered,,,,imap_idex_l1b_sci-10days_20260331_v005.cdf,
2-Apr-2026 12:39:47,92,Triggered,,,,imap_idex_l1b_sci-10days_20260331_v005.cdf,
2-Apr-2026 12:44:17,92,Triggered,,,,imap_idex_l1b_sci-10days_20260331_v005.cdf,
2-Apr-2026 12:47:18,92,Triggered,,,,imap_idex_l1b_sci-10days_20260331_v005.cdf,
2-Apr-2026 12:57:27,92,Triggered,,,,imap_idex_l1b_sci-10days_20260331_v005.cdf,
2-Apr-2026 12:59:36,92,Triggered,,,,imap_idex_l1b_sci-10days_20260331_v005.cdf,
2-Apr-2026 13:00:37,92,Triggered,,,,imap_idex_l1b_sci-10days_20260331_v005.cdf,
2-Apr-2026 13:05:49,92,Triggered,,,,imap_idex_l1b_sci-10days_20260331_v005.cdf,
2-Apr-2026 13:07:24,92,Triggered,,,,imap_idex_l1b_sci-10days_20260331_v005.cdf,
2-Apr-2026 13:20:00,92,Triggered,,,,imap_idex_l1b_sci-10days_20260331_v005.cdf,
2-Apr-2026 13:29:45,92,Triggered,,,,imap_idex_l1b_sci-10days_20260331_v005.cdf,
2-Apr-2026 13:32:49,92,Triggered,,,,imap_idex_l1b_sci-10days_20260331_v005.cdf,
2-Apr-2026 13:37:11,92,Triggered,,,,imap_idex_l1b_sci-10days_20260331_v005.cdf,
2-Apr-2026 13:37:58,92,Triggered,,,,imap_idex_l1b_sci-10days_20260331_v005.cdf,
2-Apr-2026 13:48:24,92,Triggered,,,,imap_idex_l1b_sci-10days_20260331_v005.cdf,
2-Apr-2026 13:59:10,92,Triggered,,,,imap_idex_l1b_sci-10days_20260331_v005.cdf,
2-Apr-2026 14:06:58,92,Triggered,,,,imap_idex_l1b_sci-10days_20260331_v005.cdf,
2-Apr-2026 14:22:18,92,Triggered,,,,imap_idex_l1b_sci-10days_20260331_v005.cdf,
2-Apr-2026 14:34:38,92,Triggered,,,,imap_idex_l1b_sci-10days_20260331_v005.cdf,
2-Apr-2026 14:41:01,92,Triggered,,,,imap_idex_l1b_sci-10days_20260331_v005.cdf,
2-Apr-2026 14:48:11,92,Triggered,,,,imap_idex_l1b_sci-10days_20260331_v005.cdf,
2-Apr-2026 14:50:41,92,Triggered,,,,imap_idex_l1b_sci-10days_20260331_v005.cdf,
2-Apr-2026 15:10:13,92,Triggered,,,,imap_idex_l1b_sci-10days_20260331_v005.cdf,
2-Apr-2026 15:11:13,92,Triggered,,,,imap_idex_l1b_sci-10days_20260331_v005.cdf,
2-Apr-2026 15:17:33,92,Triggered,,,,imap_idex_l1b_sci-10days_20260331_v005.cdf,
2-Apr-2026 15:24:06,92,Triggered,,,,imap_idex_l1b_sci-10days_20260331_v005.cdf,
2-Apr-2026 15:41:03,92,Triggered,,,,imap_idex_l1b_sci-10days_20260331_v005.cdf,
2-Apr-2026 15:42:12,92,Triggered,,,,imap_idex_l1b_sci-10days_20260331_v005.cdf,
2-Apr-2026 15:45:16,92,Triggered,,,,imap_idex_l1b_sci-10days_20260331_v005.cdf,
2-Apr-2026 15:56:34,92,Triggered,,,,imap_idex_l1b_sci-10days_20260331_v005.cdf,
2-Apr-2026 16:01:38,92,Triggered,,,,imap_idex_l1b_sci-10days_20260331_v005.cdf,
2-Apr-2026 16:03:40,92,Triggered,,,,imap_idex_l1b_sci-10days_20260331_v005.cdf,
2-Apr-2026 16:22:21,92,Triggered,,,,imap_idex_l1b_sci-10days_20260331_v005.cdf,
2-Apr-2026 16:28:32,92,Triggered,,,,imap_idex_l1b_sci-10days_20260331_v005.cdf,
2-Apr-2026 16:31:15,92,Triggered,,,,imap_idex_l1b_sci-10days_20260331_v005.cdf,
2-Apr-2026 16:34:58,92,Triggered,,,,imap_idex_l1b_sci-10days_20260331_v005.cdf,
2-Apr-2026 16:36:52,92,Triggered,,,,imap_idex_l1b_sci-10days_20260331_v005.cdf,
2-Apr-2026 16:54:36,92,Triggered,,,,imap_idex_l1b_sci-10days_20260331_v005.cdf,
2-Apr-2026 16:56:30,92,Triggered,,,,imap_idex_l1b_sci-10days_20260331_v005.cdf,
2-Apr-2026 17:10:39,92,Triggered,,,,imap_idex_l1b_sci-10days_20260331_v005.cdf,
2-Apr-2026 17:31:17,92,Triggered,,,,imap_idex_l1b_sci-10days_20260331_v005.cdf,
2-Apr-2026 17:51:45,92,Triggered,,,,imap_idex_l1b_sci-10days_20260331_v005.cdf,
2-Apr-2026 18:09:58,92,Triggered,,,,imap_idex_l1b_sci-10days_20260331_v005.cdf,
2-Apr-2026 18:19:22,92,Triggered,,,,imap_idex_l1b_sci-10days_20260331_v005.cdf,
2-Apr-2026 18:21:38,92,Triggered,,,,imap_idex_l1b_sci-10days_20260331_v005.cdf,
2-Apr-2026 18:25:12,92,Triggered,,,,imap_idex_l1b_sci-10days_20260331_v005.cdf,
2-Apr-2026 18:35:13,92,Triggered,,,,imap_idex_l1b_sci-10days_20260331_v005.cdf,
2-Apr-2026 18:37:36,92,Triggered,,,,imap_idex_l1b_sci-10days_20260331_v005.cdf,
2-Apr-2026 18:58:08,92,Triggered,,,,imap_idex_l1b_sci-10days_20260331_v005.cdf,
2-Apr-2026 19:01:15,92,Triggered,,,,imap_idex_l1b_sci-10days_20260331_v005.cdf,
2-Apr-2026 19:09:19,92,Triggered,,,,imap_idex_l1b_sci-10days_20260331_v005.cdf,
2-Apr-2026 19:34:10,92,Triggered,,,,imap_idex_l1b_sci-10days_20260331_v005.cdf,
2-Apr-2026 19:43:53,92,Triggered,,,,imap_idex_l1b_sci-10days_20260331_v005.cdf,
2-Apr-2026 19:44:26,92,Triggered,,,,imap_idex_l1b_sci-10days_20260331_v005.cdf,
2-Apr-2026 19:47:30,92,Triggered,,,,imap_idex_l1b_sci-10days_20260331_v005.cdf,
2-Apr-2026 20:02:35,92,Triggered,,,,imap_idex_l1b_sci-10days_20260331_v005.cdf,
2-Apr-2026 20:07:27,92,Triggered,,,,imap_idex_l1b_sci-10days_20260331_v005.cdf,
2-Apr-2026 20:14:45,92,Triggered,,,,imap_idex_l1b_sci-10days_20260331_v005.cdf,
2-Apr-2026 20:27:18,92,Triggered,,,,imap_idex_l1b_sci-10days_20260331_v005.cdf,
2-Apr-2026 20:45:36,92,Triggered,,,,imap_idex_l1b_sci-10days_20260331_v005.cdf,
2-Apr-2026 20:58:41,92,Triggered,,,,imap_idex_l1b_sci-10days_20260331_v005.cdf,
2-Apr-2026 20:59:35,92,Triggered,,,,imap_idex_l1b_sci-10days_20260331_v005.cdf,
2-Apr-2026 21:03:33,92,Triggered,,,,imap_idex_l1b_sci-10days_20260331_v005.cdf,
2-Apr-2026 21:28:14,92,Triggered,,,,imap_idex_l1b_sci-10days_20260331_v005.cdf,
2-Apr-2026 21:28:53,92,Triggered,,,,imap_idex_l1b_sci-10days_20260331_v005.cdf,
2-Apr-2026 21:30:25,92,Triggered,,,,imap_idex_l1b_sci-10days_20260331_v005.cdf,
2-Apr-2026 21:33:33,92,Triggered,,,,imap_idex_l1b_sci-10days_20260331_v005.cdf,
2-Apr-2026 21:39:26,92,Triggered,,,,imap_idex_l1b_sci-10days_20260331_v005.cdf,
2-Apr-2026 21:42:25,92,Triggered,,,,imap_idex_l1b_sci-10days_20260331_v005.cdf,
2-Apr-2026 21:42:56,92,Triggered,,,,imap_idex_l1b_sci-10days_20260331_v005.cdf,
2-Apr-2026 21:47:52,92,Triggered,,,,imap_idex_l1b_sci-10days_20260331_v005.cdf,
2-Apr-2026 21:48:16,92,Triggered,,,,imap_idex_l1b_sci-10days_20260331_v005.cdf,
2-Apr-2026 21:49:13,92,Triggered,,,,imap_idex_l1b_sci-10days_20260331_v005.cdf,
2-Apr-2026 22:05:33,92,Triggered,,,,imap_idex_l1b_sci-10days_20260331_v005.cdf,
2-Apr-2026 22:17:51,92,Triggered,,,,imap_idex_l1b_sci-10days_20260331_v005.cdf,
2-Apr-2026 22:19:24,92,Triggered,,,,imap_idex_l1b_sci-10days_20260331_v005.cdf,
2-Apr-2026 22:30:27,92,Triggered,,,,imap_idex_l1b_sci-10days_20260331_v005.cdf,
2-Apr-2026 22:30:39,92,Triggered,,,,imap_idex_l1b_sci-10days_20260331_v005.cdf,
2-Apr-2026 22:41:45,92,Triggered,,,,imap_idex_l1b_sci-10days_20260331_v005.cdf,
2-Apr-2026 22:47:55,92,Triggered,,,,imap_idex_l1b_sci-10days_20260331_v005.cdf,
2-Apr-2026 22:50:00,92,Triggered,,,,imap_idex_l1b_sci-10days_20260331_v005.cdf,
2-Apr-2026 23:08:10,92,Triggered,,,,imap_idex_l1b_sci-10days_20260331_v005.cdf,
2-Apr-2026 23:28:29,92,Triggered,,,,imap_idex_l1b_sci-10days_20260331_v005.cdf,
2-Apr-2026 23:52:22,92,Triggered,,,,imap_idex_l1b_sci-10days_20260331_v005.cdf,
2-Apr-2026 23:58:00,92,Triggered,,,,imap_idex_l1b_sci-10days_20260331_v005.cdf,
3-Apr-2026 0:18:13,93,Triggered,,,,imap_idex_l1b_sci-10days_20260331_v005.cdf,
3-Apr-2026 0:29:42,93,Triggered,,,,imap_idex_l1b_sci-10days_20260331_v005.cdf,
3-Apr-2026 0:43:35,93,Triggered,,,,imap_idex_l1b_sci-10days_20260331_v005.cdf,
3-Apr-2026 0:45:03,93,Triggered,,,,imap_idex_l1b_sci-10days_20260331_v005.cdf,
3-Apr-2026 0:46:12,93,Triggered,,,,imap_idex_l1b_sci-10days_20260331_v005.cdf,
3-Apr-2026 0:54:20,93,Triggered,,,,imap_idex_l1b_sci-10days_20260331_v005.cdf,
3-Apr-2026 1:00:12,93,Triggered,,,,imap_idex_l1b_sci-10days_20260331_v005.cdf,
3-Apr-2026 1:03:51,93,Triggered,,,,imap_idex_l1b_sci-10days_20260331_v005.cdf,
3-Apr-2026 1:05:29,93,Triggered,,,,imap_idex_l1b_sci-10days_20260331_v005.cdf,
3-Apr-2026 1:14:05,93,Triggered,,,,imap_idex_l1b_sci-10days_20260331_v005.cdf,
3-Apr-2026 1:49:22,93,Triggered,,,,imap_idex_l1b_sci-10days_20260331_v005.cdf,
3-Apr-2026 1:58:59,93,Triggered,,,,imap_idex_l1b_sci-10days_20260331_v005.cdf,
3-Apr-2026 1:59:11,93,Triggered,,,,imap_idex_l1b_sci-10days_20260331_v005.cdf,
3-Apr-2026 2:11:12,93,Triggered,,,,imap_idex_l1b_sci-10days_20260331_v005.cdf,
3-Apr-2026 2:16:47,93,Triggered,,,,imap_idex_l1b_sci-10days_20260331_v005.cdf,
3-Apr-2026 2:23:24,93,Triggered,,,,imap_idex_l1b_sci-10days_20260331_v005.cdf,
3-Apr-2026 2:43:26,93,Triggered,,,,imap_idex_l1b_sci-10days_20260331_v005.cdf,
3-Apr-2026 2:45:51,93,Triggered,,,,imap_idex_l1b_sci-10days_20260331_v005.cdf,
3-Apr-2026 2:53:46,93,Triggered,,,,imap_idex_l1b_sci-10days_20260331_v005.cdf,
3-Apr-2026 2:57:48,93,Triggered,,,,imap_idex_l1b_sci-10days_20260331_v005.cdf,
3-Apr-2026 3:07:15,93,Triggered,,,,imap_idex_l1b_sci-10days_20260331_v005.cdf,
3-Apr-2026 3:11:31,93,Triggered,,,,imap_idex_l1b_sci-10days_20260331_v005.cdf,
3-Apr-2026 3:12:07,93,Triggered,,,,imap_idex_l1b_sci-10days_20260331_v005.cdf,
3-Apr-2026 3:29:54,93,Triggered,,,,imap_idex_l1b_sci-10days_20260331_v005.cdf,
3-Apr-2026 3:42:35,93,Triggered,,,,imap_idex_l1b_sci-10days_20260331_v005.cdf,
3-Apr-2026 3:43:11,93,Triggered,,,,imap_idex_l1b_sci-10days_20260331_v005.cdf,
3-Apr-2026 3:58:18,93,Triggered,,,,imap_idex_l1b_sci-10days_20260331_v005.cdf,
3-Apr-2026 4:10:07,93,Triggered,,,,imap_idex_l1b_sci-10days_20260331_v005.cdf,
3-Apr-2026 4:14:31,93,Triggered,,,,imap_idex_l1b_sci-10days_20260331_v005.cdf,
3-Apr-2026 4:20:38,93,Triggered,,,,imap_idex_l1b_sci-10days_20260331_v005.cdf,
3-Apr-2026 4:24:32,93,Triggered,,,,imap_idex_l1b_sci-10days_20260331_v005.cdf,
3-Apr-2026 4:28:09,93,Triggered,,,,imap_idex_l1b_sci-10days_20260331_v005.cdf,
3-Apr-2026 4:35:03,93,Triggered,,,,imap_idex_l1b_sci-10days_20260331_v005.cdf,
3-Apr-2026 4:38:43,93,Triggered,,,,imap_idex_l1b_sci-10days_20260331_v005.cdf,
3-Apr-2026 4:40:19,93,Triggered,Dust,,,imap_idex_l1b_sci-10days_20260331_v005.cdf,
3-Apr-2026 4:42:45,93,Triggered,,,,imap_idex_l1b_sci-10days_20260331_v005.cdf,
3-Apr-2026 4:48:23,93,Triggered,,,,imap_idex_l1b_sci-10days_20260331_v005.cdf,
3-Apr-2026 5:22:16,93,Triggered,,,,imap_idex_l1b_sci-10days_20260331_v005.cdf,
3-Apr-2026 5:22:48,93,Triggered,,,,imap_idex_l1b_sci-10days_20260331_v005.cdf,
3-Apr-2026 5:29:41,93,Triggered,,,,imap_idex_l1b_sci-10days_20260331_v005.cdf,
3-Apr-2026 5:38:35,93,Triggered,,,,imap_idex_l1b_sci-10days_20260331_v005.cdf,
3-Apr-2026 5:43:19,93,Triggered,,,,imap_idex_l1b_sci-10days_20260331_v005.cdf,
3-Apr-2026 5:50:41,93,Triggered,,,,imap_idex_l1b_sci-10days_20260331_v005.cdf,
3-Apr-2026 6:24:42,93,Triggered,,,,imap_idex_l1b_sci-10days_20260331_v005.cdf,
3-Apr-2026 6:53:45,93,Triggered,,,,imap_idex_l1b_sci-10days_20260331_v005.cdf,
3-Apr-2026 7:02:39,93,Triggered,,,,imap_idex_l1b_sci-10days_20260331_v005.cdf,
3-Apr-2026 7:23:28,93,Triggered,,,,imap_idex_l1b_sci-10days_20260331_v005.cdf,
3-Apr-2026 7:32:31,93,Triggered,,,,imap_idex_l1b_sci-10days_20260331_v005.cdf,
3-Apr-2026 7:46:28,93,Triggered,,,,imap_idex_l1b_sci-10days_20260331_v005.cdf,
3-Apr-2026 7:49:59,93,Triggered,,,,imap_idex_l1b_sci-10days_20260331_v005.cdf,
3-Apr-2026 7:59:49,93,Triggered,,,,imap_idex_l1b_sci-10days_20260331_v005.cdf,
3-Apr-2026 8:21:05,93,Triggered,,,,imap_idex_l1b_sci-10days_20260331_v005.cdf,
3-Apr-2026 8:33:25,93,Triggered,,,,imap_idex_l1b_sci-10days_20260331_v005.cdf,
3-Apr-2026 8:50:13,93,Triggered,,,,imap_idex_l1b_sci-10days_20260331_v005.cdf,
3-Apr-2026 8:58:27,93,Triggered,,,,imap_idex_l1b_sci-10days_20260331_v005.cdf,
3-Apr-2026 9:04:02,93,Triggered,,,,imap_idex_l1b_sci-10days_20260331_v005.cdf,
3-Apr-2026 9:12:30,93,Triggered,,,,imap_idex_l1b_sci-10days_20260331_v005.cdf,
3-Apr-2026 9:16:29,93,Triggered,,,,imap_idex_l1b_sci-10days_20260331_v005.cdf,
3-Apr-2026 9:20:48,93,Triggered,,,,imap_idex_l1b_sci-10days_20260331_v005.cdf,
3-Apr-2026 9:34:14,93,Triggered,,,,imap_idex_l1b_sci-10days_20260331_v005.cdf,
3-Apr-2026 9:41:02,93,Triggered,,,,imap_idex_l1b_sci-10days_20260331_v005.cdf,
3-Apr-2026 9:47:57,93,Triggered,,,,imap_idex_l1b_sci-10days_20260331_v005.cdf,
3-Apr-2026 9:49:01,93,Triggered,,,,imap_idex_l1b_sci-10days_20260331_v005.cdf,
3-Apr-2026 9:55:23,93,Triggered,,,,imap_idex_l1b_sci-10days_20260331_v005.cdf,
3-Apr-2026 9:57:11,93,Triggered,,,,imap_idex_l1b_sci-10days_20260331_v005.cdf,
3-Apr-2026 10:08:52,93,Triggered,,,,imap_idex_l1b_sci-10days_20260331_v005.cdf,
3-Apr-2026 10:36:19,93,Triggered,,,,imap_idex_l1b_sci-10days_20260331_v005.cdf,
3-Apr-2026 10:53:38,93,Triggered,,,,imap_idex_l1b_sci-10days_20260331_v005.cdf,
3-Apr-2026 11:08:38,93,Triggered,,,,imap_idex_l1b_sci-10days_20260331_v005.cdf,
3-Apr-2026 11:34:05,93,Triggered,,,,imap_idex_l1b_sci-10days_20260331_v005.cdf,
3-Apr-2026 11:38:35,93,Triggered,,,,imap_idex_l1b_sci-10days_20260331_v005.cdf,
3-Apr-2026 11:48:43,93,Triggered,,,,imap_idex_l1b_sci-10days_20260331_v005.cdf,
3-Apr-2026 11:52:06,93,Triggered,,,,imap_idex_l1b_sci-10days_20260331_v005.cdf,
3-Apr-2026 11:55:31,93,Triggered,,,,imap_idex_l1b_sci-10days_20260331_v005.cdf,
3-Apr-2026 12:04:40,93,Triggered,,,,imap_idex_l1b_sci-10days_20260331_v005.cdf,
3-Apr-2026 12:06:23,93,Triggered,,,,imap_idex_l1b_sci-10days_20260331_v005.cdf,
3-Apr-2026 12:07:36,93,Triggered,,,,imap_idex_l1b_sci-10days_20260331_v005.cdf,
3-Apr-2026 13:22:33,93,Triggered,,,,imap_idex_l1b_sci-10days_20260331_v005.cdf,
3-Apr-2026 14:18:11,93,Triggered,,,,imap_idex_l1b_sci-10days_20260331_v005.cdf,
3-Apr-2026 14:41:09,93,Triggered,,,,imap_idex_l1b_sci-10days_20260331_v005.cdf,
3-Apr-2026 14:47:53,93,Triggered,,,,imap_idex_l1b_sci-10days_20260331_v005.cdf,
3-Apr-2026 14:55:30,93,Triggered,Needs closer look,,,imap_idex_l1b_sci-10days_20260331_v005.cdf,
3-Apr-2026 15:04:24,93,Triggered,,,,imap_idex_l1b_sci-10days_20260331_v005.cdf,
3-Apr-2026 16:04:04,93,Triggered,,,,imap_idex_l1b_sci-10days_20260331_v005.cdf,
3-Apr-2026 16:17:59,93,Triggered,,,,imap_idex_l1b_sci-10days_20260331_v005.cdf,
3-Apr-2026 16:21:35,93,Triggered,,,,imap_idex_l1b_sci-10days_20260331_v005.cdf,
3-Apr-2026 16:29:21,93,Triggered,,,,imap_idex_l1b_sci-10days_20260331_v005.cdf,
3-Apr-2026 17:11:49,93,Triggered,,,,imap_idex_l1b_sci-10days_20260331_v005.cdf,
3-Apr-2026 17:41:00,93,Triggered,,,,imap_idex_l1b_sci-10days_20260331_v005.cdf,
3-Apr-2026 17:59:54,93,Triggered,,,,imap_idex_l1b_sci-10days_20260331_v005.cdf,
3-Apr-2026 18:01:56,93,Triggered,,,,imap_idex_l1b_sci-10days_20260331_v005.cdf,
3-Apr-2026 18:17:41,93,Triggered,,,,imap_idex_l1b_sci-10days_20260331_v005.cdf,
3-Apr-2026 18:32:50,93,Triggered,,,,imap_idex_l1b_sci-10days_20260331_v005.cdf,
3-Apr-2026 19:18:02,93,Triggered,,,,imap_idex_l1b_sci-10days_20260331_v005.cdf,
3-Apr-2026 20:33:52,93,Triggered,,,,imap_idex_l1b_sci-10days_20260331_v005.cdf,
3-Apr-2026 21:20:30,93,Triggered,,,,imap_idex_l1b_sci-10days_20260331_v005.cdf,
3-Apr-2026 23:33:38,93,Triggered,,,,imap_idex_l1b_sci-10days_20260331_v005.cdf,
4-Apr-2026 0:01:47,94,Noise Capture,,,,imap_idex_l1b_sci-10days_20260331_v005.cdf,
4-Apr-2026 0:01:52,94,Triggered,,,,imap_idex_l1b_sci-10days_20260331_v005.cdf,
4-Apr-2026 0:02:01,94,Pulser,,,,imap_idex_l1b_sci-10days_20260331_v005.cdf,
4-Apr-2026 0:02:09,94,Pulser,,,,imap_idex_l1b_sci-10days_20260331_v005.cdf,
4-Apr-2026 0:02:17,94,Pulser,,,,imap_idex_l1b_sci-10days_20260331_v005.cdf,
4-Apr-2026 0:02:25,94,Pulser,,,,imap_idex_l1b_sci-10days_20260331_v005.cdf,
4-Apr-2026 0:02:34,94,Triggered,,,,imap_idex_l1b_sci-10days_20260331_v005.cdf,
4-Apr-2026 0:02:39,94,Triggered,,,,imap_idex_l1b_sci-10days_20260331_v005.cdf,
4-Apr-2026 0:02:43,94,Triggered,,,,imap_idex_l1b_sci-10days_20260331_v005.cdf,
4-Apr-2026 0:02:51,94,Noise Capture,,,,imap_idex_l1b_sci-10days_20260331_v005.cdf,
4-Apr-2026 0:03:03,94,Noise Capture,,,,imap_idex_l1b_sci-10days_20260331_v005.cdf,
4-Apr-2026 0:03:15,94,Noise Capture,,,,imap_idex_l1b_sci-10days_20260331_v005.cdf,
4-Apr-2026 3:14:50,94,Triggered,,,,imap_idex_l1b_sci-10days_20260331_v005.cdf,
4-Apr-2026 3:20:12,94,Triggered,,,,imap_idex_l1b_sci-10days_20260331_v005.cdf,
4-Apr-2026 3:30:54,94,Triggered,,,,imap_idex_l1b_sci-10days_20260331_v005.cdf,
4-Apr-2026 4:05:11,94,Triggered,,,,imap_idex_l1b_sci-10days_20260331_v005.cdf,
4-Apr-2026 8:14:51,94,Triggered,,,,imap_idex_l1b_sci-10days_20260331_v005.cdf,
4-Apr-2026 8:34:32,94,Triggered,Needs closer look,,,imap_idex_l1b_sci-10days_20260331_v005.cdf,
4-Apr-2026 8:35:21,94,Triggered,,,,imap_idex_l1b_sci-10days_20260331_v005.cdf,
4-Apr-2026 8:57:50,94,Triggered,,,,imap_idex_l1b_sci-10days_20260331_v005.cdf,
4-Apr-2026 11:06:09,94,Triggered,,,,imap_idex_l1b_sci-10days_20260331_v005.cdf,
4-Apr-2026 14:02:56,94,Triggered,,,,imap_idex_l1b_sci-10days_20260331_v005.cdf,
4-Apr-2026 19:08:46,94,Triggered,,,,imap_idex_l1b_sci-10days_20260331_v005.cdf,
4-Apr-2026 22:54:56,94,Triggered,,,,imap_idex_l1b_sci-10days_20260331_v005.cdf,
4-Apr-2026 23:54:30,94,Triggered,,,,imap_idex_l1b_sci-10days_20260331_v005.cdf,
5-Apr-2026 1:45:22,95,Triggered,,,,imap_idex_l1b_sci-10days_20260331_v005.cdf,
5-Apr-2026 4:12:58,95,Triggered,,,,imap_idex_l1b_sci-10days_20260331_v005.cdf,
5-Apr-2026 5:06:42,95,Triggered,,,,imap_idex_l1b_sci-10days_20260331_v005.cdf,
5-Apr-2026 8:03:21,95,Triggered,,,,imap_idex_l1b_sci-10days_20260331_v005.cdf,
5-Apr-2026 8:31:33,95,Triggered,,,,imap_idex_l1b_sci-10days_20260331_v005.cdf,
5-Apr-2026 12:10:34,95,Triggered,Dust,,,imap_idex_l1b_sci-10days_20260331_v005.cdf,
5-Apr-2026 13:52:06,95,Triggered,,,,imap_idex_l1b_sci-10days_20260331_v005.cdf,
5-Apr-2026 17:29:12,95,Triggered,,,,imap_idex_l1b_sci-10days_20260331_v005.cdf,
5-Apr-2026 17:57:44,95,Triggered,,,,imap_idex_l1b_sci-10days_20260331_v005.cdf,
5-Apr-2026 22:11:25,95,Triggered,,,,imap_idex_l1b_sci-10days_20260331_v005.cdf,
6-Apr-2026 2:19:42,96,Triggered,,,,imap_idex_l1b_sci-10days_20260331_v005.cdf,
7-Apr-2026 4:59:53,97,Triggered,,,,imap_idex_l1b_sci-10days_20260331_v005.cdf,
7-Apr-2026 5:27:34,97,Triggered,,,,imap_idex_l1b_sci-10days_20260331_v005.cdf,
7-Apr-2026 11:24:25,97,Triggered,,,,imap_idex_l1b_sci-10days_20260331_v005.cdf,
7-Apr-2026 16:39:25,97,Triggered,Dust,,,imap_idex_l1b_sci-10days_20260331_v005.cdf,
7-Apr-2026 23:24:00,97,Triggered,,,,imap_idex_l1b_sci-10days_20260331_v005.cdf,
8-Apr-2026 3:23:16,98,Triggered,Dust,,,imap_idex_l1b_sci-10days_20260331_v005.cdf,
8-Apr-2026 3:25:49,98,Triggered,,,,imap_idex_l1b_sci-10days_20260331_v005.cdf,
8-Apr-2026 4:06:18,98,Triggered,,,,imap_idex_l1b_sci-10days_20260331_v005.cdf,
8-Apr-2026 10:45:28,98,Triggered,,,,imap_idex_l1b_sci-10days_20260331_v005.cdf,
10-Apr-2026 18:49:59,100,Triggered,,,,imap_idex_l1b_sci-10days_20260410_v004.cdf,
12-Apr-2026 0:01:47,102,Noise Capture,,,,imap_idex_l1b_sci-10days_20260410_v004.cdf,
12-Apr-2026 0:01:53,102,Pulser,,,,imap_idex_l1b_sci-10days_20260410_v004.cdf,
12-Apr-2026 0:02:01,102,Pulser,,,,imap_idex_l1b_sci-10days_20260410_v004.cdf,
12-Apr-2026 0:02:09,102,Pulser,,,,imap_idex_l1b_sci-10days_20260410_v004.cdf,
12-Apr-2026 0:02:13,102,Pulser,,,,imap_idex_l1b_sci-10days_20260410_v004.cdf,
12-Apr-2026 0:02:25,102,Pulser,,,,imap_idex_l1b_sci-10days_20260410_v004.cdf,
12-Apr-2026 0:02:39,102,Noise Capture,,,,imap_idex_l1b_sci-10days_20260410_v004.cdf,
12-Apr-2026 0:02:51,102,Noise Capture,,,,imap_idex_l1b_sci-10days_20260410_v004.cdf,
12-Apr-2026 0:03:03,102,Noise Capture,,,,imap_idex_l1b_sci-10days_20260410_v004.cdf,
12-Apr-2026 0:03:15,102,Noise Capture,,,,imap_idex_l1b_sci-10days_20260410_v004.cdf,
13-Apr-2026 2:28:53,103,Triggered,,,,imap_idex_l1b_sci-10days_20260410_v004.cdf,
13-Apr-2026 5:47:46,103,Triggered,Dust,,,imap_idex_l1b_sci-10days_20260410_v004.cdf,
13-Apr-2026 9:17:08,103,Triggered,,,,imap_idex_l1b_sci-10days_20260410_v004.cdf,
13-Apr-2026 11:29:28,103,Triggered,,,,imap_idex_l1b_sci-10days_20260410_v004.cdf,
14-Apr-2026 20:11:04,104,Triggered,Dust,,,imap_idex_l1b_sci-10days_20260410_v004.cdf,
17-Apr-2026 14:26:02,107,Triggered,,,,imap_idex_l1b_sci-10days_20260410_v004.cdf,
18-Apr-2026 10:22:17,108,Triggered,,,,imap_idex_l1b_sci-10days_20260410_v004.cdf,
18-Apr-2026 16:50:09,108,Triggered,Dust,,,imap_idex_l1b_sci-10days_20260410_v004.cdf,
18-Apr-2026 20:53:41,108,Triggered,,,,imap_idex_l1b_sci-10days_20260410_v004.cdf,
18-Apr-2026 21:05:07,108,Triggered,,,,imap_idex_l1b_sci-10days_20260410_v004.cdf,
18-Apr-2026 22:29:38,108,Triggered,,,,imap_idex_l1b_sci-10days_20260410_v004.cdf,
19-Apr-2026 11:01:51,109,Triggered,,,,imap_idex_l1b_sci-10days_20260410_v004.cdf,
19-Apr-2026 12:39:21,109,Triggered,,,,imap_idex_l1b_sci-10days_20260410_v004.cdf,
19-Apr-2026 15:03:44,109,Triggered,Dust,,,imap_idex_l1b_sci-10days_20260410_v004.cdf,
20-Apr-2026 0:01:46,110,Noise Capture,,,,imap_idex_l1b_sci-10days_20260420_v004.cdf,
20-Apr-2026 0:01:52,110,Pulser,,,,imap_idex_l1b_sci-10days_20260420_v004.cdf,
20-Apr-2026 0:02:00,110,Pulser,,,,imap_idex_l1b_sci-10days_20260420_v004.cdf,
20-Apr-2026 0:02:08,110,Pulser,,,,imap_idex_l1b_sci-10days_20260420_v004.cdf,
20-Apr-2026 0:02:16,110,Pulser,,,,imap_idex_l1b_sci-10days_20260420_v004.cdf,
20-Apr-2026 0:02:24,110,Pulser,,,,imap_idex_l1b_sci-10days_20260420_v004.cdf,
20-Apr-2026 0:02:38,110,Noise Capture,,,,imap_idex_l1b_sci-10days_20260420_v004.cdf,
20-Apr-2026 0:02:50,110,Noise Capture,,,,imap_idex_l1b_sci-10days_20260420_v004.cdf,
20-Apr-2026 0:03:02,110,Noise Capture,,,,imap_idex_l1b_sci-10days_20260420_v004.cdf,
20-Apr-2026 0:03:14,110,Noise Capture,,,,imap_idex_l1b_sci-10days_20260420_v004.cdf,
24-Apr-2026 22:13:06,114,Triggered,,,,imap_idex_l1b_sci-10days_20260420_v004.cdf,
25-Apr-2026 7:00:13,115,Triggered,,,,imap_idex_l1b_sci-10days_20260420_v004.cdf,
25-Apr-2026 9:28:58,115,Triggered,Dust,,,imap_idex_l1b_sci-10days_20260420_v004.cdf,
26-Apr-2026 9:46:03,116,Triggered,,,,imap_idex_l1b_sci-10days_20260420_v004.cdf,
26-Apr-2026 10:31:08,116,Triggered,,,,imap_idex_l1b_sci-10days_20260420_v004.cdf,
26-Apr-2026 16:37:35,116,Triggered,,,,imap_idex_l1b_sci-10days_20260420_v004.cdf,
26-Apr-2026 16:40:43,116,Triggered,,,,imap_idex_l1b_sci-10days_20260420_v004.cdf,
26-Apr-2026 17:39:47,116,Triggered,,,,imap_idex_l1b_sci-10days_20260420_v004.cdf,
27-Apr-2026 13:11:15,117,Triggered,,,,imap_idex_l1b_sci-10days_20260420_v004.cdf,
28-Apr-2026 0:01:45,118,Noise Capture,,,,imap_idex_l1b_sci-10days_20260420_v004.cdf,
28-Apr-2026 0:01:51,118,Pulser,,,,imap_idex_l1b_sci-10days_20260420_v004.cdf,
28-Apr-2026 0:01:59,118,Pulser,,,,imap_idex_l1b_sci-10days_20260420_v004.cdf,
28-Apr-2026 0:02:07,118,Pulser,,,,imap_idex_l1b_sci-10days_20260420_v004.cdf,
28-Apr-2026 0:02:15,118,Pulser,,,,imap_idex_l1b_sci-10days_20260420_v004.cdf,
28-Apr-2026 0:02:23,118,Pulser,,,,imap_idex_l1b_sci-10days_20260420_v004.cdf,
28-Apr-2026 0:02:37,118,Noise Capture,,,,imap_idex_l1b_sci-10days_20260420_v004.cdf,
28-Apr-2026 0:02:49,118,Noise Capture,,,,imap_idex_l1b_sci-10days_20260420_v004.cdf,
28-Apr-2026 0:03:01,118,Noise Capture,,,,imap_idex_l1b_sci-10days_20260420_v004.cdf,
28-Apr-2026 0:03:13,118,Noise Capture,,,,imap_idex_l1b_sci-10days_20260420_v004.cdf,
28-Apr-2026 3:04:14,118,Triggered,,,,imap_idex_l1b_sci-10days_20260420_v004.cdf,
28-Apr-2026 10:07:44,118,Triggered,,,,imap_idex_l1b_sci-10days_20260420_v004.cdf,
28-Apr-2026 15:06:20,118,Triggered,,,,imap_idex_l1b_sci-10days_20260420_v004.cdf,
28-Apr-2026 21:06:39,118,Triggered,Dust,,,imap_idex_l1b_sci-10days_20260420_v004.cdf,
30-Apr-2026 15:58:09,120,Triggered,,,,imap_idex_l1b_sci-10days_20260430_v001.cdf,
1-May-2026 22:51:22,121,Triggered,,,,imap_idex_l1b_sci-10days_20260430_v001.cdf,
1-May-2026 22:59:24,121,Triggered,,,,imap_idex_l1b_sci-10days_20260430_v001.cdf,
1-May-2026 23:36:12,121,Triggered,,,,imap_idex_l1b_sci-10days_20260430_v001.cdf,
1-May-2026 23:38:06,121,Triggered,,,,imap_idex_l1b_sci-10days_20260430_v001.cdf,
2-May-2026 0:10:41,122,Triggered,,,,imap_idex_l1b_sci-10days_20260430_v001.cdf,
2-May-2026 14:04:22,122,Triggered,,,,imap_idex_l1b_sci-10days_20260430_v001.cdf,
3-May-2026 9:58:38,123,Triggered,Dust,,,imap_idex_l1b_sci-10days_20260430_v001.cdf,
3-May-2026 13:46:01,123,Triggered,Dust,,,imap_idex_l1b_sci-10days_20260430_v001.cdf,
3-May-2026 21:02:58,123,Triggered,,,,imap_idex_l1b_sci-10days_20260430_v001.cdf,
4-May-2026 10:43:29,124,Triggered,Dust,,,imap_idex_l1b_sci-10days_20260430_v001.cdf,
4-May-2026 11:56:59,124,Triggered,,,,imap_idex_l1b_sci-10days_20260430_v001.cdf,
5-May-2026 16:28:21,125,Triggered,,,,imap_idex_l1b_sci-10days_20260430_v001.cdf,
6-May-2026 0:01:45,126,Noise Capture,,,,imap_idex_l1b_sci-10days_20260430_v001.cdf,
6-May-2026 0:01:51,126,Pulser,,,,imap_idex_l1b_sci-10days_20260430_v001.cdf,
6-May-2026 0:01:59,126,Pulser,,,,imap_idex_l1b_sci-10days_20260430_v001.cdf,
6-May-2026 0:02:07,126,Pulser,,,,imap_idex_l1b_sci-10days_20260430_v001.cdf,
6-May-2026 0:02:15,126,Pulser,,,,imap_idex_l1b_sci-10days_20260430_v001.cdf,
6-May-2026 0:02:23,126,Pulser,,,,imap_idex_l1b_sci-10days_20260430_v001.cdf,
6-May-2026 0:02:37,126,Noise Capture,,,,imap_idex_l1b_sci-10days_20260430_v001.cdf,
6-May-2026 0:02:49,126,Noise Capture,,,,imap_idex_l1b_sci-10days_20260430_v001.cdf,
6-May-2026 0:03:01,126,Noise Capture,,,,imap_idex_l1b_sci-10days_20260430_v001.cdf,
6-May-2026 0:03:13,126,Noise Capture,,,,imap_idex_l1b_sci-10days_20260430_v001.cdf,
6-May-2026 16:45:59,126,Triggered,,,,imap_idex_l1b_sci-10days_20260430_v001.cdf,
7-May-2026 8:11:20,127,Triggered,,,,imap_idex_l1b_sci-10days_20260430_v001.cdf,
8-May-2026 19:24:53,128,Triggered,,,,imap_idex_l1b_sci-10days_20260430_v001.cdf,
10-May-2026 1:57:15,130,Triggered,Dust,,,imap_idex_l1b_sci-10days_20260510_v001.cdf,
10-May-2026 3:52:52,130,Triggered,,,,imap_idex_l1b_sci-10days_20260510_v001.cdf,
10-May-2026 7:49:21,130,Triggered,Dust,,,imap_idex_l1b_sci-10days_20260510_v001.cdf,
10-May-2026 19:11:45,130,Triggered,Dust,,,imap_idex_l1b_sci-10days_20260510_v001.cdf,
12-May-2026 20:10:49,132,Triggered,,,,imap_idex_l1b_sci-10days_20260510_v001.cdf,
12-May-2026 21:42:23,132,Triggered,,,,imap_idex_l1b_sci-10days_20260510_v001.cdf,
13-May-2026 8:15:34,133,Triggered,,,,imap_idex_l1b_sci-10days_20260510_v001.cdf,
14-May-2026 0:01:44,134,Noise Capture,,,,imap_idex_l1b_sci-10days_20260510_v001.cdf,
14-May-2026 0:01:50,134,Pulser,,,,imap_idex_l1b_sci-10days_20260510_v001.cdf,
14-May-2026 0:01:58,134,Pulser,,,,imap_idex_l1b_sci-10days_20260510_v001.cdf,
14-May-2026 0:02:06,134,Pulser,,,,imap_idex_l1b_sci-10days_20260510_v001.cdf,
14-May-2026 0:02:14,134,Pulser,,,,imap_idex_l1b_sci-10days_20260510_v001.cdf,
14-May-2026 0:02:22,134,Pulser,,,,imap_idex_l1b_sci-10days_20260510_v001.cdf,
14-May-2026 0:02:36,134,Noise Capture,,,,imap_idex_l1b_sci-10days_20260510_v001.cdf,
14-May-2026 0:02:48,134,Noise Capture,,,,imap_idex_l1b_sci-10days_20260510_v001.cdf,
14-May-2026 0:03:00,134,Noise Capture,,,,imap_idex_l1b_sci-10days_20260510_v001.cdf,
14-May-2026 0:03:12,134,Noise Capture,,,,imap_idex_l1b_sci-10days_20260510_v001.cdf,
14-May-2026 3:16:24,134,Triggered,,,,imap_idex_l1b_sci-10days_20260510_v001.cdf,
15-May-2026 19:10:33,135,Triggered,,,,imap_idex_l1b_sci-10days_20260510_v001.cdf,
15-May-2026 22:27:56,135,Triggered,,,,imap_idex_l1b_sci-10days_20260510_v001.cdf,
16-May-2026 5:03:50,136,Triggered,,,,imap_idex_l1b_sci-10days_20260510_v001.cdf,
16-May-2026 6:48:45,136,Triggered,,,,imap_idex_l1b_sci-10days_20260510_v001.cdf,
17-May-2026 1:25:09,137,Triggered,,,,imap_idex_l1b_sci-10days_20260510_v001.cdf,
18-May-2026 13:21:26,138,Triggered,,,,imap_idex_l1b_sci-10days_20260510_v001.cdf,
18-May-2026 13:51:19,138,Triggered,,,,imap_idex_l1b_sci-10days_20260510_v001.cdf,
18-May-2026 13:54:29,138,Triggered,Dust,,,imap_idex_l1b_sci-10days_20260510_v001.cdf,
18-May-2026 20:16:21,138,Triggered,Dust,,,imap_idex_l1b_sci-10days_20260510_v001.cdf,
19-May-2026 9:17:07,139,Triggered,Dust,,,imap_idex_l1b_sci-10days_20260510_v001.cdf,
20-May-2026 11:07:27,140,Triggered,Dust,,,imap_idex_l1b_sci-10days_20260520_v001.cdf,
20-May-2026 15:04:51,140,Triggered,Dust,,,imap_idex_l1b_sci-10days_20260520_v001.cdf,
20-May-2026 22:31:50,140,Triggered,,,,imap_idex_l1b_sci-10days_20260520_v001.cdf,
21-May-2026 12:45:25,141,Triggered,Dust,,,imap_idex_l1b_sci-10days_20260520_v001.cdf,
22-May-2026 0:01:44,142,Noise Capture,,,,imap_idex_l1b_sci-10days_20260520_v001.cdf,
22-May-2026 0:01:50,142,Pulser,,,,imap_idex_l1b_sci-10days_20260520_v001.cdf,
22-May-2026 0:01:58,142,Pulser,,,,imap_idex_l1b_sci-10days_20260520_v001.cdf,
22-May-2026 0:02:06,142,Pulser,,,,imap_idex_l1b_sci-10days_20260520_v001.cdf,
22-May-2026 0:02:14,142,Pulser,,,,imap_idex_l1b_sci-10days_20260520_v001.cdf,
22-May-2026 0:02:22,142,Pulser,,,,imap_idex_l1b_sci-10days_20260520_v001.cdf,
22-May-2026 0:02:36,142,Noise Capture,,,,imap_idex_l1b_sci-10days_20260520_v001.cdf,
22-May-2026 0:02:48,142,Noise Capture,,,,imap_idex_l1b_sci-10days_20260520_v001.cdf,
22-May-2026 0:03:00,142,Noise Capture,,,,imap_idex_l1b_sci-10days_20260520_v001.cdf,
22-May-2026 0:03:12,142,Noise Capture,,,,imap_idex_l1b_sci-10days_20260520_v001.cdf,
30-May-2026 0:01:43,150,Noise Capture,,,,imap_idex_l1b_sci-10days_20260530_v015.cdf,
30-May-2026 0:01:49,150,Pulser,,,,imap_idex_l1b_sci-10days_20260530_v015.cdf,
30-May-2026 0:01:57,150,Pulser,,,,imap_idex_l1b_sci-10days_20260530_v015.cdf,
30-May-2026 0:02:05,150,Pulser,,,,imap_idex_l1b_sci-10days_20260530_v015.cdf,
30-May-2026 0:02:13,150,Pulser,,,,imap_idex_l1b_sci-10days_20260530_v015.cdf,
30-May-2026 0:02:21,150,Pulser,,,,imap_idex_l1b_sci-10days_20260530_v015.cdf,
30-May-2026 0:02:35,150,Noise Capture,,,,imap_idex_l1b_sci-10days_20260530_v015.cdf,
30-May-2026 0:02:47,150,Noise Capture,,,,imap_idex_l1b_sci-10days_20260530_v015.cdf,
30-May-2026 0:02:59,150,Noise Capture,,,,imap_idex_l1b_sci-10days_20260530_v015.cdf,
30-May-2026 0:03:11,150,Noise Capture,,,,imap_idex_l1b_sci-10days_20260530_v015.cdf,
30-May-2026 4:26:12,150,Triggered,,,,imap_idex_l1b_sci-10days_20260530_v015.cdf,
31-May-2026 5:42:58,151,Triggered,,,,imap_idex_l1b_sci-10days_20260530_v015.cdf,
31-May-2026 14:02:41,151,Triggered,Dust,,,imap_idex_l1b_sci-10days_20260530_v015.cdf,
1-Jun-2026 8:49:17,152,Triggered,,,,imap_idex_l1b_sci-10days_20260530_v015.cdf,
1-Jun-2026 11:12:58,152,Triggered,,,,imap_idex_l1b_sci-10days_20260530_v015.cdf,
1-Jun-2026 11:42:21,152,Triggered,,,,imap_idex_l1b_sci-10days_20260530_v015.cdf,
1-Jun-2026 12:54:20,152,Triggered,,,,imap_idex_l1b_sci-10days_20260530_v015.cdf,
1-Jun-2026 13:15:52,152,Triggered,,,,imap_idex_l1b_sci-10days_20260530_v015.cdf,
1-Jun-2026 15:38:33,152,Triggered,,,,imap_idex_l1b_sci-10days_20260530_v015.cdf,
2-Jun-2026 0:54:43,153,Triggered,,,,imap_idex_l1b_sci-10days_20260530_v015.cdf,
2-Jun-2026 4:53:34,153,Triggered,,,,imap_idex_l1b_sci-10days_20260530_v015.cdf,
2-Jun-2026 14:12:14,153,Triggered,,,,imap_idex_l1b_sci-10days_20260530_v015.cdf,
3-Jun-2026 6:56:12,154,Triggered,,,,imap_idex_l1b_sci-10days_20260530_v015.cdf,
4-Jun-2026 20:56:52,155,Triggered,,,,imap_idex_l1b_sci-10days_20260530_v015.cdf,
4-Jun-2026 21:07:30,155,Triggered,,,,imap_idex_l1b_sci-10days_20260530_v015.cdf,
4-Jun-2026 23:40:56,155,Triggered,,,,imap_idex_l1b_sci-10days_20260530_v015.cdf,
5-Jun-2026 2:31:35,156,Triggered,,,,imap_idex_l1b_sci-10days_20260530_v015.cdf,
5-Jun-2026 4:12:59,156,Triggered,,,,imap_idex_l1b_sci-10days_20260530_v015.cdf,
5-Jun-2026 6:35:35,156,Triggered,,,,imap_idex_l1b_sci-10days_20260530_v015.cdf,
5-Jun-2026 6:44:50,156,Triggered,,,,imap_idex_l1b_sci-10days_20260530_v015.cdf,
5-Jun-2026 7:26:35,156,Triggered,,,,imap_idex_l1b_sci-10days_20260530_v015.cdf,
5-Jun-2026 9:06:48,156,Triggered,,,,imap_idex_l1b_sci-10days_20260530_v015.cdf,
5-Jun-2026 13:17:06,156,Triggered,,,,imap_idex_l1b_sci-10days_20260530_v015.cdf,
5-Jun-2026 14:41:44,156,Triggered,,,,imap_idex_l1b_sci-10days_20260530_v015.cdf,
6-Jun-2026 21:35:06,157,Triggered,Dust,,,imap_idex_l1b_sci-10days_20260530_v015.cdf,
6-Jun-2026 23:22:57,157,Triggered,,,,imap_idex_l1b_sci-10days_20260530_v015.cdf,
6-Jun-2026 23:55:14,157,Triggered,,,,imap_idex_l1b_sci-10days_20260530_v015.cdf,
7-Jun-2026 0:01:43,158,Noise Capture,,,,imap_idex_l1b_sci-10days_20260530_v015.cdf,
7-Jun-2026 0:01:49,158,Pulser,,,,imap_idex_l1b_sci-10days_20260530_v015.cdf,
7-Jun-2026 0:01:57,158,Pulser,,,,imap_idex_l1b_sci-10days_20260530_v015.cdf,
7-Jun-2026 0:02:05,158,Pulser,,,,imap_idex_l1b_sci-10days_20260530_v015.cdf,
7-Jun-2026 0:02:13,158,Pulser,,,,imap_idex_l1b_sci-10days_20260530_v015.cdf,
7-Jun-2026 0:02:21,158,Pulser,,,,imap_idex_l1b_sci-10days_20260530_v015.cdf,
7-Jun-2026 0:02:35,158,Noise Capture,,,,imap_idex_l1b_sci-10days_20260530_v015.cdf,
7-Jun-2026 0:02:47,158,Noise Capture,,,,imap_idex_l1b_sci-10days_20260530_v015.cdf,
7-Jun-2026 0:02:59,158,Noise Capture,,,,imap_idex_l1b_sci-10days_20260530_v015.cdf,
7-Jun-2026 0:03:11,158,Noise Capture,,,,imap_idex_l1b_sci-10days_20260530_v015.cdf,
7-Jun-2026 3:23:07,158,Triggered,,,,imap_idex_l1b_sci-10days_20260530_v015.cdf,
7-Jun-2026 4:14:28,158,Triggered,,,,imap_idex_l1b_sci-10days_20260530_v015.cdf,
7-Jun-2026 13:30:45,158,Triggered,,,,imap_idex_l1b_sci-10days_20260530_v015.cdf,
7-Jun-2026 22:29:05,158,Triggered,,,,imap_idex_l1b_sci-10days_20260530_v015.cdf,
8-Jun-2026 1:05:05,159,Triggered,,,,imap_idex_l1b_sci-10days_20260530_v015.cdf,
8-Jun-2026 1:55:27,159,Triggered,,,,imap_idex_l1b_sci-10days_20260530_v015.cdf,
8-Jun-2026 2:20:33,159,Triggered,,,,imap_idex_l1b_sci-10days_20260530_v015.cdf,
8-Jun-2026 3:59:46,159,Triggered,,,,imap_idex_l1b_sci-10days_20260530_v015.cdf,
8-Jun-2026 5:12:45,159,Triggered,,,,imap_idex_l1b_sci-10days_20260530_v015.cdf,
8-Jun-2026 10:59:01,159,Triggered,,,,imap_idex_l1b_sci-10days_20260530_v015.cdf,
8-Jun-2026 11:06:28,159,Triggered,,,,imap_idex_l1b_sci-10days_20260530_v015.cdf,
8-Jun-2026 12:09:58,159,Triggered,,,,imap_idex_l1b_sci-10days_20260530_v015.cdf,
8-Jun-2026 18:29:48,159,Triggered,,,,imap_idex_l1b_sci-10days_20260530_v015.cdf,
9-Jun-2026 4:16:12,160,Triggered,,,,imap_idex_l1b_sci-10days_20260609_v008.cdf,
9-Jun-2026 6:43:56,160,Triggered,,,,imap_idex_l1b_sci-10days_20260609_v008.cdf,
9-Jun-2026 13:42:37,160,Triggered,,,,imap_idex_l1b_sci-10days_20260609_v008.cdf,
9-Jun-2026 14:08:19,160,Triggered,,,,imap_idex_l1b_sci-10days_20260609_v008.cdf,
9-Jun-2026 20:23:31,160,Triggered,,,,imap_idex_l1b_sci-10days_20260609_v008.cdf,
9-Jun-2026 21:39:46,160,Triggered,Dust,,,imap_idex_l1b_sci-10days_20260609_v008.cdf,
10-Jun-2026 18:38:54,161,Triggered,,,,imap_idex_l1b_sci-10days_20260609_v008.cdf,
11-Jun-2026 5:27:22,162,Triggered,,,,imap_idex_l1b_sci-10days_20260609_v008.cdf,
11-Jun-2026 8:22:33,162,Triggered,,,,imap_idex_l1b_sci-10days_20260609_v008.cdf,
11-Jun-2026 17:01:55,162,Triggered,,,,imap_idex_l1b_sci-10days_20260609_v008.cdf,
12-Jun-2026 20:52:21,163,Triggered,,,,imap_idex_l1b_sci-10days_20260609_v008.cdf,
13-Jun-2026 9:23:57,164,Triggered,,,,imap_idex_l1b_sci-10days_20260609_v008.cdf,
13-Jun-2026 12:36:18,164,Triggered,Dust,,,imap_idex_l1b_sci-10days_20260609_v008.cdf,
13-Jun-2026 20:16:37,164,Triggered,,,,imap_idex_l1b_sci-10days_20260609_v008.cdf,
14-Jun-2026 15:37:39,165,Triggered,,,,imap_idex_l1b_sci-10days_20260609_v008.cdf,
14-Jun-2026 18:37:34,165,Triggered,,,,imap_idex_l1b_sci-10days_20260609_v008.cdf,
15-Jun-2026 0:01:42,166,Noise Capture,,,,imap_idex_l1b_sci-10days_20260609_v008.cdf,
15-Jun-2026 0:01:48,166,Pulser,,,,imap_idex_l1b_sci-10days_20260609_v008.cdf,
15-Jun-2026 0:01:56,166,Pulser,,,,imap_idex_l1b_sci-10days_20260609_v008.cdf,
15-Jun-2026 0:02:04,166,Pulser,,,,imap_idex_l1b_sci-10days_20260609_v008.cdf,
15-Jun-2026 0:02:12,166,Pulser,,,,imap_idex_l1b_sci-10days_20260609_v008.cdf,
15-Jun-2026 0:02:20,166,Pulser,,,,imap_idex_l1b_sci-10days_20260609_v008.cdf,
15-Jun-2026 0:02:34,166,Noise Capture,,,,imap_idex_l1b_sci-10days_20260609_v008.cdf,
15-Jun-2026 0:02:46,166,Noise Capture,,,,imap_idex_l1b_sci-10days_20260609_v008.cdf,
15-Jun-2026 0:02:58,166,Noise Capture,,,,imap_idex_l1b_sci-10days_20260609_v008.cdf,
15-Jun-2026 0:03:10,166,Noise Capture,,,,imap_idex_l1b_sci-10days_20260609_v008.cdf,
15-Jun-2026 11:52:52,166,Triggered,,,,imap_idex_l1b_sci-10days_20260609_v008.cdf,
15-Jun-2026 16:27:30,166,Triggered,,,,imap_idex_l1b_sci-10days_20260609_v008.cdf,
16-Jun-2026 5:10:17,167,Triggered,,,,imap_idex_l1b_sci-10days_20260609_v008.cdf,
17-Jun-2026 6:32:36,168,Triggered,Dust,,,imap_idex_l1b_sci-10days_20260609_v008.cdf,
17-Jun-2026 9:22:39,168,Triggered,,,,imap_idex_l1b_sci-10days_20260609_v008.cdf,
17-Jun-2026 15:13:14,168,Triggered,,,,imap_idex_l1b_sci-10days_20260609_v008.cdf,
17-Jun-2026 23:50:23,168,Triggered,,,,imap_idex_l1b_sci-10days_20260609_v008.cdf,
18-Jun-2026 8:04:08,169,Triggered,,,,imap_idex_l1b_sci-10days_20260609_v008.cdf,
18-Jun-2026 14:37:35,169,Triggered,,,,imap_idex_l1b_sci-10days_20260609_v008.cdf,
18-Jun-2026 21:20:55,169,Triggered,,,,imap_idex_l1b_sci-10days_20260609_v008.cdf,
19-Jun-2026 1:27:09,170,Triggered,,,,imap_idex_l1b_sci-10days_20260619_v014.cdf,
19-Jun-2026 3:20:25,170,Triggered,,,,imap_idex_l1b_sci-10days_20260619_v014.cdf,
19-Jun-2026 6:56:00,170,Triggered,,,,imap_idex_l1b_sci-10days_20260619_v014.cdf,
19-Jun-2026 8:53:17,170,Triggered,,,,imap_idex_l1b_sci-10days_20260619_v014.cdf,
20-Jun-2026 15:12:11,171,Triggered,,,,imap_idex_l1b_sci-10days_20260619_v014.cdf,
21-Jun-2026 13:47:23,172,Triggered,Dust,,,imap_idex_l1b_sci-10days_20260619_v014.cdf,
23-Jun-2026 0:01:42,174,Noise Capture,,,,imap_idex_l1b_sci-10days_20260619_v014.cdf,
23-Jun-2026 0:01:48,174,Pulser,,,,imap_idex_l1b_sci-10days_20260619_v014.cdf,
23-Jun-2026 0:01:56,174,Pulser,,,,imap_idex_l1b_sci-10days_20260619_v014.cdf,
23-Jun-2026 0:02:04,174,Pulser,,,,imap_idex_l1b_sci-10days_20260619_v014.cdf,
23-Jun-2026 0:02:12,174,Pulser,,,,imap_idex_l1b_sci-10days_20260619_v014.cdf,
23-Jun-2026 0:02:20,174,Pulser,,,,imap_idex_l1b_sci-10days_20260619_v014.cdf,
23-Jun-2026 0:02:34,174,Noise Capture,,,,imap_idex_l1b_sci-10days_20260619_v014.cdf,
23-Jun-2026 0:02:46,174,Noise Capture,,,,imap_idex_l1b_sci-10days_20260619_v014.cdf,
23-Jun-2026 0:02:58,174,Noise Capture,,,,imap_idex_l1b_sci-10days_20260619_v014.cdf,
23-Jun-2026 0:03:10,174,Noise Capture,,,,imap_idex_l1b_sci-10days_20260619_v014.cdf,
26-Jun-2026 14:30:53,177,Triggered,,,,imap_idex_l1b_sci-10days_20260619_v014.cdf,
27-Jun-2026 17:41:17,178,Triggered,,,,imap_idex_l1b_sci-10days_20260619_v014.cdf,
28-Jun-2026 0:19:51,179,Triggered,,,,imap_idex_l1b_sci-10days_20260619_v014.cdf,
28-Jun-2026 0:46:49,179,Triggered,,,,imap_idex_l1b_sci-10days_20260619_v014.cdf,
28-Jun-2026 2:27:30,179,Triggered,,,,imap_idex_l1b_sci-10days_20260619_v014.cdf,
28-Jun-2026 3:53:29,179,Triggered,,,,imap_idex_l1b_sci-10days_20260619_v014.cdf,
29-Jun-2026 19:54:48,180,Triggered,Needs closer look,,,imap_idex_l1b_sci-10days_20260629_v007.cdf,
30-Jun-2026 4:13:51,181,Triggered,,,,imap_idex_l1b_sci-10days_20260629_v007.cdf,
1-Jul-2026 0:01:41,182,Noise Capture,,,,imap_idex_l1b_sci-10days_20260629_v007.cdf,
1-Jul-2026 0:01:47,182,Pulser,,,,imap_idex_l1b_sci-10days_20260629_v007.cdf,
1-Jul-2026 0:01:55,182,Pulser,,,,imap_idex_l1b_sci-10days_20260629_v007.cdf,
1-Jul-2026 0:02:03,182,Pulser,,,,imap_idex_l1b_sci-10days_20260629_v007.cdf,
1-Jul-2026 0:02:11,182,Pulser,,,,imap_idex_l1b_sci-10days_20260629_v007.cdf,
1-Jul-2026 0:02:19,182,Pulser,,,,imap_idex_l1b_sci-10days_20260629_v007.cdf,
1-Jul-2026 0:02:33,182,Noise Capture,,,,imap_idex_l1b_sci-10days_20260629_v007.cdf,
1-Jul-2026 0:02:45,182,Noise Capture,,,,imap_idex_l1b_sci-10days_20260629_v007.cdf,
1-Jul-2026 0:02:57,182,Noise Capture,,,,imap_idex_l1b_sci-10days_20260629_v007.cdf,
1-Jul-2026 0:03:09,182,Noise Capture,,,,imap_idex_l1b_sci-10days_20260629_v007.cdf,
8-Apr-2026 3:25:49,98,Triggered,Dust,,,imap_idex_l1b_sci-10days_20260331_v016.cdf,Supplemental TOF FWHM peak-width candidate not in original 64 manual list
25-May-2026 6:17:36,145,Triggered,Dust,,,imap_idex_l1b_sci-10days_20260520_v016.cdf,Supplemental TOF FWHM peak-width candidate not in original 64 manual list
25-May-2026 15:55:07,145,Triggered,Dust,,,imap_idex_l1b_sci-10days_20260520_v016.cdf,Supplemental TOF FWHM peak-width candidate not in original 64 manual list
27-May-2026 11:30:01,147,Triggered,Dust,,,imap_idex_l1b_sci-10days_20260520_v016.cdf,Supplemental TOF FWHM peak-width candidate not in original 64 manual list
28-May-2026 4:02:41,148,Triggered,Dust,,,imap_idex_l1b_sci-10days_20260520_v016.cdf,Supplemental TOF FWHM peak-width candidate not in original 64 manual list
29-Jun-2026 19:54:48,180,Triggered,Dust,,,imap_idex_l1b_sci-10days_20260629_v011.cdf,Supplemental TOF FWHM peak-width candidate not in original 64 manual list
