source_file,record_index,epoch_tt2000,epoch_utc,trigger_origin,trigger_mode_hg,trigger_level_hg,trigger_mode_mg,trigger_level_mg,trigger_mode_lg,trigger_level_lg,time,date,single_ge20ns
imap_idex_l1b_sci-10days_20250927_v001.0004.cdf,0,812608874320989312,2025-10-01T16:40:05.136989312,SW trigger,HGThreshold,0.21674999999999997, ,-1e+31, ,-1e+31,2025-10-01 16:40:05.136989312,2025-10-01,False
imap_idex_l1b_sci-10days_20250927_v001.0004.cdf,1,812608978320114432,2025-10-01T16:41:49.136114432,HS ADC0I trigger (TOF HG),HGThreshold,0.21674999999999997, ,-1e+31, ,-1e+31,2025-10-01 16:41:49.136114432,2025-10-01,False
imap_idex_l1b_sci-10days_20250927_v001.0004.cdf,2,812608984320028928,2025-10-01T16:41:55.136028928,HS ADC0I trigger (TOF HG),HGThreshold,0.21674999999999997, ,-1e+31, ,-1e+31,2025-10-01 16:41:55.136028928,2025-10-01,False
imap_idex_l1b_sci-10days_20250927_v001.0004.cdf,3,812608990319943424,2025-10-01T16:42:01.135943424,HS ADC0I trigger (TOF HG),HGThreshold,0.21674999999999997, ,-1e+31, ,-1e+31,2025-10-01 16:42:01.135943424,2025-10-01,False
imap_idex_l1b_sci-10days_20250927_v001.0004.cdf,4,812608996319857920,2025-10-01T16:42:07.135857920,HS ADC0I trigger (TOF HG),HGThreshold,0.21674999999999997, ,-1e+31, ,-1e+31,2025-10-01 16:42:07.135857920,2025-10-01,False
imap_idex_l1b_sci-10days_20250927_v001.0004.cdf,5,812609085318576640,2025-10-01T16:43:36.134576640,HS ADC0I trigger (TOF HG),HGThreshold,0.21674999999999997, ,-1e+31, ,-1e+31,2025-10-01 16:43:36.134576640,2025-10-01,False
imap_idex_l1b_sci-10days_20250927_v001.0004.cdf,6,812609091318491264,2025-10-01T16:43:42.134491264,HS ADC0I trigger (TOF HG),HGThreshold,0.21674999999999997, ,-1e+31, ,-1e+31,2025-10-01 16:43:42.134491264,2025-10-01,False
imap_idex_l1b_sci-10days_20250927_v001.0004.cdf,7,812609097318405760,2025-10-01T16:43:48.134405760,HS ADC0I trigger (TOF HG),HGThreshold,0.21674999999999997, ,-1e+31, ,-1e+31,2025-10-01 16:43:48.134405760,2025-10-01,False
imap_idex_l1b_sci-10days_20250927_v001.0004.cdf,8,812609103318320384,2025-10-01T16:43:54.134320384,HS ADC0I trigger (TOF HG),HGThreshold,0.21674999999999997, ,-1e+31, ,-1e+31,2025-10-01 16:43:54.134320384,2025-10-01,False
imap_idex_l1b_sci-10days_20250927_v001.0004.cdf,9,812609187317143808,2025-10-01T16:45:18.133143808,HS ADC0I trigger (TOF HG),HGThreshold,0.21674999999999997, ,-1e+31, ,-1e+31,2025-10-01 16:45:18.133143808,2025-10-01,False
imap_idex_l1b_sci-10days_20250927_v001.0004.cdf,10,812609193317078272,2025-10-01T16:45:24.133078272,HS ADC0I trigger (TOF HG),HGThreshold,0.21674999999999997, ,-1e+31, ,-1e+31,2025-10-01 16:45:24.133078272,2025-10-01,False
imap_idex_l1b_sci-10days_20250927_v001.0004.cdf,11,812609199316992768,2025-10-01T16:45:30.132992768,HS ADC0I trigger (TOF HG),HGThreshold,0.21674999999999997, ,-1e+31, ,-1e+31,2025-10-01 16:45:30.132992768,2025-10-01,False
imap_idex_l1b_sci-10days_20250927_v001.0004.cdf,12,812609205316907392,2025-10-01T16:45:36.132907392,HS ADC0I trigger (TOF HG),HGThreshold,0.21674999999999997, ,-1e+31, ,-1e+31,2025-10-01 16:45:36.132907392,2025-10-01,False
imap_idex_l1b_sci-10days_20250927_v001.0004.cdf,13,812609295315705216,2025-10-01T16:47:06.131705216,HS ADC0I trigger (TOF HG),HGThreshold,0.21674999999999997, ,-1e+31, ,-1e+31,2025-10-01 16:47:06.131705216,2025-10-01,False
imap_idex_l1b_sci-10days_20250927_v001.0004.cdf,14,812609301315619712,2025-10-01T16:47:12.131619712,HS ADC0I trigger (TOF HG),HGThreshold,0.21674999999999997, ,-1e+31, ,-1e+31,2025-10-01 16:47:12.131619712,2025-10-01,False
imap_idex_l1b_sci-10days_20250927_v001.0004.cdf,15,812609307315554432,2025-10-01T16:47:18.131554432,HS ADC0I trigger (TOF HG),HGThreshold,0.21674999999999997, ,-1e+31, ,-1e+31,2025-10-01 16:47:18.131554432,2025-10-01,False
imap_idex_l1b_sci-10days_20250927_v001.0004.cdf,16,812609313315468800,2025-10-01T16:47:24.131468800,HS ADC0I trigger (TOF HG),HGThreshold,0.21674999999999997, ,-1e+31, ,-1e+31,2025-10-01 16:47:24.131468800,2025-10-01,False
imap_idex_l1b_sci-10days_20250927_v001.0004.cdf,17,812609392314456832,2025-10-01T16:48:43.130456832,HS ADC0I trigger (TOF HG),HGThreshold,0.21674999999999997, ,-1e+31, ,-1e+31,2025-10-01 16:48:43.130456832,2025-10-01,False
imap_idex_l1b_sci-10days_20250927_v001.0004.cdf,18,812609398314371328,2025-10-01T16:48:49.130371328,HS ADC0I trigger (TOF HG),HGThreshold,0.21674999999999997, ,-1e+31, ,-1e+31,2025-10-01 16:48:49.130371328,2025-10-01,False
imap_idex_l1b_sci-10days_20250927_v001.0004.cdf,19,812609404314285696,2025-10-01T16:48:55.130285696,HS ADC0I trigger (TOF HG),HGThreshold,0.21674999999999997, ,-1e+31, ,-1e+31,2025-10-01 16:48:55.130285696,2025-10-01,False
imap_idex_l1b_sci-10days_20250927_v001.0004.cdf,20,812609410314220416,2025-10-01T16:49:01.130220416,HS ADC0I trigger (TOF HG),HGThreshold,0.21674999999999997, ,-1e+31, ,-1e+31,2025-10-01 16:49:01.130220416,2025-10-01,False
imap_idex_l1b_sci-10days_20251027_v001.0004.cdf,0,815539305676580736,2025-11-04T14:40:36.492580736,SW trigger,HGThreshold,0.21674999999999997, ,-1e+31, ,-1e+31,2025-11-04 14:40:36.492580736,2025-11-04,False
imap_idex_l1b_sci-10days_20251027_v001.0004.cdf,1,815539406675349504,2025-11-04T14:42:17.491349504,HS ADC0I trigger (TOF HG),HGThreshold,0.21674999999999997, ,-1e+31, ,-1e+31,2025-11-04 14:42:17.491349504,2025-11-04,False
imap_idex_l1b_sci-10days_20251027_v001.0004.cdf,2,815539412675244032,2025-11-04T14:42:23.491244032,HS ADC0I trigger (TOF HG),HGThreshold,0.21674999999999997, ,-1e+31, ,-1e+31,2025-11-04 14:42:23.491244032,2025-11-04,False
imap_idex_l1b_sci-10days_20251027_v001.0004.cdf,3,815539418675138560,2025-11-04T14:42:29.491138560,HS ADC0I trigger (TOF HG),HGThreshold,0.21674999999999997, ,-1e+31, ,-1e+31,2025-11-04 14:42:29.491138560,2025-11-04,False
imap_idex_l1b_sci-10days_20251027_v001.0004.cdf,4,815539424675013248,2025-11-04T14:42:35.491013248,HS ADC0I trigger (TOF HG),HGThreshold,0.21674999999999997, ,-1e+31, ,-1e+31,2025-11-04 14:42:35.491013248,2025-11-04,False
imap_idex_l1b_sci-10days_20251027_v001.0004.cdf,5,815539430674907648,2025-11-04T14:42:41.490907648,HS ADC0I trigger (TOF HG),HGThreshold,0.21674999999999997, ,-1e+31, ,-1e+31,2025-11-04 14:42:41.490907648,2025-11-04,False
imap_idex_l1b_sci-10days_20251027_v001.0004.cdf,6,815539526673121024,2025-11-04T14:44:17.489121024,HS ADC0I trigger (TOF HG),HGThreshold,0.21674999999999997, ,-1e+31, ,-1e+31,2025-11-04 14:44:17.489121024,2025-11-04,False
imap_idex_l1b_sci-10days_20251027_v001.0004.cdf,7,815539532673015424,2025-11-04T14:44:23.489015424,HS ADC0I trigger (TOF HG),HGThreshold,0.21674999999999997, ,-1e+31, ,-1e+31,2025-11-04 14:44:23.489015424,2025-11-04,False
imap_idex_l1b_sci-10days_20251027_v001.0004.cdf,8,815539538672890112,2025-11-04T14:44:29.488890112,HS ADC0I trigger (TOF HG),HGThreshold,0.21674999999999997, ,-1e+31, ,-1e+31,2025-11-04 14:44:29.488890112,2025-11-04,False
imap_idex_l1b_sci-10days_20251027_v001.0004.cdf,9,815539544672784640,2025-11-04T14:44:35.488784640,HS ADC0I trigger (TOF HG),HGThreshold,0.21674999999999997, ,-1e+31, ,-1e+31,2025-11-04 14:44:35.488784640,2025-11-04,False
imap_idex_l1b_sci-10days_20251027_v001.0004.cdf,10,815539550672679296,2025-11-04T14:44:41.488679296,HS ADC0I trigger (TOF HG),HGThreshold,0.21674999999999997, ,-1e+31, ,-1e+31,2025-11-04 14:44:41.488679296,2025-11-04,False
imap_idex_l1b_sci-10days_20251027_v001.0004.cdf,11,815539646670912512,2025-11-04T14:46:17.486912512,HS ADC0I trigger (TOF HG),HGThreshold,0.21674999999999997, ,-1e+31, ,-1e+31,2025-11-04 14:46:17.486912512,2025-11-04,False
imap_idex_l1b_sci-10days_20251027_v001.0004.cdf,12,815539652670807040,2025-11-04T14:46:23.486807040,HS ADC0I trigger (TOF HG),HGThreshold,0.21674999999999997, ,-1e+31, ,-1e+31,2025-11-04 14:46:23.486807040,2025-11-04,False
imap_idex_l1b_sci-10days_20251027_v001.0004.cdf,13,815539658670701568,2025-11-04T14:46:29.486701568,HS ADC0I trigger (TOF HG),HGThreshold,0.21674999999999997, ,-1e+31, ,-1e+31,2025-11-04 14:46:29.486701568,2025-11-04,False
imap_idex_l1b_sci-10days_20251027_v001.0004.cdf,14,815539664670596224,2025-11-04T14:46:35.486596224,HS ADC0I trigger (TOF HG),HGThreshold,0.21674999999999997, ,-1e+31, ,-1e+31,2025-11-04 14:46:35.486596224,2025-11-04,False
imap_idex_l1b_sci-10days_20251027_v001.0004.cdf,15,815539670670490880,2025-11-04T14:46:41.486490880,HS ADC0I trigger (TOF HG),HGThreshold,0.21674999999999997, ,-1e+31, ,-1e+31,2025-11-04 14:46:41.486490880,2025-11-04,False
imap_idex_l1b_sci-10days_20251027_v001.0004.cdf,16,815539760668849408,2025-11-04T14:48:11.484849408,HS ADC0I trigger (TOF HG),HGThreshold,0.21674999999999997, ,-1e+31, ,-1e+31,2025-11-04 14:48:11.484849408,2025-11-04,True
imap_idex_l1b_sci-10days_20251027_v001.0004.cdf,17,815539766668744064,2025-11-04T14:48:17.484744064,HS ADC0I trigger (TOF HG),HGThreshold,0.21674999999999997, ,-1e+31, ,-1e+31,2025-11-04 14:48:17.484744064,2025-11-04,True
imap_idex_l1b_sci-10days_20251027_v001.0004.cdf,18,815539772668638592,2025-11-04T14:48:23.484638592,HS ADC0I trigger (TOF HG),HGThreshold,0.21674999999999997, ,-1e+31, ,-1e+31,2025-11-04 14:48:23.484638592,2025-11-04,True
imap_idex_l1b_sci-10days_20251027_v001.0004.cdf,19,815539778668533120,2025-11-04T14:48:29.484533120,HS ADC0I trigger (TOF HG),HGThreshold,0.21674999999999997, ,-1e+31, ,-1e+31,2025-11-04 14:48:29.484533120,2025-11-04,True
imap_idex_l1b_sci-10days_20251027_v001.0004.cdf,20,815539784668427776,2025-11-04T14:48:35.484427776,HS ADC0I trigger (TOF HG),HGThreshold,0.21674999999999997, ,-1e+31, ,-1e+31,2025-11-04 14:48:35.484427776,2025-11-04,True
imap_idex_l1b_sci-10days_20251027_v001.0004.cdf,21,815539880666721024,2025-11-04T14:50:11.482721024,HS ADC0I trigger (TOF HG),HGThreshold,0.21674999999999997, ,-1e+31, ,-1e+31,2025-11-04 14:50:11.482721024,2025-11-04,False
imap_idex_l1b_sci-10days_20251027_v001.0004.cdf,22,815539886666615552,2025-11-04T14:50:17.482615552,HS ADC0I trigger (TOF HG),HGThreshold,0.21674999999999997, ,-1e+31, ,-1e+31,2025-11-04 14:50:17.482615552,2025-11-04,False
imap_idex_l1b_sci-10days_20251027_v001.0004.cdf,23,815539892666510080,2025-11-04T14:50:23.482510080,HS ADC0I trigger (TOF HG),HGThreshold,0.21674999999999997, ,-1e+31, ,-1e+31,2025-11-04 14:50:23.482510080,2025-11-04,False
imap_idex_l1b_sci-10days_20251027_v001.0004.cdf,24,815539898666404608,2025-11-04T14:50:29.482404608,HS ADC0I trigger (TOF HG),HGThreshold,0.21674999999999997, ,-1e+31, ,-1e+31,2025-11-04 14:50:29.482404608,2025-11-04,False
imap_idex_l1b_sci-10days_20251027_v001.0004.cdf,25,815539904666299392,2025-11-04T14:50:35.482299392,HS ADC0I trigger (TOF HG),HGThreshold,0.21674999999999997, ,-1e+31, ,-1e+31,2025-11-04 14:50:35.482299392,2025-11-04,False
imap_idex_l1b_sci-10days_20251106_v001.0004.cdf,0,815732731485125120,2025-11-06T20:24:22.301125120,SW trigger,HGThreshold,0.21674999999999997, ,-1e+31, ,-1e+31,2025-11-06 20:24:22.301125120,2025-11-06,False
imap_idex_l1b_sci-10days_20251106_v001.0004.cdf,1,815732851484596480,2025-11-06T20:26:22.300596480,HS ADC0I trigger (TOF HG),HGThreshold,0.21674999999999997, ,-1e+31, ,-1e+31,2025-11-06 20:26:22.300596480,2025-11-06,False
imap_idex_l1b_sci-10days_20251106_v001.0004.cdf,2,815732857484551040,2025-11-06T20:26:28.300551040,HS ADC0I trigger (TOF HG),HGThreshold,0.21674999999999997, ,-1e+31, ,-1e+31,2025-11-06 20:26:28.300551040,2025-11-06,False
imap_idex_l1b_sci-10days_20251106_v001.0004.cdf,3,815732863484485760,2025-11-06T20:26:34.300485760,HS ADC0I trigger (TOF HG),HGThreshold,0.21674999999999997, ,-1e+31, ,-1e+31,2025-11-06 20:26:34.300485760,2025-11-06,False
imap_idex_l1b_sci-10days_20251106_v001.0004.cdf,4,815732869484420224,2025-11-06T20:26:40.300420224,HS ADC0I trigger (TOF HG),HGThreshold,0.21674999999999997, ,-1e+31, ,-1e+31,2025-11-06 20:26:40.300420224,2025-11-06,False
imap_idex_l1b_sci-10days_20251106_v001.0004.cdf,5,815732982483278208,2025-11-06T20:28:33.299278208,HS ADC0I trigger (TOF HG),HGThreshold,0.21674999999999997, ,-1e+31, ,-1e+31,2025-11-06 20:28:33.299278208,2025-11-06,False
imap_idex_l1b_sci-10days_20251106_v001.0004.cdf,6,815732988483212672,2025-11-06T20:28:39.299212672,HS ADC0I trigger (TOF HG),HGThreshold,0.21674999999999997, ,-1e+31, ,-1e+31,2025-11-06 20:28:39.299212672,2025-11-06,False
imap_idex_l1b_sci-10days_20251106_v001.0004.cdf,7,815732994483147264,2025-11-06T20:28:45.299147264,HS ADC0I trigger (TOF HG),HGThreshold,0.21674999999999997, ,-1e+31, ,-1e+31,2025-11-06 20:28:45.299147264,2025-11-06,False
imap_idex_l1b_sci-10days_20251106_v001.0004.cdf,8,815733000483081984,2025-11-06T20:28:51.299081984,HS ADC0I trigger (TOF HG),HGThreshold,0.21674999999999997, ,-1e+31, ,-1e+31,2025-11-06 20:28:51.299081984,2025-11-06,False
imap_idex_l1b_sci-10days_20251106_v001.0004.cdf,9,815733109481983360,2025-11-06T20:30:40.297983360,HS ADC0I trigger (TOF HG),HGThreshold,0.21674999999999997, ,-1e+31, ,-1e+31,2025-11-06 20:30:40.297983360,2025-11-06,False
imap_idex_l1b_sci-10days_20251106_v001.0004.cdf,10,815733115481917952,2025-11-06T20:30:46.297917952,HS ADC0I trigger (TOF HG),HGThreshold,0.21674999999999997, ,-1e+31, ,-1e+31,2025-11-06 20:30:46.297917952,2025-11-06,False
imap_idex_l1b_sci-10days_20251106_v001.0004.cdf,11,815733121481872512,2025-11-06T20:30:52.297872512,HS ADC0I trigger (TOF HG),HGThreshold,0.21674999999999997, ,-1e+31, ,-1e+31,2025-11-06 20:30:52.297872512,2025-11-06,False
imap_idex_l1b_sci-10days_20251106_v001.0004.cdf,12,815733127481807104,2025-11-06T20:30:58.297807104,HS ADC0I trigger (TOF HG),HGThreshold,0.21674999999999997, ,-1e+31, ,-1e+31,2025-11-06 20:30:58.297807104,2025-11-06,False
imap_idex_l1b_sci-10days_20251106_v001.0004.cdf,13,815733234480730368,2025-11-06T20:32:45.296730368,HS ADC0I trigger (TOF HG),HGThreshold,0.21674999999999997, ,-1e+31, ,-1e+31,2025-11-06 20:32:45.296730368,2025-11-06,False
imap_idex_l1b_sci-10days_20251106_v001.0004.cdf,14,815733240480664960,2025-11-06T20:32:51.296664960,HS ADC0I trigger (TOF HG),HGThreshold,0.21674999999999997, ,-1e+31, ,-1e+31,2025-11-06 20:32:51.296664960,2025-11-06,False
imap_idex_l1b_sci-10days_20251106_v001.0004.cdf,15,815733246480599552,2025-11-06T20:32:57.296599552,HS ADC0I trigger (TOF HG),HGThreshold,0.21674999999999997, ,-1e+31, ,-1e+31,2025-11-06 20:32:57.296599552,2025-11-06,True
imap_idex_l1b_sci-10days_20251106_v001.0004.cdf,16,815733252480534144,2025-11-06T20:33:03.296534144,HS ADC0I trigger (TOF HG),HGThreshold,0.21674999999999997, ,-1e+31, ,-1e+31,2025-11-06 20:33:03.296534144,2025-11-06,False
imap_idex_l1b_sci-10days_20251106_v001.0004.cdf,17,815733360479456512,2025-11-06T20:34:51.295456512,HS ADC0I trigger (TOF HG),HGThreshold,0.21674999999999997, ,-1e+31, ,-1e+31,2025-11-06 20:34:51.295456512,2025-11-06,False
imap_idex_l1b_sci-10days_20251106_v001.0004.cdf,18,815733366479391104,2025-11-06T20:34:57.295391104,HS ADC0I trigger (TOF HG),HGThreshold,0.21674999999999997, ,-1e+31, ,-1e+31,2025-11-06 20:34:57.295391104,2025-11-06,False
imap_idex_l1b_sci-10days_20251106_v001.0004.cdf,19,815733372479325824,2025-11-06T20:35:03.295325824,HS ADC0I trigger (TOF HG),HGThreshold,0.21674999999999997, ,-1e+31, ,-1e+31,2025-11-06 20:35:03.295325824,2025-11-06,False
imap_idex_l1b_sci-10days_20251106_v001.0004.cdf,20,815733378479280384,2025-11-06T20:35:09.295280384,HS ADC0I trigger (TOF HG),HGThreshold,0.21674999999999997, ,-1e+31, ,-1e+31,2025-11-06 20:35:09.295280384,2025-11-06,False
imap_idex_l1b_sci-10days_20251106_v001.0004.cdf,21,815734487567478016,2025-11-06T20:53:38.383478016,SW trigger, ,-1e+31, ,-1e+31, ,-1e+31,2025-11-06 20:53:38.383478016,2025-11-06,False
imap_idex_l1b_sci-10days_20251106_v001.0004.cdf,22,815734746564904064,2025-11-06T20:57:57.380904064,SW trigger, ,-1e+31, ,-1e+31, ,-1e+31,2025-11-06 20:57:57.380904064,2025-11-06,False
imap_idex_l1b_sci-10days_20251106_v001.0004.cdf,23,815734931563056768,2025-11-06T21:01:02.379056768,SW trigger, ,-1e+31, ,-1e+31, ,-1e+31,2025-11-06 21:01:02.379056768,2025-11-06,False
imap_idex_l1b_sci-10days_20251106_v001.0004.cdf,24,815735090561493120,2025-11-06T21:03:41.377493120,SW trigger, ,-1e+31, ,-1e+31, ,-1e+31,2025-11-06 21:03:41.377493120,2025-11-06,False
imap_idex_l1b_sci-10days_20251116_v001.0004.cdf,0,817218914971916032,2025-11-24T01:14:05.787916032,HS ADC0I trigger (TOF HG),HGThreshold,0.2601, ,-1e+31, ,-1e+31,2025-11-24 01:14:05.787916032,2025-11-24,False
imap_idex_l1b_sci-10days_20251116_v001.0004.cdf,1,817251229643192960,2025-11-24T10:12:40.459192960,HS ADC0I trigger (TOF HG),HGThreshold,0.2601, ,-1e+31, ,-1e+31,2025-11-24 10:12:40.459192960,2025-11-24,False
imap_idex_l1b_sci-10days_20251116_v001.0004.cdf,2,817270077160587904,2025-11-24T15:26:47.976587904,HS ADC0I trigger (TOF HG),HGThreshold,0.2601, ,-1e+31, ,-1e+31,2025-11-24 15:26:47.976587904,2025-11-24,False
imap_idex_l1b_sci-10days_20251116_v001.0004.cdf,3,817280974741950336,2025-11-24T18:28:25.557950336,HS ADC0I trigger (TOF HG),HGThreshold,0.2601, ,-1e+31, ,-1e+31,2025-11-24 18:28:25.557950336,2025-11-24,False
imap_idex_l1b_sci-10days_20251116_v001.0004.cdf,4,817344846730891520,2025-11-25T12:12:57.546891520,HS ADC0I trigger (TOF HG),HGThreshold,0.2601, ,-1e+31, ,-1e+31,2025-11-25 12:12:57.546891520,2025-11-25,False
imap_idex_l1b_sci-10days_20251116_v001.0004.cdf,5,817355613010257024,2025-11-25T15:12:23.826257024,HS ADC0I trigger (TOF HG),HGThreshold,0.2601, ,-1e+31, ,-1e+31,2025-11-25 15:12:23.826257024,2025-11-25,False
imap_idex_l1b_sci-10days_20251116_v001.0004.cdf,6,817356760579685760,2025-11-25T15:31:31.395685760,HS ADC0I trigger (TOF HG),HGThreshold,0.2601, ,-1e+31, ,-1e+31,2025-11-25 15:31:31.395685760,2025-11-25,False
imap_idex_l1b_sci-10days_20251126_v001.0004.cdf,0,817395101476901248,2025-11-26T02:10:32.292901248,HS ADC0I trigger (TOF HG),HGThreshold,0.2601, ,-1e+31, ,-1e+31,2025-11-26 02:10:32.292901248,2025-11-26,False
imap_idex_l1b_sci-10days_20251126_v001.0004.cdf,1,817431251217357696,2025-11-26T12:13:02.033357696,HS ADC0I trigger (TOF HG),HGThreshold,0.2601, ,-1e+31, ,-1e+31,2025-11-26 12:13:02.033357696,2025-11-26,False
imap_idex_l1b_sci-10days_20251126_v001.0004.cdf,2,817434385306743168,2025-11-26T13:05:16.122743168,HS ADC0I trigger (TOF HG),HGThreshold,0.2601, ,-1e+31, ,-1e+31,2025-11-26 13:05:16.122743168,2025-11-26,False
imap_idex_l1b_sci-10days_20251126_v001.0004.cdf,3,817460756731680768,2025-11-26T20:24:47.547680768,HS ADC0I trigger (TOF HG),HGThreshold,0.2601, ,-1e+31, ,-1e+31,2025-11-26 20:24:47.547680768,2025-11-26,False
imap_idex_l1b_sci-10days_20251126_v001.0004.cdf,4,817464872977704320,2025-11-26T21:33:23.793704320,HS ADC0I trigger (TOF HG),HGThreshold,0.2601, ,-1e+31, ,-1e+31,2025-11-26 21:33:23.793704320,2025-11-26,False
imap_idex_l1b_sci-10days_20251126_v001.0004.cdf,5,817489243033159680,2025-11-27T04:19:33.849159680,HS ADC0I trigger (TOF HG),HGThreshold,0.2601, ,-1e+31, ,-1e+31,2025-11-27 04:19:33.849159680,2025-11-27,False
imap_idex_l1b_sci-10days_20251126_v001.0004.cdf,6,817510832044237696,2025-11-27T10:19:22.860237696,HS ADC0I trigger (TOF HG),HGThreshold,0.2601, ,-1e+31, ,-1e+31,2025-11-27 10:19:22.860237696,2025-11-27,False
imap_idex_l1b_sci-10days_20251126_v001.0004.cdf,7,817529086963608960,2025-11-27T15:23:37.779608960,HS ADC0I trigger (TOF HG),HGThreshold,0.2601, ,-1e+31, ,-1e+31,2025-11-27 15:23:37.779608960,2025-11-27,False
imap_idex_l1b_sci-10days_20251126_v001.0004.cdf,8,817529473618461824,2025-11-27T15:30:04.434461824,HS ADC0I trigger (TOF HG),HGThreshold,0.2601, ,-1e+31, ,-1e+31,2025-11-27 15:30:04.434461824,2025-11-27,False
imap_idex_l1b_sci-10days_20251126_v001.0004.cdf,9,817531908508915840,2025-11-27T16:10:39.324915840,HS ADC0I trigger (TOF HG),HGThreshold,0.2601, ,-1e+31, ,-1e+31,2025-11-27 16:10:39.324915840,2025-11-27,False
imap_idex_l1b_sci-10days_20251126_v001.0004.cdf,10,817535886028465024,2025-11-27T17:16:56.844465024,HS ADC0I trigger (TOF HG),HGThreshold,0.2601, ,-1e+31, ,-1e+31,2025-11-27 17:16:56.844465024,2025-11-27,False
imap_idex_l1b_sci-10days_20251126_v001.0004.cdf,11,817553283839205760,2025-11-27T22:06:54.655205760,HS ADC0I trigger (TOF HG),HGThreshold,0.2601, ,-1e+31, ,-1e+31,2025-11-27 22:06:54.655205760,2025-11-27,False
imap_idex_l1b_sci-10days_20251126_v001.0004.cdf,12,817575460006996608,2025-11-28T04:16:30.822996608,HS ADC0I trigger (TOF HG),HGThreshold,0.2601, ,-1e+31, ,-1e+31,2025-11-28 04:16:30.822996608,2025-11-28,False
imap_idex_l1b_sci-10days_20251126_v001.0004.cdf,13,817586578344555008,2025-11-28T07:21:49.160555008,HS ADC0I trigger (TOF HG),HGThreshold,0.2601, ,-1e+31, ,-1e+31,2025-11-28 07:21:49.160555008,2025-11-28,False
imap_idex_l1b_sci-10days_20251126_v001.0004.cdf,14,817628790479818112,2025-11-28T19:05:21.295818112,HS ADC0I trigger (TOF HG),HGThreshold,0.2601, ,-1e+31, ,-1e+31,2025-11-28 19:05:21.295818112,2025-11-28,False
imap_idex_l1b_sci-10days_20251126_v001.0004.cdf,15,817631954800777216,2025-11-28T19:58:05.616777216,HS ADC0I trigger (TOF HG),HGThreshold,0.2601, ,-1e+31, ,-1e+31,2025-11-28 19:58:05.616777216,2025-11-28,False
imap_idex_l1b_sci-10days_20251126_v001.0004.cdf,16,817632879535947136,2025-11-28T20:13:30.351947136,HS ADC0I trigger (TOF HG),HGThreshold,0.2601, ,-1e+31, ,-1e+31,2025-11-28 20:13:30.351947136,2025-11-28,False
imap_idex_l1b_sci-10days_20251126_v001.0004.cdf,17,817635063727566208,2025-11-28T20:49:54.543566208,HS ADC0I trigger (TOF HG),HGThreshold,0.2601, ,-1e+31, ,-1e+31,2025-11-28 20:49:54.543566208,2025-11-28,False
imap_idex_l1b_sci-10days_20251126_v001.0004.cdf,18,817649668745220480,2025-11-29T00:53:19.561220480,HS ADC0I trigger (TOF HG),HGThreshold,0.2601, ,-1e+31, ,-1e+31,2025-11-29 00:53:19.561220480,2025-11-29,False
imap_idex_l1b_sci-10days_20251126_v001.0004.cdf,19,817659266008868736,2025-11-29T03:33:16.824868736,HS ADC0I trigger (TOF HG),HGThreshold,0.2601, ,-1e+31, ,-1e+31,2025-11-29 03:33:16.824868736,2025-11-29,False
imap_idex_l1b_sci-10days_20251126_v001.0004.cdf,20,817690194331356416,2025-11-29T12:08:45.147356416,HS ADC0I trigger (TOF HG),HGThreshold,0.2601, ,-1e+31, ,-1e+31,2025-11-29 12:08:45.147356416,2025-11-29,False
imap_idex_l1b_sci-10days_20251126_v001.0004.cdf,21,817690224499349376,2025-11-29T12:09:15.315349376,HS ADC0I trigger (TOF HG),HGThreshold,0.2601, ,-1e+31, ,-1e+31,2025-11-29 12:09:15.315349376,2025-11-29,False
imap_idex_l1b_sci-10days_20251126_v001.0004.cdf,22,817729101391004544,2025-11-29T22:57:12.207004544,HS ADC0I trigger (TOF HG),HGThreshold,0.2601, ,-1e+31, ,-1e+31,2025-11-29 22:57:12.207004544,2025-11-29,False
imap_idex_l1b_sci-10days_20251126_v001.0004.cdf,23,817732986008159104,2025-11-30T00:01:56.824159104,SW trigger,HGThreshold,0.289, ,-1e+31, ,-1e+31,2025-11-30 00:01:56.824159104,2025-11-30,False
imap_idex_l1b_sci-10days_20251126_v001.0004.cdf,24,817732992008993664,2025-11-30T00:02:02.824993664,HS ADC0I trigger (TOF HG),HGThreshold,0.289, ,-1e+31, ,-1e+31,2025-11-30 00:02:02.824993664,2025-11-30,False
imap_idex_l1b_sci-10days_20251126_v001.0004.cdf,25,817733000008926464,2025-11-30T00:02:10.824926464,HS ADC0I trigger (TOF HG),HGThreshold,0.289, ,-1e+31, ,-1e+31,2025-11-30 00:02:10.824926464,2025-11-30,False
imap_idex_l1b_sci-10days_20251126_v001.0004.cdf,26,817733008008879360,2025-11-30T00:02:18.824879360,HS ADC0I trigger (TOF HG),HGThreshold,0.289, ,-1e+31, ,-1e+31,2025-11-30 00:02:18.824879360,2025-11-30,False
imap_idex_l1b_sci-10days_20251126_v001.0004.cdf,27,817733016008832128,2025-11-30T00:02:26.824832128,HS ADC0I trigger (TOF HG),HGThreshold,0.289, ,-1e+31, ,-1e+31,2025-11-30 00:02:26.824832128,2025-11-30,False
imap_idex_l1b_sci-10days_20251126_v001.0004.cdf,28,817733024008785024,2025-11-30T00:02:34.824785024,HS ADC0I trigger (TOF HG),HGThreshold,0.289, ,-1e+31, ,-1e+31,2025-11-30 00:02:34.824785024,2025-11-30,False
imap_idex_l1b_sci-10days_20251126_v001.0004.cdf,29,817733038007812352,2025-11-30T00:02:48.823812352,SW trigger,HGThreshold,0.289, ,-1e+31, ,-1e+31,2025-11-30 00:02:48.823812352,2025-11-30,False
imap_idex_l1b_sci-10days_20251126_v001.0004.cdf,30,817733050007721600,2025-11-30T00:03:00.823721600,SW trigger,HGThreshold,0.289, ,-1e+31, ,-1e+31,2025-11-30 00:03:00.823721600,2025-11-30,False
imap_idex_l1b_sci-10days_20251126_v001.0004.cdf,31,817733062007650816,2025-11-30T00:03:12.823650816,SW trigger,HGThreshold,0.289, ,-1e+31, ,-1e+31,2025-11-30 00:03:12.823650816,2025-11-30,False
imap_idex_l1b_sci-10days_20251126_v001.0004.cdf,32,817733074007560064,2025-11-30T00:03:24.823560064,SW trigger,HGThreshold,0.289, ,-1e+31, ,-1e+31,2025-11-30 00:03:24.823560064,2025-11-30,False
imap_idex_l1b_sci-10days_20251126_v001.0004.cdf,33,817840500686391296,2025-12-01T05:53:51.502391296,HS ADC0I trigger (TOF HG),HGThreshold,0.2601, ,-1e+31, ,-1e+31,2025-12-01 05:53:51.502391296,2025-12-01,False
imap_idex_l1b_sci-10days_20251126_v001.0004.cdf,34,817848934771846656,2025-12-01T08:14:25.587846656,HS ADC0I trigger (TOF HG),HGThreshold,0.2601, ,-1e+31, ,-1e+31,2025-12-01 08:14:25.587846656,2025-12-01,False
imap_idex_l1b_sci-10days_20251126_v001.0004.cdf,35,817878418704382208,2025-12-01T16:25:49.520382208,HS ADC0I trigger (TOF HG),HGThreshold,0.2601, ,-1e+31, ,-1e+31,2025-12-01 16:25:49.520382208,2025-12-01,False
imap_idex_l1b_sci-10days_20251126_v001.0004.cdf,36,817912089245362048,2025-12-02T01:47:00.061362048,HS ADC0I trigger (TOF HG),HGThreshold,0.2601, ,-1e+31, ,-1e+31,2025-12-02 01:47:00.061362048,2025-12-02,False
imap_idex_l1b_sci-10days_20251126_v001.0004.cdf,37,817996005664907520,2025-12-03T01:05:36.480907520,HS ADC0I trigger (TOF HG),HGThreshold,0.2601, ,-1e+31, ,-1e+31,2025-12-03 01:05:36.480907520,2025-12-03,False
imap_idex_l1b_sci-10days_20251126_v001.0004.cdf,38,818009303675266816,2025-12-03T04:47:14.491266816,HS ADC0I trigger (TOF HG),HGThreshold,0.2601, ,-1e+31, ,-1e+31,2025-12-03 04:47:14.491266816,2025-12-03,False
imap_idex_l1b_sci-10days_20251126_v001.0004.cdf,39,818025453193470080,2025-12-03T09:16:24.009470080,HS ADC0I trigger (TOF HG),HGThreshold,0.2601, ,-1e+31, ,-1e+31,2025-12-03 09:16:24.009470080,2025-12-03,False
imap_idex_l1b_sci-10days_20251126_v001.0004.cdf,40,818035271563608704,2025-12-03T12:00:02.379608704,HS ADC0I trigger (TOF HG),HGThreshold,0.2601, ,-1e+31, ,-1e+31,2025-12-03 12:00:02.379608704,2025-12-03,False
imap_idex_l1b_sci-10days_20251126_v001.0004.cdf,41,818038304079510272,2025-12-03T12:50:34.895510272,HS ADC0I trigger (TOF HG),HGThreshold,0.2601, ,-1e+31, ,-1e+31,2025-12-03 12:50:34.895510272,2025-12-03,False
imap_idex_l1b_sci-10days_20251126_v001.0004.cdf,42,818041264742556288,2025-12-03T13:39:55.558556288,HS ADC0I trigger (TOF HG),HGThreshold,0.2601, ,-1e+31, ,-1e+31,2025-12-03 13:39:55.558556288,2025-12-03,False
imap_idex_l1b_sci-10days_20251126_v001.0004.cdf,43,818053729762522496,2025-12-03T17:07:40.578522496,HS ADC0I trigger (TOF HG),HGThreshold,0.2601, ,-1e+31, ,-1e+31,2025-12-03 17:07:40.578522496,2025-12-03,False
imap_idex_l1b_sci-10days_20251126_v001.0004.cdf,44,818065637541248000,2025-12-03T20:26:08.357248000,HS ADC0I trigger (TOF HG),HGThreshold,0.2601, ,-1e+31, ,-1e+31,2025-12-03 20:26:08.357248000,2025-12-03,False
imap_idex_l1b_sci-10days_20251126_v001.0004.cdf,45,818076500996469760,2025-12-03T23:27:11.812469760,HS ADC0I trigger (TOF HG),HGThreshold,0.2601, ,-1e+31, ,-1e+31,2025-12-03 23:27:11.812469760,2025-12-03,False
imap_idex_l1b_sci-10days_20251126_v001.0004.cdf,46,818081505662043520,2025-12-04T00:50:36.478043520,HS ADC0I trigger (TOF HG),HGThreshold,0.2601, ,-1e+31, ,-1e+31,2025-12-04 00:50:36.478043520,2025-12-04,False
imap_idex_l1b_sci-10days_20251126_v001.0004.cdf,47,818104521851972224,2025-12-04T07:14:12.667972224,HS ADC0I trigger (TOF HG),HGThreshold,0.2601, ,-1e+31, ,-1e+31,2025-12-04 07:14:12.667972224,2025-12-04,False
imap_idex_l1b_sci-10days_20251126_v001.0004.cdf,48,818128323142898176,2025-12-04T13:50:53.958898176,HS ADC0I trigger (TOF HG),HGThreshold,0.2601, ,-1e+31, ,-1e+31,2025-12-04 13:50:53.958898176,2025-12-04,False
imap_idex_l1b_sci-10days_20251126_v001.0004.cdf,49,818129980806752384,2025-12-04T14:18:31.622752384,HS ADC0I trigger (TOF HG),HGThreshold,0.2601, ,-1e+31, ,-1e+31,2025-12-04 14:18:31.622752384,2025-12-04,False
imap_idex_l1b_sci-10days_20251126_v001.0004.cdf,50,818132709464426624,2025-12-04T15:04:00.280426624,HS ADC0I trigger (TOF HG),HGThreshold,0.2601, ,-1e+31, ,-1e+31,2025-12-04 15:04:00.280426624,2025-12-04,False
imap_idex_l1b_sci-10days_20251126_v001.0004.cdf,51,818137568178291584,2025-12-04T16:24:58.994291584,HS ADC0I trigger (TOF HG),HGThreshold,0.2601, ,-1e+31, ,-1e+31,2025-12-04 16:24:58.994291584,2025-12-04,False
imap_idex_l1b_sci-10days_20251126_v001.0004.cdf,52,818137917112238720,2025-12-04T16:30:47.928238720,HS ADC0I trigger (TOF HG),HGThreshold,0.2601, ,-1e+31, ,-1e+31,2025-12-04 16:30:47.928238720,2025-12-04,False
imap_idex_l1b_sci-10days_20251126_v001.0004.cdf,53,818146592755762304,2025-12-04T18:55:23.571762304,HS ADC0I trigger (TOF HG),HGThreshold,0.2601, ,-1e+31, ,-1e+31,2025-12-04 18:55:23.571762304,2025-12-04,False
imap_idex_l1b_sci-10days_20251126_v001.0004.cdf,54,818147711968699264,2025-12-04T19:14:02.784699264,HS ADC0I trigger (TOF HG),HGThreshold,0.2601, ,-1e+31, ,-1e+31,2025-12-04 19:14:02.784699264,2025-12-04,False
imap_idex_l1b_sci-10days_20251126_v001.0004.cdf,55,818150253089741440,2025-12-04T19:56:23.905741440,HS ADC0I trigger (TOF HG),HGThreshold,0.2601, ,-1e+31, ,-1e+31,2025-12-04 19:56:23.905741440,2025-12-04,False
imap_idex_l1b_sci-10days_20251126_v001.0004.cdf,56,818161791271099392,2025-12-04T23:08:42.087099392,HS ADC0I trigger (TOF HG),HGThreshold,0.2601, ,-1e+31, ,-1e+31,2025-12-04 23:08:42.087099392,2025-12-04,False
imap_idex_l1b_sci-10days_20251126_v001.0004.cdf,57,818162863353478400,2025-12-04T23:26:34.169478400,HS ADC0I trigger (TOF HG),HGThreshold,0.2601, ,-1e+31, ,-1e+31,2025-12-04 23:26:34.169478400,2025-12-04,False
imap_idex_l1b_sci-10days_20251126_v001.0004.cdf,58,818167955013894528,2025-12-05T00:51:25.829894528,HS ADC0I trigger (TOF HG),HGThreshold,0.2601, ,-1e+31, ,-1e+31,2025-12-05 00:51:25.829894528,2025-12-05,False
imap_idex_l1b_sci-10days_20251126_v001.0004.cdf,59,818168292217212288,2025-12-05T00:57:03.033212288,HS ADC0I trigger (TOF HG),HGThreshold,0.2601, ,-1e+31, ,-1e+31,2025-12-05 00:57:03.033212288,2025-12-05,False
imap_idex_l1b_sci-10days_20251126_v001.0004.cdf,60,818172006616263040,2025-12-05T01:58:57.432263040,HS ADC0I trigger (TOF HG),HGThreshold,0.2601, ,-1e+31, ,-1e+31,2025-12-05 01:58:57.432263040,2025-12-05,False
imap_idex_l1b_sci-10days_20251126_v001.0004.cdf,61,818172188350620032,2025-12-05T02:01:59.166620032,HS ADC0I trigger (TOF HG),HGThreshold,0.2601, ,-1e+31, ,-1e+31,2025-12-05 02:01:59.166620032,2025-12-05,False
imap_idex_l1b_sci-10days_20251126_v001.0004.cdf,62,818174084964040064,2025-12-05T02:33:35.780040064,HS ADC0I trigger (TOF HG),HGThreshold,0.2601, ,-1e+31, ,-1e+31,2025-12-05 02:33:35.780040064,2025-12-05,False
imap_idex_l1b_sci-10days_20251126_v001.0004.cdf,63,818174470975274112,2025-12-05T02:40:01.791274112,HS ADC0I trigger (TOF HG),HGThreshold,0.2601, ,-1e+31, ,-1e+31,2025-12-05 02:40:01.791274112,2025-12-05,False
imap_idex_l1b_sci-10days_20251126_v001.0004.cdf,64,818179273182809600,2025-12-05T04:00:03.998809600,HS ADC0I trigger (TOF HG),HGThreshold,0.2601, ,-1e+31, ,-1e+31,2025-12-05 04:00:03.998809600,2025-12-05,False
imap_idex_l1b_sci-10days_20251126_v001.0004.cdf,65,818180736569897984,2025-12-05T04:24:27.385897984,HS ADC0I trigger (TOF HG),HGThreshold,0.2601, ,-1e+31, ,-1e+31,2025-12-05 04:24:27.385897984,2025-12-05,False
imap_idex_l1b_sci-10days_20251126_v001.0004.cdf,66,818183892865488768,2025-12-05T05:17:03.681488768,HS ADC0I trigger (TOF HG),HGThreshold,0.2601, ,-1e+31, ,-1e+31,2025-12-05 05:17:03.681488768,2025-12-05,False
imap_idex_l1b_sci-10days_20251126_v001.0004.cdf,67,818184535680512640,2025-12-05T05:27:46.496512640,HS ADC0I trigger (TOF HG),HGThreshold,0.2601, ,-1e+31, ,-1e+31,2025-12-05 05:27:46.496512640,2025-12-05,False
imap_idex_l1b_sci-10days_20251126_v001.0004.cdf,68,818185031038668672,2025-12-05T05:36:01.854668672,HS ADC0I trigger (TOF HG),HGThreshold,0.2601, ,-1e+31, ,-1e+31,2025-12-05 05:36:01.854668672,2025-12-05,False
imap_idex_l1b_sci-10days_20251126_v001.0004.cdf,69,818200260441437952,2025-12-05T09:49:51.257437952,HS ADC0I trigger (TOF HG),HGThreshold,0.2601, ,-1e+31, ,-1e+31,2025-12-05 09:49:51.257437952,2025-12-05,False
imap_idex_l1b_sci-10days_20251126_v001.0004.cdf,70,818200675921865472,2025-12-05T09:56:46.737865472,HS ADC0I trigger (TOF HG),HGThreshold,0.2601, ,-1e+31, ,-1e+31,2025-12-05 09:56:46.737865472,2025-12-05,False
imap_idex_l1b_sci-10days_20251126_v001.0004.cdf,71,818202040415542400,2025-12-05T10:19:31.231542400,HS ADC0I trigger (TOF HG),HGThreshold,0.2601, ,-1e+31, ,-1e+31,2025-12-05 10:19:31.231542400,2025-12-05,False
imap_idex_l1b_sci-10days_20251126_v001.0004.cdf,72,818202181407156096,2025-12-05T10:21:52.223156096,HS ADC0I trigger (TOF HG),HGThreshold,0.2601, ,-1e+31, ,-1e+31,2025-12-05 10:21:52.223156096,2025-12-05,False
imap_idex_l1b_sci-10days_20251126_v001.0004.cdf,73,818207333497778048,2025-12-05T11:47:44.313778048,HS ADC0I trigger (TOF HG),HGThreshold,0.2601, ,-1e+31, ,-1e+31,2025-12-05 11:47:44.313778048,2025-12-05,False
imap_idex_l1b_sci-10days_20251126_v001.0004.cdf,74,818236203664620544,2025-12-05T19:48:54.480620544,HS ADC0I trigger (TOF HG),HGThreshold,0.2601, ,-1e+31, ,-1e+31,2025-12-05 19:48:54.480620544,2025-12-05,False
imap_idex_l1b_sci-10days_20251126_v001.0004.cdf,75,818243148108555904,2025-12-05T21:44:38.924555904,HS ADC0I trigger (TOF HG),HGThreshold,0.2601, ,-1e+31, ,-1e+31,2025-12-05 21:44:38.924555904,2025-12-05,False
imap_idex_l1b_sci-10days_20251206_v001.0004.cdf,0,818253346127318272,2025-12-06T00:34:36.943318272,HS ADC0I trigger (TOF HG),HGThreshold,0.2601, ,-1e+31, ,-1e+31,2025-12-06 00:34:36.943318272,2025-12-06,False
imap_idex_l1b_sci-10days_20251206_v001.0004.cdf,1,818258688569591680,2025-12-06T02:03:39.385591680,HS ADC0I trigger (TOF HG),HGThreshold,0.2601, ,-1e+31, ,-1e+31,2025-12-06 02:03:39.385591680,2025-12-06,False
imap_idex_l1b_sci-10days_20251206_v001.0004.cdf,2,818263501440119552,2025-12-06T03:23:52.256119552,HS ADC0I trigger (TOF HG),HGThreshold,0.2601, ,-1e+31, ,-1e+31,2025-12-06 03:23:52.256119552,2025-12-06,False
imap_idex_l1b_sci-10days_20251206_v001.0004.cdf,3,818266913720382336,2025-12-06T04:20:44.536382336,HS ADC0I trigger (TOF HG),HGThreshold,0.2601, ,-1e+31, ,-1e+31,2025-12-06 04:20:44.536382336,2025-12-06,False
imap_idex_l1b_sci-10days_20251206_v001.0004.cdf,4,818281980865642880,2025-12-06T08:31:51.681642880,HS ADC0I trigger (TOF HG),HGThreshold,0.2601, ,-1e+31, ,-1e+31,2025-12-06 08:31:51.681642880,2025-12-06,False
imap_idex_l1b_sci-10days_20251206_v001.0004.cdf,5,818283002510687616,2025-12-06T08:48:53.326687616,HS ADC0I trigger (TOF HG),HGThreshold,0.2601, ,-1e+31, ,-1e+31,2025-12-06 08:48:53.326687616,2025-12-06,False
imap_idex_l1b_sci-10days_20251206_v001.0004.cdf,6,818291337752399616,2025-12-06T11:07:48.568399616,HS ADC0I trigger (TOF HG),HGThreshold,0.2601, ,-1e+31, ,-1e+31,2025-12-06 11:07:48.568399616,2025-12-06,False
imap_idex_l1b_sci-10days_20251206_v001.0004.cdf,7,818295133950198400,2025-12-06T12:11:04.766198400,HS ADC0I trigger (TOF HG),HGThreshold,0.2601, ,-1e+31, ,-1e+31,2025-12-06 12:11:04.766198400,2025-12-06,False
imap_idex_l1b_sci-10days_20251206_v001.0004.cdf,8,818299736668374528,2025-12-06T13:27:47.484374528,HS ADC0I trigger (TOF HG),HGThreshold,0.2601, ,-1e+31, ,-1e+31,2025-12-06 13:27:47.484374528,2025-12-06,False
imap_idex_l1b_sci-10days_20251206_v001.0004.cdf,9,818301785223579136,2025-12-06T14:01:56.039579136,HS ADC0I trigger (TOF HG),HGThreshold,0.2601, ,-1e+31, ,-1e+31,2025-12-06 14:01:56.039579136,2025-12-06,False
imap_idex_l1b_sci-10days_20251206_v001.0004.cdf,10,818312319979440512,2025-12-06T16:57:30.795440512,HS ADC0I trigger (TOF HG),HGThreshold,0.2601, ,-1e+31, ,-1e+31,2025-12-06 16:57:30.795440512,2025-12-06,False
imap_idex_l1b_sci-10days_20251206_v001.0004.cdf,11,818338404081213440,2025-12-07T00:12:14.897213440,HS ADC0I trigger (TOF HG),HGThreshold,0.171955, ,-1e+31, ,-1e+31,2025-12-07 00:12:14.897213440,2025-12-07,False
imap_idex_l1b_sci-10days_20251206_v001.0004.cdf,12,818338732361439360,2025-12-07T00:17:43.177439360,HS ADC0I trigger (TOF HG),HGThreshold,0.171955, ,-1e+31, ,-1e+31,2025-12-07 00:17:43.177439360,2025-12-07,False
imap_idex_l1b_sci-10days_20251206_v001.0004.cdf,13,818339268837698944,2025-12-07T00:26:39.653698944,HS ADC0I trigger (TOF HG),HGThreshold,0.171955, ,-1e+31, ,-1e+31,2025-12-07 00:26:39.653698944,2025-12-07,False
imap_idex_l1b_sci-10days_20251206_v001.0004.cdf,14,818343380067057024,2025-12-07T01:35:10.883057024,HS ADC0I trigger (TOF HG),HGThreshold,0.171955, ,-1e+31, ,-1e+31,2025-12-07 01:35:10.883057024,2025-12-07,False
imap_idex_l1b_sci-10days_20251206_v001.0004.cdf,15,818346992794261504,2025-12-07T02:35:23.610261504,HS ADC0I trigger (TOF HG),HGThreshold,0.171955, ,-1e+31, ,-1e+31,2025-12-07 02:35:23.610261504,2025-12-07,False
imap_idex_l1b_sci-10days_20251206_v001.0004.cdf,16,818348341259913856,2025-12-07T02:57:52.075913856,HS ADC0I trigger (TOF HG),HGThreshold,0.171955, ,-1e+31, ,-1e+31,2025-12-07 02:57:52.075913856,2025-12-07,False
imap_idex_l1b_sci-10days_20251206_v001.0004.cdf,17,818349696909359744,2025-12-07T03:20:27.725359744,HS ADC0I trigger (TOF HG),HGThreshold,0.171955, ,-1e+31, ,-1e+31,2025-12-07 03:20:27.725359744,2025-12-07,False
imap_idex_l1b_sci-10days_20251206_v001.0004.cdf,18,818350115218364928,2025-12-07T03:27:26.034364928,HS ADC0I trigger (TOF HG),HGThreshold,0.171955, ,-1e+31, ,-1e+31,2025-12-07 03:27:26.034364928,2025-12-07,False
imap_idex_l1b_sci-10days_20251206_v001.0004.cdf,19,818355429533825536,2025-12-07T04:56:00.349825536,HS ADC0I trigger (TOF HG),HGThreshold,0.171955, ,-1e+31, ,-1e+31,2025-12-07 04:56:00.349825536,2025-12-07,False
imap_idex_l1b_sci-10days_20251206_v001.0004.cdf,20,818355806898467584,2025-12-07T05:02:17.714467584,HS ADC0I trigger (TOF HG),HGThreshold,0.171955, ,-1e+31, ,-1e+31,2025-12-07 05:02:17.714467584,2025-12-07,False
imap_idex_l1b_sci-10days_20251206_v001.0004.cdf,21,818356279444864512,2025-12-07T05:10:10.260864512,HS ADC0I trigger (TOF HG),HGThreshold,0.171955, ,-1e+31, ,-1e+31,2025-12-07 05:10:10.260864512,2025-12-07,False
imap_idex_l1b_sci-10days_20251206_v001.0004.cdf,22,818357250183294976,2025-12-07T05:26:20.999294976,HS ADC0I trigger (TOF HG),HGThreshold,0.171955, ,-1e+31, ,-1e+31,2025-12-07 05:26:20.999294976,2025-12-07,False
imap_idex_l1b_sci-10days_20251206_v001.0004.cdf,23,818359908526514176,2025-12-07T06:10:39.342514176,HS ADC0I trigger (TOF HG),HGThreshold,0.171955, ,-1e+31, ,-1e+31,2025-12-07 06:10:39.342514176,2025-12-07,False
imap_idex_l1b_sci-10days_20251206_v001.0004.cdf,24,818361458195826304,2025-12-07T06:36:29.011826304,HS ADC0I trigger (TOF HG),HGThreshold,0.171955, ,-1e+31, ,-1e+31,2025-12-07 06:36:29.011826304,2025-12-07,False
imap_idex_l1b_sci-10days_20251206_v001.0004.cdf,25,818361897259753216,2025-12-07T06:43:48.075753216,HS ADC0I trigger (TOF HG),HGThreshold,0.171955, ,-1e+31, ,-1e+31,2025-12-07 06:43:48.075753216,2025-12-07,False
imap_idex_l1b_sci-10days_20251206_v001.0004.cdf,26,818362856188274432,2025-12-07T06:59:47.004274432,HS ADC0I trigger (TOF HG),HGThreshold,0.171955, ,-1e+31, ,-1e+31,2025-12-07 06:59:47.004274432,2025-12-07,False
imap_idex_l1b_sci-10days_20251206_v001.0004.cdf,27,818365290293434368,2025-12-07T07:40:21.109434368,HS ADC0I trigger (TOF HG),HGThreshold,0.171955, ,-1e+31, ,-1e+31,2025-12-07 07:40:21.109434368,2025-12-07,False
imap_idex_l1b_sci-10days_20251206_v001.0004.cdf,28,818365873737331840,2025-12-07T07:50:04.553331840,HS ADC0I trigger (TOF HG),HGThreshold,0.171955, ,-1e+31, ,-1e+31,2025-12-07 07:50:04.553331840,2025-12-07,False
imap_idex_l1b_sci-10days_20251206_v001.0004.cdf,29,818366468364219264,2025-12-07T07:59:59.180219264,HS ADC0I trigger (TOF HG),HGThreshold,0.171955, ,-1e+31, ,-1e+31,2025-12-07 07:59:59.180219264,2025-12-07,False
imap_idex_l1b_sci-10days_20251206_v001.0004.cdf,30,818366836651469440,2025-12-07T08:06:07.467469440,HS ADC0I trigger (TOF HG),HGThreshold,0.171955, ,-1e+31, ,-1e+31,2025-12-07 08:06:07.467469440,2025-12-07,False
imap_idex_l1b_sci-10days_20251206_v001.0004.cdf,31,818367490214884224,2025-12-07T08:17:01.030884224,HS ADC0I trigger (TOF HG),HGThreshold,0.171955, ,-1e+31, ,-1e+31,2025-12-07 08:17:01.030884224,2025-12-07,False
imap_idex_l1b_sci-10days_20251206_v001.0004.cdf,32,818371787054955904,2025-12-07T09:28:37.870955904,HS ADC0I trigger (TOF HG),HGThreshold,0.171955, ,-1e+31, ,-1e+31,2025-12-07 09:28:37.870955904,2025-12-07,False
imap_idex_l1b_sci-10days_20251206_v001.0004.cdf,33,818376015435129088,2025-12-07T10:39:06.251129088,HS ADC0I trigger (TOF HG),HGThreshold,0.171955, ,-1e+31, ,-1e+31,2025-12-07 10:39:06.251129088,2025-12-07,False
imap_idex_l1b_sci-10days_20251206_v001.0004.cdf,34,818376912737185408,2025-12-07T10:54:03.553185408,HS ADC0I trigger (TOF HG),HGThreshold,0.171955, ,-1e+31, ,-1e+31,2025-12-07 10:54:03.553185408,2025-12-07,False
imap_idex_l1b_sci-10days_20251206_v001.0004.cdf,35,818377523970918016,2025-12-07T11:04:14.786918016,HS ADC0I trigger (TOF HG),HGThreshold,0.171955, ,-1e+31, ,-1e+31,2025-12-07 11:04:14.786918016,2025-12-07,False
imap_idex_l1b_sci-10days_20251206_v001.0004.cdf,36,818379515696574336,2025-12-07T11:37:26.512574336,HS ADC0I trigger (TOF HG),HGThreshold,0.171955, ,-1e+31, ,-1e+31,2025-12-07 11:37:26.512574336,2025-12-07,False
imap_idex_l1b_sci-10days_20251206_v001.0004.cdf,37,818380402048940416,2025-12-07T11:52:12.864940416,HS ADC0I trigger (TOF HG),HGThreshold,0.171955, ,-1e+31, ,-1e+31,2025-12-07 11:52:12.864940416,2025-12-07,False
imap_idex_l1b_sci-10days_20251206_v001.0004.cdf,38,818381994918113792,2025-12-07T12:18:45.734113792,HS ADC0I trigger (TOF HG),HGThreshold,0.171955, ,-1e+31, ,-1e+31,2025-12-07 12:18:45.734113792,2025-12-07,False
imap_idex_l1b_sci-10days_20251206_v001.0004.cdf,39,818384140882231936,2025-12-07T12:54:31.698231936,HS ADC0I trigger (TOF HG),HGThreshold,0.171955, ,-1e+31, ,-1e+31,2025-12-07 12:54:31.698231936,2025-12-07,False
imap_idex_l1b_sci-10days_20251206_v001.0004.cdf,40,818387782525270528,2025-12-07T13:55:13.341270528,HS ADC0I trigger (TOF HG),HGThreshold,0.171955, ,-1e+31, ,-1e+31,2025-12-07 13:55:13.341270528,2025-12-07,False
imap_idex_l1b_sci-10days_20251206_v001.0004.cdf,41,818388553236320384,2025-12-07T14:08:04.052320384,HS ADC0I trigger (TOF HG),HGThreshold,0.171955, ,-1e+31, ,-1e+31,2025-12-07 14:08:04.052320384,2025-12-07,False
imap_idex_l1b_sci-10days_20251206_v001.0004.cdf,42,818391075391301504,2025-12-07T14:50:06.207301504,HS ADC0I trigger (TOF HG),HGThreshold,0.171955, ,-1e+31, ,-1e+31,2025-12-07 14:50:06.207301504,2025-12-07,False
imap_idex_l1b_sci-10days_20251206_v001.0004.cdf,43,818391752454295040,2025-12-07T15:01:23.270295040,HS ADC0I trigger (TOF HG),HGThreshold,0.171955, ,-1e+31, ,-1e+31,2025-12-07 15:01:23.270295040,2025-12-07,False
imap_idex_l1b_sci-10days_20251206_v001.0004.cdf,44,818391947886500096,2025-12-07T15:04:38.702500096,HS ADC0I trigger (TOF HG),HGThreshold,0.171955, ,-1e+31, ,-1e+31,2025-12-07 15:04:38.702500096,2025-12-07,False
imap_idex_l1b_sci-10days_20251206_v001.0004.cdf,45,818394012835070720,2025-12-07T15:39:03.651070720,HS ADC0I trigger (TOF HG),HGThreshold,0.171955, ,-1e+31, ,-1e+31,2025-12-07 15:39:03.651070720,2025-12-07,False
imap_idex_l1b_sci-10days_20251206_v001.0004.cdf,46,818395125865973888,2025-12-07T15:57:36.681973888,HS ADC0I trigger (TOF HG),HGThreshold,0.171955, ,-1e+31, ,-1e+31,2025-12-07 15:57:36.681973888,2025-12-07,False
imap_idex_l1b_sci-10days_20251206_v001.0004.cdf,47,818395749308695680,2025-12-07T16:08:00.124695680,HS ADC0I trigger (TOF HG),HGThreshold,0.171955, ,-1e+31, ,-1e+31,2025-12-07 16:08:00.124695680,2025-12-07,False
imap_idex_l1b_sci-10days_20251206_v001.0004.cdf,48,818396309106194176,2025-12-07T16:17:19.922194176,HS ADC0I trigger (TOF HG),HGThreshold,0.171955, ,-1e+31, ,-1e+31,2025-12-07 16:17:19.922194176,2025-12-07,False
imap_idex_l1b_sci-10days_20251206_v001.0004.cdf,49,818399879261316864,2025-12-07T17:16:50.077316864,HS ADC0I trigger (TOF HG),HGThreshold,0.171955, ,-1e+31, ,-1e+31,2025-12-07 17:16:50.077316864,2025-12-07,False
imap_idex_l1b_sci-10days_20251206_v001.0004.cdf,50,818400166948719104,2025-12-07T17:21:37.764719104,HS ADC0I trigger (TOF HG),HGThreshold,0.171955, ,-1e+31, ,-1e+31,2025-12-07 17:21:37.764719104,2025-12-07,False
imap_idex_l1b_sci-10days_20251206_v001.0004.cdf,51,818400184568203392,2025-12-07T17:21:55.384203392,HS ADC0I trigger (TOF HG),HGThreshold,0.171955, ,-1e+31, ,-1e+31,2025-12-07 17:21:55.384203392,2025-12-07,False
imap_idex_l1b_sci-10days_20251206_v001.0004.cdf,52,818401581339852416,2025-12-07T17:45:12.155852416,HS ADC0I trigger (TOF HG),HGThreshold,0.171955, ,-1e+31, ,-1e+31,2025-12-07 17:45:12.155852416,2025-12-07,False
imap_idex_l1b_sci-10days_20251206_v001.0004.cdf,53,818403848721281792,2025-12-07T18:22:59.537281792,HS ADC0I trigger (TOF HG),HGThreshold,0.171955, ,-1e+31, ,-1e+31,2025-12-07 18:22:59.537281792,2025-12-07,False
imap_idex_l1b_sci-10days_20251206_v001.0004.cdf,54,818405439819276928,2025-12-07T18:49:30.635276928,HS ADC0I trigger (TOF HG),HGThreshold,0.171955, ,-1e+31, ,-1e+31,2025-12-07 18:49:30.635276928,2025-12-07,False
imap_idex_l1b_sci-10days_20251206_v001.0004.cdf,55,818405758383451520,2025-12-07T18:54:49.199451520,HS ADC0I trigger (TOF HG),HGThreshold,0.171955, ,-1e+31, ,-1e+31,2025-12-07 18:54:49.199451520,2025-12-07,False
imap_idex_l1b_sci-10days_20251206_v001.0004.cdf,56,818405842060476544,2025-12-07T18:56:12.876476544,HS ADC0I trigger (TOF HG),HGThreshold,0.171955, ,-1e+31, ,-1e+31,2025-12-07 18:56:12.876476544,2025-12-07,False
imap_idex_l1b_sci-10days_20251206_v001.0004.cdf,57,818406459637483520,2025-12-07T19:06:30.453483520,HS ADC0I trigger (TOF HG),HGThreshold,0.171955, ,-1e+31, ,-1e+31,2025-12-07 19:06:30.453483520,2025-12-07,False
imap_idex_l1b_sci-10days_20251206_v001.0004.cdf,58,818409578091490688,2025-12-07T19:58:28.907490688,HS ADC0I trigger (TOF HG),HGThreshold,0.171955, ,-1e+31, ,-1e+31,2025-12-07 19:58:28.907490688,2025-12-07,False
imap_idex_l1b_sci-10days_20251206_v001.0004.cdf,59,818410249314509568,2025-12-07T20:09:40.130509568,HS ADC0I trigger (TOF HG),HGThreshold,0.171955, ,-1e+31, ,-1e+31,2025-12-07 20:09:40.130509568,2025-12-07,False
imap_idex_l1b_sci-10days_20251206_v001.0004.cdf,60,818411557109978368,2025-12-07T20:31:27.925978368,HS ADC0I trigger (TOF HG),HGThreshold,0.171955, ,-1e+31, ,-1e+31,2025-12-07 20:31:27.925978368,2025-12-07,False
imap_idex_l1b_sci-10days_20251206_v001.0004.cdf,61,818411630742052352,2025-12-07T20:32:41.558052352,HS ADC0I trigger (TOF HG),HGThreshold,0.171955, ,-1e+31, ,-1e+31,2025-12-07 20:32:41.558052352,2025-12-07,False
imap_idex_l1b_sci-10days_20251206_v001.0004.cdf,62,818411783669695360,2025-12-07T20:35:14.485695360,HS ADC0I trigger (TOF HG),HGThreshold,0.171955, ,-1e+31, ,-1e+31,2025-12-07 20:35:14.485695360,2025-12-07,False
imap_idex_l1b_sci-10days_20251206_v001.0004.cdf,63,818413273658740992,2025-12-07T21:00:04.474740992,HS ADC0I trigger (TOF HG),HGThreshold,0.171955, ,-1e+31, ,-1e+31,2025-12-07 21:00:04.474740992,2025-12-07,False
imap_idex_l1b_sci-10days_20251206_v001.0004.cdf,64,818414086666092928,2025-12-07T21:13:37.482092928,HS ADC0I trigger (TOF HG),HGThreshold,0.171955, ,-1e+31, ,-1e+31,2025-12-07 21:13:37.482092928,2025-12-07,False
imap_idex_l1b_sci-10days_20251206_v001.0004.cdf,65,818417470345442432,2025-12-07T22:10:01.161442432,HS ADC0I trigger (TOF HG),HGThreshold,0.171955, ,-1e+31, ,-1e+31,2025-12-07 22:10:01.161442432,2025-12-07,False
imap_idex_l1b_sci-10days_20251206_v001.0004.cdf,66,818418012924616448,2025-12-07T22:19:03.740616448,HS ADC0I trigger (TOF HG),HGThreshold,0.171955, ,-1e+31, ,-1e+31,2025-12-07 22:19:03.740616448,2025-12-07,False
imap_idex_l1b_sci-10days_20251206_v001.0004.cdf,67,818418678788980096,2025-12-07T22:30:09.604980096,HS ADC0I trigger (TOF HG),HGThreshold,0.171955, ,-1e+31, ,-1e+31,2025-12-07 22:30:09.604980096,2025-12-07,False
imap_idex_l1b_sci-10days_20251206_v001.0004.cdf,68,818419515011471232,2025-12-07T22:44:05.827471232,HS ADC0I trigger (TOF HG),HGThreshold,0.171955, ,-1e+31, ,-1e+31,2025-12-07 22:44:05.827471232,2025-12-07,False
imap_idex_l1b_sci-10days_20251206_v001.0004.cdf,69,818421301136911488,2025-12-07T23:13:51.952911488,HS ADC0I trigger (TOF HG),HGThreshold,0.171955, ,-1e+31, ,-1e+31,2025-12-07 23:13:51.952911488,2025-12-07,False
imap_idex_l1b_sci-10days_20251206_v001.0004.cdf,70,818424501688485248,2025-12-08T00:07:12.504485248,HS ADC0I trigger (TOF HG),HGThreshold,0.171955, ,-1e+31, ,-1e+31,2025-12-08 00:07:12.504485248,2025-12-08,False
imap_idex_l1b_sci-10days_20251206_v001.0004.cdf,71,818425326083366912,2025-12-08T00:20:56.899366912,HS ADC0I trigger (TOF HG),HGThreshold,0.171955, ,-1e+31, ,-1e+31,2025-12-08 00:20:56.899366912,2025-12-08,False
imap_idex_l1b_sci-10days_20251206_v001.0004.cdf,72,818426656845375104,2025-12-08T00:43:07.661375104,HS ADC0I trigger (TOF HG),HGThreshold,0.171955, ,-1e+31, ,-1e+31,2025-12-08 00:43:07.661375104,2025-12-08,False
imap_idex_l1b_sci-10days_20251206_v001.0004.cdf,73,818427290927927296,2025-12-08T00:53:41.743927296,HS ADC0I trigger (TOF HG),HGThreshold,0.171955, ,-1e+31, ,-1e+31,2025-12-08 00:53:41.743927296,2025-12-08,False
imap_idex_l1b_sci-10days_20251206_v001.0004.cdf,74,818428481228401152,2025-12-08T01:13:32.044401152,HS ADC0I trigger (TOF HG),HGThreshold,0.171955, ,-1e+31, ,-1e+31,2025-12-08 01:13:32.044401152,2025-12-08,False
imap_idex_l1b_sci-10days_20251206_v001.0004.cdf,75,818430904488510848,2025-12-08T01:53:55.304510848,HS ADC0I trigger (TOF HG),HGThreshold,0.171955, ,-1e+31, ,-1e+31,2025-12-08 01:53:55.304510848,2025-12-08,False
imap_idex_l1b_sci-10days_20251206_v001.0004.cdf,76,818431226918302208,2025-12-08T01:59:17.734302208,HS ADC0I trigger (TOF HG),HGThreshold,0.171955, ,-1e+31, ,-1e+31,2025-12-08 01:59:17.734302208,2025-12-08,False
imap_idex_l1b_sci-10days_20251206_v001.0004.cdf,77,818431407923299968,2025-12-08T02:02:18.739299968,HS ADC0I trigger (TOF HG),HGThreshold,0.171955, ,-1e+31, ,-1e+31,2025-12-08 02:02:18.739299968,2025-12-08,False
imap_idex_l1b_sci-10days_20251206_v001.0004.cdf,78,818433976877539456,2025-12-08T02:45:07.693539456,HS ADC0I trigger (TOF HG),HGThreshold,0.171955, ,-1e+31, ,-1e+31,2025-12-08 02:45:07.693539456,2025-12-08,False
imap_idex_l1b_sci-10days_20251206_v001.0004.cdf,79,818434312056539392,2025-12-08T02:50:42.872539392,HS ADC0I trigger (TOF HG),HGThreshold,0.171955, ,-1e+31, ,-1e+31,2025-12-08 02:50:42.872539392,2025-12-08,False
imap_idex_l1b_sci-10days_20251206_v001.0004.cdf,80,818439509855185280,2025-12-08T04:17:20.671185280,HS ADC0I trigger (TOF HG),HGThreshold,0.171955, ,-1e+31, ,-1e+31,2025-12-08 04:17:20.671185280,2025-12-08,False
imap_idex_l1b_sci-10days_20251206_v001.0004.cdf,81,818439837066072192,2025-12-08T04:22:47.882072192,HS ADC0I trigger (TOF HG),HGThreshold,0.171955, ,-1e+31, ,-1e+31,2025-12-08 04:22:47.882072192,2025-12-08,False
imap_idex_l1b_sci-10days_20251206_v001.0004.cdf,82,818439849036841600,2025-12-08T04:22:59.852841600,HS ADC0I trigger (TOF HG),HGThreshold,0.171955, ,-1e+31, ,-1e+31,2025-12-08 04:22:59.852841600,2025-12-08,False
imap_idex_l1b_sci-10days_20251206_v001.0004.cdf,83,818441559320530048,2025-12-08T04:51:30.136530048,HS ADC0I trigger (TOF HG),HGThreshold,0.171955, ,-1e+31, ,-1e+31,2025-12-08 04:51:30.136530048,2025-12-08,False
imap_idex_l1b_sci-10days_20251206_v001.0004.cdf,84,818441685553537024,2025-12-08T04:53:36.369537024,HS ADC0I trigger (TOF HG),HGThreshold,0.171955, ,-1e+31, ,-1e+31,2025-12-08 04:53:36.369537024,2025-12-08,False
imap_idex_l1b_sci-10days_20251206_v001.0004.cdf,85,818442369562744576,2025-12-08T05:05:00.378744576,HS ADC0I trigger (TOF HG),HGThreshold,0.171955, ,-1e+31, ,-1e+31,2025-12-08 05:05:00.378744576,2025-12-08,False
imap_idex_l1b_sci-10days_20251206_v001.0004.cdf,86,818442488479578112,2025-12-08T05:06:59.295578112,HS ADC0I trigger (TOF HG),HGThreshold,0.171955, ,-1e+31, ,-1e+31,2025-12-08 05:06:59.295578112,2025-12-08,False
imap_idex_l1b_sci-10days_20251206_v001.0004.cdf,87,818445045001908992,2025-12-08T05:49:35.817908992,HS ADC0I trigger (TOF HG),HGThreshold,0.171955, ,-1e+31, ,-1e+31,2025-12-08 05:49:35.817908992,2025-12-08,False
imap_idex_l1b_sci-10days_20251206_v001.0004.cdf,88,818448675720717952,2025-12-08T06:50:06.536717952,HS ADC0I trigger (TOF HG),HGThreshold,0.171955, ,-1e+31, ,-1e+31,2025-12-08 06:50:06.536717952,2025-12-08,False
imap_idex_l1b_sci-10days_20251206_v001.0004.cdf,89,818448798548668032,2025-12-08T06:52:09.364668032,HS ADC0I trigger (TOF HG),HGThreshold,0.171955, ,-1e+31, ,-1e+31,2025-12-08 06:52:09.364668032,2025-12-08,False
imap_idex_l1b_sci-10days_20251206_v001.0004.cdf,90,818451441603441408,2025-12-08T07:36:12.419441408,HS ADC0I trigger (TOF HG),HGThreshold,0.171955, ,-1e+31, ,-1e+31,2025-12-08 07:36:12.419441408,2025-12-08,False
imap_idex_l1b_sci-10days_20251206_v001.0004.cdf,91,818455712419997056,2025-12-08T08:47:23.235997056,HS ADC0I trigger (TOF HG),HGThreshold,0.171955, ,-1e+31, ,-1e+31,2025-12-08 08:47:23.235997056,2025-12-08,False
imap_idex_l1b_sci-10days_20251206_v001.0004.cdf,92,818461634061434752,2025-12-08T10:26:04.877434752,HS ADC0I trigger (TOF HG),HGThreshold,0.171955, ,-1e+31, ,-1e+31,2025-12-08 10:26:04.877434752,2025-12-08,False
imap_idex_l1b_sci-10days_20251206_v001.0004.cdf,93,818462409300000640,2025-12-08T10:39:00.116000640,HS ADC0I trigger (TOF HG),HGThreshold,0.171955, ,-1e+31, ,-1e+31,2025-12-08 10:39:00.116000640,2025-12-08,False
imap_idex_l1b_sci-10days_20251206_v001.0004.cdf,94,818463082373417856,2025-12-08T10:50:13.189417856,HS ADC0I trigger (TOF HG),HGThreshold,0.171955, ,-1e+31, ,-1e+31,2025-12-08 10:50:13.189417856,2025-12-08,False
imap_idex_l1b_sci-10days_20251206_v001.0004.cdf,95,818468559752453504,2025-12-08T12:21:30.568453504,HS ADC0I trigger (TOF HG),HGThreshold,0.171955, ,-1e+31, ,-1e+31,2025-12-08 12:21:30.568453504,2025-12-08,False
imap_idex_l1b_sci-10days_20251206_v001.0004.cdf,96,818469163848532480,2025-12-08T12:31:34.664532480,HS ADC0I trigger (TOF HG),HGThreshold,0.171955, ,-1e+31, ,-1e+31,2025-12-08 12:31:34.664532480,2025-12-08,False
imap_idex_l1b_sci-10days_20251206_v001.0004.cdf,97,818471066455008768,2025-12-08T13:03:17.271008768,HS ADC0I trigger (TOF HG),HGThreshold,0.171955, ,-1e+31, ,-1e+31,2025-12-08 13:03:17.271008768,2025-12-08,False
imap_idex_l1b_sci-10days_20251206_v001.0004.cdf,98,818473272522613376,2025-12-08T13:40:03.338613376,HS ADC0I trigger (TOF HG),HGThreshold,0.171955, ,-1e+31, ,-1e+31,2025-12-08 13:40:03.338613376,2025-12-08,False
imap_idex_l1b_sci-10days_20251206_v001.0004.cdf,99,818474007609355392,2025-12-08T13:52:18.425355392,HS ADC0I trigger (TOF HG),HGThreshold,0.171955, ,-1e+31, ,-1e+31,2025-12-08 13:52:18.425355392,2025-12-08,False
imap_idex_l1b_sci-10days_20251206_v001.0004.cdf,100,818474519213477120,2025-12-08T14:00:50.029477120,HS ADC0I trigger (TOF HG),HGThreshold,0.171955, ,-1e+31, ,-1e+31,2025-12-08 14:00:50.029477120,2025-12-08,False
imap_idex_l1b_sci-10days_20251206_v001.0004.cdf,101,818477736057936640,2025-12-08T14:54:26.873936640,HS ADC0I trigger (TOF HG),HGThreshold,0.171955, ,-1e+31, ,-1e+31,2025-12-08 14:54:26.873936640,2025-12-08,False
imap_idex_l1b_sci-10days_20251206_v001.0004.cdf,102,818477986975592064,2025-12-08T14:58:37.791592064,HS ADC0I trigger (TOF HG),HGThreshold,0.171955, ,-1e+31, ,-1e+31,2025-12-08 14:58:37.791592064,2025-12-08,False
imap_idex_l1b_sci-10days_20251206_v001.0004.cdf,103,818480658344120064,2025-12-08T15:43:09.160120064,HS ADC0I trigger (TOF HG),HGThreshold,0.171955, ,-1e+31, ,-1e+31,2025-12-08 15:43:09.160120064,2025-12-08,False
imap_idex_l1b_sci-10days_20251206_v001.0004.cdf,104,818481475524728448,2025-12-08T15:56:46.340728448,HS ADC0I trigger (TOF HG),HGThreshold,0.171955, ,-1e+31, ,-1e+31,2025-12-08 15:56:46.340728448,2025-12-08,False
imap_idex_l1b_sci-10days_20251206_v001.0004.cdf,105,818484953388434176,2025-12-08T16:54:44.204434176,HS ADC0I trigger (TOF HG),HGThreshold,0.171955, ,-1e+31, ,-1e+31,2025-12-08 16:54:44.204434176,2025-12-08,False
imap_idex_l1b_sci-10days_20251206_v001.0004.cdf,106,818486212785846528,2025-12-08T17:15:43.601846528,HS ADC0I trigger (TOF HG),HGThreshold,0.171955, ,-1e+31, ,-1e+31,2025-12-08 17:15:43.601846528,2025-12-08,False
imap_idex_l1b_sci-10days_20251206_v001.0004.cdf,107,818487219473205120,2025-12-08T17:32:30.289205120,HS ADC0I trigger (TOF HG),HGThreshold,0.171955, ,-1e+31, ,-1e+31,2025-12-08 17:32:30.289205120,2025-12-08,False
imap_idex_l1b_sci-10days_20251206_v001.0004.cdf,108,818488489452567936,2025-12-08T17:53:40.268567936,HS ADC0I trigger (TOF HG),HGThreshold,0.171955, ,-1e+31, ,-1e+31,2025-12-08 17:53:40.268567936,2025-12-08,False
imap_idex_l1b_sci-10days_20251206_v001.0004.cdf,109,818494973863161600,2025-12-08T19:41:44.679161600,HS ADC0I trigger (TOF HG),HGThreshold,0.171955, ,-1e+31, ,-1e+31,2025-12-08 19:41:44.679161600,2025-12-08,False
imap_idex_l1b_sci-10days_20251206_v001.0004.cdf,110,818495120815390080,2025-12-08T19:44:11.631390080,HS ADC0I trigger (TOF HG),HGThreshold,0.171955, ,-1e+31, ,-1e+31,2025-12-08 19:44:11.631390080,2025-12-08,False
imap_idex_l1b_sci-10days_20251206_v001.0004.cdf,111,818497196937950976,2025-12-08T20:18:47.753950976,HS ADC0I trigger (TOF HG),HGThreshold,0.171955, ,-1e+31, ,-1e+31,2025-12-08 20:18:47.753950976,2025-12-08,False
imap_idex_l1b_sci-10days_20251206_v001.0004.cdf,112,818499401670376960,2025-12-08T20:55:32.486376960,HS ADC0I trigger (TOF HG),HGThreshold,0.171955, ,-1e+31, ,-1e+31,2025-12-08 20:55:32.486376960,2025-12-08,False
imap_idex_l1b_sci-10days_20251206_v001.0004.cdf,113,818500076076273024,2025-12-08T21:06:46.892273024,HS ADC0I trigger (TOF HG),HGThreshold,0.171955, ,-1e+31, ,-1e+31,2025-12-08 21:06:46.892273024,2025-12-08,False
imap_idex_l1b_sci-10days_20251206_v001.0004.cdf,114,818501623048447744,2025-12-08T21:32:33.864447744,HS ADC0I trigger (TOF HG),HGThreshold,0.171955, ,-1e+31, ,-1e+31,2025-12-08 21:32:33.864447744,2025-12-08,False
imap_idex_l1b_sci-10days_20251206_v001.0004.cdf,115,818502792225140992,2025-12-08T21:52:03.041140992,HS ADC0I trigger (TOF HG),HGThreshold,0.171955, ,-1e+31, ,-1e+31,2025-12-08 21:52:03.041140992,2025-12-08,False
imap_idex_l1b_sci-10days_20251206_v001.0004.cdf,116,818502855280524416,2025-12-08T21:53:06.096524416,HS ADC0I trigger (TOF HG),HGThreshold,0.171955, ,-1e+31, ,-1e+31,2025-12-08 21:53:06.096524416,2025-12-08,False
imap_idex_l1b_sci-10days_20251206_v001.0004.cdf,117,818503747636145536,2025-12-08T22:07:58.452145536,HS ADC0I trigger (TOF HG),HGThreshold,0.171955, ,-1e+31, ,-1e+31,2025-12-08 22:07:58.452145536,2025-12-08,False
imap_idex_l1b_sci-10days_20251206_v001.0004.cdf,118,818504638542687744,2025-12-08T22:22:49.358687744,HS ADC0I trigger (TOF HG),HGThreshold,0.171955, ,-1e+31, ,-1e+31,2025-12-08 22:22:49.358687744,2025-12-08,False
imap_idex_l1b_sci-10days_20251206_v001.0004.cdf,119,818505410228696704,2025-12-08T22:35:41.044696704,HS ADC0I trigger (TOF HG),HGThreshold,0.171955, ,-1e+31, ,-1e+31,2025-12-08 22:35:41.044696704,2025-12-08,False
imap_idex_l1b_sci-10days_20251206_v001.0004.cdf,120,818505442221768064,2025-12-08T22:36:13.037768064,HS ADC0I trigger (TOF HG),HGThreshold,0.171955, ,-1e+31, ,-1e+31,2025-12-08 22:36:13.037768064,2025-12-08,False
imap_idex_l1b_sci-10days_20251206_v001.0004.cdf,121,818506645914970240,2025-12-08T22:56:16.730970240,HS ADC0I trigger (TOF HG),HGThreshold,0.171955, ,-1e+31, ,-1e+31,2025-12-08 22:56:16.730970240,2025-12-08,False
imap_idex_l1b_sci-10days_20251206_v001.0004.cdf,122,818507874566430080,2025-12-08T23:16:45.382430080,HS ADC0I trigger (TOF HG),HGThreshold,0.171955, ,-1e+31, ,-1e+31,2025-12-08 23:16:45.382430080,2025-12-08,False
imap_idex_l1b_sci-10days_20251206_v001.0004.cdf,123,818508048607894272,2025-12-08T23:19:39.423894272,HS ADC0I trigger (TOF HG),HGThreshold,0.171955, ,-1e+31, ,-1e+31,2025-12-08 23:19:39.423894272,2025-12-08,False
imap_idex_l1b_sci-10days_20251206_v001.0004.cdf,124,818509079908330752,2025-12-08T23:36:50.724330752,HS ADC0I trigger (TOF HG),HGThreshold,0.171955, ,-1e+31, ,-1e+31,2025-12-08 23:36:50.724330752,2025-12-08,False
imap_idex_l1b_sci-10days_20251206_v001.0004.cdf,125,818509752656208384,2025-12-08T23:48:03.472208384,HS ADC0I trigger (TOF HG),HGThreshold,0.171955, ,-1e+31, ,-1e+31,2025-12-08 23:48:03.472208384,2025-12-08,False
imap_idex_l1b_sci-10days_20251206_v001.0004.cdf,126,818510585907882368,2025-12-09T00:01:56.723882368,SW trigger,HGThreshold,0.289, ,-1e+31, ,-1e+31,2025-12-09 00:01:56.723882368,2025-12-09,False
imap_idex_l1b_sci-10days_20251206_v001.0004.cdf,127,818510591908736768,2025-12-09T00:02:02.724736768,HS ADC0I trigger (TOF HG),HGThreshold,0.289, ,-1e+31, ,-1e+31,2025-12-09 00:02:02.724736768,2025-12-09,False
imap_idex_l1b_sci-10days_20251206_v001.0004.cdf,128,818510599908689792,2025-12-09T00:02:10.724689792,HS ADC0I trigger (TOF HG),HGThreshold,0.289, ,-1e+31, ,-1e+31,2025-12-09 00:02:10.724689792,2025-12-09,False
imap_idex_l1b_sci-10days_20251206_v001.0004.cdf,129,818510607908622592,2025-12-09T00:02:18.724622592,HS ADC0I trigger (TOF HG),HGThreshold,0.289, ,-1e+31, ,-1e+31,2025-12-09 00:02:18.724622592,2025-12-09,False
imap_idex_l1b_sci-10days_20251206_v001.0004.cdf,130,818510615908575360,2025-12-09T00:02:26.724575360,HS ADC0I trigger (TOF HG),HGThreshold,0.289, ,-1e+31, ,-1e+31,2025-12-09 00:02:26.724575360,2025-12-09,False
imap_idex_l1b_sci-10days_20251206_v001.0004.cdf,131,818510623908528256,2025-12-09T00:02:34.724528256,HS ADC0I trigger (TOF HG),HGThreshold,0.289, ,-1e+31, ,-1e+31,2025-12-09 00:02:34.724528256,2025-12-09,False
imap_idex_l1b_sci-10days_20251206_v001.0004.cdf,132,818510637907555712,2025-12-09T00:02:48.723555712,SW trigger,HGThreshold,0.289, ,-1e+31, ,-1e+31,2025-12-09 00:02:48.723555712,2025-12-09,False
imap_idex_l1b_sci-10days_20251206_v001.0004.cdf,133,818510649907464960,2025-12-09T00:03:00.723464960,SW trigger,HGThreshold,0.289, ,-1e+31, ,-1e+31,2025-12-09 00:03:00.723464960,2025-12-09,False
imap_idex_l1b_sci-10days_20251206_v001.0004.cdf,134,818510661907394176,2025-12-09T00:03:12.723394176,SW trigger,HGThreshold,0.289, ,-1e+31, ,-1e+31,2025-12-09 00:03:12.723394176,2025-12-09,False
imap_idex_l1b_sci-10days_20251206_v001.0004.cdf,135,818510673907323520,2025-12-09T00:03:24.723323520,SW trigger,HGThreshold,0.289, ,-1e+31, ,-1e+31,2025-12-09 00:03:24.723323520,2025-12-09,False
imap_idex_l1b_sci-10days_20251206_v001.0004.cdf,136,818550228314973568,2025-12-09T11:02:39.130973568,HS ADC0I trigger (TOF HG),HGThreshold,0.171955, ,-1e+31, ,-1e+31,2025-12-09 11:02:39.130973568,2025-12-09,False
imap_idex_l1b_sci-10days_20251206_v001.0004.cdf,137,818552136409225600,2025-12-09T11:34:27.225225600,HS ADC0I trigger (TOF HG),HGThreshold,0.171955, ,-1e+31, ,-1e+31,2025-12-09 11:34:27.225225600,2025-12-09,False
imap_idex_l1b_sci-10days_20251206_v001.0004.cdf,138,818553430756766848,2025-12-09T11:56:01.572766848,HS ADC0I trigger (TOF HG),HGThreshold,0.171955, ,-1e+31, ,-1e+31,2025-12-09 11:56:01.572766848,2025-12-09,False
imap_idex_l1b_sci-10days_20251206_v001.0004.cdf,139,818556663814952704,2025-12-09T12:49:54.630952704,HS ADC0I trigger (TOF HG),HGThreshold,0.171955, ,-1e+31, ,-1e+31,2025-12-09 12:49:54.630952704,2025-12-09,False
imap_idex_l1b_sci-10days_20251206_v001.0004.cdf,140,818558453456970752,2025-12-09T13:19:44.272970752,HS ADC0I trigger (TOF HG),HGThreshold,0.171955, ,-1e+31, ,-1e+31,2025-12-09 13:19:44.272970752,2025-12-09,False
imap_idex_l1b_sci-10days_20251206_v001.0004.cdf,141,818559551641287680,2025-12-09T13:38:02.457287680,HS ADC0I trigger (TOF HG),HGThreshold,0.171955, ,-1e+31, ,-1e+31,2025-12-09 13:38:02.457287680,2025-12-09,False
imap_idex_l1b_sci-10days_20251206_v001.0004.cdf,142,818566194423601408,2025-12-09T15:28:45.239601408,HS ADC0I trigger (TOF HG),HGThreshold,0.171955, ,-1e+31, ,-1e+31,2025-12-09 15:28:45.239601408,2025-12-09,False
imap_idex_l1b_sci-10days_20251206_v001.0004.cdf,143,818567434980530816,2025-12-09T15:49:25.796530816,HS ADC0I trigger (TOF HG),HGThreshold,0.171955, ,-1e+31, ,-1e+31,2025-12-09 15:49:25.796530816,2025-12-09,False
imap_idex_l1b_sci-10days_20251206_v001.0004.cdf,144,818567747297091200,2025-12-09T15:54:38.113091200,HS ADC0I trigger (TOF HG),HGThreshold,0.171955, ,-1e+31, ,-1e+31,2025-12-09 15:54:38.113091200,2025-12-09,False
imap_idex_l1b_sci-10days_20251206_v001.0004.cdf,145,818567864123446656,2025-12-09T15:56:34.939446656,HS ADC0I trigger (TOF HG),HGThreshold,0.171955, ,-1e+31, ,-1e+31,2025-12-09 15:56:34.939446656,2025-12-09,False
imap_idex_l1b_sci-10days_20251206_v001.0004.cdf,146,818568127907470592,2025-12-09T16:00:58.723470592,HS ADC0I trigger (TOF HG),HGThreshold,0.171955, ,-1e+31, ,-1e+31,2025-12-09 16:00:58.723470592,2025-12-09,False
imap_idex_l1b_sci-10days_20251206_v001.0004.cdf,147,818570159126472320,2025-12-09T16:34:49.942472320,HS ADC0I trigger (TOF HG),HGThreshold,0.171955, ,-1e+31, ,-1e+31,2025-12-09 16:34:49.942472320,2025-12-09,False
imap_idex_l1b_sci-10days_20251206_v001.0004.cdf,148,818570942421691008,2025-12-09T16:47:53.237691008,HS ADC0I trigger (TOF HG),HGThreshold,0.171955, ,-1e+31, ,-1e+31,2025-12-09 16:47:53.237691008,2025-12-09,False
imap_idex_l1b_sci-10days_20251206_v001.0004.cdf,149,818572292064042880,2025-12-09T17:10:22.880042880,HS ADC0I trigger (TOF HG),HGThreshold,0.171955, ,-1e+31, ,-1e+31,2025-12-09 17:10:22.880042880,2025-12-09,False
imap_idex_l1b_sci-10days_20251206_v001.0004.cdf,150,818572890808427008,2025-12-09T17:20:21.624427008,HS ADC0I trigger (TOF HG),HGThreshold,0.171955, ,-1e+31, ,-1e+31,2025-12-09 17:20:21.624427008,2025-12-09,False
imap_idex_l1b_sci-10days_20251206_v001.0004.cdf,151,818573967142823424,2025-12-09T17:38:17.958823424,HS ADC0I trigger (TOF HG),HGThreshold,0.171955, ,-1e+31, ,-1e+31,2025-12-09 17:38:17.958823424,2025-12-09,False
imap_idex_l1b_sci-10days_20251206_v001.0004.cdf,152,818580029845596416,2025-12-09T19:19:20.661596416,HS ADC0I trigger (TOF HG),HGThreshold,0.171955, ,-1e+31, ,-1e+31,2025-12-09 19:19:20.661596416,2025-12-09,False
imap_idex_l1b_sci-10days_20251206_v001.0004.cdf,153,818581467817629184,2025-12-09T19:43:18.633629184,HS ADC0I trigger (TOF HG),HGThreshold,0.171955, ,-1e+31, ,-1e+31,2025-12-09 19:43:18.633629184,2025-12-09,False
imap_idex_l1b_sci-10days_20251206_v001.0004.cdf,154,818583205056754176,2025-12-09T20:12:15.872754176,HS ADC0I trigger (TOF HG),HGThreshold,0.171955, ,-1e+31, ,-1e+31,2025-12-09 20:12:15.872754176,2025-12-09,False
imap_idex_l1b_sci-10days_20251206_v001.0004.cdf,155,818583460243185664,2025-12-09T20:16:31.059185664,HS ADC0I trigger (TOF HG),HGThreshold,0.171955, ,-1e+31, ,-1e+31,2025-12-09 20:16:31.059185664,2025-12-09,False
imap_idex_l1b_sci-10days_20251206_v001.0004.cdf,156,818584258855810944,2025-12-09T20:29:49.671810944,HS ADC0I trigger (TOF HG),HGThreshold,0.171955, ,-1e+31, ,-1e+31,2025-12-09 20:29:49.671810944,2025-12-09,False
imap_idex_l1b_sci-10days_20251206_v001.0004.cdf,157,818584863350689664,2025-12-09T20:39:54.166689664,HS ADC0I trigger (TOF HG),HGThreshold,0.171955, ,-1e+31, ,-1e+31,2025-12-09 20:39:54.166689664,2025-12-09,False
imap_idex_l1b_sci-10days_20251206_v001.0004.cdf,158,818585865089592960,2025-12-09T20:56:35.905592960,HS ADC0I trigger (TOF HG),HGThreshold,0.171955, ,-1e+31, ,-1e+31,2025-12-09 20:56:35.905592960,2025-12-09,False
imap_idex_l1b_sci-10days_20251206_v001.0004.cdf,159,818587607404093312,2025-12-09T21:25:38.220093312,HS ADC0I trigger (TOF HG),HGThreshold,0.171955, ,-1e+31, ,-1e+31,2025-12-09 21:25:38.220093312,2025-12-09,False
imap_idex_l1b_sci-10days_20251206_v001.0004.cdf,160,818588267856022016,2025-12-09T21:36:38.672022016,HS ADC0I trigger (TOF HG),HGThreshold,0.171955, ,-1e+31, ,-1e+31,2025-12-09 21:36:38.672022016,2025-12-09,False
imap_idex_l1b_sci-10days_20251206_v001.0004.cdf,161,818589846329848960,2025-12-09T22:02:57.145848960,HS ADC0I trigger (TOF HG),HGThreshold,0.171955, ,-1e+31, ,-1e+31,2025-12-09 22:02:57.145848960,2025-12-09,False
imap_idex_l1b_sci-10days_20251206_v001.0004.cdf,162,818592035757429248,2025-12-09T22:39:26.573429248,HS ADC0I trigger (TOF HG),HGThreshold,0.171955, ,-1e+31, ,-1e+31,2025-12-09 22:39:26.573429248,2025-12-09,False
imap_idex_l1b_sci-10days_20251206_v001.0004.cdf,163,818593113351984512,2025-12-09T22:57:24.167984512,HS ADC0I trigger (TOF HG),HGThreshold,0.171955, ,-1e+31, ,-1e+31,2025-12-09 22:57:24.167984512,2025-12-09,False
imap_idex_l1b_sci-10days_20251206_v001.0004.cdf,164,818593127430131968,2025-12-09T22:57:38.246131968,HS ADC0I trigger (TOF HG),HGThreshold,0.171955, ,-1e+31, ,-1e+31,2025-12-09 22:57:38.246131968,2025-12-09,False
imap_idex_l1b_sci-10days_20251206_v001.0004.cdf,165,818593791653157504,2025-12-09T23:08:42.469157504,HS ADC0I trigger (TOF HG),HGThreshold,0.171955, ,-1e+31, ,-1e+31,2025-12-09 23:08:42.469157504,2025-12-09,False
imap_idex_l1b_sci-10days_20251206_v001.0004.cdf,166,818594013251139072,2025-12-09T23:12:24.067139072,HS ADC0I trigger (TOF HG),HGThreshold,0.171955, ,-1e+31, ,-1e+31,2025-12-09 23:12:24.067139072,2025-12-09,False
imap_idex_l1b_sci-10days_20251206_v001.0004.cdf,167,818595643684959488,2025-12-09T23:39:34.500959488,HS ADC0I trigger (TOF HG),HGThreshold,0.171955, ,-1e+31, ,-1e+31,2025-12-09 23:39:34.500959488,2025-12-09,False
imap_idex_l1b_sci-10days_20251206_v001.0004.cdf,168,818596648399660288,2025-12-09T23:56:19.215660288,HS ADC0I trigger (TOF HG),HGThreshold,0.171955, ,-1e+31, ,-1e+31,2025-12-09 23:56:19.215660288,2025-12-09,False
imap_idex_l1b_sci-10days_20251206_v001.0004.cdf,169,818596804176120704,2025-12-09T23:58:54.992120704,HS ADC0I trigger (TOF HG),HGThreshold,0.171955, ,-1e+31, ,-1e+31,2025-12-09 23:58:54.992120704,2025-12-09,False
imap_idex_l1b_sci-10days_20251206_v001.0004.cdf,170,818601020505946368,2025-12-10T01:09:11.321946368,HS ADC0I trigger (TOF HG),HGThreshold,0.171955, ,-1e+31, ,-1e+31,2025-12-10 01:09:11.321946368,2025-12-10,False
imap_idex_l1b_sci-10days_20251206_v001.0004.cdf,171,818601413675894400,2025-12-10T01:15:44.491894400,HS ADC0I trigger (TOF HG),HGThreshold,0.171955, ,-1e+31, ,-1e+31,2025-12-10 01:15:44.491894400,2025-12-10,False
imap_idex_l1b_sci-10days_20251206_v001.0004.cdf,172,818601729947871488,2025-12-10T01:21:00.763871488,HS ADC0I trigger (TOF HG),HGThreshold,0.171955, ,-1e+31, ,-1e+31,2025-12-10 01:21:00.763871488,2025-12-10,False
imap_idex_l1b_sci-10days_20251206_v001.0004.cdf,173,818602471326807680,2025-12-10T01:33:22.142807680,HS ADC0I trigger (TOF HG),HGThreshold,0.171955, ,-1e+31, ,-1e+31,2025-12-10 01:33:22.142807680,2025-12-10,False
imap_idex_l1b_sci-10days_20251206_v001.0004.cdf,174,818602923024703232,2025-12-10T01:40:53.840703232,HS ADC0I trigger (TOF HG),HGThreshold,0.171955, ,-1e+31, ,-1e+31,2025-12-10 01:40:53.840703232,2025-12-10,False
imap_idex_l1b_sci-10days_20251206_v001.0004.cdf,175,818603952202141952,2025-12-10T01:58:03.018141952,HS ADC0I trigger (TOF HG),HGThreshold,0.171955, ,-1e+31, ,-1e+31,2025-12-10 01:58:03.018141952,2025-12-10,False
imap_idex_l1b_sci-10days_20251206_v001.0004.cdf,176,818607623755635456,2025-12-10T02:59:14.571635456,HS ADC0I trigger (TOF HG),HGThreshold,0.171955, ,-1e+31, ,-1e+31,2025-12-10 02:59:14.571635456,2025-12-10,False
imap_idex_l1b_sci-10days_20251206_v001.0004.cdf,177,818609945305517312,2025-12-10T03:37:56.121517312,HS ADC0I trigger (TOF HG),HGThreshold,0.171955, ,-1e+31, ,-1e+31,2025-12-10 03:37:56.121517312,2025-12-10,False
imap_idex_l1b_sci-10days_20251206_v001.0004.cdf,178,818611459400502016,2025-12-10T04:03:10.216502016,HS ADC0I trigger (TOF HG),HGThreshold,0.171955, ,-1e+31, ,-1e+31,2025-12-10 04:03:10.216502016,2025-12-10,False
imap_idex_l1b_sci-10days_20251206_v001.0004.cdf,179,818614240050712832,2025-12-10T04:49:30.866712832,HS ADC0I trigger (TOF HG),HGThreshold,0.171955, ,-1e+31, ,-1e+31,2025-12-10 04:49:30.866712832,2025-12-10,False
imap_idex_l1b_sci-10days_20251206_v001.0004.cdf,180,818619514609071104,2025-12-10T06:17:25.425071104,HS ADC0I trigger (TOF HG),HGThreshold,0.171955, ,-1e+31, ,-1e+31,2025-12-10 06:17:25.425071104,2025-12-10,False
imap_idex_l1b_sci-10days_20251206_v001.0004.cdf,181,818620946408469504,2025-12-10T06:41:17.224469504,HS ADC0I trigger (TOF HG),HGThreshold,0.171955, ,-1e+31, ,-1e+31,2025-12-10 06:41:17.224469504,2025-12-10,False
imap_idex_l1b_sci-10days_20251206_v001.0004.cdf,182,818621202876940032,2025-12-10T06:45:33.692940032,HS ADC0I trigger (TOF HG),HGThreshold,0.171955, ,-1e+31, ,-1e+31,2025-12-10 06:45:33.692940032,2025-12-10,False
imap_idex_l1b_sci-10days_20251206_v001.0004.cdf,183,818621526167050496,2025-12-10T06:50:56.983050496,HS ADC0I trigger (TOF HG),HGThreshold,0.171955, ,-1e+31, ,-1e+31,2025-12-10 06:50:56.983050496,2025-12-10,False
imap_idex_l1b_sci-10days_20251206_v001.0004.cdf,184,818623355240133248,2025-12-10T07:21:26.056133248,HS ADC0I trigger (TOF HG),HGThreshold,0.171955, ,-1e+31, ,-1e+31,2025-12-10 07:21:26.056133248,2025-12-10,False
imap_idex_l1b_sci-10days_20251206_v001.0004.cdf,185,818624618203282688,2025-12-10T07:42:29.019282688,HS ADC0I trigger (TOF HG),HGThreshold,0.171955, ,-1e+31, ,-1e+31,2025-12-10 07:42:29.019282688,2025-12-10,False
imap_idex_l1b_sci-10days_20251206_v001.0004.cdf,186,818627241773074176,2025-12-10T08:26:12.589074176,HS ADC0I trigger (TOF HG),HGThreshold,0.171955, ,-1e+31, ,-1e+31,2025-12-10 08:26:12.589074176,2025-12-10,False
imap_idex_l1b_sci-10days_20251206_v001.0004.cdf,187,818627425541229696,2025-12-10T08:29:16.357229696,HS ADC0I trigger (TOF HG),HGThreshold,0.171955, ,-1e+31, ,-1e+31,2025-12-10 08:29:16.357229696,2025-12-10,False
imap_idex_l1b_sci-10days_20251206_v001.0004.cdf,188,818627713603111808,2025-12-10T08:34:04.419111808,HS ADC0I trigger (TOF HG),HGThreshold,0.171955, ,-1e+31, ,-1e+31,2025-12-10 08:34:04.419111808,2025-12-10,False
imap_idex_l1b_sci-10days_20251206_v001.0004.cdf,189,818628090390514432,2025-12-10T08:40:21.206514432,HS ADC0I trigger (TOF HG),HGThreshold,0.171955, ,-1e+31, ,-1e+31,2025-12-10 08:40:21.206514432,2025-12-10,False
imap_idex_l1b_sci-10days_20251206_v001.0004.cdf,190,818630820432490752,2025-12-10T09:25:51.248490752,HS ADC0I trigger (TOF HG),HGThreshold,0.171955, ,-1e+31, ,-1e+31,2025-12-10 09:25:51.248490752,2025-12-10,False
imap_idex_l1b_sci-10days_20251206_v001.0004.cdf,191,818630853990020608,2025-12-10T09:26:24.806020608,HS ADC0I trigger (TOF HG),HGThreshold,0.171955, ,-1e+31, ,-1e+31,2025-12-10 09:26:24.806020608,2025-12-10,False
imap_idex_l1b_sci-10days_20251206_v001.0004.cdf,192,818631168795918976,2025-12-10T09:31:39.611918976,HS ADC0I trigger (TOF HG),HGThreshold,0.171955, ,-1e+31, ,-1e+31,2025-12-10 09:31:39.611918976,2025-12-10,False
imap_idex_l1b_sci-10days_20251206_v001.0004.cdf,193,818632018107298560,2025-12-10T09:45:48.923298560,HS ADC0I trigger (TOF HG),HGThreshold,0.171955, ,-1e+31, ,-1e+31,2025-12-10 09:45:48.923298560,2025-12-10,False
imap_idex_l1b_sci-10days_20251206_v001.0004.cdf,194,818634450433201280,2025-12-10T10:26:21.249201280,HS ADC0I trigger (TOF HG),HGThreshold,0.171955, ,-1e+31, ,-1e+31,2025-12-10 10:26:21.249201280,2025-12-10,False
imap_idex_l1b_sci-10days_20251206_v001.0004.cdf,195,818636896352831744,2025-12-10T11:07:07.168831744,HS ADC0I trigger (TOF HG),HGThreshold,0.171955, ,-1e+31, ,-1e+31,2025-12-10 11:07:07.168831744,2025-12-10,False
imap_idex_l1b_sci-10days_20251206_v001.0004.cdf,196,818638552604209152,2025-12-10T11:34:43.420209152,HS ADC0I trigger (TOF HG),HGThreshold,0.171955, ,-1e+31, ,-1e+31,2025-12-10 11:34:43.420209152,2025-12-10,False
imap_idex_l1b_sci-10days_20251206_v001.0004.cdf,197,818641274044013056,2025-12-10T12:20:04.860013056,HS ADC0I trigger (TOF HG),HGThreshold,0.171955, ,-1e+31, ,-1e+31,2025-12-10 12:20:04.860013056,2025-12-10,False
imap_idex_l1b_sci-10days_20251206_v001.0004.cdf,198,818647112995466240,2025-12-10T13:57:23.811466240,HS ADC0I trigger (TOF HG),HGThreshold,0.171955, ,-1e+31, ,-1e+31,2025-12-10 13:57:23.811466240,2025-12-10,False
imap_idex_l1b_sci-10days_20251206_v001.0004.cdf,199,818648947401004160,2025-12-10T14:27:58.217004160,HS ADC0I trigger (TOF HG),HGThreshold,0.171955, ,-1e+31, ,-1e+31,2025-12-10 14:27:58.217004160,2025-12-10,False
imap_idex_l1b_sci-10days_20251206_v001.0004.cdf,200,818652527294779520,2025-12-10T15:27:38.110779520,HS ADC0I trigger (TOF HG),HGThreshold,0.171955, ,-1e+31, ,-1e+31,2025-12-10 15:27:38.110779520,2025-12-10,False
imap_idex_l1b_sci-10days_20251206_v001.0004.cdf,201,818655736880986496,2025-12-10T16:21:07.696986496,HS ADC0I trigger (TOF HG),HGThreshold,0.171955, ,-1e+31, ,-1e+31,2025-12-10 16:21:07.696986496,2025-12-10,False
imap_idex_l1b_sci-10days_20251206_v001.0004.cdf,202,818659207863199488,2025-12-10T17:18:58.679199488,HS ADC0I trigger (TOF HG),HGThreshold,0.171955, ,-1e+31, ,-1e+31,2025-12-10 17:18:58.679199488,2025-12-10,False
imap_idex_l1b_sci-10days_20251206_v001.0004.cdf,203,818659974315833216,2025-12-10T17:31:45.131833216,HS ADC0I trigger (TOF HG),HGThreshold,0.171955, ,-1e+31, ,-1e+31,2025-12-10 17:31:45.131833216,2025-12-10,False
imap_idex_l1b_sci-10days_20251206_v001.0004.cdf,204,818660417881836160,2025-12-10T17:39:08.697836160,HS ADC0I trigger (TOF HG),HGThreshold,0.171955, ,-1e+31, ,-1e+31,2025-12-10 17:39:08.697836160,2025-12-10,False
imap_idex_l1b_sci-10days_20251206_v001.0004.cdf,205,818662847990540800,2025-12-10T18:19:38.806540800,HS ADC0I trigger (TOF HG),HGThreshold,0.171955, ,-1e+31, ,-1e+31,2025-12-10 18:19:38.806540800,2025-12-10,False
imap_idex_l1b_sci-10days_20251206_v001.0004.cdf,206,818664243632731520,2025-12-10T18:42:54.448731520,HS ADC0I trigger (TOF HG),HGThreshold,0.171955, ,-1e+31, ,-1e+31,2025-12-10 18:42:54.448731520,2025-12-10,False
imap_idex_l1b_sci-10days_20251206_v001.0004.cdf,207,818667862999111680,2025-12-10T19:43:13.815111680,HS ADC0I trigger (TOF HG),HGThreshold,0.171955, ,-1e+31, ,-1e+31,2025-12-10 19:43:13.815111680,2025-12-10,False
imap_idex_l1b_sci-10days_20251206_v001.0004.cdf,208,818669317799249408,2025-12-10T20:07:28.615249408,HS ADC0I trigger (TOF HG),HGThreshold,0.171955, ,-1e+31, ,-1e+31,2025-12-10 20:07:28.615249408,2025-12-10,False
imap_idex_l1b_sci-10days_20251206_v001.0004.cdf,209,818671011485973248,2025-12-10T20:35:42.301973248,HS ADC0I trigger (TOF HG),HGThreshold,0.171955, ,-1e+31, ,-1e+31,2025-12-10 20:35:42.301973248,2025-12-10,False
imap_idex_l1b_sci-10days_20251206_v001.0004.cdf,210,818674157315997184,2025-12-10T21:28:08.131997184,HS ADC0I trigger (TOF HG),HGThreshold,0.171955, ,-1e+31, ,-1e+31,2025-12-10 21:28:08.131997184,2025-12-10,False
imap_idex_l1b_sci-10days_20251206_v001.0004.cdf,211,818675213624891648,2025-12-10T21:45:44.440891648,HS ADC0I trigger (TOF HG),HGThreshold,0.171955, ,-1e+31, ,-1e+31,2025-12-10 21:45:44.440891648,2025-12-10,False
imap_idex_l1b_sci-10days_20251206_v001.0004.cdf,212,818677073206347008,2025-12-10T22:16:44.022347008,HS ADC0I trigger (TOF HG),HGThreshold,0.171955, ,-1e+31, ,-1e+31,2025-12-10 22:16:44.022347008,2025-12-10,False
imap_idex_l1b_sci-10days_20251206_v001.0004.cdf,213,818677888628577024,2025-12-10T22:30:19.444577024,HS ADC0I trigger (TOF HG),HGThreshold,0.171955, ,-1e+31, ,-1e+31,2025-12-10 22:30:19.444577024,2025-12-10,False
imap_idex_l1b_sci-10days_20251206_v001.0004.cdf,214,818678744981370624,2025-12-10T22:44:35.797370624,HS ADC0I trigger (TOF HG),HGThreshold,0.171955, ,-1e+31, ,-1e+31,2025-12-10 22:44:35.797370624,2025-12-10,False
imap_idex_l1b_sci-10days_20251206_v001.0004.cdf,215,818678823344700288,2025-12-10T22:45:54.160700288,HS ADC0I trigger (TOF HG),HGThreshold,0.171955, ,-1e+31, ,-1e+31,2025-12-10 22:45:54.160700288,2025-12-10,False
imap_idex_l1b_sci-10days_20251206_v001.0004.cdf,216,818681221238813824,2025-12-10T23:25:52.054813824,HS ADC0I trigger (TOF HG),HGThreshold,0.171955, ,-1e+31, ,-1e+31,2025-12-10 23:25:52.054813824,2025-12-10,False
imap_idex_l1b_sci-10days_20251206_v001.0004.cdf,217,818681250191827968,2025-12-10T23:26:21.007827968,HS ADC0I trigger (TOF HG),HGThreshold,0.171955, ,-1e+31, ,-1e+31,2025-12-10 23:26:21.007827968,2025-12-10,False
imap_idex_l1b_sci-10days_20251206_v001.0004.cdf,218,818682209588349184,2025-12-10T23:42:20.404349184,HS ADC0I trigger (TOF HG),HGThreshold,0.171955, ,-1e+31, ,-1e+31,2025-12-10 23:42:20.404349184,2025-12-10,False
imap_idex_l1b_sci-10days_20251206_v001.0004.cdf,219,818685977721176832,2025-12-11T00:45:08.537176832,HS ADC0I trigger (TOF HG),HGThreshold,0.171955, ,-1e+31, ,-1e+31,2025-12-11 00:45:08.537176832,2025-12-11,False
imap_idex_l1b_sci-10days_20251206_v001.0004.cdf,220,818686127531142656,2025-12-11T00:47:38.347142656,HS ADC0I trigger (TOF HG),HGThreshold,0.171955, ,-1e+31, ,-1e+31,2025-12-11 00:47:38.347142656,2025-12-11,False
imap_idex_l1b_sci-10days_20251206_v001.0004.cdf,221,818686725665067648,2025-12-11T00:57:36.481067648,HS ADC0I trigger (TOF HG),HGThreshold,0.171955, ,-1e+31, ,-1e+31,2025-12-11 00:57:36.481067648,2025-12-11,False
imap_idex_l1b_sci-10days_20251206_v001.0004.cdf,222,818697132811735424,2025-12-11T03:51:03.627735424,HS ADC0I trigger (TOF HG),HGThreshold,0.171955, ,-1e+31, ,-1e+31,2025-12-11 03:51:03.627735424,2025-12-11,False
imap_idex_l1b_sci-10days_20251206_v001.0004.cdf,223,818699681055475200,2025-12-11T04:33:31.871475200,HS ADC0I trigger (TOF HG),HGThreshold,0.171955, ,-1e+31, ,-1e+31,2025-12-11 04:33:31.871475200,2025-12-11,False
imap_idex_l1b_sci-10days_20251206_v001.0004.cdf,224,818700273903784704,2025-12-11T04:43:24.719784704,HS ADC0I trigger (TOF HG),HGThreshold,0.171955, ,-1e+31, ,-1e+31,2025-12-11 04:43:24.719784704,2025-12-11,False
imap_idex_l1b_sci-10days_20251206_v001.0004.cdf,225,818700315743307264,2025-12-11T04:44:06.559307264,HS ADC0I trigger (TOF HG),HGThreshold,0.171955, ,-1e+31, ,-1e+31,2025-12-11 04:44:06.559307264,2025-12-11,False
imap_idex_l1b_sci-10days_20251206_v001.0004.cdf,226,818704503339500160,2025-12-11T05:53:54.155500160,HS ADC0I trigger (TOF HG),HGThreshold,0.171955, ,-1e+31, ,-1e+31,2025-12-11 05:53:54.155500160,2025-12-11,False
imap_idex_l1b_sci-10days_20251206_v001.0004.cdf,227,818704886844577152,2025-12-11T06:00:17.660577152,HS ADC0I trigger (TOF HG),HGThreshold,0.171955, ,-1e+31, ,-1e+31,2025-12-11 06:00:17.660577152,2025-12-11,False
imap_idex_l1b_sci-10days_20251206_v001.0004.cdf,228,818706369392770560,2025-12-11T06:25:00.208770560,HS ADC0I trigger (TOF HG),HGThreshold,0.171955, ,-1e+31, ,-1e+31,2025-12-11 06:25:00.208770560,2025-12-11,False
imap_idex_l1b_sci-10days_20251206_v001.0004.cdf,229,818709231506889600,2025-12-11T07:12:42.322889600,HS ADC0I trigger (TOF HG),HGThreshold,0.171955, ,-1e+31, ,-1e+31,2025-12-11 07:12:42.322889600,2025-12-11,False
imap_idex_l1b_sci-10days_20251206_v001.0004.cdf,230,818711729144034688,2025-12-11T07:54:19.960034688,HS ADC0I trigger (TOF HG),HGThreshold,0.171955, ,-1e+31, ,-1e+31,2025-12-11 07:54:19.960034688,2025-12-11,False
imap_idex_l1b_sci-10days_20251206_v001.0004.cdf,231,818715229429822720,2025-12-11T08:52:40.245822720,HS ADC0I trigger (TOF HG),HGThreshold,0.171955, ,-1e+31, ,-1e+31,2025-12-11 08:52:40.245822720,2025-12-11,False
imap_idex_l1b_sci-10days_20251206_v001.0004.cdf,232,818715827123967872,2025-12-11T09:02:37.939967872,HS ADC0I trigger (TOF HG),HGThreshold,0.171955, ,-1e+31, ,-1e+31,2025-12-11 09:02:37.939967872,2025-12-11,False
imap_idex_l1b_sci-10days_20251206_v001.0004.cdf,233,818721297448093056,2025-12-11T10:33:48.264093056,HS ADC0I trigger (TOF HG),HGThreshold,0.171955, ,-1e+31, ,-1e+31,2025-12-11 10:33:48.264093056,2025-12-11,False
imap_idex_l1b_sci-10days_20251206_v001.0004.cdf,234,818724704755244288,2025-12-11T11:30:35.571244288,HS ADC0I trigger (TOF HG),HGThreshold,0.171955, ,-1e+31, ,-1e+31,2025-12-11 11:30:35.571244288,2025-12-11,False
imap_idex_l1b_sci-10days_20251206_v001.0004.cdf,235,818728739550173952,2025-12-11T12:37:50.366173952,HS ADC0I trigger (TOF HG),HGThreshold,0.171955, ,-1e+31, ,-1e+31,2025-12-11 12:37:50.366173952,2025-12-11,False
imap_idex_l1b_sci-10days_20251206_v001.0004.cdf,236,818729233030972416,2025-12-11T12:46:03.846972416,HS ADC0I trigger (TOF HG),HGThreshold,0.171955, ,-1e+31, ,-1e+31,2025-12-11 12:46:03.846972416,2025-12-11,False
imap_idex_l1b_sci-10days_20251206_v001.0004.cdf,237,818730347471015168,2025-12-11T13:04:38.287015168,HS ADC0I trigger (TOF HG),HGThreshold,0.171955, ,-1e+31, ,-1e+31,2025-12-11 13:04:38.287015168,2025-12-11,False
imap_idex_l1b_sci-10days_20251206_v001.0004.cdf,238,818730868630328832,2025-12-11T13:13:19.446328832,HS ADC0I trigger (TOF HG),HGThreshold,0.171955, ,-1e+31, ,-1e+31,2025-12-11 13:13:19.446328832,2025-12-11,False
imap_idex_l1b_sci-10days_20251206_v001.0004.cdf,239,818732719368352768,2025-12-11T13:44:10.184352768,HS ADC0I trigger (TOF HG),HGThreshold,0.171955, ,-1e+31, ,-1e+31,2025-12-11 13:44:10.184352768,2025-12-11,False
imap_idex_l1b_sci-10days_20251206_v001.0004.cdf,240,818732838359206272,2025-12-11T13:46:09.175206272,HS ADC0I trigger (TOF HG),HGThreshold,0.171955, ,-1e+31, ,-1e+31,2025-12-11 13:46:09.175206272,2025-12-11,False
imap_idex_l1b_sci-10days_20251206_v001.0004.cdf,241,818733533708584192,2025-12-11T13:57:44.524584192,HS ADC0I trigger (TOF HG),HGThreshold,0.171955, ,-1e+31, ,-1e+31,2025-12-11 13:57:44.524584192,2025-12-11,False
imap_idex_l1b_sci-10days_20251206_v001.0004.cdf,242,818743286901898752,2025-12-11T16:40:17.717898752,HS ADC0I trigger (TOF HG),HGThreshold,0.171955, ,-1e+31, ,-1e+31,2025-12-11 16:40:17.717898752,2025-12-11,False
imap_idex_l1b_sci-10days_20251206_v001.0004.cdf,243,818749711391874304,2025-12-11T18:27:22.207874304,HS ADC0I trigger (TOF HG),HGThreshold,0.171955, ,-1e+31, ,-1e+31,2025-12-11 18:27:22.207874304,2025-12-11,False
imap_idex_l1b_sci-10days_20251206_v001.0004.cdf,244,818750526726125184,2025-12-11T18:40:57.542125184,HS ADC0I trigger (TOF HG),HGThreshold,0.171955, ,-1e+31, ,-1e+31,2025-12-11 18:40:57.542125184,2025-12-11,False
imap_idex_l1b_sci-10days_20251206_v001.0004.cdf,245,818754111169020288,2025-12-11T19:40:41.985020288,HS ADC0I trigger (TOF HG),HGThreshold,0.171955, ,-1e+31, ,-1e+31,2025-12-11 19:40:41.985020288,2025-12-11,False
imap_idex_l1b_sci-10days_20251206_v001.0004.cdf,246,818755674382662656,2025-12-11T20:06:45.198662656,HS ADC0I trigger (TOF HG),HGThreshold,0.171955, ,-1e+31, ,-1e+31,2025-12-11 20:06:45.198662656,2025-12-11,False
imap_idex_l1b_sci-10days_20251206_v001.0004.cdf,247,818757461601484672,2025-12-11T20:36:32.417484672,HS ADC0I trigger (TOF HG),HGThreshold,0.171955, ,-1e+31, ,-1e+31,2025-12-11 20:36:32.417484672,2025-12-11,False
imap_idex_l1b_sci-10days_20251206_v001.0004.cdf,248,818758979157247616,2025-12-11T21:01:49.973247616,HS ADC0I trigger (TOF HG),HGThreshold,0.171955, ,-1e+31, ,-1e+31,2025-12-11 21:01:49.973247616,2025-12-11,False
imap_idex_l1b_sci-10days_20251206_v001.0004.cdf,249,818759295229124992,2025-12-11T21:07:06.045124992,HS ADC0I trigger (TOF HG),HGThreshold,0.171955, ,-1e+31, ,-1e+31,2025-12-11 21:07:06.045124992,2025-12-11,False
imap_idex_l1b_sci-10days_20251206_v001.0004.cdf,250,818760318232850304,2025-12-11T21:24:09.048850304,HS ADC0I trigger (TOF HG),HGThreshold,0.171955, ,-1e+31, ,-1e+31,2025-12-11 21:24:09.048850304,2025-12-11,False
imap_idex_l1b_sci-10days_20251206_v001.0004.cdf,251,818767822537400448,2025-12-11T23:29:13.353400448,HS ADC0I trigger (TOF HG),HGThreshold,0.171955, ,-1e+31, ,-1e+31,2025-12-11 23:29:13.353400448,2025-12-11,False
imap_idex_l1b_sci-10days_20251206_v001.0004.cdf,252,818771331044043392,2025-12-12T00:27:41.860043392,HS ADC0I trigger (TOF HG),HGThreshold,0.171955, ,-1e+31, ,-1e+31,2025-12-12 00:27:41.860043392,2025-12-12,False
imap_idex_l1b_sci-10days_20251206_v001.0004.cdf,253,818773831351327744,2025-12-12T01:09:22.167327744,HS ADC0I trigger (TOF HG),HGThreshold,0.171955, ,-1e+31, ,-1e+31,2025-12-12 01:09:22.167327744,2025-12-12,False
imap_idex_l1b_sci-10days_20251206_v001.0004.cdf,254,818775018902205824,2025-12-12T01:29:09.718205824,HS ADC0I trigger (TOF HG),HGThreshold,0.171955, ,-1e+31, ,-1e+31,2025-12-12 01:29:09.718205824,2025-12-12,False
imap_idex_l1b_sci-10days_20251206_v001.0004.cdf,255,818778256155671296,2025-12-12T02:23:06.971671296,HS ADC0I trigger (TOF HG),HGThreshold,0.171955, ,-1e+31, ,-1e+31,2025-12-12 02:23:06.971671296,2025-12-12,False
imap_idex_l1b_sci-10days_20251206_v001.0004.cdf,256,818778835966572928,2025-12-12T02:32:46.782572928,HS ADC0I trigger (TOF HG),HGThreshold,0.171955, ,-1e+31, ,-1e+31,2025-12-12 02:32:46.782572928,2025-12-12,False
imap_idex_l1b_sci-10days_20251206_v001.0004.cdf,257,818780868308595712,2025-12-12T03:06:39.124595712,HS ADC0I trigger (TOF HG),HGThreshold,0.171955, ,-1e+31, ,-1e+31,2025-12-12 03:06:39.124595712,2025-12-12,False
imap_idex_l1b_sci-10days_20251206_v001.0004.cdf,258,818781005054933376,2025-12-12T03:08:55.870933376,HS ADC0I trigger (TOF HG),HGThreshold,0.171955, ,-1e+31, ,-1e+31,2025-12-12 03:08:55.870933376,2025-12-12,False
imap_idex_l1b_sci-10days_20251206_v001.0004.cdf,259,818783008917681664,2025-12-12T03:42:19.733681664,HS ADC0I trigger (TOF HG),HGThreshold,0.171955, ,-1e+31, ,-1e+31,2025-12-12 03:42:19.733681664,2025-12-12,False
imap_idex_l1b_sci-10days_20251206_v001.0004.cdf,260,818800902573802240,2025-12-12T08:40:33.389802240,HS ADC0I trigger (TOF HG),HGThreshold,0.171955, ,-1e+31, ,-1e+31,2025-12-12 08:40:33.389802240,2025-12-12,False
imap_idex_l1b_sci-10days_20251206_v001.0004.cdf,261,818802056633150336,2025-12-12T08:59:47.449150336,HS ADC0I trigger (TOF HG),HGThreshold,0.171955, ,-1e+31, ,-1e+31,2025-12-12 08:59:47.449150336,2025-12-12,False
imap_idex_l1b_sci-10days_20251206_v001.0004.cdf,262,818802955342026752,2025-12-12T09:14:46.158026752,HS ADC0I trigger (TOF HG),HGThreshold,0.171955, ,-1e+31, ,-1e+31,2025-12-12 09:14:46.158026752,2025-12-12,False
imap_idex_l1b_sci-10days_20251206_v001.0004.cdf,263,818805512619400320,2025-12-12T09:57:23.435400320,HS ADC0I trigger (TOF HG),HGThreshold,0.171955, ,-1e+31, ,-1e+31,2025-12-12 09:57:23.435400320,2025-12-12,False
imap_idex_l1b_sci-10days_20251206_v001.0004.cdf,264,818809436732791424,2025-12-12T11:02:47.548791424,HS ADC0I trigger (TOF HG),HGThreshold,0.171955, ,-1e+31, ,-1e+31,2025-12-12 11:02:47.548791424,2025-12-12,False
imap_idex_l1b_sci-10days_20251206_v001.0004.cdf,265,818816576912127104,2025-12-12T13:01:47.728127104,HS ADC0I trigger (TOF HG),HGThreshold,0.171955, ,-1e+31, ,-1e+31,2025-12-12 13:01:47.728127104,2025-12-12,False
imap_idex_l1b_sci-10days_20251206_v001.0004.cdf,266,818819261077847168,2025-12-12T13:46:31.893847168,HS ADC0I trigger (TOF HG),HGThreshold,0.171955, ,-1e+31, ,-1e+31,2025-12-12 13:46:31.893847168,2025-12-12,False
imap_idex_l1b_sci-10days_20251206_v001.0004.cdf,267,818822753628904320,2025-12-12T14:44:44.444904320,HS ADC0I trigger (TOF HG),HGThreshold,0.171955, ,-1e+31, ,-1e+31,2025-12-12 14:44:44.444904320,2025-12-12,False
imap_idex_l1b_sci-10days_20251206_v001.0004.cdf,268,818823503778973568,2025-12-12T14:57:14.594973568,HS ADC0I trigger (TOF HG),HGThreshold,0.171955, ,-1e+31, ,-1e+31,2025-12-12 14:57:14.594973568,2025-12-12,False
imap_idex_l1b_sci-10days_20251206_v001.0004.cdf,269,818823961384804480,2025-12-12T15:04:52.200804480,HS ADC0I trigger (TOF HG),HGThreshold,0.171955, ,-1e+31, ,-1e+31,2025-12-12 15:04:52.200804480,2025-12-12,False
imap_idex_l1b_sci-10days_20251206_v001.0004.cdf,270,818826434031733504,2025-12-12T15:46:04.847733504,HS ADC0I trigger (TOF HG),HGThreshold,0.171955, ,-1e+31, ,-1e+31,2025-12-12 15:46:04.847733504,2025-12-12,False
imap_idex_l1b_sci-10days_20251206_v001.0004.cdf,271,818829588419832960,2025-12-12T16:38:39.235832960,HS ADC0I trigger (TOF HG),HGThreshold,0.171955, ,-1e+31, ,-1e+31,2025-12-12 16:38:39.235832960,2025-12-12,False
imap_idex_l1b_sci-10days_20251206_v001.0004.cdf,272,818832456886888192,2025-12-12T17:26:27.702888192,HS ADC0I trigger (TOF HG),HGThreshold,0.171955, ,-1e+31, ,-1e+31,2025-12-12 17:26:27.702888192,2025-12-12,False
imap_idex_l1b_sci-10days_20251206_v001.0004.cdf,273,818837842841292416,2025-12-12T18:56:13.657292416,HS ADC0I trigger (TOF HG),HGThreshold,0.171955, ,-1e+31, ,-1e+31,2025-12-12 18:56:13.657292416,2025-12-12,False
imap_idex_l1b_sci-10days_20251206_v001.0004.cdf,274,818839213134767232,2025-12-12T19:19:03.950767232,HS ADC0I trigger (TOF HG),HGThreshold,0.171955, ,-1e+31, ,-1e+31,2025-12-12 19:19:03.950767232,2025-12-12,False
imap_idex_l1b_sci-10days_20251206_v001.0004.cdf,275,818843720991896448,2025-12-12T20:34:11.807896448,HS ADC0I trigger (TOF HG),HGThreshold,0.171955, ,-1e+31, ,-1e+31,2025-12-12 20:34:11.807896448,2025-12-12,False
imap_idex_l1b_sci-10days_20251206_v001.0004.cdf,276,818853497998214528,2025-12-12T23:17:08.814214528,HS ADC0I trigger (TOF HG),HGThreshold,0.171955, ,-1e+31, ,-1e+31,2025-12-12 23:17:08.814214528,2025-12-12,False
imap_idex_l1b_sci-10days_20251206_v001.0004.cdf,277,818857661855971328,2025-12-13T00:26:32.671971328,HS ADC0I trigger (TOF HG),HGThreshold,0.171955, ,-1e+31, ,-1e+31,2025-12-13 00:26:32.671971328,2025-12-13,False
imap_idex_l1b_sci-10days_20251206_v001.0004.cdf,278,818868505052056064,2025-12-13T03:27:15.868056064,HS ADC0I trigger (TOF HG),HGThreshold,0.171955, ,-1e+31, ,-1e+31,2025-12-13 03:27:15.868056064,2025-12-13,False
imap_idex_l1b_sci-10days_20251206_v001.0004.cdf,279,818869578349696384,2025-12-13T03:45:09.165696384,HS ADC0I trigger (TOF HG),HGThreshold,0.171955, ,-1e+31, ,-1e+31,2025-12-13 03:45:09.165696384,2025-12-13,False
imap_idex_l1b_sci-10days_20251206_v001.0004.cdf,280,818891512531984128,2025-12-13T09:50:43.347984128,HS ADC0I trigger (TOF HG),HGThreshold,0.171955, ,-1e+31, ,-1e+31,2025-12-13 09:50:43.347984128,2025-12-13,False
imap_idex_l1b_sci-10days_20251206_v001.0004.cdf,281,818892346936098048,2025-12-13T10:04:37.752098048,HS ADC0I trigger (TOF HG),HGThreshold,0.171955, ,-1e+31, ,-1e+31,2025-12-13 10:04:37.752098048,2025-12-13,False
imap_idex_l1b_sci-10days_20251206_v001.0004.cdf,282,818892415906336384,2025-12-13T10:05:46.722336384,HS ADC0I trigger (TOF HG),HGThreshold,0.171955, ,-1e+31, ,-1e+31,2025-12-13 10:05:46.722336384,2025-12-13,False
imap_idex_l1b_sci-10days_20251206_v001.0004.cdf,283,818898725627834496,2025-12-13T11:50:56.443834496,HS ADC0I trigger (TOF HG),HGThreshold,0.171955, ,-1e+31, ,-1e+31,2025-12-13 11:50:56.443834496,2025-12-13,False
imap_idex_l1b_sci-10days_20251206_v001.0004.cdf,284,818899102753417344,2025-12-13T11:57:13.569417344,HS ADC0I trigger (TOF HG),HGThreshold,0.171955, ,-1e+31, ,-1e+31,2025-12-13 11:57:13.569417344,2025-12-13,False
imap_idex_l1b_sci-10days_20251206_v001.0004.cdf,285,818900675782550912,2025-12-13T12:23:26.598550912,HS ADC0I trigger (TOF HG),HGThreshold,0.171955, ,-1e+31, ,-1e+31,2025-12-13 12:23:26.598550912,2025-12-13,False
imap_idex_l1b_sci-10days_20251206_v001.0004.cdf,286,818905877331059968,2025-12-13T13:50:08.147059968,HS ADC0I trigger (TOF HG),HGThreshold,0.171955, ,-1e+31, ,-1e+31,2025-12-13 13:50:08.147059968,2025-12-13,False
imap_idex_l1b_sci-10days_20251206_v001.0004.cdf,287,818910036438381184,2025-12-13T14:59:27.254381184,HS ADC0I trigger (TOF HG),HGThreshold,0.171955, ,-1e+31, ,-1e+31,2025-12-13 14:59:27.254381184,2025-12-13,False
imap_idex_l1b_sci-10days_20251206_v001.0004.cdf,288,818911783721498880,2025-12-13T15:28:34.537498880,HS ADC0I trigger (TOF HG),HGThreshold,0.171955, ,-1e+31, ,-1e+31,2025-12-13 15:28:34.537498880,2025-12-13,False
imap_idex_l1b_sci-10days_20251206_v001.0004.cdf,289,818918538728718848,2025-12-13T17:21:09.544718848,HS ADC0I trigger (TOF HG),HGThreshold,0.171955, ,-1e+31, ,-1e+31,2025-12-13 17:21:09.544718848,2025-12-13,False
imap_idex_l1b_sci-10days_20251206_v001.0004.cdf,290,818919523641718272,2025-12-13T17:37:34.457718272,HS ADC0I trigger (TOF HG),HGThreshold,0.171955, ,-1e+31, ,-1e+31,2025-12-13 17:37:34.457718272,2025-12-13,False
imap_idex_l1b_sci-10days_20251206_v001.0004.cdf,291,818920451835668352,2025-12-13T17:53:02.651668352,HS ADC0I trigger (TOF HG),HGThreshold,0.171955, ,-1e+31, ,-1e+31,2025-12-13 17:53:02.651668352,2025-12-13,False
imap_idex_l1b_sci-10days_20251206_v001.0004.cdf,292,818930554230155520,2025-12-13T20:41:25.046155520,HS ADC0I trigger (TOF HG),HGThreshold,0.171955, ,-1e+31, ,-1e+31,2025-12-13 20:41:25.046155520,2025-12-13,False
imap_idex_l1b_sci-10days_20251206_v001.0004.cdf,293,818932227084319616,2025-12-13T21:09:17.900319616,HS ADC0I trigger (TOF HG),HGThreshold,0.171955, ,-1e+31, ,-1e+31,2025-12-13 21:09:17.900319616,2025-12-13,False
imap_idex_l1b_sci-10days_20251206_v001.0004.cdf,294,818937145502701824,2025-12-13T22:31:16.318701824,HS ADC0I trigger (TOF HG),HGThreshold,0.171955, ,-1e+31, ,-1e+31,2025-12-13 22:31:16.318701824,2025-12-13,False
imap_idex_l1b_sci-10days_20251206_v001.0004.cdf,295,818939077398974592,2025-12-13T23:03:28.214974592,HS ADC0I trigger (TOF HG),HGThreshold,0.171955, ,-1e+31, ,-1e+31,2025-12-13 23:03:28.214974592,2025-12-13,False
imap_idex_l1b_sci-10days_20251206_v001.0004.cdf,296,818944690929235200,2025-12-14T00:37:01.745235200,HS ADC0I trigger (TOF HG),HGThreshold,0.171955, ,-1e+31, ,-1e+31,2025-12-14 00:37:01.745235200,2025-12-14,False
imap_idex_l1b_sci-10days_20251206_v001.0004.cdf,297,818945488652241920,2025-12-14T00:50:19.468241920,HS ADC0I trigger (TOF HG),HGThreshold,0.171955, ,-1e+31, ,-1e+31,2025-12-14 00:50:19.468241920,2025-12-14,False
imap_idex_l1b_sci-10days_20251206_v001.0004.cdf,298,818945618392225920,2025-12-14T00:52:29.208225920,HS ADC0I trigger (TOF HG),HGThreshold,0.171955, ,-1e+31, ,-1e+31,2025-12-14 00:52:29.208225920,2025-12-14,False
imap_idex_l1b_sci-10days_20251206_v001.0004.cdf,299,818975298450707712,2025-12-14T09:07:09.266707712,HS ADC0I trigger (TOF HG),HGThreshold,0.171955, ,-1e+31, ,-1e+31,2025-12-14 09:07:09.266707712,2025-12-14,False
imap_idex_l1b_sci-10days_20251206_v001.0004.cdf,300,818976170271768192,2025-12-14T09:21:41.087768192,HS ADC0I trigger (TOF HG),HGThreshold,0.171955, ,-1e+31, ,-1e+31,2025-12-14 09:21:41.087768192,2025-12-14,False
imap_idex_l1b_sci-10days_20251206_v001.0004.cdf,301,818978091871649920,2025-12-14T09:53:42.687649920,HS ADC0I trigger (TOF HG),HGThreshold,0.171955, ,-1e+31, ,-1e+31,2025-12-14 09:53:42.687649920,2025-12-14,False
imap_idex_l1b_sci-10days_20251206_v001.0004.cdf,302,818983707912728448,2025-12-14T11:27:18.728728448,HS ADC0I trigger (TOF HG),HGThreshold,0.171955, ,-1e+31, ,-1e+31,2025-12-14 11:27:18.728728448,2025-12-14,False
imap_idex_l1b_sci-10days_20251206_v001.0004.cdf,303,818993478162452480,2025-12-14T14:10:08.978452480,HS ADC0I trigger (TOF HG),HGThreshold,0.171955, ,-1e+31, ,-1e+31,2025-12-14 14:10:08.978452480,2025-12-14,False
imap_idex_l1b_sci-10days_20251206_v001.0004.cdf,304,818995438427679744,2025-12-14T14:42:49.243679744,HS ADC0I trigger (TOF HG),HGThreshold,0.171955, ,-1e+31, ,-1e+31,2025-12-14 14:42:49.243679744,2025-12-14,False
imap_idex_l1b_sci-10days_20251206_v001.0004.cdf,305,818998740847427072,2025-12-14T15:37:51.663427072,HS ADC0I trigger (TOF HG),HGThreshold,0.171955, ,-1e+31, ,-1e+31,2025-12-14 15:37:51.663427072,2025-12-14,False
imap_idex_l1b_sci-10days_20251206_v001.0004.cdf,306,818998923653703552,2025-12-14T15:40:54.469703552,HS ADC0I trigger (TOF HG),HGThreshold,0.171955, ,-1e+31, ,-1e+31,2025-12-14 15:40:54.469703552,2025-12-14,False
imap_idex_l1b_sci-10days_20251206_v001.0004.cdf,307,819012673816688896,2025-12-14T19:30:04.632688896,HS ADC0I trigger (TOF HG),HGThreshold,0.171955, ,-1e+31, ,-1e+31,2025-12-14 19:30:04.632688896,2025-12-14,False
imap_idex_l1b_sci-10days_20251206_v001.0004.cdf,308,819020798658444160,2025-12-14T21:45:29.474444160,HS ADC0I trigger (TOF HG),HGThreshold,0.171955, ,-1e+31, ,-1e+31,2025-12-14 21:45:29.474444160,2025-12-14,False
imap_idex_l1b_sci-10days_20251206_v001.0004.cdf,309,819041074597274624,2025-12-15T03:23:25.413274624,HS ADC0I trigger (TOF HG),HGThreshold,0.171955, ,-1e+31, ,-1e+31,2025-12-15 03:23:25.413274624,2025-12-15,False
imap_idex_l1b_sci-10days_20251206_v001.0004.cdf,310,819041377744463616,2025-12-15T03:28:28.560463616,HS ADC0I trigger (TOF HG),HGThreshold,0.171955, ,-1e+31, ,-1e+31,2025-12-15 03:28:28.560463616,2025-12-15,False
imap_idex_l1b_sci-10days_20251206_v001.0004.cdf,311,819053282450519040,2025-12-15T06:46:53.266519040,HS ADC0I trigger (TOF HG),HGThreshold,0.171955, ,-1e+31, ,-1e+31,2025-12-15 06:46:53.266519040,2025-12-15,False
imap_idex_l1b_sci-10days_20251206_v001.0004.cdf,312,819058155895681664,2025-12-15T08:08:06.711681664,HS ADC0I trigger (TOF HG),HGThreshold,0.171955, ,-1e+31, ,-1e+31,2025-12-15 08:08:06.711681664,2025-12-15,False
imap_idex_l1b_sci-10days_20251206_v001.0004.cdf,313,819058292496599424,2025-12-15T08:10:23.312599424,HS ADC0I trigger (TOF HG),HGThreshold,0.171955, ,-1e+31, ,-1e+31,2025-12-15 08:10:23.312599424,2025-12-15,False
imap_idex_l1b_sci-10days_20251206_v001.0004.cdf,314,819071180465055872,2025-12-15T11:45:11.281055872,HS ADC0I trigger (TOF HG),HGThreshold,0.171955, ,-1e+31, ,-1e+31,2025-12-15 11:45:11.281055872,2025-12-15,False
imap_idex_l1b_sci-10days_20251206_v001.0004.cdf,315,819071871349817984,2025-12-15T11:56:42.165817984,HS ADC0I trigger (TOF HG),HGThreshold,0.171955, ,-1e+31, ,-1e+31,2025-12-15 11:56:42.165817984,2025-12-15,False
imap_idex_l1b_sci-10days_20251206_v001.0004.cdf,316,819075708009607552,2025-12-15T13:00:38.825607552,HS ADC0I trigger (TOF HG),HGThreshold,0.171955, ,-1e+31, ,-1e+31,2025-12-15 13:00:38.825607552,2025-12-15,False
imap_idex_l1b_sci-10days_20251206_v001.0004.cdf,317,819077052050465664,2025-12-15T13:23:02.866465664,HS ADC0I trigger (TOF HG),HGThreshold,0.171955, ,-1e+31, ,-1e+31,2025-12-15 13:23:02.866465664,2025-12-15,False
imap_idex_l1b_sci-10days_20251206_v001.0004.cdf,318,819096565944597632,2025-12-15T18:48:16.760597632,HS ADC0I trigger (TOF HG),HGThreshold,0.171955, ,-1e+31, ,-1e+31,2025-12-15 18:48:16.760597632,2025-12-15,False
imap_idex_l1b_sci-10days_20251206_v001.0004.cdf,319,819099125038449280,2025-12-15T19:30:55.854449280,HS ADC0I trigger (TOF HG),HGThreshold,0.171955, ,-1e+31, ,-1e+31,2025-12-15 19:30:55.854449280,2025-12-15,False
imap_idex_l1b_sci-10days_20251206_v001.0004.cdf,320,819100682019597184,2025-12-15T19:56:52.835597184,HS ADC0I trigger (TOF HG),HGThreshold,0.171955, ,-1e+31, ,-1e+31,2025-12-15 19:56:52.835597184,2025-12-15,False
imap_idex_l1b_sci-10days_20251206_v001.0004.cdf,321,819109142858492032,2025-12-15T22:17:53.674492032,HS ADC0I trigger (TOF HG),HGThreshold,0.171955, ,-1e+31, ,-1e+31,2025-12-15 22:17:53.674492032,2025-12-15,False
imap_idex_l1b_sci-10days_20251206_v001.0004.cdf,322,819112615163887232,2025-12-15T23:15:45.979887232,HS ADC0I trigger (TOF HG),HGThreshold,0.171955, ,-1e+31, ,-1e+31,2025-12-15 23:15:45.979887232,2025-12-15,False
imap_idex_l1b_sci-10days_20251216_v001.0004.cdf,0,819119141458551808,2025-12-16T01:04:32.274551808,HS ADC0I trigger (TOF HG),HGThreshold,0.171955, ,-1e+31, ,-1e+31,2025-12-16 01:04:32.274551808,2025-12-16,False
imap_idex_l1b_sci-10days_20251216_v001.0004.cdf,1,819119283521184768,2025-12-16T01:06:54.337184768,HS ADC0I trigger (TOF HG),HGThreshold,0.171955, ,-1e+31, ,-1e+31,2025-12-16 01:06:54.337184768,2025-12-16,False
imap_idex_l1b_sci-10days_20251216_v001.0004.cdf,2,819134688874870272,2025-12-16T05:23:39.690870272,HS ADC0I trigger (TOF HG),HGThreshold,0.171955, ,-1e+31, ,-1e+31,2025-12-16 05:23:39.690870272,2025-12-16,False
imap_idex_l1b_sci-10days_20251216_v001.0004.cdf,3,819140674550501760,2025-12-16T07:03:25.366501760,HS ADC0I trigger (TOF HG),HGThreshold,0.171955, ,-1e+31, ,-1e+31,2025-12-16 07:03:25.366501760,2025-12-16,False
imap_idex_l1b_sci-10days_20251216_v001.0004.cdf,4,819145906036607232,2025-12-16T08:30:36.852607232,HS ADC0I trigger (TOF HG),HGThreshold,0.171955, ,-1e+31, ,-1e+31,2025-12-16 08:30:36.852607232,2025-12-16,False
imap_idex_l1b_sci-10days_20251216_v001.0004.cdf,5,819149641577749376,2025-12-16T09:32:52.393749376,HS ADC0I trigger (TOF HG),HGThreshold,0.171955, ,-1e+31, ,-1e+31,2025-12-16 09:32:52.393749376,2025-12-16,False
imap_idex_l1b_sci-10days_20251216_v001.0004.cdf,6,819152380772401792,2025-12-16T10:18:31.588401792,HS ADC0I trigger (TOF HG),HGThreshold,0.171955, ,-1e+31, ,-1e+31,2025-12-16 10:18:31.588401792,2025-12-16,False
imap_idex_l1b_sci-10days_20251216_v001.0004.cdf,7,819159377771309696,2025-12-16T12:15:08.587309696,HS ADC0I trigger (TOF HG),HGThreshold,0.171955, ,-1e+31, ,-1e+31,2025-12-16 12:15:08.587309696,2025-12-16,False
imap_idex_l1b_sci-10days_20251216_v001.0004.cdf,8,819164449404118016,2025-12-16T13:39:40.220118016,HS ADC0I trigger (TOF HG),HGThreshold,0.171955, ,-1e+31, ,-1e+31,2025-12-16 13:39:40.220118016,2025-12-16,False
imap_idex_l1b_sci-10days_20251216_v001.0004.cdf,9,819168045363184768,2025-12-16T14:39:36.179184768,HS ADC0I trigger (TOF HG),HGThreshold,0.171955, ,-1e+31, ,-1e+31,2025-12-16 14:39:36.179184768,2025-12-16,False
imap_idex_l1b_sci-10days_20251216_v001.0004.cdf,10,819171314969983360,2025-12-16T15:34:05.785983360,HS ADC0I trigger (TOF HG),HGThreshold,0.171955, ,-1e+31, ,-1e+31,2025-12-16 15:34:05.785983360,2025-12-16,False
imap_idex_l1b_sci-10days_20251216_v001.0004.cdf,11,819171668399787520,2025-12-16T15:39:59.215787520,HS ADC0I trigger (TOF HG),HGThreshold,0.171955, ,-1e+31, ,-1e+31,2025-12-16 15:39:59.215787520,2025-12-16,False
imap_idex_l1b_sci-10days_20251216_v001.0004.cdf,12,819171875401242624,2025-12-16T15:43:26.217242624,HS ADC0I trigger (TOF HG),HGThreshold,0.171955, ,-1e+31, ,-1e+31,2025-12-16 15:43:26.217242624,2025-12-16,False
imap_idex_l1b_sci-10days_20251216_v001.0004.cdf,13,819190379455149696,2025-12-16T20:51:50.271149696,HS ADC0I trigger (TOF HG),HGThreshold,0.171955, ,-1e+31, ,-1e+31,2025-12-16 20:51:50.271149696,2025-12-16,False
imap_idex_l1b_sci-10days_20251216_v001.0004.cdf,14,819195682902491392,2025-12-16T22:20:13.718491392,HS ADC0I trigger (TOF HG),HGThreshold,0.171955, ,-1e+31, ,-1e+31,2025-12-16 22:20:13.718491392,2025-12-16,False
imap_idex_l1b_sci-10days_20251216_v001.0004.cdf,15,819201784692519680,2025-12-17T00:01:55.508519680,SW trigger,HGThreshold,0.289, ,-1e+31, ,-1e+31,2025-12-17 00:01:55.508519680,2025-12-17,False
imap_idex_l1b_sci-10days_20251216_v001.0004.cdf,16,819201790693374208,2025-12-17T00:02:01.509374208,HS ADC0I trigger (TOF HG),HGThreshold,0.289, ,-1e+31, ,-1e+31,2025-12-17 00:02:01.509374208,2025-12-17,False
imap_idex_l1b_sci-10days_20251216_v001.0004.cdf,17,819201798693307008,2025-12-17T00:02:09.509307008,HS ADC0I trigger (TOF HG),HGThreshold,0.289, ,-1e+31, ,-1e+31,2025-12-17 00:02:09.509307008,2025-12-17,False
imap_idex_l1b_sci-10days_20251216_v001.0004.cdf,18,819201806693259776,2025-12-17T00:02:17.509259776,HS ADC0I trigger (TOF HG),HGThreshold,0.289, ,-1e+31, ,-1e+31,2025-12-17 00:02:17.509259776,2025-12-17,False
imap_idex_l1b_sci-10days_20251216_v001.0004.cdf,19,819201814693212800,2025-12-17T00:02:25.509212800,HS ADC0I trigger (TOF HG),HGThreshold,0.289, ,-1e+31, ,-1e+31,2025-12-17 00:02:25.509212800,2025-12-17,False
imap_idex_l1b_sci-10days_20251216_v001.0004.cdf,20,819201822693165568,2025-12-17T00:02:33.509165568,HS ADC0I trigger (TOF HG),HGThreshold,0.289, ,-1e+31, ,-1e+31,2025-12-17 00:02:33.509165568,2025-12-17,False
imap_idex_l1b_sci-10days_20251216_v001.0004.cdf,21,819201836692193024,2025-12-17T00:02:47.508193024,SW trigger,HGThreshold,0.289, ,-1e+31, ,-1e+31,2025-12-17 00:02:47.508193024,2025-12-17,False
imap_idex_l1b_sci-10days_20251216_v001.0004.cdf,22,819201848692102400,2025-12-17T00:02:59.508102400,SW trigger,HGThreshold,0.289, ,-1e+31, ,-1e+31,2025-12-17 00:02:59.508102400,2025-12-17,False
imap_idex_l1b_sci-10days_20251216_v001.0004.cdf,23,819201860692031616,2025-12-17T00:03:11.508031616,SW trigger,HGThreshold,0.289, ,-1e+31, ,-1e+31,2025-12-17 00:03:11.508031616,2025-12-17,False
imap_idex_l1b_sci-10days_20251216_v001.0004.cdf,24,819201872691961088,2025-12-17T00:03:23.507961088,SW trigger,HGThreshold,0.289, ,-1e+31, ,-1e+31,2025-12-17 00:03:23.507961088,2025-12-17,False
imap_idex_l1b_sci-10days_20251216_v001.0004.cdf,25,819207949873951232,2025-12-17T01:44:40.689951232,HS ADC0I trigger (TOF HG),HGThreshold,0.171955, ,-1e+31, ,-1e+31,2025-12-17 01:44:40.689951232,2025-12-17,False
imap_idex_l1b_sci-10days_20251216_v001.0004.cdf,26,819208762849844864,2025-12-17T01:58:13.665844864,HS ADC0I trigger (TOF HG),HGThreshold,0.171955, ,-1e+31, ,-1e+31,2025-12-17 01:58:13.665844864,2025-12-17,False
imap_idex_l1b_sci-10days_20251216_v001.0004.cdf,27,819209490781394432,2025-12-17T02:10:21.597394432,HS ADC0I trigger (TOF HG),HGThreshold,0.171955, ,-1e+31, ,-1e+31,2025-12-17 02:10:21.597394432,2025-12-17,False
imap_idex_l1b_sci-10days_20251216_v001.0004.cdf,28,819209883899923200,2025-12-17T02:16:54.715923200,HS ADC0I trigger (TOF HG),HGThreshold,0.171955, ,-1e+31, ,-1e+31,2025-12-17 02:16:54.715923200,2025-12-17,False
imap_idex_l1b_sci-10days_20251216_v001.0004.cdf,29,819226803742926080,2025-12-17T06:58:54.558926080,HS ADC0I trigger (TOF HG),HGThreshold,0.171955, ,-1e+31, ,-1e+31,2025-12-17 06:58:54.558926080,2025-12-17,False
imap_idex_l1b_sci-10days_20251216_v001.0004.cdf,30,819227247239329792,2025-12-17T07:06:18.055329792,HS ADC0I trigger (TOF HG),HGThreshold,0.171955, ,-1e+31, ,-1e+31,2025-12-17 07:06:18.055329792,2025-12-17,False
imap_idex_l1b_sci-10days_20251216_v001.0004.cdf,31,819232114833680768,2025-12-17T08:27:25.649680768,HS ADC0I trigger (TOF HG),HGThreshold,0.171955, ,-1e+31, ,-1e+31,2025-12-17 08:27:25.649680768,2025-12-17,False
imap_idex_l1b_sci-10days_20251216_v001.0004.cdf,32,819236110443050880,2025-12-17T09:34:01.259050880,HS ADC0I trigger (TOF HG),HGThreshold,0.171955, ,-1e+31, ,-1e+31,2025-12-17 09:34:01.259050880,2025-12-17,False
imap_idex_l1b_sci-10days_20251216_v001.0004.cdf,33,819254745924500864,2025-12-17T14:44:36.740500864,HS ADC0I trigger (TOF HG),HGThreshold,0.171955, ,-1e+31, ,-1e+31,2025-12-17 14:44:36.740500864,2025-12-17,False
imap_idex_l1b_sci-10days_20251216_v001.0004.cdf,34,819267978405398144,2025-12-17T18:25:09.221398144,HS ADC0I trigger (TOF HG),HGThreshold,0.171955, ,-1e+31, ,-1e+31,2025-12-17 18:25:09.221398144,2025-12-17,False
imap_idex_l1b_sci-10days_20251216_v001.0004.cdf,35,819270118646665856,2025-12-17T19:00:49.462665856,HS ADC0I trigger (TOF HG),HGThreshold,0.171955, ,-1e+31, ,-1e+31,2025-12-17 19:00:49.462665856,2025-12-17,False
imap_idex_l1b_sci-10days_20251216_v001.0004.cdf,36,819274856184353024,2025-12-17T20:19:47.000353024,HS ADC0I trigger (TOF HG),HGThreshold,0.171955, ,-1e+31, ,-1e+31,2025-12-17 20:19:47.000353024,2025-12-17,False
imap_idex_l1b_sci-10days_20251216_v001.0004.cdf,37,819288465376953856,2025-12-18T00:06:36.192953856,HS ADC0I trigger (TOF HG),HGThreshold,0.171955, ,-1e+31, ,-1e+31,2025-12-18 00:06:36.192953856,2025-12-18,False
imap_idex_l1b_sci-10days_20251216_v001.0004.cdf,38,819299805980862336,2025-12-18T03:15:36.796862336,HS ADC0I trigger (TOF HG),HGThreshold,0.171955, ,-1e+31, ,-1e+31,2025-12-18 03:15:36.796862336,2025-12-18,False
imap_idex_l1b_sci-10days_20251216_v001.0004.cdf,39,819305778459226624,2025-12-18T04:55:09.275226624,HS ADC0I trigger (TOF HG),HGThreshold,0.171955, ,-1e+31, ,-1e+31,2025-12-18 04:55:09.275226624,2025-12-18,False
imap_idex_l1b_sci-10days_20251216_v001.0004.cdf,40,819308341344677120,2025-12-18T05:37:52.160677120,HS ADC0I trigger (TOF HG),HGThreshold,0.171955, ,-1e+31, ,-1e+31,2025-12-18 05:37:52.160677120,2025-12-18,False
imap_idex_l1b_sci-10days_20251216_v001.0004.cdf,41,819312501903220096,2025-12-18T06:47:12.719220096,HS ADC0I trigger (TOF HG),HGThreshold,0.171955, ,-1e+31, ,-1e+31,2025-12-18 06:47:12.719220096,2025-12-18,False
imap_idex_l1b_sci-10days_20251216_v001.0004.cdf,42,819313206471170816,2025-12-18T06:58:57.287170816,HS ADC0I trigger (TOF HG),HGThreshold,0.171955, ,-1e+31, ,-1e+31,2025-12-18 06:58:57.287170816,2025-12-18,False
imap_idex_l1b_sci-10days_20251216_v001.0004.cdf,43,819320392009931264,2025-12-18T08:58:42.825931264,HS ADC0I trigger (TOF HG),HGThreshold,0.171955, ,-1e+31, ,-1e+31,2025-12-18 08:58:42.825931264,2025-12-18,False
imap_idex_l1b_sci-10days_20251216_v001.0004.cdf,44,819320415065550848,2025-12-18T08:59:05.881550848,HS ADC0I trigger (TOF HG),HGThreshold,0.171955, ,-1e+31, ,-1e+31,2025-12-18 08:59:05.881550848,2025-12-18,False
imap_idex_l1b_sci-10days_20251216_v001.0004.cdf,45,819325980732418560,2025-12-18T10:31:51.548418560,HS ADC0I trigger (TOF HG),HGThreshold,0.171955, ,-1e+31, ,-1e+31,2025-12-18 10:31:51.548418560,2025-12-18,False
imap_idex_l1b_sci-10days_20251216_v001.0004.cdf,46,819331492513214464,2025-12-18T12:03:43.329214464,HS ADC0I trigger (TOF HG),HGThreshold,0.171955, ,-1e+31, ,-1e+31,2025-12-18 12:03:43.329214464,2025-12-18,False
imap_idex_l1b_sci-10days_20251216_v001.0004.cdf,47,819375489434174336,2025-12-19T00:17:00.250174336,HS ADC0I trigger (TOF HG),HGThreshold,0.171955, ,-1e+31, ,-1e+31,2025-12-19 00:17:00.250174336,2025-12-19,False
imap_idex_l1b_sci-10days_20251216_v001.0004.cdf,48,819378500358406272,2025-12-19T01:07:11.174406272,HS ADC0I trigger (TOF HG),HGThreshold,0.171955, ,-1e+31, ,-1e+31,2025-12-19 01:07:11.174406272,2025-12-19,False
imap_idex_l1b_sci-10days_20251216_v001.0004.cdf,49,819393909350030080,2025-12-19T05:24:00.166030080,HS ADC0I trigger (TOF HG),HGThreshold,0.171955, ,-1e+31, ,-1e+31,2025-12-19 05:24:00.166030080,2025-12-19,False
imap_idex_l1b_sci-10days_20251216_v001.0004.cdf,50,819397207931925248,2025-12-19T06:18:58.747925248,HS ADC0I trigger (TOF HG),HGThreshold,0.171955, ,-1e+31, ,-1e+31,2025-12-19 06:18:58.747925248,2025-12-19,False
imap_idex_l1b_sci-10days_20251216_v001.0004.cdf,51,819401059647526784,2025-12-19T07:23:10.463526784,HS ADC0I trigger (TOF HG),HGThreshold,0.171955, ,-1e+31, ,-1e+31,2025-12-19 07:23:10.463526784,2025-12-19,False
imap_idex_l1b_sci-10days_20251216_v001.0004.cdf,52,819404502613553024,2025-12-19T08:20:33.429553024,HS ADC0I trigger (TOF HG),HGThreshold,0.171955, ,-1e+31, ,-1e+31,2025-12-19 08:20:33.429553024,2025-12-19,False
imap_idex_l1b_sci-10days_20251216_v001.0004.cdf,53,819409673900796416,2025-12-19T09:46:44.716796416,HS ADC0I trigger (TOF HG),HGThreshold,0.171955, ,-1e+31, ,-1e+31,2025-12-19 09:46:44.716796416,2025-12-19,False
imap_idex_l1b_sci-10days_20251216_v001.0004.cdf,54,819411735388596096,2025-12-19T10:21:06.204596096,HS ADC0I trigger (TOF HG),HGThreshold,0.171955, ,-1e+31, ,-1e+31,2025-12-19 10:21:06.204596096,2025-12-19,False
imap_idex_l1b_sci-10days_20251216_v001.0004.cdf,55,819413798352894464,2025-12-19T10:55:29.168894464,HS ADC0I trigger (TOF HG),HGThreshold,0.171955, ,-1e+31, ,-1e+31,2025-12-19 10:55:29.168894464,2025-12-19,False
imap_idex_l1b_sci-10days_20251216_v001.0004.cdf,56,819433472353130624,2025-12-19T16:23:23.169130624,HS ADC0I trigger (TOF HG),HGThreshold,0.171955, ,-1e+31, ,-1e+31,2025-12-19 16:23:23.169130624,2025-12-19,False
imap_idex_l1b_sci-10days_20251216_v001.0004.cdf,57,819454152276006400,2025-12-19T22:08:03.092006400,HS ADC0I trigger (TOF HG),HGThreshold,0.171955, ,-1e+31, ,-1e+31,2025-12-19 22:08:03.092006400,2025-12-19,False
imap_idex_l1b_sci-10days_20251216_v001.0004.cdf,58,819472640954594944,2025-12-20T03:16:11.770594944,HS ADC0I trigger (TOF HG),HGThreshold,0.171955, ,-1e+31, ,-1e+31,2025-12-20 03:16:11.770594944,2025-12-20,False
imap_idex_l1b_sci-10days_20251216_v001.0004.cdf,59,819473927647345920,2025-12-20T03:37:38.463345920,HS ADC0I trigger (TOF HG),HGThreshold,0.171955, ,-1e+31, ,-1e+31,2025-12-20 03:37:38.463345920,2025-12-20,False
imap_idex_l1b_sci-10days_20251216_v001.0004.cdf,60,819479916086337920,2025-12-20T05:17:26.902337920,HS ADC0I trigger (TOF HG),HGThreshold,0.171955, ,-1e+31, ,-1e+31,2025-12-20 05:17:26.902337920,2025-12-20,False
imap_idex_l1b_sci-10days_20251216_v001.0004.cdf,61,819481669507612032,2025-12-20T05:46:40.323612032,HS ADC0I trigger (TOF HG),HGThreshold,0.171955, ,-1e+31, ,-1e+31,2025-12-20 05:46:40.323612032,2025-12-20,False
imap_idex_l1b_sci-10days_20251216_v001.0004.cdf,62,819481705075960320,2025-12-20T05:47:15.891960320,HS ADC0I trigger (TOF HG),HGThreshold,0.171955, ,-1e+31, ,-1e+31,2025-12-20 05:47:15.891960320,2025-12-20,False
imap_idex_l1b_sci-10days_20251216_v001.0004.cdf,63,819483709642510080,2025-12-20T06:20:40.458510080,HS ADC0I trigger (TOF HG),HGThreshold,0.171955, ,-1e+31, ,-1e+31,2025-12-20 06:20:40.458510080,2025-12-20,False
imap_idex_l1b_sci-10days_20251216_v001.0004.cdf,64,819484768163824768,2025-12-20T06:38:18.979824768,HS ADC0I trigger (TOF HG),HGThreshold,0.171955, ,-1e+31, ,-1e+31,2025-12-20 06:38:18.979824768,2025-12-20,False
imap_idex_l1b_sci-10days_20251216_v001.0004.cdf,65,819492371089934976,2025-12-20T08:45:01.905934976,HS ADC0I trigger (TOF HG),HGThreshold,0.171955, ,-1e+31, ,-1e+31,2025-12-20 08:45:01.905934976,2025-12-20,False
imap_idex_l1b_sci-10days_20251216_v001.0004.cdf,66,819499072090530688,2025-12-20T10:36:42.906530688,HS ADC0I trigger (TOF HG),HGThreshold,0.171955, ,-1e+31, ,-1e+31,2025-12-20 10:36:42.906530688,2025-12-20,False
imap_idex_l1b_sci-10days_20251216_v001.0004.cdf,67,819500081372589312,2025-12-20T10:53:32.188589312,HS ADC0I trigger (TOF HG),HGThreshold,0.171955, ,-1e+31, ,-1e+31,2025-12-20 10:53:32.188589312,2025-12-20,False
imap_idex_l1b_sci-10days_20251216_v001.0004.cdf,68,819500208245576064,2025-12-20T10:55:39.061576064,HS ADC0I trigger (TOF HG),HGThreshold,0.171955, ,-1e+31, ,-1e+31,2025-12-20 10:55:39.061576064,2025-12-20,False
imap_idex_l1b_sci-10days_20251216_v001.0004.cdf,69,819503380010843392,2025-12-20T11:48:30.826843392,HS ADC0I trigger (TOF HG),HGThreshold,0.171955, ,-1e+31, ,-1e+31,2025-12-20 11:48:30.826843392,2025-12-20,False
imap_idex_l1b_sci-10days_20251216_v001.0004.cdf,70,819527871778212608,2025-12-20T18:36:42.594212608,HS ADC0I trigger (TOF HG),HGThreshold,0.171955, ,-1e+31, ,-1e+31,2025-12-20 18:36:42.594212608,2025-12-20,False
imap_idex_l1b_sci-10days_20251216_v001.0004.cdf,71,819533247278435328,2025-12-20T20:06:18.094435328,HS ADC0I trigger (TOF HG),HGThreshold,0.171955, ,-1e+31, ,-1e+31,2025-12-20 20:06:18.094435328,2025-12-20,False
imap_idex_l1b_sci-10days_20251216_v001.0004.cdf,72,819539262046487680,2025-12-20T21:46:32.862487680,HS ADC0I trigger (TOF HG),HGThreshold,0.171955, ,-1e+31, ,-1e+31,2025-12-20 21:46:32.862487680,2025-12-20,False
imap_idex_l1b_sci-10days_20251216_v001.0004.cdf,73,819543010741402368,2025-12-20T22:49:01.557402368,HS ADC0I trigger (TOF HG),HGThreshold,0.171955, ,-1e+31, ,-1e+31,2025-12-20 22:49:01.557402368,2025-12-20,False
imap_idex_l1b_sci-10days_20251216_v001.0004.cdf,74,819543653535068800,2025-12-20T22:59:44.351068800,HS ADC0I trigger (TOF HG),HGThreshold,0.171955, ,-1e+31, ,-1e+31,2025-12-20 22:59:44.351068800,2025-12-20,False
imap_idex_l1b_sci-10days_20251216_v001.0004.cdf,75,819554456785807872,2025-12-21T01:59:47.601807872,HS ADC0I trigger (TOF HG),HGThreshold,0.171955, ,-1e+31, ,-1e+31,2025-12-21 01:59:47.601807872,2025-12-21,False
imap_idex_l1b_sci-10days_20251216_v001.0004.cdf,76,819566309002510848,2025-12-21T05:17:19.818510848,HS ADC0I trigger (TOF HG),HGThreshold,0.171955, ,-1e+31, ,-1e+31,2025-12-21 05:17:19.818510848,2025-12-21,False
imap_idex_l1b_sci-10days_20251216_v001.0004.cdf,77,819568455016795648,2025-12-21T05:53:05.832795648,HS ADC0I trigger (TOF HG),HGThreshold,0.171955, ,-1e+31, ,-1e+31,2025-12-21 05:53:05.832795648,2025-12-21,False
imap_idex_l1b_sci-10days_20251216_v001.0004.cdf,78,819575018062798720,2025-12-21T07:42:28.878798720,HS ADC0I trigger (TOF HG),HGThreshold,0.171955, ,-1e+31, ,-1e+31,2025-12-21 07:42:28.878798720,2025-12-21,False
imap_idex_l1b_sci-10days_20251216_v001.0004.cdf,79,819579306109952000,2025-12-21T08:53:56.925952000,HS ADC0I trigger (TOF HG),HGThreshold,0.171955, ,-1e+31, ,-1e+31,2025-12-21 08:53:56.925952000,2025-12-21,False
imap_idex_l1b_sci-10days_20251216_v001.0004.cdf,80,819588063522456832,2025-12-21T11:19:54.338456832,HS ADC0I trigger (TOF HG),HGThreshold,0.171955, ,-1e+31, ,-1e+31,2025-12-21 11:19:54.338456832,2025-12-21,False
imap_idex_l1b_sci-10days_20251216_v001.0004.cdf,81,819588734089598336,2025-12-21T11:31:04.905598336,HS ADC0I trigger (TOF HG),HGThreshold,0.171955, ,-1e+31, ,-1e+31,2025-12-21 11:31:04.905598336,2025-12-21,False
imap_idex_l1b_sci-10days_20251216_v001.0004.cdf,82,819589197172045056,2025-12-21T11:38:47.988045056,HS ADC0I trigger (TOF HG),HGThreshold,0.171955, ,-1e+31, ,-1e+31,2025-12-21 11:38:47.988045056,2025-12-21,False
imap_idex_l1b_sci-10days_20251216_v001.0004.cdf,83,819592610674598912,2025-12-21T12:35:41.490598912,HS ADC0I trigger (TOF HG),HGThreshold,0.171955, ,-1e+31, ,-1e+31,2025-12-21 12:35:41.490598912,2025-12-21,False
imap_idex_l1b_sci-10days_20251216_v001.0004.cdf,84,819600683745794432,2025-12-21T14:50:14.561794432,HS ADC0I trigger (TOF HG),HGThreshold,0.171955, ,-1e+31, ,-1e+31,2025-12-21 14:50:14.561794432,2025-12-21,False
imap_idex_l1b_sci-10days_20251216_v001.0004.cdf,85,819604134145655168,2025-12-21T15:47:44.961655168,HS ADC0I trigger (TOF HG),HGThreshold,0.171955, ,-1e+31, ,-1e+31,2025-12-21 15:47:44.961655168,2025-12-21,False
imap_idex_l1b_sci-10days_20251216_v001.0004.cdf,86,819607882825649920,2025-12-21T16:50:13.641649920,HS ADC0I trigger (TOF HG),HGThreshold,0.171955, ,-1e+31, ,-1e+31,2025-12-21 16:50:13.641649920,2025-12-21,False
imap_idex_l1b_sci-10days_20251216_v001.0004.cdf,87,819611690257072128,2025-12-21T17:53:41.073072128,HS ADC0I trigger (TOF HG),HGThreshold,0.171955, ,-1e+31, ,-1e+31,2025-12-21 17:53:41.073072128,2025-12-21,False
imap_idex_l1b_sci-10days_20251216_v001.0004.cdf,88,819614571439040768,2025-12-21T18:41:42.255040768,HS ADC0I trigger (TOF HG),HGThreshold,0.171955, ,-1e+31, ,-1e+31,2025-12-21 18:41:42.255040768,2025-12-21,False
imap_idex_l1b_sci-10days_20251216_v001.0004.cdf,89,819625507606961280,2025-12-21T21:43:58.422961280,HS ADC0I trigger (TOF HG),HGThreshold,0.171955, ,-1e+31, ,-1e+31,2025-12-21 21:43:58.422961280,2025-12-21,False
imap_idex_l1b_sci-10days_20251216_v001.0004.cdf,90,819627813091163904,2025-12-21T22:22:23.907163904,HS ADC0I trigger (TOF HG),HGThreshold,0.171955, ,-1e+31, ,-1e+31,2025-12-21 22:22:23.907163904,2025-12-21,False
imap_idex_l1b_sci-10days_20251216_v001.0004.cdf,91,819629225976882944,2025-12-21T22:45:56.792882944,HS ADC0I trigger (TOF HG),HGThreshold,0.171955, ,-1e+31, ,-1e+31,2025-12-21 22:45:56.792882944,2025-12-21,False
imap_idex_l1b_sci-10days_20251216_v001.0004.cdf,92,819631104233626752,2025-12-21T23:17:15.049626752,HS ADC0I trigger (TOF HG),HGThreshold,0.171955, ,-1e+31, ,-1e+31,2025-12-21 23:17:15.049626752,2025-12-21,False
imap_idex_l1b_sci-10days_20251216_v001.0004.cdf,93,819632976118496256,2025-12-21T23:48:26.934496256,HS ADC0I trigger (TOF HG),HGThreshold,0.171955, ,-1e+31, ,-1e+31,2025-12-21 23:48:26.934496256,2025-12-21,False
imap_idex_l1b_sci-10days_20251216_v001.0004.cdf,94,819635031578281984,2025-12-22T00:22:42.394281984,HS ADC0I trigger (TOF HG),HGThreshold,0.171955, ,-1e+31, ,-1e+31,2025-12-22 00:22:42.394281984,2025-12-22,False
imap_idex_l1b_sci-10days_20251216_v001.0004.cdf,95,819637386309840512,2025-12-22T01:01:57.125840512,HS ADC0I trigger (TOF HG),HGThreshold,0.171955, ,-1e+31, ,-1e+31,2025-12-22 01:01:57.125840512,2025-12-22,False
imap_idex_l1b_sci-10days_20251216_v001.0004.cdf,96,819638961122195200,2025-12-22T01:28:11.938195200,HS ADC0I trigger (TOF HG),HGThreshold,0.171955, ,-1e+31, ,-1e+31,2025-12-22 01:28:11.938195200,2025-12-22,False
imap_idex_l1b_sci-10days_20251216_v001.0004.cdf,97,819641202344855168,2025-12-22T02:05:33.160855168,HS ADC0I trigger (TOF HG),HGThreshold,0.171955, ,-1e+31, ,-1e+31,2025-12-22 02:05:33.160855168,2025-12-22,False
imap_idex_l1b_sci-10days_20251216_v001.0004.cdf,98,819649977794963840,2025-12-22T04:31:48.610963840,HS ADC0I trigger (TOF HG),HGThreshold,0.171955, ,-1e+31, ,-1e+31,2025-12-22 04:31:48.610963840,2025-12-22,False
imap_idex_l1b_sci-10days_20251216_v001.0004.cdf,99,819651658141044352,2025-12-22T04:59:48.957044352,HS ADC0I trigger (TOF HG),HGThreshold,0.171955, ,-1e+31, ,-1e+31,2025-12-22 04:59:48.957044352,2025-12-22,False
imap_idex_l1b_sci-10days_20251216_v001.0004.cdf,100,819654087898316032,2025-12-22T05:40:18.714316032,HS ADC0I trigger (TOF HG),HGThreshold,0.171955, ,-1e+31, ,-1e+31,2025-12-22 05:40:18.714316032,2025-12-22,False
imap_idex_l1b_sci-10days_20251216_v001.0004.cdf,101,819661611146442112,2025-12-22T07:45:41.962442112,HS ADC0I trigger (TOF HG),HGThreshold,0.171955, ,-1e+31, ,-1e+31,2025-12-22 07:45:41.962442112,2025-12-22,False
imap_idex_l1b_sci-10days_20251216_v001.0004.cdf,102,819668469210921856,2025-12-22T09:40:00.026921856,HS ADC0I trigger (TOF HG),HGThreshold,0.171955, ,-1e+31, ,-1e+31,2025-12-22 09:40:00.026921856,2025-12-22,False
imap_idex_l1b_sci-10days_20251216_v001.0004.cdf,103,819672660817601152,2025-12-22T10:49:51.633601152,HS ADC0I trigger (TOF HG),HGThreshold,0.171955, ,-1e+31, ,-1e+31,2025-12-22 10:49:51.633601152,2025-12-22,False
imap_idex_l1b_sci-10days_20251216_v001.0004.cdf,104,819677595787977344,2025-12-22T12:12:06.603977344,HS ADC0I trigger (TOF HG),HGThreshold,0.171955, ,-1e+31, ,-1e+31,2025-12-22 12:12:06.603977344,2025-12-22,False
imap_idex_l1b_sci-10days_20251216_v001.0004.cdf,105,819686868055282560,2025-12-22T14:46:38.871282560,HS ADC0I trigger (TOF HG),HGThreshold,0.171955, ,-1e+31, ,-1e+31,2025-12-22 14:46:38.871282560,2025-12-22,False
imap_idex_l1b_sci-10days_20251216_v001.0004.cdf,106,819695926271058944,2025-12-22T17:17:37.087058944,HS ADC0I trigger (TOF HG),HGThreshold,0.171955, ,-1e+31, ,-1e+31,2025-12-22 17:17:37.087058944,2025-12-22,False
imap_idex_l1b_sci-10days_20251216_v001.0004.cdf,107,819696126510400128,2025-12-22T17:20:57.326400128,HS ADC0I trigger (TOF HG),HGThreshold,0.171955, ,-1e+31, ,-1e+31,2025-12-22 17:20:57.326400128,2025-12-22,False
imap_idex_l1b_sci-10days_20251216_v001.0004.cdf,108,819698778026354048,2025-12-22T18:05:08.842354048,HS ADC0I trigger (TOF HG),HGThreshold,0.171955, ,-1e+31, ,-1e+31,2025-12-22 18:05:08.842354048,2025-12-22,False
imap_idex_l1b_sci-10days_20251216_v001.0004.cdf,109,819699099411667072,2025-12-22T18:10:30.227667072,HS ADC0I trigger (TOF HG),HGThreshold,0.171955, ,-1e+31, ,-1e+31,2025-12-22 18:10:30.227667072,2025-12-22,False
imap_idex_l1b_sci-10days_20251216_v001.0004.cdf,110,819699171591982720,2025-12-22T18:11:42.407982720,HS ADC0I trigger (TOF HG),HGThreshold,0.171955, ,-1e+31, ,-1e+31,2025-12-22 18:11:42.407982720,2025-12-22,False
imap_idex_l1b_sci-10days_20251216_v001.0004.cdf,111,819711207307241856,2025-12-22T21:32:18.123241856,HS ADC0I trigger (TOF HG),HGThreshold,0.171955, ,-1e+31, ,-1e+31,2025-12-22 21:32:18.123241856,2025-12-22,False
imap_idex_l1b_sci-10days_20251216_v001.0004.cdf,112,819716927898357376,2025-12-22T23:07:38.714357376,HS ADC0I trigger (TOF HG),HGThreshold,0.171955, ,-1e+31, ,-1e+31,2025-12-22 23:07:38.714357376,2025-12-22,False
imap_idex_l1b_sci-10days_20251216_v001.0004.cdf,113,819741706221870464,2025-12-23T06:00:37.037870464,HS ADC0I trigger (TOF HG),HGThreshold,0.171955, ,-1e+31, ,-1e+31,2025-12-23 06:00:37.037870464,2025-12-23,False
imap_idex_l1b_sci-10days_20251216_v001.0004.cdf,114,819744510519208576,2025-12-23T06:47:21.335208576,HS ADC0I trigger (TOF HG),HGThreshold,0.171955, ,-1e+31, ,-1e+31,2025-12-23 06:47:21.335208576,2025-12-23,False
imap_idex_l1b_sci-10days_20251216_v001.0004.cdf,115,819746893917542144,2025-12-23T07:27:04.733542144,HS ADC0I trigger (TOF HG),HGThreshold,0.171955, ,-1e+31, ,-1e+31,2025-12-23 07:27:04.733542144,2025-12-23,False
imap_idex_l1b_sci-10days_20251216_v001.0004.cdf,116,819756604822038016,2025-12-23T10:08:55.638038016,HS ADC0I trigger (TOF HG),HGThreshold,0.171955, ,-1e+31, ,-1e+31,2025-12-23 10:08:55.638038016,2025-12-23,False
imap_idex_l1b_sci-10days_20251216_v001.0004.cdf,117,819757046249884288,2025-12-23T10:16:17.065884288,HS ADC0I trigger (TOF HG),HGThreshold,0.171955, ,-1e+31, ,-1e+31,2025-12-23 10:16:17.065884288,2025-12-23,False
imap_idex_l1b_sci-10days_20251216_v001.0004.cdf,118,819766219761579648,2025-12-23T12:49:10.577579648,HS ADC0I trigger (TOF HG),HGThreshold,0.171955, ,-1e+31, ,-1e+31,2025-12-23 12:49:10.577579648,2025-12-23,False
imap_idex_l1b_sci-10days_20251216_v001.0004.cdf,119,819766470950715520,2025-12-23T12:53:21.766715520,HS ADC0I trigger (TOF HG),HGThreshold,0.171955, ,-1e+31, ,-1e+31,2025-12-23 12:53:21.766715520,2025-12-23,False
imap_idex_l1b_sci-10days_20251216_v001.0004.cdf,120,819766790706910208,2025-12-23T12:58:41.522910208,HS ADC0I trigger (TOF HG),HGThreshold,0.171955, ,-1e+31, ,-1e+31,2025-12-23 12:58:41.522910208,2025-12-23,False
imap_idex_l1b_sci-10days_20251216_v001.0004.cdf,121,819773401381512448,2025-12-23T14:48:52.197512448,HS ADC0I trigger (TOF HG),HGThreshold,0.171955, ,-1e+31, ,-1e+31,2025-12-23 14:48:52.197512448,2025-12-23,False
imap_idex_l1b_sci-10days_20251216_v001.0004.cdf,122,819785416229392896,2025-12-23T18:09:07.045392896,HS ADC0I trigger (TOF HG),HGThreshold,0.171955, ,-1e+31, ,-1e+31,2025-12-23 18:09:07.045392896,2025-12-23,False
imap_idex_l1b_sci-10days_20251216_v001.0004.cdf,123,819786487954956544,2025-12-23T18:26:58.770956544,HS ADC0I trigger (TOF HG),HGThreshold,0.171955, ,-1e+31, ,-1e+31,2025-12-23 18:26:58.770956544,2025-12-23,False
imap_idex_l1b_sci-10days_20251216_v001.0004.cdf,124,819787454237834624,2025-12-23T18:43:05.053834624,HS ADC0I trigger (TOF HG),HGThreshold,0.171955, ,-1e+31, ,-1e+31,2025-12-23 18:43:05.053834624,2025-12-23,False
imap_idex_l1b_sci-10days_20251216_v001.0004.cdf,125,819791019367453696,2025-12-23T19:42:30.183453696,HS ADC0I trigger (TOF HG),HGThreshold,0.171955, ,-1e+31, ,-1e+31,2025-12-23 19:42:30.183453696,2025-12-23,False
imap_idex_l1b_sci-10days_20251216_v001.0004.cdf,126,819795283260649600,2025-12-23T20:53:34.076649600,HS ADC0I trigger (TOF HG),HGThreshold,0.171955, ,-1e+31, ,-1e+31,2025-12-23 20:53:34.076649600,2025-12-23,False
imap_idex_l1b_sci-10days_20251216_v001.0004.cdf,127,819796695643869440,2025-12-23T21:17:06.459869440,HS ADC0I trigger (TOF HG),HGThreshold,0.171955, ,-1e+31, ,-1e+31,2025-12-23 21:17:06.459869440,2025-12-23,False
imap_idex_l1b_sci-10days_20251216_v001.0004.cdf,128,819800038262007168,2025-12-23T22:12:49.078007168,HS ADC0I trigger (TOF HG),HGThreshold,0.171955, ,-1e+31, ,-1e+31,2025-12-23 22:12:49.078007168,2025-12-23,False
imap_idex_l1b_sci-10days_20251216_v001.0004.cdf,129,819800722760136448,2025-12-23T22:24:13.576136448,HS ADC0I trigger (TOF HG),HGThreshold,0.171955, ,-1e+31, ,-1e+31,2025-12-23 22:24:13.576136448,2025-12-23,False
imap_idex_l1b_sci-10days_20251216_v001.0004.cdf,130,819808523048217856,2025-12-24T00:34:13.864217856,HS ADC0I trigger (TOF HG),HGThreshold,0.171955, ,-1e+31, ,-1e+31,2025-12-24 00:34:13.864217856,2025-12-24,False
imap_idex_l1b_sci-10days_20251216_v001.0004.cdf,131,819810359508700160,2025-12-24T01:04:50.324700160,HS ADC0I trigger (TOF HG),HGThreshold,0.171955, ,-1e+31, ,-1e+31,2025-12-24 01:04:50.324700160,2025-12-24,False
imap_idex_l1b_sci-10days_20251216_v001.0004.cdf,132,819814702949426816,2025-12-24T02:17:13.765426816,HS ADC0I trigger (TOF HG),HGThreshold,0.171955, ,-1e+31, ,-1e+31,2025-12-24 02:17:13.765426816,2025-12-24,False
imap_idex_l1b_sci-10days_20251216_v001.0004.cdf,133,819817894628820608,2025-12-24T03:10:25.444820608,HS ADC0I trigger (TOF HG),HGThreshold,0.171955, ,-1e+31, ,-1e+31,2025-12-24 03:10:25.444820608,2025-12-24,False
imap_idex_l1b_sci-10days_20251216_v001.0004.cdf,134,819818338928104448,2025-12-24T03:17:49.744104448,HS ADC0I trigger (TOF HG),HGThreshold,0.171955, ,-1e+31, ,-1e+31,2025-12-24 03:17:49.744104448,2025-12-24,False
imap_idex_l1b_sci-10days_20251216_v001.0004.cdf,135,819818405861244800,2025-12-24T03:18:56.677244800,HS ADC0I trigger (TOF HG),HGThreshold,0.171955, ,-1e+31, ,-1e+31,2025-12-24 03:18:56.677244800,2025-12-24,False
imap_idex_l1b_sci-10days_20251216_v001.0004.cdf,136,819822450576737920,2025-12-24T04:26:21.392737920,HS ADC0I trigger (TOF HG),HGThreshold,0.171955, ,-1e+31, ,-1e+31,2025-12-24 04:26:21.392737920,2025-12-24,False
imap_idex_l1b_sci-10days_20251216_v001.0004.cdf,137,819827737022583424,2025-12-24T05:54:27.838583424,HS ADC0I trigger (TOF HG),HGThreshold,0.171955, ,-1e+31, ,-1e+31,2025-12-24 05:54:27.838583424,2025-12-24,False
imap_idex_l1b_sci-10days_20251216_v001.0004.cdf,138,819828320732543104,2025-12-24T06:04:11.548543104,HS ADC0I trigger (TOF HG),HGThreshold,0.171955, ,-1e+31, ,-1e+31,2025-12-24 06:04:11.548543104,2025-12-24,False
imap_idex_l1b_sci-10days_20251216_v001.0004.cdf,139,819831303107583360,2025-12-24T06:53:53.923583360,HS ADC0I trigger (TOF HG),HGThreshold,0.171955, ,-1e+31, ,-1e+31,2025-12-24 06:53:53.923583360,2025-12-24,False
imap_idex_l1b_sci-10days_20251216_v001.0004.cdf,140,819837992065118592,2025-12-24T08:45:22.881118592,HS ADC0I trigger (TOF HG),HGThreshold,0.171955, ,-1e+31, ,-1e+31,2025-12-24 08:45:22.881118592,2025-12-24,False
imap_idex_l1b_sci-10days_20251216_v001.0004.cdf,141,819839775178988288,2025-12-24T09:15:05.994988288,HS ADC0I trigger (TOF HG),HGThreshold,0.171955, ,-1e+31, ,-1e+31,2025-12-24 09:15:05.994988288,2025-12-24,False
imap_idex_l1b_sci-10days_20251216_v001.0004.cdf,142,819842888888011776,2025-12-24T10:06:59.704011776,HS ADC0I trigger (TOF HG),HGThreshold,0.171955, ,-1e+31, ,-1e+31,2025-12-24 10:06:59.704011776,2025-12-24,False
imap_idex_l1b_sci-10days_20251216_v001.0004.cdf,143,819856180535438720,2025-12-24T13:48:31.351438720,HS ADC0I trigger (TOF HG),HGThreshold,0.171955, ,-1e+31, ,-1e+31,2025-12-24 13:48:31.351438720,2025-12-24,False
imap_idex_l1b_sci-10days_20251216_v001.0004.cdf,144,819863824223242368,2025-12-24T15:55:55.039242368,HS ADC0I trigger (TOF HG),HGThreshold,0.171955, ,-1e+31, ,-1e+31,2025-12-24 15:55:55.039242368,2025-12-24,False
imap_idex_l1b_sci-10days_20251216_v001.0004.cdf,145,819869659927698432,2025-12-24T17:33:10.743698432,HS ADC0I trigger (TOF HG),HGThreshold,0.171955, ,-1e+31, ,-1e+31,2025-12-24 17:33:10.743698432,2025-12-24,False
imap_idex_l1b_sci-10days_20251216_v001.0004.cdf,146,819874059472814976,2025-12-24T18:46:30.288814976,HS ADC0I trigger (TOF HG),HGThreshold,0.171955, ,-1e+31, ,-1e+31,2025-12-24 18:46:30.288814976,2025-12-24,False
imap_idex_l1b_sci-10days_20251216_v001.0004.cdf,147,819877720237930368,2025-12-24T19:47:31.053930368,HS ADC0I trigger (TOF HG),HGThreshold,0.171955, ,-1e+31, ,-1e+31,2025-12-24 19:47:31.053930368,2025-12-24,False
imap_idex_l1b_sci-10days_20251216_v001.0004.cdf,148,819878288198524032,2025-12-24T19:56:59.014524032,HS ADC0I trigger (TOF HG),HGThreshold,0.171955, ,-1e+31, ,-1e+31,2025-12-24 19:56:59.014524032,2025-12-24,False
imap_idex_l1b_sci-10days_20251216_v001.0004.cdf,149,819887067434795008,2025-12-24T22:23:18.250795008,HS ADC0I trigger (TOF HG),HGThreshold,0.171955, ,-1e+31, ,-1e+31,2025-12-24 22:23:18.250795008,2025-12-24,False
imap_idex_l1b_sci-10days_20251216_v001.0004.cdf,150,819892984236698624,2025-12-25T00:01:55.052698624,SW trigger,HGThreshold,0.289, ,-1e+31, ,-1e+31,2025-12-25 00:01:55.052698624,2025-12-25,False
imap_idex_l1b_sci-10days_20251216_v001.0004.cdf,151,819892990237533184,2025-12-25T00:02:01.053533184,HS ADC0I trigger (TOF HG),HGThreshold,0.289, ,-1e+31, ,-1e+31,2025-12-25 00:02:01.053533184,2025-12-25,False
imap_idex_l1b_sci-10days_20251216_v001.0004.cdf,152,819892998237486080,2025-12-25T00:02:09.053486080,HS ADC0I trigger (TOF HG),HGThreshold,0.289, ,-1e+31, ,-1e+31,2025-12-25 00:02:09.053486080,2025-12-25,False
imap_idex_l1b_sci-10days_20251216_v001.0004.cdf,153,819893006237438976,2025-12-25T00:02:17.053438976,HS ADC0I trigger (TOF HG),HGThreshold,0.289, ,-1e+31, ,-1e+31,2025-12-25 00:02:17.053438976,2025-12-25,False
imap_idex_l1b_sci-10days_20251216_v001.0004.cdf,154,819893014237371776,2025-12-25T00:02:25.053371776,HS ADC0I trigger (TOF HG),HGThreshold,0.289, ,-1e+31, ,-1e+31,2025-12-25 00:02:25.053371776,2025-12-25,False
imap_idex_l1b_sci-10days_20251216_v001.0004.cdf,155,819893022237324672,2025-12-25T00:02:33.053324672,HS ADC0I trigger (TOF HG),HGThreshold,0.289, ,-1e+31, ,-1e+31,2025-12-25 00:02:33.053324672,2025-12-25,False
imap_idex_l1b_sci-10days_20251216_v001.0004.cdf,156,819893036236352256,2025-12-25T00:02:47.052352256,SW trigger,HGThreshold,0.289, ,-1e+31, ,-1e+31,2025-12-25 00:02:47.052352256,2025-12-25,False
imap_idex_l1b_sci-10days_20251216_v001.0004.cdf,157,819893048236281472,2025-12-25T00:02:59.052281472,SW trigger,HGThreshold,0.289, ,-1e+31, ,-1e+31,2025-12-25 00:02:59.052281472,2025-12-25,False
imap_idex_l1b_sci-10days_20251216_v001.0004.cdf,158,819893060236210944,2025-12-25T00:03:11.052210944,SW trigger,HGThreshold,0.289, ,-1e+31, ,-1e+31,2025-12-25 00:03:11.052210944,2025-12-25,False
imap_idex_l1b_sci-10days_20251216_v001.0004.cdf,159,819893072236120192,2025-12-25T00:03:23.052120192,SW trigger,HGThreshold,0.289, ,-1e+31, ,-1e+31,2025-12-25 00:03:23.052120192,2025-12-25,False
imap_idex_l1b_sci-10days_20251216_v001.0004.cdf,160,819903304859915136,2025-12-25T02:53:55.675915136,HS ADC0I trigger (TOF HG),HGThreshold,0.171955, ,-1e+31, ,-1e+31,2025-12-25 02:53:55.675915136,2025-12-25,False
imap_idex_l1b_sci-10days_20251216_v001.0004.cdf,161,819906013363759872,2025-12-25T03:39:04.179759872,HS ADC0I trigger (TOF HG),HGThreshold,0.171955, ,-1e+31, ,-1e+31,2025-12-25 03:39:04.179759872,2025-12-25,False
imap_idex_l1b_sci-10days_20251216_v001.0004.cdf,162,819907962503681536,2025-12-25T04:11:33.319681536,HS ADC0I trigger (TOF HG),HGThreshold,0.171955, ,-1e+31, ,-1e+31,2025-12-25 04:11:33.319681536,2025-12-25,False
imap_idex_l1b_sci-10days_20251216_v001.0004.cdf,163,819908734472473088,2025-12-25T04:24:25.288473088,HS ADC0I trigger (TOF HG),HGThreshold,0.171955, ,-1e+31, ,-1e+31,2025-12-25 04:24:25.288473088,2025-12-25,False
imap_idex_l1b_sci-10days_20251216_v001.0004.cdf,164,819908819167637632,2025-12-25T04:25:49.983637632,HS ADC0I trigger (TOF HG),HGThreshold,0.171955, ,-1e+31, ,-1e+31,2025-12-25 04:25:49.983637632,2025-12-25,False
imap_idex_l1b_sci-10days_20251216_v001.0004.cdf,165,819909359606595712,2025-12-25T04:34:50.422595712,HS ADC0I trigger (TOF HG),HGThreshold,0.171955, ,-1e+31, ,-1e+31,2025-12-25 04:34:50.422595712,2025-12-25,False
imap_idex_l1b_sci-10days_20251216_v001.0004.cdf,166,819909569717688320,2025-12-25T04:38:20.533688320,HS ADC0I trigger (TOF HG),HGThreshold,0.171955, ,-1e+31, ,-1e+31,2025-12-25 04:38:20.533688320,2025-12-25,False
imap_idex_l1b_sci-10days_20251216_v001.0004.cdf,167,819910300108177024,2025-12-25T04:50:30.924177024,HS ADC0I trigger (TOF HG),HGThreshold,0.171955, ,-1e+31, ,-1e+31,2025-12-25 04:50:30.924177024,2025-12-25,False
imap_idex_l1b_sci-10days_20251216_v001.0004.cdf,168,819924480804711296,2025-12-25T08:46:51.620711296,HS ADC0I trigger (TOF HG),HGThreshold,0.171955, ,-1e+31, ,-1e+31,2025-12-25 08:46:51.620711296,2025-12-25,True
imap_idex_l1b_sci-10days_20251216_v001.0004.cdf,169,819930582993969536,2025-12-25T10:28:33.809969536,HS ADC0I trigger (TOF HG),HGThreshold,0.171955, ,-1e+31, ,-1e+31,2025-12-25 10:28:33.809969536,2025-12-25,False
imap_idex_l1b_sci-10days_20251216_v001.0004.cdf,170,819933097744626944,2025-12-25T11:10:28.560626944,HS ADC0I trigger (TOF HG),HGThreshold,0.171955, ,-1e+31, ,-1e+31,2025-12-25 11:10:28.560626944,2025-12-25,False
imap_idex_l1b_sci-10days_20251216_v001.0004.cdf,171,819943579284119936,2025-12-25T14:05:10.100119936,HS ADC0I trigger (TOF HG),HGThreshold,0.171955, ,-1e+31, ,-1e+31,2025-12-25 14:05:10.100119936,2025-12-25,False
imap_idex_l1b_sci-10days_20251216_v001.0004.cdf,172,819946157172541184,2025-12-25T14:48:07.988541184,HS ADC0I trigger (TOF HG),HGThreshold,0.171955, ,-1e+31, ,-1e+31,2025-12-25 14:48:07.988541184,2025-12-25,False
imap_idex_l1b_sci-10days_20251216_v001.0004.cdf,173,819948333490100224,2025-12-25T15:24:24.306100224,HS ADC0I trigger (TOF HG),HGThreshold,0.171955, ,-1e+31, ,-1e+31,2025-12-25 15:24:24.306100224,2025-12-25,False
imap_idex_l1b_sci-10days_20251216_v001.0004.cdf,174,819967499701408640,2025-12-25T20:43:50.517408640,HS ADC0I trigger (TOF HG),HGThreshold,0.171955, ,-1e+31, ,-1e+31,2025-12-25 20:43:50.517408640,2025-12-25,False
imap_idex_l1b_sci-10days_20251216_v001.0004.cdf,175,819974860807144448,2025-12-25T22:46:31.623144448,HS ADC0I trigger (TOF HG),HGThreshold,0.171955, ,-1e+31, ,-1e+31,2025-12-25 22:46:31.623144448,2025-12-25,False
imap_idex_l1b_sci-10days_20251226_v001.0004.cdf,0,819981933020617600,2025-12-26T00:44:23.836617600,HS ADC0I trigger (TOF HG),HGThreshold,0.171955, ,-1e+31, ,-1e+31,2025-12-26 00:44:23.836617600,2025-12-26,False
imap_idex_l1b_sci-10days_20251226_v001.0004.cdf,1,819983823185091968,2025-12-26T01:15:54.001091968,HS ADC0I trigger (TOF HG),HGThreshold,0.171955, ,-1e+31, ,-1e+31,2025-12-26 01:15:54.001091968,2025-12-26,False
imap_idex_l1b_sci-10days_20251226_v001.0004.cdf,2,819989188644087296,2025-12-26T02:45:19.460087296,HS ADC0I trigger (TOF HG),HGThreshold,0.171955, ,-1e+31, ,-1e+31,2025-12-26 02:45:19.460087296,2025-12-26,False
imap_idex_l1b_sci-10days_20251226_v001.0004.cdf,3,819997945384258560,2025-12-26T05:11:16.200258560,HS ADC0I trigger (TOF HG),HGThreshold,0.171955, ,-1e+31, ,-1e+31,2025-12-26 05:11:16.200258560,2025-12-26,False
imap_idex_l1b_sci-10days_20251226_v001.0004.cdf,4,820008281661540864,2025-12-26T08:03:32.477540864,HS ADC0I trigger (TOF HG),HGThreshold,0.171955, ,-1e+31, ,-1e+31,2025-12-26 08:03:32.477540864,2025-12-26,False
imap_idex_l1b_sci-10days_20251226_v001.0004.cdf,5,820015376440434048,2025-12-26T10:01:47.256434048,HS ADC0I trigger (TOF HG),HGThreshold,0.171955, ,-1e+31, ,-1e+31,2025-12-26 10:01:47.256434048,2025-12-26,False
imap_idex_l1b_sci-10days_20251226_v001.0004.cdf,6,820017263338071424,2025-12-26T10:33:14.154071424,HS ADC0I trigger (TOF HG),HGThreshold,0.171955, ,-1e+31, ,-1e+31,2025-12-26 10:33:14.154071424,2025-12-26,False
imap_idex_l1b_sci-10days_20251226_v001.0004.cdf,7,820017867506672768,2025-12-26T10:43:18.322672768,HS ADC0I trigger (TOF HG),HGThreshold,0.171955, ,-1e+31, ,-1e+31,2025-12-26 10:43:18.322672768,2025-12-26,False
imap_idex_l1b_sci-10days_20251226_v001.0004.cdf,8,820020003556147840,2025-12-26T11:18:54.372147840,HS ADC0I trigger (TOF HG),HGThreshold,0.171955, ,-1e+31, ,-1e+31,2025-12-26 11:18:54.372147840,2025-12-26,False
imap_idex_l1b_sci-10days_20251226_v001.0004.cdf,9,820021941346599680,2025-12-26T11:51:12.162599680,HS ADC0I trigger (TOF HG),HGThreshold,0.171955, ,-1e+31, ,-1e+31,2025-12-26 11:51:12.162599680,2025-12-26,False
imap_idex_l1b_sci-10days_20251226_v001.0004.cdf,10,820028949593250048,2025-12-26T13:48:00.409250048,HS ADC0I trigger (TOF HG),HGThreshold,0.171955, ,-1e+31, ,-1e+31,2025-12-26 13:48:00.409250048,2025-12-26,False
imap_idex_l1b_sci-10days_20251226_v001.0004.cdf,11,820030280494623232,2025-12-26T14:10:11.310623232,HS ADC0I trigger (TOF HG),HGThreshold,0.171955, ,-1e+31, ,-1e+31,2025-12-26 14:10:11.310623232,2025-12-26,False
imap_idex_l1b_sci-10days_20251226_v001.0004.cdf,12,820032824505294592,2025-12-26T14:52:35.321294592,HS ADC0I trigger (TOF HG),HGThreshold,0.171955, ,-1e+31, ,-1e+31,2025-12-26 14:52:35.321294592,2025-12-26,False
imap_idex_l1b_sci-10days_20251226_v001.0004.cdf,13,820043840809970688,2025-12-26T17:56:11.625970688,HS ADC0I trigger (TOF HG),HGThreshold,0.171955, ,-1e+31, ,-1e+31,2025-12-26 17:56:11.625970688,2025-12-26,False
imap_idex_l1b_sci-10days_20251226_v001.0004.cdf,14,820051544486900864,2025-12-26T20:04:35.302900864,HS ADC0I trigger (TOF HG),HGThreshold,0.171955, ,-1e+31, ,-1e+31,2025-12-26 20:04:35.302900864,2025-12-26,False
imap_idex_l1b_sci-10days_20251226_v001.0004.cdf,15,820053196570027648,2025-12-26T20:32:07.386027648,HS ADC0I trigger (TOF HG),HGThreshold,0.171955, ,-1e+31, ,-1e+31,2025-12-26 20:32:07.386027648,2025-12-26,False
imap_idex_l1b_sci-10days_20251226_v001.0004.cdf,16,820061592036160768,2025-12-26T22:52:02.852160768,HS ADC0I trigger (TOF HG),HGThreshold,0.171955, ,-1e+31, ,-1e+31,2025-12-26 22:52:02.852160768,2025-12-26,False
imap_idex_l1b_sci-10days_20251226_v001.0004.cdf,17,820068726661240832,2025-12-27T00:50:57.477240832,HS ADC0I trigger (TOF HG),HGThreshold,0.171955, ,-1e+31, ,-1e+31,2025-12-27 00:50:57.477240832,2025-12-27,False
imap_idex_l1b_sci-10days_20251226_v001.0004.cdf,18,820069574783044992,2025-12-27T01:05:05.599044992,HS ADC0I trigger (TOF HG),HGThreshold,0.171955, ,-1e+31, ,-1e+31,2025-12-27 01:05:05.599044992,2025-12-27,False
imap_idex_l1b_sci-10days_20251226_v001.0004.cdf,19,820078190122067968,2025-12-27T03:28:40.938067968,HS ADC0I trigger (TOF HG),HGThreshold,0.171955, ,-1e+31, ,-1e+31,2025-12-27 03:28:40.938067968,2025-12-27,False
imap_idex_l1b_sci-10days_20251226_v001.0004.cdf,20,820096483478466944,2025-12-27T08:33:34.294466944,HS ADC0I trigger (TOF HG),HGThreshold,0.171955, ,-1e+31, ,-1e+31,2025-12-27 08:33:34.294466944,2025-12-27,False
imap_idex_l1b_sci-10days_20251226_v001.0004.cdf,21,820098752537524992,2025-12-27T09:11:23.353524992,HS ADC0I trigger (TOF HG),HGThreshold,0.171955, ,-1e+31, ,-1e+31,2025-12-27 09:11:23.353524992,2025-12-27,False
imap_idex_l1b_sci-10days_20251226_v001.0004.cdf,22,820131475126126208,2025-12-27T18:16:45.942126208,HS ADC0I trigger (TOF HG),HGThreshold,0.171955, ,-1e+31, ,-1e+31,2025-12-27 18:16:45.942126208,2025-12-27,False
imap_idex_l1b_sci-10days_20251226_v001.0004.cdf,23,820133165981379456,2025-12-27T18:44:56.797379456,HS ADC0I trigger (TOF HG),HGThreshold,0.171955, ,-1e+31, ,-1e+31,2025-12-27 18:44:56.797379456,2025-12-27,False
imap_idex_l1b_sci-10days_20251226_v001.0004.cdf,24,820136072773509248,2025-12-27T19:33:23.589509248,HS ADC0I trigger (TOF HG),HGThreshold,0.171955, ,-1e+31, ,-1e+31,2025-12-27 19:33:23.589509248,2025-12-27,False
imap_idex_l1b_sci-10days_20251226_v001.0004.cdf,25,820145594666484352,2025-12-27T22:12:05.482484352,HS ADC0I trigger (TOF HG),HGThreshold,0.171955, ,-1e+31, ,-1e+31,2025-12-27 22:12:05.482484352,2025-12-27,False
imap_idex_l1b_sci-10days_20251226_v001.0004.cdf,26,820164990623500032,2025-12-28T03:35:21.439500032,HS ADC0I trigger (TOF HG),HGThreshold,0.171955, ,-1e+31, ,-1e+31,2025-12-28 03:35:21.439500032,2025-12-28,False
imap_idex_l1b_sci-10days_20251226_v001.0004.cdf,27,820177007299908224,2025-12-28T06:55:38.115908224,HS ADC0I trigger (TOF HG),HGThreshold,0.171955, ,-1e+31, ,-1e+31,2025-12-28 06:55:38.115908224,2025-12-28,False
imap_idex_l1b_sci-10days_20251226_v001.0004.cdf,28,820177782995296896,2025-12-28T07:08:33.811296896,HS ADC0I trigger (TOF HG),HGThreshold,0.171955, ,-1e+31, ,-1e+31,2025-12-28 07:08:33.811296896,2025-12-28,False
imap_idex_l1b_sci-10days_20251226_v001.0004.cdf,29,820189834242394496,2025-12-28T10:29:25.058394496,HS ADC0I trigger (TOF HG),HGThreshold,0.171955, ,-1e+31, ,-1e+31,2025-12-28 10:29:25.058394496,2025-12-28,False
imap_idex_l1b_sci-10days_20251226_v001.0004.cdf,30,820191325105765504,2025-12-28T10:54:15.921765504,HS ADC0I trigger (TOF HG),HGThreshold,0.171955, ,-1e+31, ,-1e+31,2025-12-28 10:54:15.921765504,2025-12-28,False
imap_idex_l1b_sci-10days_20251226_v001.0004.cdf,31,820192903775178368,2025-12-28T11:20:34.591178368,HS ADC0I trigger (TOF HG),HGThreshold,0.171955, ,-1e+31, ,-1e+31,2025-12-28 11:20:34.591178368,2025-12-28,False
imap_idex_l1b_sci-10days_20251226_v001.0004.cdf,32,820195893275073280,2025-12-28T12:10:24.091073280,HS ADC0I trigger (TOF HG),HGThreshold,0.171955, ,-1e+31, ,-1e+31,2025-12-28 12:10:24.091073280,2025-12-28,False
imap_idex_l1b_sci-10days_20251226_v001.0004.cdf,33,820197632967422592,2025-12-28T12:39:23.783422592,HS ADC0I trigger (TOF HG),HGThreshold,0.171955, ,-1e+31, ,-1e+31,2025-12-28 12:39:23.783422592,2025-12-28,False
imap_idex_l1b_sci-10days_20251226_v001.0004.cdf,34,820208630514959360,2025-12-28T15:42:41.330959360,HS ADC0I trigger (TOF HG),HGThreshold,0.171955, ,-1e+31, ,-1e+31,2025-12-28 15:42:41.330959360,2025-12-28,False
imap_idex_l1b_sci-10days_20251226_v001.0004.cdf,35,820220373839311360,2025-12-28T18:58:24.655311360,HS ADC0I trigger (TOF HG),HGThreshold,0.171955, ,-1e+31, ,-1e+31,2025-12-28 18:58:24.655311360,2025-12-28,False
imap_idex_l1b_sci-10days_20251226_v001.0004.cdf,36,820221155133035008,2025-12-28T19:11:25.949035008,HS ADC0I trigger (TOF HG),HGThreshold,0.171955, ,-1e+31, ,-1e+31,2025-12-28 19:11:25.949035008,2025-12-28,False
imap_idex_l1b_sci-10days_20251226_v001.0004.cdf,37,820227707948173440,2025-12-28T21:00:38.764173440,HS ADC0I trigger (TOF HG),HGThreshold,0.171955, ,-1e+31, ,-1e+31,2025-12-28 21:00:38.764173440,2025-12-28,False
imap_idex_l1b_sci-10days_20251226_v001.0004.cdf,38,820235909647906688,2025-12-28T23:17:20.463906688,HS ADC0I trigger (TOF HG),HGThreshold,0.171955, ,-1e+31, ,-1e+31,2025-12-28 23:17:20.463906688,2025-12-28,False
imap_idex_l1b_sci-10days_20251226_v001.0004.cdf,39,820245360534446976,2025-12-29T01:54:51.350446976,HS ADC0I trigger (TOF HG),HGThreshold,0.171955, ,-1e+31, ,-1e+31,2025-12-29 01:54:51.350446976,2025-12-29,False
imap_idex_l1b_sci-10days_20251226_v001.0004.cdf,40,820258663433355648,2025-12-29T05:36:34.249355648,HS ADC0I trigger (TOF HG),HGThreshold,0.171955, ,-1e+31, ,-1e+31,2025-12-29 05:36:34.249355648,2025-12-29,False
imap_idex_l1b_sci-10days_20251226_v001.0004.cdf,41,820259510282121344,2025-12-29T05:50:41.098121344,HS ADC0I trigger (TOF HG),HGThreshold,0.171955, ,-1e+31, ,-1e+31,2025-12-29 05:50:41.098121344,2025-12-29,False
imap_idex_l1b_sci-10days_20251226_v001.0004.cdf,42,820261992469310080,2025-12-29T06:32:03.285310080,HS ADC0I trigger (TOF HG),HGThreshold,0.171955, ,-1e+31, ,-1e+31,2025-12-29 06:32:03.285310080,2025-12-29,False
imap_idex_l1b_sci-10days_20251226_v001.0004.cdf,43,820273238684930944,2025-12-29T09:39:29.500930944,HS ADC0I trigger (TOF HG),HGThreshold,0.171955, ,-1e+31, ,-1e+31,2025-12-29 09:39:29.500930944,2025-12-29,False
imap_idex_l1b_sci-10days_20251226_v001.0004.cdf,44,820292347272007424,2025-12-29T14:57:58.088007424,HS ADC0I trigger (TOF HG),HGThreshold,0.171955, ,-1e+31, ,-1e+31,2025-12-29 14:57:58.088007424,2025-12-29,False
imap_idex_l1b_sci-10days_20251226_v001.0004.cdf,45,820299008761072896,2025-12-29T16:48:59.577072896,HS ADC0I trigger (TOF HG),HGThreshold,0.171955, ,-1e+31, ,-1e+31,2025-12-29 16:48:59.577072896,2025-12-29,False
imap_idex_l1b_sci-10days_20251226_v001.0004.cdf,46,820299476318256256,2025-12-29T16:56:47.134256256,HS ADC0I trigger (TOF HG),HGThreshold,0.171955, ,-1e+31, ,-1e+31,2025-12-29 16:56:47.134256256,2025-12-29,False
imap_idex_l1b_sci-10days_20251226_v001.0004.cdf,47,820305227518952576,2025-12-29T18:32:38.334952576,HS ADC0I trigger (TOF HG),HGThreshold,0.171955, ,-1e+31, ,-1e+31,2025-12-29 18:32:38.334952576,2025-12-29,False
imap_idex_l1b_sci-10days_20251226_v001.0004.cdf,48,820310144799571968,2025-12-29T19:54:35.615571968,HS ADC0I trigger (TOF HG),HGThreshold,0.171955, ,-1e+31, ,-1e+31,2025-12-29 19:54:35.615571968,2025-12-29,False
imap_idex_l1b_sci-10days_20251226_v001.0004.cdf,49,820310288103504256,2025-12-29T19:56:58.919504256,HS ADC0I trigger (TOF HG),HGThreshold,0.171955, ,-1e+31, ,-1e+31,2025-12-29 19:56:58.919504256,2025-12-29,False
imap_idex_l1b_sci-10days_20251226_v001.0004.cdf,50,820311097451843200,2025-12-29T20:10:28.267843200,HS ADC0I trigger (TOF HG),HGThreshold,0.171955, ,-1e+31, ,-1e+31,2025-12-29 20:10:28.267843200,2025-12-29,False
imap_idex_l1b_sci-10days_20251226_v001.0004.cdf,51,820311109793632256,2025-12-29T20:10:40.609632256,HS ADC0I trigger (TOF HG),HGThreshold,0.171955, ,-1e+31, ,-1e+31,2025-12-29 20:10:40.609632256,2025-12-29,False
imap_idex_l1b_sci-10days_20251226_v001.0004.cdf,52,820311778661516416,2025-12-29T20:21:49.477516416,HS ADC0I trigger (TOF HG),HGThreshold,0.171955, ,-1e+31, ,-1e+31,2025-12-29 20:21:49.477516416,2025-12-29,False
imap_idex_l1b_sci-10days_20251226_v001.0004.cdf,53,820316026875931776,2025-12-29T21:32:37.691931776,HS ADC0I trigger (TOF HG),HGThreshold,0.171955, ,-1e+31, ,-1e+31,2025-12-29 21:32:37.691931776,2025-12-29,False
imap_idex_l1b_sci-10days_20251226_v001.0004.cdf,54,820318072815709056,2025-12-29T22:06:43.631709056,HS ADC0I trigger (TOF HG),HGThreshold,0.171955, ,-1e+31, ,-1e+31,2025-12-29 22:06:43.631709056,2025-12-29,False
imap_idex_l1b_sci-10days_20251226_v001.0004.cdf,55,820321879952737920,2025-12-29T23:10:10.768737920,HS ADC0I trigger (TOF HG),HGThreshold,0.171955, ,-1e+31, ,-1e+31,2025-12-29 23:10:10.768737920,2025-12-29,False
imap_idex_l1b_sci-10days_20251226_v001.0004.cdf,56,820329579077139968,2025-12-30T01:18:29.893139968,HS ADC0I trigger (TOF HG),HGThreshold,0.171955, ,-1e+31, ,-1e+31,2025-12-30 01:18:29.893139968,2025-12-30,False
imap_idex_l1b_sci-10days_20251226_v001.0004.cdf,57,820333417946360704,2025-12-30T02:22:28.762360704,HS ADC0I trigger (TOF HG),HGThreshold,0.171955, ,-1e+31, ,-1e+31,2025-12-30 02:22:28.762360704,2025-12-30,False
imap_idex_l1b_sci-10days_20251226_v001.0004.cdf,58,820341052592420224,2025-12-30T04:29:43.408420224,HS ADC0I trigger (TOF HG),HGThreshold,0.171955, ,-1e+31, ,-1e+31,2025-12-30 04:29:43.408420224,2025-12-30,False
imap_idex_l1b_sci-10days_20251226_v001.0004.cdf,59,820347770725796224,2025-12-30T06:21:41.541796224,HS ADC0I trigger (TOF HG),HGThreshold,0.171955, ,-1e+31, ,-1e+31,2025-12-30 06:21:41.541796224,2025-12-30,False
imap_idex_l1b_sci-10days_20251226_v001.0004.cdf,60,820350566655145728,2025-12-30T07:08:17.471145728,HS ADC0I trigger (TOF HG),HGThreshold,0.171955, ,-1e+31, ,-1e+31,2025-12-30 07:08:17.471145728,2025-12-30,False
imap_idex_l1b_sci-10days_20251226_v001.0004.cdf,61,820355117225292288,2025-12-30T08:24:08.041292288,HS ADC0I trigger (TOF HG),HGThreshold,0.171955, ,-1e+31, ,-1e+31,2025-12-30 08:24:08.041292288,2025-12-30,False
imap_idex_l1b_sci-10days_20251226_v001.0004.cdf,62,820359437520304256,2025-12-30T09:36:08.336304256,HS ADC0I trigger (TOF HG),HGThreshold,0.171955, ,-1e+31, ,-1e+31,2025-12-30 09:36:08.336304256,2025-12-30,False
imap_idex_l1b_sci-10days_20251226_v001.0004.cdf,63,820374659954565120,2025-12-30T13:49:50.770565120,HS ADC0I trigger (TOF HG),HGThreshold,0.171955, ,-1e+31, ,-1e+31,2025-12-30 13:49:50.770565120,2025-12-30,False
imap_idex_l1b_sci-10days_20251226_v001.0004.cdf,64,820376456944844544,2025-12-30T14:19:47.760844544,HS ADC0I trigger (TOF HG),HGThreshold,0.171955, ,-1e+31, ,-1e+31,2025-12-30 14:19:47.760844544,2025-12-30,False
imap_idex_l1b_sci-10days_20251226_v001.0004.cdf,65,820392171994126592,2025-12-30T18:41:42.810126592,HS ADC0I trigger (TOF HG),HGThreshold,0.171955, ,-1e+31, ,-1e+31,2025-12-30 18:41:42.810126592,2025-12-30,False
imap_idex_l1b_sci-10days_20251226_v001.0004.cdf,66,820407850002343936,2025-12-30T23:03:00.818343936,HS ADC0I trigger (TOF HG),HGThreshold,0.171955, ,-1e+31, ,-1e+31,2025-12-30 23:03:00.818343936,2025-12-30,False
imap_idex_l1b_sci-10days_20251226_v001.0004.cdf,67,820409559549961472,2025-12-30T23:31:30.365961472,HS ADC0I trigger (TOF HG),HGThreshold,0.171955, ,-1e+31, ,-1e+31,2025-12-30 23:31:30.365961472,2025-12-30,False
imap_idex_l1b_sci-10days_20251226_v001.0004.cdf,68,820421546042387072,2025-12-31T02:51:16.858387072,HS ADC0I trigger (TOF HG),HGThreshold,0.171955, ,-1e+31, ,-1e+31,2025-12-31 02:51:16.858387072,2025-12-31,False
imap_idex_l1b_sci-10days_20251226_v001.0004.cdf,69,820439204372061440,2025-12-31T07:45:35.188061440,HS ADC0I trigger (TOF HG),HGThreshold,0.171955, ,-1e+31, ,-1e+31,2025-12-31 07:45:35.188061440,2025-12-31,False
imap_idex_l1b_sci-10days_20251226_v001.0004.cdf,70,820444758349335424,2025-12-31T09:18:09.165335424,HS ADC0I trigger (TOF HG),HGThreshold,0.171955, ,-1e+31, ,-1e+31,2025-12-31 09:18:09.165335424,2025-12-31,False
imap_idex_l1b_sci-10days_20251226_v001.0004.cdf,71,820444823749977344,2025-12-31T09:19:14.565977344,HS ADC0I trigger (TOF HG),HGThreshold,0.171955, ,-1e+31, ,-1e+31,2025-12-31 09:19:14.565977344,2025-12-31,False
imap_idex_l1b_sci-10days_20251226_v001.0004.cdf,72,820460388923375872,2025-12-31T13:38:39.739375872,HS ADC0I trigger (TOF HG),HGThreshold,0.171955, ,-1e+31, ,-1e+31,2025-12-31 13:38:39.739375872,2025-12-31,False
imap_idex_l1b_sci-10days_20251226_v001.0004.cdf,73,820462354799125120,2025-12-31T14:11:25.615125120,HS ADC0I trigger (TOF HG),HGThreshold,0.171955, ,-1e+31, ,-1e+31,2025-12-31 14:11:25.615125120,2025-12-31,False
imap_idex_l1b_sci-10days_20251226_v001.0004.cdf,74,820463854039770112,2025-12-31T14:36:24.855770112,HS ADC0I trigger (TOF HG),HGThreshold,0.171955, ,-1e+31, ,-1e+31,2025-12-31 14:36:24.855770112,2025-12-31,False
imap_idex_l1b_sci-10days_20251226_v001.0004.cdf,75,820465752336159488,2025-12-31T15:08:03.152159488,HS ADC0I trigger (TOF HG),HGThreshold,0.171955, ,-1e+31, ,-1e+31,2025-12-31 15:08:03.152159488,2025-12-31,False
imap_idex_l1b_sci-10days_20251226_v001.0004.cdf,76,820470394550285440,2025-12-31T16:25:25.366285440,HS ADC0I trigger (TOF HG),HGThreshold,0.171955, ,-1e+31, ,-1e+31,2025-12-31 16:25:25.366285440,2025-12-31,False
imap_idex_l1b_sci-10days_20251226_v001.0004.cdf,77,820473887236435072,2025-12-31T17:23:38.052435072,HS ADC0I trigger (TOF HG),HGThreshold,0.171955, ,-1e+31, ,-1e+31,2025-12-31 17:23:38.052435072,2025-12-31,False
imap_idex_l1b_sci-10days_20251226_v001.0004.cdf,78,820483183146856704,2025-12-31T19:58:33.962856704,HS ADC0I trigger (TOF HG),HGThreshold,0.171955, ,-1e+31, ,-1e+31,2025-12-31 19:58:33.962856704,2025-12-31,False
imap_idex_l1b_sci-10days_20251226_v001.0004.cdf,79,820486130192312064,2025-12-31T20:47:41.008312064,HS ADC0I trigger (TOF HG),HGThreshold,0.171955, ,-1e+31, ,-1e+31,2025-12-31 20:47:41.008312064,2025-12-31,False
imap_idex_l1b_sci-10days_20260101_v001.0004.cdf,0,820500305160672128,2026-01-01T00:43:55.976672128,HS ADC0I trigger (TOF HG),HGThreshold,0.171955, ,-1e+31, ,-1e+31,2026-01-01 00:43:55.976672128,2026-01-01,False
imap_idex_l1b_sci-10days_20260101_v001.0004.cdf,1,820503339455751040,2026-01-01T01:34:30.271751040,HS ADC0I trigger (TOF HG),HGThreshold,0.171955, ,-1e+31, ,-1e+31,2026-01-01 01:34:30.271751040,2026-01-01,False
imap_idex_l1b_sci-10days_20260101_v001.0004.cdf,2,820512911535470336,2026-01-01T04:14:02.351470336,HS ADC0I trigger (TOF HG),HGThreshold,0.171955, ,-1e+31, ,-1e+31,2026-01-01 04:14:02.351470336,2026-01-01,False
imap_idex_l1b_sci-10days_20260101_v001.0004.cdf,3,820518154179863424,2026-01-01T05:41:24.995863424,HS ADC0I trigger (TOF HG),HGThreshold,0.171955, ,-1e+31, ,-1e+31,2026-01-01 05:41:24.995863424,2026-01-01,False
imap_idex_l1b_sci-10days_20260101_v001.0004.cdf,4,820540134213577344,2026-01-01T11:47:45.029577344,HS ADC0I trigger (TOF HG),HGThreshold,0.171955, ,-1e+31, ,-1e+31,2026-01-01 11:47:45.029577344,2026-01-01,False
imap_idex_l1b_sci-10days_20260101_v001.0004.cdf,5,820567017210907008,2026-01-01T19:15:48.026907008,HS ADC0I trigger (TOF HG),HGThreshold,0.171955, ,-1e+31, ,-1e+31,2026-01-01 19:15:48.026907008,2026-01-01,False
imap_idex_l1b_sci-10days_20260101_v001.0004.cdf,6,820584183801765760,2026-01-02T00:01:54.617765760,SW trigger,HGThreshold,0.289, ,-1e+31, ,-1e+31,2026-01-02 00:01:54.617765760,2026-01-02,False
imap_idex_l1b_sci-10days_20260101_v001.0004.cdf,7,820584189802600448,2026-01-02T00:02:00.618600448,HS ADC0I trigger (TOF HG),HGThreshold,0.289, ,-1e+31, ,-1e+31,2026-01-02 00:02:00.618600448,2026-01-02,False
imap_idex_l1b_sci-10days_20260101_v001.0004.cdf,8,820584197802553472,2026-01-02T00:02:08.618553472,HS ADC0I trigger (TOF HG),HGThreshold,0.289, ,-1e+31, ,-1e+31,2026-01-02 00:02:08.618553472,2026-01-02,False
imap_idex_l1b_sci-10days_20260101_v001.0004.cdf,9,820584205802486272,2026-01-02T00:02:16.618486272,HS ADC0I trigger (TOF HG),HGThreshold,0.289, ,-1e+31, ,-1e+31,2026-01-02 00:02:16.618486272,2026-01-02,False
imap_idex_l1b_sci-10days_20260101_v001.0004.cdf,10,820584213802439040,2026-01-02T00:02:24.618439040,HS ADC0I trigger (TOF HG),HGThreshold,0.289, ,-1e+31, ,-1e+31,2026-01-02 00:02:24.618439040,2026-01-02,False
imap_idex_l1b_sci-10days_20260101_v001.0004.cdf,11,820584221802392064,2026-01-02T00:02:32.618392064,HS ADC0I trigger (TOF HG),HGThreshold,0.289, ,-1e+31, ,-1e+31,2026-01-02 00:02:32.618392064,2026-01-02,False
imap_idex_l1b_sci-10days_20260101_v001.0004.cdf,12,820584235801419520,2026-01-02T00:02:46.617419520,SW trigger,HGThreshold,0.289, ,-1e+31, ,-1e+31,2026-01-02 00:02:46.617419520,2026-01-02,False
imap_idex_l1b_sci-10days_20260101_v001.0004.cdf,13,820584247801348864,2026-01-02T00:02:58.617348864,SW trigger,HGThreshold,0.289, ,-1e+31, ,-1e+31,2026-01-02 00:02:58.617348864,2026-01-02,False
imap_idex_l1b_sci-10days_20260101_v001.0004.cdf,14,820584259801258240,2026-01-02T00:03:10.617258240,SW trigger,HGThreshold,0.289, ,-1e+31, ,-1e+31,2026-01-02 00:03:10.617258240,2026-01-02,False
imap_idex_l1b_sci-10days_20260101_v001.0004.cdf,15,820584271801187456,2026-01-02T00:03:22.617187456,SW trigger,HGThreshold,0.289, ,-1e+31, ,-1e+31,2026-01-02 00:03:22.617187456,2026-01-02,False
imap_idex_l1b_sci-10days_20260101_v001.0004.cdf,16,820601604499518336,2026-01-02T04:52:15.315518336,HS ADC0I trigger (TOF HG),HGThreshold,0.171955, ,-1e+31, ,-1e+31,2026-01-02 04:52:15.315518336,2026-01-02,False
imap_idex_l1b_sci-10days_20260101_v001.0004.cdf,17,820614345977176320,2026-01-02T08:24:36.793176320,HS ADC0I trigger (TOF HG),HGThreshold,0.171955, ,-1e+31, ,-1e+31,2026-01-02 08:24:36.793176320,2026-01-02,False
imap_idex_l1b_sci-10days_20260101_v001.0004.cdf,18,820618096157257984,2026-01-02T09:27:06.973257984,HS ADC0I trigger (TOF HG),HGThreshold,0.171955, ,-1e+31, ,-1e+31,2026-01-02 09:27:06.973257984,2026-01-02,False
imap_idex_l1b_sci-10days_20260101_v001.0004.cdf,19,820618672199765248,2026-01-02T09:36:43.015765248,HS ADC0I trigger (TOF HG),HGThreshold,0.171955, ,-1e+31, ,-1e+31,2026-01-02 09:36:43.015765248,2026-01-02,False
imap_idex_l1b_sci-10days_20260101_v001.0004.cdf,20,820619566407609216,2026-01-02T09:51:37.223609216,HS ADC0I trigger (TOF HG),HGThreshold,0.171955, ,-1e+31, ,-1e+31,2026-01-02 09:51:37.223609216,2026-01-02,False
imap_idex_l1b_sci-10days_20260101_v001.0004.cdf,21,820621220945816576,2026-01-02T10:19:11.761816576,HS ADC0I trigger (TOF HG),HGThreshold,0.171955, ,-1e+31, ,-1e+31,2026-01-02 10:19:11.761816576,2026-01-02,False
imap_idex_l1b_sci-10days_20260101_v001.0004.cdf,22,820623193223980800,2026-01-02T10:52:04.039980800,HS ADC0I trigger (TOF HG),HGThreshold,0.171955, ,-1e+31, ,-1e+31,2026-01-02 10:52:04.039980800,2026-01-02,False
imap_idex_l1b_sci-10days_20260101_v001.0004.cdf,23,820623402712394368,2026-01-02T10:55:33.528394368,HS ADC0I trigger (TOF HG),HGThreshold,0.171955, ,-1e+31, ,-1e+31,2026-01-02 10:55:33.528394368,2026-01-02,False
imap_idex_l1b_sci-10days_20260101_v001.0004.cdf,24,820623633148669184,2026-01-02T10:59:23.964669184,HS ADC0I trigger (TOF HG),HGThreshold,0.171955, ,-1e+31, ,-1e+31,2026-01-02 10:59:23.964669184,2026-01-02,False
imap_idex_l1b_sci-10days_20260101_v001.0004.cdf,25,820623773534304256,2026-01-02T11:01:44.350304256,HS ADC0I trigger (TOF HG),HGThreshold,0.171955, ,-1e+31, ,-1e+31,2026-01-02 11:01:44.350304256,2026-01-02,False
imap_idex_l1b_sci-10days_20260101_v001.0004.cdf,26,820624100313893376,2026-01-02T11:07:11.129893376,HS ADC0I trigger (TOF HG),HGThreshold,0.171955, ,-1e+31, ,-1e+31,2026-01-02 11:07:11.129893376,2026-01-02,False
imap_idex_l1b_sci-10days_20260101_v001.0004.cdf,27,820624972108917248,2026-01-02T11:21:42.924917248,HS ADC0I trigger (TOF HG),HGThreshold,0.171955, ,-1e+31, ,-1e+31,2026-01-02 11:21:42.924917248,2026-01-02,False
imap_idex_l1b_sci-10days_20260101_v001.0004.cdf,28,820625094759548032,2026-01-02T11:23:45.575548032,HS ADC0I trigger (TOF HG),HGThreshold,0.171955, ,-1e+31, ,-1e+31,2026-01-02 11:23:45.575548032,2026-01-02,False
imap_idex_l1b_sci-10days_20260101_v001.0004.cdf,29,820625838245506304,2026-01-02T11:36:09.061506304,HS ADC0I trigger (TOF HG),HGThreshold,0.171955, ,-1e+31, ,-1e+31,2026-01-02 11:36:09.061506304,2026-01-02,False
imap_idex_l1b_sci-10days_20260101_v001.0004.cdf,30,820626020315384192,2026-01-02T11:39:11.131384192,HS ADC0I trigger (TOF HG),HGThreshold,0.171955, ,-1e+31, ,-1e+31,2026-01-02 11:39:11.131384192,2026-01-02,False
imap_idex_l1b_sci-10days_20260101_v001.0004.cdf,31,820627203608370944,2026-01-02T11:58:54.424370944,HS ADC0I trigger (TOF HG),HGThreshold,0.171955, ,-1e+31, ,-1e+31,2026-01-02 11:58:54.424370944,2026-01-02,False
imap_idex_l1b_sci-10days_20260101_v001.0004.cdf,32,820627395165140224,2026-01-02T12:02:05.981140224,HS ADC0I trigger (TOF HG),HGThreshold,0.171955, ,-1e+31, ,-1e+31,2026-01-02 12:02:05.981140224,2026-01-02,False
imap_idex_l1b_sci-10days_20260101_v001.0004.cdf,33,820628756039028864,2026-01-02T12:24:46.855028864,HS ADC0I trigger (TOF HG),HGThreshold,0.171955, ,-1e+31, ,-1e+31,2026-01-02 12:24:46.855028864,2026-01-02,False
imap_idex_l1b_sci-10days_20260101_v001.0004.cdf,34,820629209645065216,2026-01-02T12:32:20.461065216,HS ADC0I trigger (TOF HG),HGThreshold,0.171955, ,-1e+31, ,-1e+31,2026-01-02 12:32:20.461065216,2026-01-02,False
imap_idex_l1b_sci-10days_20260101_v001.0004.cdf,35,820630175490665344,2026-01-02T12:48:26.306665344,HS ADC0I trigger (TOF HG),HGThreshold,0.171955, ,-1e+31, ,-1e+31,2026-01-02 12:48:26.306665344,2026-01-02,False
imap_idex_l1b_sci-10days_20260101_v001.0004.cdf,36,820630214185250944,2026-01-02T12:49:05.001250944,HS ADC0I trigger (TOF HG),HGThreshold,0.171955, ,-1e+31, ,-1e+31,2026-01-02 12:49:05.001250944,2026-01-02,False
imap_idex_l1b_sci-10days_20260101_v001.0004.cdf,37,820630701174677504,2026-01-02T12:57:11.990677504,HS ADC0I trigger (TOF HG),HGThreshold,0.171955, ,-1e+31, ,-1e+31,2026-01-02 12:57:11.990677504,2026-01-02,False
imap_idex_l1b_sci-10days_20260101_v001.0004.cdf,38,820631560838952192,2026-01-02T13:11:31.654952192,HS ADC0I trigger (TOF HG),HGThreshold,0.171955, ,-1e+31, ,-1e+31,2026-01-02 13:11:31.654952192,2026-01-02,False
imap_idex_l1b_sci-10days_20260101_v001.0004.cdf,39,820631998136442880,2026-01-02T13:18:48.952442880,HS ADC0I trigger (TOF HG),HGThreshold,0.171955, ,-1e+31, ,-1e+31,2026-01-02 13:18:48.952442880,2026-01-02,False
imap_idex_l1b_sci-10days_20260101_v001.0004.cdf,40,820632511236126080,2026-01-02T13:27:22.052126080,HS ADC0I trigger (TOF HG),HGThreshold,0.171955, ,-1e+31, ,-1e+31,2026-01-02 13:27:22.052126080,2026-01-02,False
imap_idex_l1b_sci-10days_20260101_v001.0004.cdf,41,820632967182160256,2026-01-02T13:34:57.998160256,HS ADC0I trigger (TOF HG),HGThreshold,0.171955, ,-1e+31, ,-1e+31,2026-01-02 13:34:57.998160256,2026-01-02,False
imap_idex_l1b_sci-10days_20260101_v001.0004.cdf,42,820635359974910208,2026-01-02T14:14:50.790910208,HS ADC0I trigger (TOF HG),HGThreshold,0.171955, ,-1e+31, ,-1e+31,2026-01-02 14:14:50.790910208,2026-01-02,False
imap_idex_l1b_sci-10days_20260101_v001.0004.cdf,43,820636025743437568,2026-01-02T14:25:56.559437568,HS ADC0I trigger (TOF HG),HGThreshold,0.171955, ,-1e+31, ,-1e+31,2026-01-02 14:25:56.559437568,2026-01-02,False
imap_idex_l1b_sci-10days_20260101_v001.0004.cdf,44,820636879834797312,2026-01-02T14:40:10.650797312,HS ADC0I trigger (TOF HG),HGThreshold,0.171955, ,-1e+31, ,-1e+31,2026-01-02 14:40:10.650797312,2026-01-02,False
imap_idex_l1b_sci-10days_20260101_v001.0004.cdf,45,820637411521944064,2026-01-02T14:49:02.337944064,HS ADC0I trigger (TOF HG),HGThreshold,0.171955, ,-1e+31, ,-1e+31,2026-01-02 14:49:02.337944064,2026-01-02,False
imap_idex_l1b_sci-10days_20260101_v001.0004.cdf,46,820638116542476544,2026-01-02T15:00:47.358476544,HS ADC0I trigger (TOF HG),HGThreshold,0.171955, ,-1e+31, ,-1e+31,2026-01-02 15:00:47.358476544,2026-01-02,False
imap_idex_l1b_sci-10days_20260101_v001.0004.cdf,47,820638252669635328,2026-01-02T15:03:03.485635328,HS ADC0I trigger (TOF HG),HGThreshold,0.171955, ,-1e+31, ,-1e+31,2026-01-02 15:03:03.485635328,2026-01-02,False
imap_idex_l1b_sci-10days_20260101_v001.0004.cdf,48,820639284119117184,2026-01-02T15:20:14.935117184,HS ADC0I trigger (TOF HG),HGThreshold,0.171955, ,-1e+31, ,-1e+31,2026-01-02 15:20:14.935117184,2026-01-02,False
imap_idex_l1b_sci-10days_20260101_v001.0004.cdf,49,820639467626653696,2026-01-02T15:23:18.442653696,HS ADC0I trigger (TOF HG),HGThreshold,0.171955, ,-1e+31, ,-1e+31,2026-01-02 15:23:18.442653696,2026-01-02,False
imap_idex_l1b_sci-10days_20260101_v001.0004.cdf,50,820639576212837120,2026-01-02T15:25:07.028837120,HS ADC0I trigger (TOF HG),HGThreshold,0.171955, ,-1e+31, ,-1e+31,2026-01-02 15:25:07.028837120,2026-01-02,False
imap_idex_l1b_sci-10days_20260101_v001.0004.cdf,51,820640504172931072,2026-01-02T15:40:34.988931072,HS ADC0I trigger (TOF HG),HGThreshold,0.171955, ,-1e+31, ,-1e+31,2026-01-02 15:40:34.988931072,2026-01-02,False
imap_idex_l1b_sci-10days_20260101_v001.0004.cdf,52,820642901539797120,2026-01-02T16:20:32.355797120,HS ADC0I trigger (TOF HG),HGThreshold,0.171955, ,-1e+31, ,-1e+31,2026-01-02 16:20:32.355797120,2026-01-02,False
imap_idex_l1b_sci-10days_20260101_v001.0004.cdf,53,820643401667451904,2026-01-02T16:28:52.483451904,HS ADC0I trigger (TOF HG),HGThreshold,0.171955, ,-1e+31, ,-1e+31,2026-01-02 16:28:52.483451904,2026-01-02,False
imap_idex_l1b_sci-10days_20260101_v001.0004.cdf,54,820645940699131648,2026-01-02T17:11:11.515131648,HS ADC0I trigger (TOF HG),HGThreshold,0.171955, ,-1e+31, ,-1e+31,2026-01-02 17:11:11.515131648,2026-01-02,False
imap_idex_l1b_sci-10days_20260101_v001.0004.cdf,55,820646742371337984,2026-01-02T17:24:33.187337984,HS ADC0I trigger (TOF HG),HGThreshold,0.171955, ,-1e+31, ,-1e+31,2026-01-02 17:24:33.187337984,2026-01-02,False
imap_idex_l1b_sci-10days_20260101_v001.0004.cdf,56,820661681584701184,2026-01-02T21:33:32.400701184,HS ADC0I trigger (TOF HG),HGThreshold,0.171955, ,-1e+31, ,-1e+31,2026-01-02 21:33:32.400701184,2026-01-02,False
imap_idex_l1b_sci-10days_20260101_v001.0004.cdf,57,820662858182254080,2026-01-02T21:53:08.998254080,HS ADC0I trigger (TOF HG),HGThreshold,0.171955, ,-1e+31, ,-1e+31,2026-01-02 21:53:08.998254080,2026-01-02,False
imap_idex_l1b_sci-10days_20260101_v001.0004.cdf,58,820663427541487616,2026-01-02T22:02:38.357487616,HS ADC0I trigger (TOF HG),HGThreshold,0.171955, ,-1e+31, ,-1e+31,2026-01-02 22:02:38.357487616,2026-01-02,False
imap_idex_l1b_sci-10days_20260101_v001.0004.cdf,59,820666794628531456,2026-01-02T22:58:45.444531456,HS ADC0I trigger (TOF HG),HGThreshold,0.171955, ,-1e+31, ,-1e+31,2026-01-02 22:58:45.444531456,2026-01-02,False
imap_idex_l1b_sci-10days_20260101_v001.0004.cdf,60,820667508844656000,2026-01-02T23:10:39.660656000,HS ADC0I trigger (TOF HG),HGThreshold,0.171955, ,-1e+31, ,-1e+31,2026-01-02 23:10:39.660656000,2026-01-02,False
imap_idex_l1b_sci-10days_20260101_v001.0004.cdf,61,820668112741418624,2026-01-02T23:20:43.557418624,HS ADC0I trigger (TOF HG),HGThreshold,0.171955, ,-1e+31, ,-1e+31,2026-01-02 23:20:43.557418624,2026-01-02,False
imap_idex_l1b_sci-10days_20260101_v001.0004.cdf,62,820668256267310848,2026-01-02T23:23:07.083310848,HS ADC0I trigger (TOF HG),HGThreshold,0.171955, ,-1e+31, ,-1e+31,2026-01-02 23:23:07.083310848,2026-01-02,False
imap_idex_l1b_sci-10days_20260101_v001.0004.cdf,63,820675094996945664,2026-01-03T01:17:05.812945664,HS ADC0I trigger (TOF HG),HGThreshold,0.171955, ,-1e+31, ,-1e+31,2026-01-03 01:17:05.812945664,2026-01-03,False
imap_idex_l1b_sci-10days_20260101_v001.0004.cdf,64,820681404923971072,2026-01-03T03:02:15.739971072,HS ADC0I trigger (TOF HG),HGThreshold,0.171955, ,-1e+31, ,-1e+31,2026-01-03 03:02:15.739971072,2026-01-03,False
imap_idex_l1b_sci-10days_20260101_v001.0004.cdf,65,820682561691981696,2026-01-03T03:21:32.507981696,HS ADC0I trigger (TOF HG),HGThreshold,0.171955, ,-1e+31, ,-1e+31,2026-01-03 03:21:32.507981696,2026-01-03,False
imap_idex_l1b_sci-10days_20260101_v001.0004.cdf,66,820683816726064896,2026-01-03T03:42:27.542064896,HS ADC0I trigger (TOF HG),HGThreshold,0.171955, ,-1e+31, ,-1e+31,2026-01-03 03:42:27.542064896,2026-01-03,False
imap_idex_l1b_sci-10days_20260101_v001.0004.cdf,67,820693555022379776,2026-01-03T06:24:45.838379776,HS ADC0I trigger (TOF HG),HGThreshold,0.171955, ,-1e+31, ,-1e+31,2026-01-03 06:24:45.838379776,2026-01-03,False
imap_idex_l1b_sci-10days_20260101_v001.0004.cdf,68,820698537543186176,2026-01-03T07:47:48.359186176,HS ADC0I trigger (TOF HG),HGThreshold,0.171955, ,-1e+31, ,-1e+31,2026-01-03 07:47:48.359186176,2026-01-03,False
imap_idex_l1b_sci-10days_20260101_v001.0004.cdf,69,820698683516476416,2026-01-03T07:50:14.332476416,HS ADC0I trigger (TOF HG),HGThreshold,0.171955, ,-1e+31, ,-1e+31,2026-01-03 07:50:14.332476416,2026-01-03,False
imap_idex_l1b_sci-10days_20260101_v001.0004.cdf,70,820699042447496960,2026-01-03T07:56:13.263496960,HS ADC0I trigger (TOF HG),HGThreshold,0.171955, ,-1e+31, ,-1e+31,2026-01-03 07:56:13.263496960,2026-01-03,False
imap_idex_l1b_sci-10days_20260101_v001.0004.cdf,71,820705922015035392,2026-01-03T09:50:52.831035392,HS ADC0I trigger (TOF HG),HGThreshold,0.171955, ,-1e+31, ,-1e+31,2026-01-03 09:50:52.831035392,2026-01-03,False
imap_idex_l1b_sci-10days_20260101_v001.0004.cdf,72,820706415853216000,2026-01-03T09:59:06.669216000,HS ADC0I trigger (TOF HG),HGThreshold,0.171955, ,-1e+31, ,-1e+31,2026-01-03 09:59:06.669216000,2026-01-03,False
imap_idex_l1b_sci-10days_20260101_v001.0004.cdf,73,820708486408353664,2026-01-03T10:33:37.224353664,HS ADC0I trigger (TOF HG),HGThreshold,0.171955, ,-1e+31, ,-1e+31,2026-01-03 10:33:37.224353664,2026-01-03,False
imap_idex_l1b_sci-10days_20260101_v001.0004.cdf,74,820710583018228096,2026-01-03T11:08:33.834228096,HS ADC0I trigger (TOF HG),HGThreshold,0.171955, ,-1e+31, ,-1e+31,2026-01-03 11:08:33.834228096,2026-01-03,False
imap_idex_l1b_sci-10days_20260101_v001.0004.cdf,75,820723008165851904,2026-01-03T14:35:38.981851904,HS ADC0I trigger (TOF HG),HGThreshold,0.171955, ,-1e+31, ,-1e+31,2026-01-03 14:35:38.981851904,2026-01-03,False
imap_idex_l1b_sci-10days_20260101_v001.0004.cdf,76,820724542096847104,2026-01-03T15:01:12.912847104,HS ADC0I trigger (TOF HG),HGThreshold,0.171955, ,-1e+31, ,-1e+31,2026-01-03 15:01:12.912847104,2026-01-03,False
imap_idex_l1b_sci-10days_20260101_v001.0004.cdf,77,820726154121472896,2026-01-03T15:28:04.937472896,HS ADC0I trigger (TOF HG),HGThreshold,0.171955, ,-1e+31, ,-1e+31,2026-01-03 15:28:04.937472896,2026-01-03,False
imap_idex_l1b_sci-10days_20260101_v001.0004.cdf,78,820728012617378944,2026-01-03T15:59:03.433378944,HS ADC0I trigger (TOF HG),HGThreshold,0.171955, ,-1e+31, ,-1e+31,2026-01-03 15:59:03.433378944,2026-01-03,False
imap_idex_l1b_sci-10days_20260101_v001.0004.cdf,79,820729945858778752,2026-01-03T16:31:16.674778752,HS ADC0I trigger (TOF HG),HGThreshold,0.171955, ,-1e+31, ,-1e+31,2026-01-03 16:31:16.674778752,2026-01-03,False
imap_idex_l1b_sci-10days_20260101_v001.0004.cdf,80,820730319817466112,2026-01-03T16:37:30.633466112,HS ADC0I trigger (TOF HG),HGThreshold,0.171955, ,-1e+31, ,-1e+31,2026-01-03 16:37:30.633466112,2026-01-03,False
imap_idex_l1b_sci-10days_20260101_v001.0004.cdf,81,820734971779406848,2026-01-03T17:55:02.595406848,HS ADC0I trigger (TOF HG),HGThreshold,0.171955, ,-1e+31, ,-1e+31,2026-01-03 17:55:02.595406848,2026-01-03,False
imap_idex_l1b_sci-10days_20260101_v001.0004.cdf,82,820736656693307392,2026-01-03T18:23:07.509307392,HS ADC0I trigger (TOF HG),HGThreshold,0.171955, ,-1e+31, ,-1e+31,2026-01-03 18:23:07.509307392,2026-01-03,False
imap_idex_l1b_sci-10days_20260101_v001.0004.cdf,83,820741078856652672,2026-01-03T19:36:49.672652672,HS ADC0I trigger (TOF HG),HGThreshold,0.171955, ,-1e+31, ,-1e+31,2026-01-03 19:36:49.672652672,2026-01-03,False
imap_idex_l1b_sci-10days_20260101_v001.0004.cdf,84,820742441222820224,2026-01-03T19:59:32.038820224,HS ADC0I trigger (TOF HG),HGThreshold,0.171955, ,-1e+31, ,-1e+31,2026-01-03 19:59:32.038820224,2026-01-03,False
imap_idex_l1b_sci-10days_20260101_v001.0004.cdf,85,820743462011851904,2026-01-03T20:16:32.827851904,HS ADC0I trigger (TOF HG),HGThreshold,0.171955, ,-1e+31, ,-1e+31,2026-01-03 20:16:32.827851904,2026-01-03,False
imap_idex_l1b_sci-10days_20260101_v001.0004.cdf,86,820752128490880512,2026-01-03T22:40:59.306880512,HS ADC0I trigger (TOF HG),HGThreshold,0.171955, ,-1e+31, ,-1e+31,2026-01-03 22:40:59.306880512,2026-01-03,False
imap_idex_l1b_sci-10days_20260101_v001.0004.cdf,87,820762183838793216,2026-01-04T01:28:34.654793216,HS ADC0I trigger (TOF HG),HGThreshold,0.171955, ,-1e+31, ,-1e+31,2026-01-04 01:28:34.654793216,2026-01-04,False
imap_idex_l1b_sci-10days_20260101_v001.0004.cdf,88,820763448470547840,2026-01-04T01:49:39.286547840,HS ADC0I trigger (TOF HG),HGThreshold,0.171955, ,-1e+31, ,-1e+31,2026-01-04 01:49:39.286547840,2026-01-04,False
imap_idex_l1b_sci-10days_20260101_v001.0004.cdf,89,820766414685568512,2026-01-04T02:39:05.501568512,HS ADC0I trigger (TOF HG),HGThreshold,0.171955, ,-1e+31, ,-1e+31,2026-01-04 02:39:05.501568512,2026-01-04,False
imap_idex_l1b_sci-10days_20260101_v001.0004.cdf,90,820766661177029120,2026-01-04T02:43:11.993029120,HS ADC0I trigger (TOF HG),HGThreshold,0.171955, ,-1e+31, ,-1e+31,2026-01-04 02:43:11.993029120,2026-01-04,False
imap_idex_l1b_sci-10days_20260101_v001.0004.cdf,91,820768611252233984,2026-01-04T03:15:42.068233984,HS ADC0I trigger (TOF HG),HGThreshold,0.171955, ,-1e+31, ,-1e+31,2026-01-04 03:15:42.068233984,2026-01-04,False
imap_idex_l1b_sci-10days_20260101_v001.0004.cdf,92,820773969436226304,2026-01-04T04:45:00.252226304,HS ADC0I trigger (TOF HG),HGThreshold,0.171955, ,-1e+31, ,-1e+31,2026-01-04 04:45:00.252226304,2026-01-04,False
imap_idex_l1b_sci-10days_20260101_v001.0004.cdf,93,820777239829637120,2026-01-04T05:39:30.645637120,HS ADC0I trigger (TOF HG),HGThreshold,0.171955, ,-1e+31, ,-1e+31,2026-01-04 05:39:30.645637120,2026-01-04,False
imap_idex_l1b_sci-10days_20260101_v001.0004.cdf,94,820790053949817984,2026-01-04T09:13:04.765817984,HS ADC0I trigger (TOF HG),HGThreshold,0.171955, ,-1e+31, ,-1e+31,2026-01-04 09:13:04.765817984,2026-01-04,False
imap_idex_l1b_sci-10days_20260101_v001.0004.cdf,95,820791642239825280,2026-01-04T09:39:33.055825280,HS ADC0I trigger (TOF HG),HGThreshold,0.171955, ,-1e+31, ,-1e+31,2026-01-04 09:39:33.055825280,2026-01-04,False
imap_idex_l1b_sci-10days_20260101_v001.0004.cdf,96,820792921387227264,2026-01-04T10:00:52.203227264,HS ADC0I trigger (TOF HG),HGThreshold,0.171955, ,-1e+31, ,-1e+31,2026-01-04 10:00:52.203227264,2026-01-04,False
imap_idex_l1b_sci-10days_20260101_v001.0004.cdf,97,820793931269868928,2026-01-04T10:17:42.085868928,HS ADC0I trigger (TOF HG),HGThreshold,0.171955, ,-1e+31, ,-1e+31,2026-01-04 10:17:42.085868928,2026-01-04,False
imap_idex_l1b_sci-10days_20260101_v001.0004.cdf,98,820803001200600448,2026-01-04T12:48:52.016600448,HS ADC0I trigger (TOF HG),HGThreshold,0.171955, ,-1e+31, ,-1e+31,2026-01-04 12:48:52.016600448,2026-01-04,False
imap_idex_l1b_sci-10days_20260101_v001.0004.cdf,99,820805445612046080,2026-01-04T13:29:36.428046080,HS ADC0I trigger (TOF HG),HGThreshold,0.171955, ,-1e+31, ,-1e+31,2026-01-04 13:29:36.428046080,2026-01-04,False
imap_idex_l1b_sci-10days_20260101_v001.0004.cdf,100,820806492651334784,2026-01-04T13:47:03.467334784,HS ADC0I trigger (TOF HG),HGThreshold,0.171955, ,-1e+31, ,-1e+31,2026-01-04 13:47:03.467334784,2026-01-04,False
imap_idex_l1b_sci-10days_20260101_v001.0004.cdf,101,820810093275531648,2026-01-04T14:47:04.091531648,HS ADC0I trigger (TOF HG),HGThreshold,0.171955, ,-1e+31, ,-1e+31,2026-01-04 14:47:04.091531648,2026-01-04,False
imap_idex_l1b_sci-10days_20260101_v001.0004.cdf,102,820812459924886400,2026-01-04T15:26:30.740886400,HS ADC0I trigger (TOF HG),HGThreshold,0.171955, ,-1e+31, ,-1e+31,2026-01-04 15:26:30.740886400,2026-01-04,False
imap_idex_l1b_sci-10days_20260101_v001.0004.cdf,103,820817502691260416,2026-01-04T16:50:33.507260416,HS ADC0I trigger (TOF HG),HGThreshold,0.171955, ,-1e+31, ,-1e+31,2026-01-04 16:50:33.507260416,2026-01-04,False
imap_idex_l1b_sci-10days_20260101_v001.0004.cdf,104,820828242799466496,2026-01-04T19:49:33.615466496,HS ADC0I trigger (TOF HG),HGThreshold,0.171955, ,-1e+31, ,-1e+31,2026-01-04 19:49:33.615466496,2026-01-04,False
imap_idex_l1b_sci-10days_20260101_v001.0004.cdf,105,820835739282337664,2026-01-04T21:54:30.098337664,HS ADC0I trigger (TOF HG),HGThreshold,0.171955, ,-1e+31, ,-1e+31,2026-01-04 21:54:30.098337664,2026-01-04,False
imap_idex_l1b_sci-10days_20260101_v001.0004.cdf,106,820840619473296512,2026-01-04T23:15:50.289296512,HS ADC0I trigger (TOF HG),HGThreshold,0.171955, ,-1e+31, ,-1e+31,2026-01-04 23:15:50.289296512,2026-01-04,False
imap_idex_l1b_sci-10days_20260101_v001.0004.cdf,107,820842134134749056,2026-01-04T23:41:04.950749056,HS ADC0I trigger (TOF HG),HGThreshold,0.171955, ,-1e+31, ,-1e+31,2026-01-04 23:41:04.950749056,2026-01-04,False
imap_idex_l1b_sci-10days_20260101_v001.0004.cdf,108,820844193242337408,2026-01-05T00:15:24.058337408,HS ADC0I trigger (TOF HG),HGThreshold,0.171955, ,-1e+31, ,-1e+31,2026-01-05 00:15:24.058337408,2026-01-05,False
imap_idex_l1b_sci-10days_20260101_v001.0004.cdf,109,820848366794844672,2026-01-05T01:24:57.610844672,HS ADC0I trigger (TOF HG),HGThreshold,0.171955, ,-1e+31, ,-1e+31,2026-01-05 01:24:57.610844672,2026-01-05,False
imap_idex_l1b_sci-10days_20260110_v001.0004.cdf,0,821529163439270912,2026-01-12T22:31:34.255270912,HS ADC0I trigger (TOF HG),HGThreshold,0.171955, ,-1e+31, ,-1e+31,2026-01-12 22:31:34.255270912,2026-01-12,False
imap_idex_l1b_sci-10days_20260110_v001.0004.cdf,1,821531181540576640,2026-01-12T23:05:12.356576640,HS ADC0I trigger (TOF HG),HGThreshold,0.171955, ,-1e+31, ,-1e+31,2026-01-12 23:05:12.356576640,2026-01-12,False
imap_idex_l1b_sci-10days_20260110_v001.0004.cdf,2,821532265224645376,2026-01-12T23:23:16.040645376,HS ADC0I trigger (TOF HG),HGThreshold,0.171955, ,-1e+31, ,-1e+31,2026-01-12 23:23:16.040645376,2026-01-12,False
imap_idex_l1b_sci-10days_20260110_v001.0004.cdf,3,821553971127027200,2026-01-13T05:25:01.943027200,HS ADC0I trigger (TOF HG),HGThreshold,0.171955, ,-1e+31, ,-1e+31,2026-01-13 05:25:01.943027200,2026-01-13,False
imap_idex_l1b_sci-10days_20260110_v001.0004.cdf,4,821563106362159872,2026-01-13T07:57:17.178159872,HS ADC0I trigger (TOF HG),HGThreshold,0.171955, ,-1e+31, ,-1e+31,2026-01-13 07:57:17.178159872,2026-01-13,False
imap_idex_l1b_sci-10days_20260110_v001.0004.cdf,5,821579626334839040,2026-01-13T12:32:37.150839040,HS ADC0I trigger (TOF HG),HGThreshold,0.171955, ,-1e+31, ,-1e+31,2026-01-13 12:32:37.150839040,2026-01-13,False
imap_idex_l1b_sci-10days_20260110_v001.0004.cdf,6,821580237316076800,2026-01-13T12:42:48.132076800,HS ADC0I trigger (TOF HG),HGThreshold,0.171955, ,-1e+31, ,-1e+31,2026-01-13 12:42:48.132076800,2026-01-13,False
imap_idex_l1b_sci-10days_20260110_v001.0004.cdf,7,821589871203006848,2026-01-13T15:23:22.019006848,HS ADC0I trigger (TOF HG),HGThreshold,0.171955, ,-1e+31, ,-1e+31,2026-01-13 15:23:22.019006848,2026-01-13,False
imap_idex_l1b_sci-10days_20260110_v001.0004.cdf,8,821591802263593216,2026-01-13T15:55:33.079593216,HS ADC0I trigger (TOF HG),HGThreshold,0.171955, ,-1e+31, ,-1e+31,2026-01-13 15:55:33.079593216,2026-01-13,False
imap_idex_l1b_sci-10days_20260110_v001.0004.cdf,9,821598554202381056,2026-01-13T17:48:05.018381056,HS ADC0I trigger (TOF HG),HGThreshold,0.171955, ,-1e+31, ,-1e+31,2026-01-13 17:48:05.018381056,2026-01-13,False
imap_idex_l1b_sci-10days_20260110_v001.0004.cdf,10,821609302453442176,2026-01-13T20:47:13.269442176,HS ADC0I trigger (TOF HG),HGThreshold,0.171955, ,-1e+31, ,-1e+31,2026-01-13 20:47:13.269442176,2026-01-13,False
imap_idex_l1b_sci-10days_20260110_v001.0004.cdf,11,821613742913861376,2026-01-13T22:01:13.729861376,HS ADC0I trigger (TOF HG),HGThreshold,0.171955, ,-1e+31, ,-1e+31,2026-01-13 22:01:13.729861376,2026-01-13,False
imap_idex_l1b_sci-10days_20260110_v001.0004.cdf,12,821620983086915968,2026-01-14T00:01:53.902915968,SW trigger,HGThreshold,0.289, ,-1e+31, ,-1e+31,2026-01-14 00:01:53.902915968,2026-01-14,False
imap_idex_l1b_sci-10days_20260110_v001.0004.cdf,13,821620989087750784,2026-01-14T00:01:59.903750784,HS ADC0I trigger (TOF HG),HGThreshold,0.289, ,-1e+31, ,-1e+31,2026-01-14 00:01:59.903750784,2026-01-14,False
imap_idex_l1b_sci-10days_20260110_v001.0004.cdf,14,821620997087703680,2026-01-14T00:02:07.903703680,HS ADC0I trigger (TOF HG),HGThreshold,0.289, ,-1e+31, ,-1e+31,2026-01-14 00:02:07.903703680,2026-01-14,False
imap_idex_l1b_sci-10days_20260110_v001.0004.cdf,15,821621005087636480,2026-01-14T00:02:15.903636480,HS ADC0I trigger (TOF HG),HGThreshold,0.289, ,-1e+31, ,-1e+31,2026-01-14 00:02:15.903636480,2026-01-14,False
imap_idex_l1b_sci-10days_20260110_v001.0004.cdf,16,821621013087589376,2026-01-14T00:02:23.903589376,HS ADC0I trigger (TOF HG),HGThreshold,0.289, ,-1e+31, ,-1e+31,2026-01-14 00:02:23.903589376,2026-01-14,False
imap_idex_l1b_sci-10days_20260110_v001.0004.cdf,17,821621021087542272,2026-01-14T00:02:31.903542272,HS ADC0I trigger (TOF HG),HGThreshold,0.289, ,-1e+31, ,-1e+31,2026-01-14 00:02:31.903542272,2026-01-14,False
imap_idex_l1b_sci-10days_20260110_v001.0004.cdf,18,821621035086549888,2026-01-14T00:02:45.902549888,SW trigger,HGThreshold,0.289, ,-1e+31, ,-1e+31,2026-01-14 00:02:45.902549888,2026-01-14,False
imap_idex_l1b_sci-10days_20260110_v001.0004.cdf,19,821621047086459136,2026-01-14T00:02:57.902459136,SW trigger,HGThreshold,0.289, ,-1e+31, ,-1e+31,2026-01-14 00:02:57.902459136,2026-01-14,False
imap_idex_l1b_sci-10days_20260110_v001.0004.cdf,20,821621059086388608,2026-01-14T00:03:09.902388608,SW trigger,HGThreshold,0.289, ,-1e+31, ,-1e+31,2026-01-14 00:03:09.902388608,2026-01-14,False
imap_idex_l1b_sci-10days_20260110_v001.0004.cdf,21,821621071086297856,2026-01-14T00:03:21.902297856,SW trigger,HGThreshold,0.289, ,-1e+31, ,-1e+31,2026-01-14 00:03:21.902297856,2026-01-14,False
imap_idex_l1b_sci-10days_20260110_v001.0004.cdf,22,821665444479964416,2026-01-14T12:22:55.295964416,HS ADC0I trigger (TOF HG),HGThreshold,0.171955, ,-1e+31, ,-1e+31,2026-01-14 12:22:55.295964416,2026-01-14,False
imap_idex_l1b_sci-10days_20260110_v001.0004.cdf,23,821666672591094144,2026-01-14T12:43:23.407094144,HS ADC0I trigger (TOF HG),HGThreshold,0.171955, ,-1e+31, ,-1e+31,2026-01-14 12:43:23.407094144,2026-01-14,False
imap_idex_l1b_sci-10days_20260110_v001.0004.cdf,24,821666819050284032,2026-01-14T12:45:49.866284032,HS ADC0I trigger (TOF HG),HGThreshold,0.171955, ,-1e+31, ,-1e+31,2026-01-14 12:45:49.866284032,2026-01-14,False
imap_idex_l1b_sci-10days_20260110_v001.0004.cdf,25,821710687392778240,2026-01-15T00:56:58.208778240,HS ADC0I trigger (TOF HG),HGThreshold,0.171955, ,-1e+31, ,-1e+31,2026-01-15 00:56:58.208778240,2026-01-15,False
imap_idex_l1b_sci-10days_20260110_v001.0004.cdf,26,821712799096423424,2026-01-15T01:32:09.912423424,HS ADC0I trigger (TOF HG),HGThreshold,0.171955, ,-1e+31, ,-1e+31,2026-01-15 01:32:09.912423424,2026-01-15,False
imap_idex_l1b_sci-10days_20260110_v001.0004.cdf,27,821716622344689152,2026-01-15T02:35:53.160689152,HS ADC0I trigger (TOF HG),HGThreshold,0.171955, ,-1e+31, ,-1e+31,2026-01-15 02:35:53.160689152,2026-01-15,False
imap_idex_l1b_sci-10days_20260110_v001.0004.cdf,28,821743822464543488,2026-01-15T10:09:13.280543488,HS ADC0I trigger (TOF HG),HGThreshold,0.171955, ,-1e+31, ,-1e+31,2026-01-15 10:09:13.280543488,2026-01-15,False
imap_idex_l1b_sci-10days_20260110_v001.0004.cdf,29,821744082632692480,2026-01-15T10:13:33.448692480,HS ADC0I trigger (TOF HG),HGThreshold,0.171955, ,-1e+31, ,-1e+31,2026-01-15 10:13:33.448692480,2026-01-15,False
imap_idex_l1b_sci-10days_20260110_v001.0004.cdf,30,821748444838100224,2026-01-15T11:26:15.654100224,HS ADC0I trigger (TOF HG),HGThreshold,0.171955, ,-1e+31, ,-1e+31,2026-01-15 11:26:15.654100224,2026-01-15,False
imap_idex_l1b_sci-10days_20260110_v001.0004.cdf,31,821762636891401856,2026-01-15T15:22:47.707401856,HS ADC0I trigger (TOF HG),HGThreshold,0.171955, ,-1e+31, ,-1e+31,2026-01-15 15:22:47.707401856,2026-01-15,False
imap_idex_l1b_sci-10days_20260110_v001.0004.cdf,32,821767790970706560,2026-01-15T16:48:41.786706560,HS ADC0I trigger (TOF HG),HGThreshold,0.171955, ,-1e+31, ,-1e+31,2026-01-15 16:48:41.786706560,2026-01-15,False
imap_idex_l1b_sci-10days_20260110_v001.0004.cdf,33,821778056869493632,2026-01-15T19:39:47.685493632,HS ADC0I trigger (TOF HG),HGThreshold,0.171955, ,-1e+31, ,-1e+31,2026-01-15 19:39:47.685493632,2026-01-15,False
imap_idex_l1b_sci-10days_20260110_v001.0004.cdf,34,821781552761310336,2026-01-15T20:38:03.577310336,HS ADC0I trigger (TOF HG),HGThreshold,0.171955, ,-1e+31, ,-1e+31,2026-01-15 20:38:03.577310336,2026-01-15,False
imap_idex_l1b_sci-10days_20260110_v001.0004.cdf,35,821799210429841920,2026-01-16T01:32:21.245841920,HS ADC0I trigger (TOF HG),HGThreshold,0.171955, ,-1e+31, ,-1e+31,2026-01-16 01:32:21.245841920,2026-01-16,False
imap_idex_l1b_sci-10days_20260110_v001.0004.cdf,36,821800090324261248,2026-01-16T01:47:01.140261248,HS ADC0I trigger (TOF HG),HGThreshold,0.171955, ,-1e+31, ,-1e+31,2026-01-16 01:47:01.140261248,2026-01-16,False
imap_idex_l1b_sci-10days_20260110_v001.0004.cdf,37,821810232211623040,2026-01-16T04:36:03.027623040,HS ADC0I trigger (TOF HG),HGThreshold,0.171955, ,-1e+31, ,-1e+31,2026-01-16 04:36:03.027623040,2026-01-16,False
imap_idex_l1b_sci-10days_20260110_v001.0004.cdf,38,821818687323381632,2026-01-16T06:56:58.139381632,HS ADC0I trigger (TOF HG),HGThreshold,0.171955, ,-1e+31, ,-1e+31,2026-01-16 06:56:58.139381632,2026-01-16,False
imap_idex_l1b_sci-10days_20260110_v001.0004.cdf,39,821818728967184640,2026-01-16T06:57:39.783184640,HS ADC0I trigger (TOF HG),HGThreshold,0.171955, ,-1e+31, ,-1e+31,2026-01-16 06:57:39.783184640,2026-01-16,False
imap_idex_l1b_sci-10days_20260110_v001.0004.cdf,40,821818775190343680,2026-01-16T06:58:26.006343680,HS ADC0I trigger (TOF HG),HGThreshold,0.171955, ,-1e+31, ,-1e+31,2026-01-16 06:58:26.006343680,2026-01-16,False
imap_idex_l1b_sci-10days_20260110_v001.0004.cdf,41,821818811183631616,2026-01-16T06:59:01.999631616,HS ADC0I trigger (TOF HG),HGThreshold,0.171955, ,-1e+31, ,-1e+31,2026-01-16 06:59:01.999631616,2026-01-16,False
imap_idex_l1b_sci-10days_20260110_v001.0004.cdf,42,821818858421409664,2026-01-16T06:59:49.237409664,HS ADC0I trigger (TOF HG),HGThreshold,0.171955, ,-1e+31, ,-1e+31,2026-01-16 06:59:49.237409664,2026-01-16,False
imap_idex_l1b_sci-10days_20260110_v001.0004.cdf,43,821819481826936704,2026-01-16T07:10:12.642936704,HS ADC0I trigger (TOF HG),HGThreshold,0.171955, ,-1e+31, ,-1e+31,2026-01-16 07:10:12.642936704,2026-01-16,False
imap_idex_l1b_sci-10days_20260110_v001.0004.cdf,44,821819502283858560,2026-01-16T07:10:33.099858560,HS ADC0I trigger (TOF HG),HGThreshold,0.171955, ,-1e+31, ,-1e+31,2026-01-16 07:10:33.099858560,2026-01-16,False
imap_idex_l1b_sci-10days_20260110_v001.0004.cdf,45,821819682990478336,2026-01-16T07:13:33.806478336,HS ADC0I trigger (TOF HG),HGThreshold,0.171955, ,-1e+31, ,-1e+31,2026-01-16 07:13:33.806478336,2026-01-16,False
imap_idex_l1b_sci-10days_20260110_v001.0004.cdf,46,821820652434278144,2026-01-16T07:29:43.250278144,HS ADC0I trigger (TOF HG),HGThreshold,0.171955, ,-1e+31, ,-1e+31,2026-01-16 07:29:43.250278144,2026-01-16,False
imap_idex_l1b_sci-10days_20260110_v001.0004.cdf,47,821824018005732096,2026-01-16T08:25:48.821732096,HS ADC0I trigger (TOF HG),HGThreshold,0.171955, ,-1e+31, ,-1e+31,2026-01-16 08:25:48.821732096,2026-01-16,False
imap_idex_l1b_sci-10days_20260110_v001.0004.cdf,48,821846658303345024,2026-01-16T14:43:09.119345024,HS ADC0I trigger (TOF HG),HGThreshold,0.171955, ,-1e+31, ,-1e+31,2026-01-16 14:43:09.119345024,2026-01-16,False
imap_idex_l1b_sci-10days_20260110_v001.0004.cdf,49,821854762557634816,2026-01-16T16:58:13.373634816,HS ADC0I trigger (TOF HG),HGThreshold,0.171955, ,-1e+31, ,-1e+31,2026-01-16 16:58:13.373634816,2026-01-16,False
imap_idex_l1b_sci-10days_20260110_v001.0004.cdf,50,821859051111129984,2026-01-16T18:09:41.927129984,HS ADC0I trigger (TOF HG),HGThreshold,0.171955, ,-1e+31, ,-1e+31,2026-01-16 18:09:41.927129984,2026-01-16,False
imap_idex_l1b_sci-10days_20260110_v001.0004.cdf,51,821867710938746752,2026-01-16T20:34:01.754746752,HS ADC0I trigger (TOF HG),HGThreshold,0.171955, ,-1e+31, ,-1e+31,2026-01-16 20:34:01.754746752,2026-01-16,False
imap_idex_l1b_sci-10days_20260110_v001.0004.cdf,52,821876980935542656,2026-01-16T23:08:31.751542656,HS ADC0I trigger (TOF HG),HGThreshold,0.171955, ,-1e+31, ,-1e+31,2026-01-16 23:08:31.751542656,2026-01-16,False
imap_idex_l1b_sci-10days_20260110_v001.0004.cdf,53,821879179061092864,2026-01-16T23:45:09.877092864,HS ADC0I trigger (TOF HG),HGThreshold,0.171955, ,-1e+31, ,-1e+31,2026-01-16 23:45:09.877092864,2026-01-16,False
imap_idex_l1b_sci-10days_20260110_v001.0004.cdf,54,821883657206820480,2026-01-17T00:59:48.022820480,HS ADC0I trigger (TOF HG),HGThreshold,0.171955, ,-1e+31, ,-1e+31,2026-01-17 00:59:48.022820480,2026-01-17,False
imap_idex_l1b_sci-10days_20260110_v001.0004.cdf,55,821884423348641024,2026-01-17T01:12:34.164641024,HS ADC0I trigger (TOF HG),HGThreshold,0.171955, ,-1e+31, ,-1e+31,2026-01-17 01:12:34.164641024,2026-01-17,False
imap_idex_l1b_sci-10days_20260110_v001.0004.cdf,56,821898970212097152,2026-01-17T05:15:01.028097152,HS ADC0I trigger (TOF HG),HGThreshold,0.171955, ,-1e+31, ,-1e+31,2026-01-17 05:15:01.028097152,2026-01-17,False
imap_idex_l1b_sci-10days_20260110_v001.0004.cdf,57,821904791020453760,2026-01-17T06:52:01.836453760,HS ADC0I trigger (TOF HG),HGThreshold,0.171955, ,-1e+31, ,-1e+31,2026-01-17 06:52:01.836453760,2026-01-17,False
imap_idex_l1b_sci-10days_20260110_v001.0004.cdf,58,821908259054977536,2026-01-17T07:49:49.870977536,HS ADC0I trigger (TOF HG),HGThreshold,0.171955, ,-1e+31, ,-1e+31,2026-01-17 07:49:49.870977536,2026-01-17,False
imap_idex_l1b_sci-10days_20260110_v001.0004.cdf,59,821911621189515136,2026-01-17T08:45:52.005515136,HS ADC0I trigger (TOF HG),HGThreshold,0.171955, ,-1e+31, ,-1e+31,2026-01-17 08:45:52.005515136,2026-01-17,False
imap_idex_l1b_sci-10days_20260110_v001.0004.cdf,60,821914765911145600,2026-01-17T09:38:16.727145600,HS ADC0I trigger (TOF HG),HGThreshold,0.171955, ,-1e+31, ,-1e+31,2026-01-17 09:38:16.727145600,2026-01-17,False
imap_idex_l1b_sci-10days_20260110_v001.0004.cdf,61,821917399116249856,2026-01-17T10:22:09.932249856,HS ADC0I trigger (TOF HG),HGThreshold,0.171955, ,-1e+31, ,-1e+31,2026-01-17 10:22:09.932249856,2026-01-17,False
imap_idex_l1b_sci-10days_20260110_v001.0004.cdf,62,821920880831861248,2026-01-17T11:20:11.647861248,HS ADC0I trigger (TOF HG),HGThreshold,0.171955, ,-1e+31, ,-1e+31,2026-01-17 11:20:11.647861248,2026-01-17,False
imap_idex_l1b_sci-10days_20260110_v001.0004.cdf,63,821926020901941760,2026-01-17T12:45:51.717941760,HS ADC0I trigger (TOF HG),HGThreshold,0.171955, ,-1e+31, ,-1e+31,2026-01-17 12:45:51.717941760,2026-01-17,False
imap_idex_l1b_sci-10days_20260110_v001.0004.cdf,64,821926971152158848,2026-01-17T13:01:41.968158848,HS ADC0I trigger (TOF HG),HGThreshold,0.171955, ,-1e+31, ,-1e+31,2026-01-17 13:01:41.968158848,2026-01-17,False
imap_idex_l1b_sci-10days_20260110_v001.0004.cdf,65,821930314120893440,2026-01-17T13:57:24.936893440,HS ADC0I trigger (TOF HG),HGThreshold,0.171955, ,-1e+31, ,-1e+31,2026-01-17 13:57:24.936893440,2026-01-17,False
imap_idex_l1b_sci-10days_20260110_v001.0004.cdf,66,821932011786547712,2026-01-17T14:25:42.602547712,HS ADC0I trigger (TOF HG),HGThreshold,0.171955, ,-1e+31, ,-1e+31,2026-01-17 14:25:42.602547712,2026-01-17,False
imap_idex_l1b_sci-10days_20260110_v001.0004.cdf,67,821932858914656128,2026-01-17T14:39:49.730656128,HS ADC0I trigger (TOF HG),HGThreshold,0.171955, ,-1e+31, ,-1e+31,2026-01-17 14:39:49.730656128,2026-01-17,False
imap_idex_l1b_sci-10days_20260110_v001.0004.cdf,68,821951992362343936,2026-01-17T19:58:43.178343936,HS ADC0I trigger (TOF HG),HGThreshold,0.171955, ,-1e+31, ,-1e+31,2026-01-17 19:58:43.178343936,2026-01-17,False
imap_idex_l1b_sci-10days_20260110_v001.0004.cdf,69,821955130216320384,2026-01-17T20:51:01.032320384,HS ADC0I trigger (TOF HG),HGThreshold,0.171955, ,-1e+31, ,-1e+31,2026-01-17 20:51:01.032320384,2026-01-17,False
imap_idex_l1b_sci-10days_20260110_v001.0004.cdf,70,821958648121099776,2026-01-17T21:49:38.937099776,HS ADC0I trigger (TOF HG),HGThreshold,0.171955, ,-1e+31, ,-1e+31,2026-01-17 21:49:38.937099776,2026-01-17,False
imap_idex_l1b_sci-10days_20260110_v001.0004.cdf,71,821960488380727424,2026-01-17T22:20:19.196727424,HS ADC0I trigger (TOF HG),HGThreshold,0.171955, ,-1e+31, ,-1e+31,2026-01-17 22:20:19.196727424,2026-01-17,False
imap_idex_l1b_sci-10days_20260110_v001.0004.cdf,72,821962257441758208,2026-01-17T22:49:48.257758208,HS ADC0I trigger (TOF HG),HGThreshold,0.171955, ,-1e+31, ,-1e+31,2026-01-17 22:49:48.257758208,2026-01-17,False
imap_idex_l1b_sci-10days_20260110_v001.0004.cdf,73,821973248424448640,2026-01-18T01:52:59.240448640,HS ADC0I trigger (TOF HG),HGThreshold,0.171955, ,-1e+31, ,-1e+31,2026-01-18 01:52:59.240448640,2026-01-18,False
imap_idex_l1b_sci-10days_20260110_v001.0004.cdf,74,821981722114892032,2026-01-18T04:14:12.930892032,HS ADC0I trigger (TOF HG),HGThreshold,0.171955, ,-1e+31, ,-1e+31,2026-01-18 04:14:12.930892032,2026-01-18,False
imap_idex_l1b_sci-10days_20260110_v001.0004.cdf,75,821985649118688640,2026-01-18T05:19:39.934688640,HS ADC0I trigger (TOF HG),HGThreshold,0.171955, ,-1e+31, ,-1e+31,2026-01-18 05:19:39.934688640,2026-01-18,False
imap_idex_l1b_sci-10days_20260110_v001.0004.cdf,76,821987702140107520,2026-01-18T05:53:52.956107520,HS ADC0I trigger (TOF HG),HGThreshold,0.171955, ,-1e+31, ,-1e+31,2026-01-18 05:53:52.956107520,2026-01-18,False
imap_idex_l1b_sci-10days_20260110_v001.0004.cdf,77,821989942728499840,2026-01-18T06:31:13.544499840,HS ADC0I trigger (TOF HG),HGThreshold,0.171955, ,-1e+31, ,-1e+31,2026-01-18 06:31:13.544499840,2026-01-18,False
imap_idex_l1b_sci-10days_20260110_v001.0004.cdf,78,821998266464256384,2026-01-18T08:49:57.280256384,HS ADC0I trigger (TOF HG),HGThreshold,0.171955, ,-1e+31, ,-1e+31,2026-01-18 08:49:57.280256384,2026-01-18,False
imap_idex_l1b_sci-10days_20260110_v001.0004.cdf,79,822002338052004608,2026-01-18T09:57:48.868004608,HS ADC0I trigger (TOF HG),HGThreshold,0.171955, ,-1e+31, ,-1e+31,2026-01-18 09:57:48.868004608,2026-01-18,False
imap_idex_l1b_sci-10days_20260110_v001.0004.cdf,80,822005405320983936,2026-01-18T10:48:56.136983936,HS ADC0I trigger (TOF HG),HGThreshold,0.171955, ,-1e+31, ,-1e+31,2026-01-18 10:48:56.136983936,2026-01-18,False
imap_idex_l1b_sci-10days_20260110_v001.0004.cdf,81,822013070385344512,2026-01-18T12:56:41.201344512,HS ADC0I trigger (TOF HG),HGThreshold,0.171955, ,-1e+31, ,-1e+31,2026-01-18 12:56:41.201344512,2026-01-18,False
imap_idex_l1b_sci-10days_20260110_v001.0004.cdf,82,822018519472270976,2026-01-18T14:27:30.288270976,HS ADC0I trigger (TOF HG),HGThreshold,0.171955, ,-1e+31, ,-1e+31,2026-01-18 14:27:30.288270976,2026-01-18,False
imap_idex_l1b_sci-10days_20260110_v001.0004.cdf,83,822026097438048896,2026-01-18T16:33:48.254048896,HS ADC0I trigger (TOF HG),HGThreshold,0.171955, ,-1e+31, ,-1e+31,2026-01-18 16:33:48.254048896,2026-01-18,False
imap_idex_l1b_sci-10days_20260110_v001.0004.cdf,84,822028802805569024,2026-01-18T17:18:53.621569024,HS ADC0I trigger (TOF HG),HGThreshold,0.171955, ,-1e+31, ,-1e+31,2026-01-18 17:18:53.621569024,2026-01-18,False
imap_idex_l1b_sci-10days_20260110_v001.0004.cdf,85,822032221921596032,2026-01-18T18:15:52.737596032,HS ADC0I trigger (TOF HG),HGThreshold,0.171955, ,-1e+31, ,-1e+31,2026-01-18 18:15:52.737596032,2026-01-18,False
imap_idex_l1b_sci-10days_20260110_v001.0004.cdf,86,822033351298134272,2026-01-18T18:34:42.114134272,HS ADC0I trigger (TOF HG),HGThreshold,0.171955, ,-1e+31, ,-1e+31,2026-01-18 18:34:42.114134272,2026-01-18,False
imap_idex_l1b_sci-10days_20260110_v001.0004.cdf,87,822037989281500160,2026-01-18T19:52:00.097500160,HS ADC0I trigger (TOF HG),HGThreshold,0.171955, ,-1e+31, ,-1e+31,2026-01-18 19:52:00.097500160,2026-01-18,False
imap_idex_l1b_sci-10days_20260110_v001.0004.cdf,88,822040278214629760,2026-01-18T20:30:09.030629760,HS ADC0I trigger (TOF HG),HGThreshold,0.171955, ,-1e+31, ,-1e+31,2026-01-18 20:30:09.030629760,2026-01-18,False
imap_idex_l1b_sci-10days_20260110_v001.0004.cdf,89,822041576463358208,2026-01-18T20:51:47.279358208,HS ADC0I trigger (TOF HG),HGThreshold,0.171955, ,-1e+31, ,-1e+31,2026-01-18 20:51:47.279358208,2026-01-18,False
imap_idex_l1b_sci-10days_20260110_v001.0004.cdf,90,822045645581048576,2026-01-18T21:59:36.397048576,HS ADC0I trigger (TOF HG),HGThreshold,0.171955, ,-1e+31, ,-1e+31,2026-01-18 21:59:36.397048576,2026-01-18,False
imap_idex_l1b_sci-10days_20260110_v001.0004.cdf,91,822052840578066304,2026-01-18T23:59:31.394066304,HS ADC0I trigger (TOF HG),HGThreshold,0.171955, ,-1e+31, ,-1e+31,2026-01-18 23:59:31.394066304,2026-01-18,False
imap_idex_l1b_sci-10days_20260110_v001.0004.cdf,92,822054825323025664,2026-01-19T00:32:36.139025664,HS ADC0I trigger (TOF HG),HGThreshold,0.171955, ,-1e+31, ,-1e+31,2026-01-19 00:32:36.139025664,2026-01-19,False
imap_idex_l1b_sci-10days_20260110_v001.0004.cdf,93,822057338954217344,2026-01-19T01:14:29.770217344,HS ADC0I trigger (TOF HG),HGThreshold,0.171955, ,-1e+31, ,-1e+31,2026-01-19 01:14:29.770217344,2026-01-19,False
imap_idex_l1b_sci-10days_20260110_v001.0004.cdf,94,822059613261721088,2026-01-19T01:52:24.077721088,HS ADC0I trigger (TOF HG),HGThreshold,0.171955, ,-1e+31, ,-1e+31,2026-01-19 01:52:24.077721088,2026-01-19,False
imap_idex_l1b_sci-10days_20260110_v001.0004.cdf,95,822060368707711616,2026-01-19T02:04:59.523711616,HS ADC0I trigger (TOF HG),HGThreshold,0.171955, ,-1e+31, ,-1e+31,2026-01-19 02:04:59.523711616,2026-01-19,False
imap_idex_l1b_sci-10days_20260110_v001.0004.cdf,96,822065304780995712,2026-01-19T03:27:15.596995712,HS ADC0I trigger (TOF HG),HGThreshold,0.171955, ,-1e+31, ,-1e+31,2026-01-19 03:27:15.596995712,2026-01-19,False
imap_idex_l1b_sci-10days_20260110_v001.0004.cdf,97,822067138937989760,2026-01-19T03:57:49.753989760,HS ADC0I trigger (TOF HG),HGThreshold,0.171955, ,-1e+31, ,-1e+31,2026-01-19 03:57:49.753989760,2026-01-19,False
imap_idex_l1b_sci-10days_20260110_v001.0004.cdf,98,822068058407834752,2026-01-19T04:13:09.223834752,HS ADC0I trigger (TOF HG),HGThreshold,0.171955, ,-1e+31, ,-1e+31,2026-01-19 04:13:09.223834752,2026-01-19,False
imap_idex_l1b_sci-10days_20260110_v001.0004.cdf,99,822068830883369984,2026-01-19T04:26:01.699369984,HS ADC0I trigger (TOF HG),HGThreshold,0.171955, ,-1e+31, ,-1e+31,2026-01-19 04:26:01.699369984,2026-01-19,False
imap_idex_l1b_sci-10days_20260110_v001.0004.cdf,100,822069247832980224,2026-01-19T04:32:58.648980224,HS ADC0I trigger (TOF HG),HGThreshold,0.171955, ,-1e+31, ,-1e+31,2026-01-19 04:32:58.648980224,2026-01-19,False
imap_idex_l1b_sci-10days_20260110_v001.0004.cdf,101,822069428517220096,2026-01-19T04:35:59.333220096,HS ADC0I trigger (TOF HG),HGThreshold,0.171955, ,-1e+31, ,-1e+31,2026-01-19 04:35:59.333220096,2026-01-19,False
imap_idex_l1b_sci-10days_20260110_v001.0004.cdf,102,822070659629008640,2026-01-19T04:56:30.445008640,HS ADC0I trigger (TOF HG),HGThreshold,0.171955, ,-1e+31, ,-1e+31,2026-01-19 04:56:30.445008640,2026-01-19,False
imap_idex_l1b_sci-10days_20260110_v001.0004.cdf,103,822070667228141952,2026-01-19T04:56:38.044141952,HS ADC0I trigger (TOF HG),HGThreshold,0.171955, ,-1e+31, ,-1e+31,2026-01-19 04:56:38.044141952,2026-01-19,False
imap_idex_l1b_sci-10days_20260110_v001.0004.cdf,104,822070972139631744,2026-01-19T05:01:42.955631744,HS ADC0I trigger (TOF HG),HGThreshold,0.171955, ,-1e+31, ,-1e+31,2026-01-19 05:01:42.955631744,2026-01-19,False
imap_idex_l1b_sci-10days_20260110_v001.0004.cdf,105,822071345912680448,2026-01-19T05:07:56.728680448,HS ADC0I trigger (TOF HG),HGThreshold,0.171955, ,-1e+31, ,-1e+31,2026-01-19 05:07:56.728680448,2026-01-19,False
imap_idex_l1b_sci-10days_20260110_v001.0004.cdf,106,822073042474196352,2026-01-19T05:36:13.290196352,HS ADC0I trigger (TOF HG),HGThreshold,0.171955, ,-1e+31, ,-1e+31,2026-01-19 05:36:13.290196352,2026-01-19,False
imap_idex_l1b_sci-10days_20260110_v001.0004.cdf,107,822073341323271552,2026-01-19T05:41:12.139271552,HS ADC0I trigger (TOF HG),HGThreshold,0.171955, ,-1e+31, ,-1e+31,2026-01-19 05:41:12.139271552,2026-01-19,False
imap_idex_l1b_sci-10days_20260110_v001.0004.cdf,108,822073682967708416,2026-01-19T05:46:53.783708416,HS ADC0I trigger (TOF HG),HGThreshold,0.171955, ,-1e+31, ,-1e+31,2026-01-19 05:46:53.783708416,2026-01-19,False
imap_idex_l1b_sci-10days_20260110_v001.0004.cdf,109,822073935982664192,2026-01-19T05:51:06.798664192,HS ADC0I trigger (TOF HG),HGThreshold,0.171955, ,-1e+31, ,-1e+31,2026-01-19 05:51:06.798664192,2026-01-19,False
imap_idex_l1b_sci-10days_20260110_v001.0004.cdf,110,822073990779755648,2026-01-19T05:52:01.595755648,HS ADC0I trigger (TOF HG),HGThreshold,0.171955, ,-1e+31, ,-1e+31,2026-01-19 05:52:01.595755648,2026-01-19,False
imap_idex_l1b_sci-10days_20260110_v001.0004.cdf,111,822074027983702784,2026-01-19T05:52:38.799702784,HS ADC0I trigger (TOF HG),HGThreshold,0.171955, ,-1e+31, ,-1e+31,2026-01-19 05:52:38.799702784,2026-01-19,False
imap_idex_l1b_sci-10days_20260110_v001.0004.cdf,112,822074136912246144,2026-01-19T05:54:27.728246144,HS ADC0I trigger (TOF HG),HGThreshold,0.171955, ,-1e+31, ,-1e+31,2026-01-19 05:54:27.728246144,2026-01-19,False
imap_idex_l1b_sci-10days_20260110_v001.0004.cdf,113,822074163165102976,2026-01-19T05:54:53.981102976,HS ADC0I trigger (TOF HG),HGThreshold,0.171955, ,-1e+31, ,-1e+31,2026-01-19 05:54:53.981102976,2026-01-19,False
imap_idex_l1b_sci-10days_20260110_v001.0004.cdf,114,822074385985965312,2026-01-19T05:58:36.801965312,HS ADC0I trigger (TOF HG),HGThreshold,0.171955, ,-1e+31, ,-1e+31,2026-01-19 05:58:36.801965312,2026-01-19,False
imap_idex_l1b_sci-10days_20260110_v001.0004.cdf,115,822074446640651520,2026-01-19T05:59:37.456651520,HS ADC0I trigger (TOF HG),HGThreshold,0.171955, ,-1e+31, ,-1e+31,2026-01-19 05:59:37.456651520,2026-01-19,False
imap_idex_l1b_sci-10days_20260110_v001.0004.cdf,116,822074460452659200,2026-01-19T05:59:51.268659200,HS ADC0I trigger (TOF HG),HGThreshold,0.171955, ,-1e+31, ,-1e+31,2026-01-19 05:59:51.268659200,2026-01-19,False
imap_idex_l1b_sci-10days_20260110_v001.0004.cdf,117,822074488457014400,2026-01-19T06:00:19.273014400,HS ADC0I trigger (TOF HG),HGThreshold,0.171955, ,-1e+31, ,-1e+31,2026-01-19 06:00:19.273014400,2026-01-19,False
imap_idex_l1b_sci-10days_20260110_v001.0004.cdf,118,822074582362251264,2026-01-19T06:01:53.178251264,HS ADC0I trigger (TOF HG),HGThreshold,0.171955, ,-1e+31, ,-1e+31,2026-01-19 06:01:53.178251264,2026-01-19,False
imap_idex_l1b_sci-10days_20260110_v001.0004.cdf,119,822074828195573376,2026-01-19T06:05:59.011573376,HS ADC0I trigger (TOF HG),HGThreshold,0.171955, ,-1e+31, ,-1e+31,2026-01-19 06:05:59.011573376,2026-01-19,False
imap_idex_l1b_sci-10days_20260110_v001.0004.cdf,120,822074841276321664,2026-01-19T06:06:12.092321664,HS ADC0I trigger (TOF HG),HGThreshold,0.171955, ,-1e+31, ,-1e+31,2026-01-19 06:06:12.092321664,2026-01-19,False
imap_idex_l1b_sci-10days_20260110_v001.0004.cdf,121,822074914002877184,2026-01-19T06:07:24.818877184,HS ADC0I trigger (TOF HG),HGThreshold,0.171955, ,-1e+31, ,-1e+31,2026-01-19 06:07:24.818877184,2026-01-19,False
imap_idex_l1b_sci-10days_20260110_v001.0004.cdf,122,822075015281307520,2026-01-19T06:09:06.097307520,HS ADC0I trigger (TOF HG),HGThreshold,0.171955, ,-1e+31, ,-1e+31,2026-01-19 06:09:06.097307520,2026-01-19,False
imap_idex_l1b_sci-10days_20260110_v001.0004.cdf,123,822075087612623360,2026-01-19T06:10:18.428623360,HS ADC0I trigger (TOF HG),HGThreshold,0.171955, ,-1e+31, ,-1e+31,2026-01-19 06:10:18.428623360,2026-01-19,False
imap_idex_l1b_sci-10days_20260110_v001.0004.cdf,124,822075152818765696,2026-01-19T06:11:23.634765696,HS ADC0I trigger (TOF HG),HGThreshold,0.171955, ,-1e+31, ,-1e+31,2026-01-19 06:11:23.634765696,2026-01-19,False
imap_idex_l1b_sci-10days_20260110_v001.0004.cdf,125,822075166352833536,2026-01-19T06:11:37.168833536,HS ADC0I trigger (TOF HG),HGThreshold,0.171955, ,-1e+31, ,-1e+31,2026-01-19 06:11:37.168833536,2026-01-19,False
imap_idex_l1b_sci-10days_20260110_v001.0004.cdf,126,822075400263086208,2026-01-19T06:15:31.079086208,HS ADC0I trigger (TOF HG),HGThreshold,0.171955, ,-1e+31, ,-1e+31,2026-01-19 06:15:31.079086208,2026-01-19,False
imap_idex_l1b_sci-10days_20260110_v001.0004.cdf,127,822075681915396480,2026-01-19T06:20:12.731396480,HS ADC0I trigger (TOF HG),HGThreshold,0.171955, ,-1e+31, ,-1e+31,2026-01-19 06:20:12.731396480,2026-01-19,False
imap_idex_l1b_sci-10days_20260110_v001.0004.cdf,128,822075749418536704,2026-01-19T06:21:20.234536704,HS ADC0I trigger (TOF HG),HGThreshold,0.171955, ,-1e+31, ,-1e+31,2026-01-19 06:21:20.234536704,2026-01-19,False
imap_idex_l1b_sci-10days_20260110_v001.0004.cdf,129,822075785458224768,2026-01-19T06:21:56.274224768,HS ADC0I trigger (TOF HG),HGThreshold,0.171955, ,-1e+31, ,-1e+31,2026-01-19 06:21:56.274224768,2026-01-19,False
imap_idex_l1b_sci-10days_20260110_v001.0004.cdf,130,822075844184912640,2026-01-19T06:22:55.000912640,HS ADC0I trigger (TOF HG),HGThreshold,0.171955, ,-1e+31, ,-1e+31,2026-01-19 06:22:55.000912640,2026-01-19,False
imap_idex_l1b_sci-10days_20260110_v001.0004.cdf,131,822075920264145280,2026-01-19T06:24:11.080145280,HS ADC0I trigger (TOF HG),HGThreshold,0.171955, ,-1e+31, ,-1e+31,2026-01-19 06:24:11.080145280,2026-01-19,False
imap_idex_l1b_sci-10days_20260110_v001.0004.cdf,132,822076142325908352,2026-01-19T06:27:53.141908352,HS ADC0I trigger (TOF HG),HGThreshold,0.171955, ,-1e+31, ,-1e+31,2026-01-19 06:27:53.141908352,2026-01-19,False
imap_idex_l1b_sci-10days_20260110_v001.0004.cdf,133,822076240558181248,2026-01-19T06:29:31.374181248,HS ADC0I trigger (TOF HG),HGThreshold,0.171955, ,-1e+31, ,-1e+31,2026-01-19 06:29:31.374181248,2026-01-19,False
imap_idex_l1b_sci-10days_20260110_v001.0004.cdf,134,822076373387283456,2026-01-19T06:31:44.203283456,HS ADC0I trigger (TOF HG),HGThreshold,0.171955, ,-1e+31, ,-1e+31,2026-01-19 06:31:44.203283456,2026-01-19,False
imap_idex_l1b_sci-10days_20260110_v001.0004.cdf,135,822076761053979904,2026-01-19T06:38:11.869979904,HS ADC0I trigger (TOF HG),HGThreshold,0.171955, ,-1e+31, ,-1e+31,2026-01-19 06:38:11.869979904,2026-01-19,False
imap_idex_l1b_sci-10days_20260110_v001.0004.cdf,136,822076806307519744,2026-01-19T06:38:57.123519744,HS ADC0I trigger (TOF HG),HGThreshold,0.171955, ,-1e+31, ,-1e+31,2026-01-19 06:38:57.123519744,2026-01-19,False
imap_idex_l1b_sci-10days_20260110_v001.0004.cdf,137,822076828680920064,2026-01-19T06:39:19.496920064,HS ADC0I trigger (TOF HG),HGThreshold,0.171955, ,-1e+31, ,-1e+31,2026-01-19 06:39:19.496920064,2026-01-19,False
imap_idex_l1b_sci-10days_20260110_v001.0004.cdf,138,822076854400077056,2026-01-19T06:39:45.216077056,HS ADC0I trigger (TOF HG),HGThreshold,0.171955, ,-1e+31, ,-1e+31,2026-01-19 06:39:45.216077056,2026-01-19,False
imap_idex_l1b_sci-10days_20260110_v001.0004.cdf,139,822077060146754560,2026-01-19T06:43:10.962754560,HS ADC0I trigger (TOF HG),HGThreshold,0.171955, ,-1e+31, ,-1e+31,2026-01-19 06:43:10.962754560,2026-01-19,False
imap_idex_l1b_sci-10days_20260110_v001.0004.cdf,140,822077236848438144,2026-01-19T06:46:07.664438144,HS ADC0I trigger (TOF HG),HGThreshold,0.171955, ,-1e+31, ,-1e+31,2026-01-19 06:46:07.664438144,2026-01-19,False
imap_idex_l1b_sci-10days_20260110_v001.0004.cdf,141,822077427328009088,2026-01-19T06:49:18.144009088,HS ADC0I trigger (TOF HG),HGThreshold,0.171955, ,-1e+31, ,-1e+31,2026-01-19 06:49:18.144009088,2026-01-19,False
imap_idex_l1b_sci-10days_20260110_v001.0004.cdf,142,822077550035380352,2026-01-19T06:51:20.851380352,HS ADC0I trigger (TOF HG),HGThreshold,0.171955, ,-1e+31, ,-1e+31,2026-01-19 06:51:20.851380352,2026-01-19,False
imap_idex_l1b_sci-10days_20260110_v001.0004.cdf,143,822077588407246464,2026-01-19T06:51:59.223246464,HS ADC0I trigger (TOF HG),HGThreshold,0.171955, ,-1e+31, ,-1e+31,2026-01-19 06:51:59.223246464,2026-01-19,False
imap_idex_l1b_sci-10days_20260110_v001.0004.cdf,144,822077676723588096,2026-01-19T06:53:27.539588096,HS ADC0I trigger (TOF HG),HGThreshold,0.171955, ,-1e+31, ,-1e+31,2026-01-19 06:53:27.539588096,2026-01-19,False
imap_idex_l1b_sci-10days_20260110_v001.0004.cdf,145,822078123296632192,2026-01-19T07:00:54.112632192,HS ADC0I trigger (TOF HG),HGThreshold,0.171955, ,-1e+31, ,-1e+31,2026-01-19 07:00:54.112632192,2026-01-19,False
imap_idex_l1b_sci-10days_20260110_v001.0004.cdf,146,822078198438945664,2026-01-19T07:02:09.254945664,HS ADC0I trigger (TOF HG),HGThreshold,0.171955, ,-1e+31, ,-1e+31,2026-01-19 07:02:09.254945664,2026-01-19,False
imap_idex_l1b_sci-10days_20260110_v001.0004.cdf,147,822078286483807616,2026-01-19T07:03:37.299807616,HS ADC0I trigger (TOF HG),HGThreshold,0.171955, ,-1e+31, ,-1e+31,2026-01-19 07:03:37.299807616,2026-01-19,False
imap_idex_l1b_sci-10days_20260110_v001.0004.cdf,148,822078364860858112,2026-01-19T07:04:55.676858112,HS ADC0I trigger (TOF HG),HGThreshold,0.171955, ,-1e+31, ,-1e+31,2026-01-19 07:04:55.676858112,2026-01-19,False
imap_idex_l1b_sci-10days_20260110_v001.0004.cdf,149,822078371912271872,2026-01-19T07:05:02.728271872,HS ADC0I trigger (TOF HG),HGThreshold,0.171955, ,-1e+31, ,-1e+31,2026-01-19 07:05:02.728271872,2026-01-19,False
imap_idex_l1b_sci-10days_20260110_v001.0004.cdf,150,822078379043965568,2026-01-19T07:05:09.859965568,HS ADC0I trigger (TOF HG),HGThreshold,0.171955, ,-1e+31, ,-1e+31,2026-01-19 07:05:09.859965568,2026-01-19,False
imap_idex_l1b_sci-10days_20260110_v001.0004.cdf,151,822079089745355520,2026-01-19T07:17:00.561355520,HS ADC0I trigger (TOF HG),HGThreshold,0.171955, ,-1e+31, ,-1e+31,2026-01-19 07:17:00.561355520,2026-01-19,False
imap_idex_l1b_sci-10days_20260110_v001.0004.cdf,152,822079237868284160,2026-01-19T07:19:28.684284160,HS ADC0I trigger (TOF HG),HGThreshold,0.171955, ,-1e+31, ,-1e+31,2026-01-19 07:19:28.684284160,2026-01-19,False
imap_idex_l1b_sci-10days_20260110_v001.0004.cdf,153,822079348940585728,2026-01-19T07:21:19.756585728,HS ADC0I trigger (TOF HG),HGThreshold,0.171955, ,-1e+31, ,-1e+31,2026-01-19 07:21:19.756585728,2026-01-19,False
imap_idex_l1b_sci-10days_20260110_v001.0004.cdf,154,822079434511789824,2026-01-19T07:22:45.327789824,HS ADC0I trigger (TOF HG),HGThreshold,0.171955, ,-1e+31, ,-1e+31,2026-01-19 07:22:45.327789824,2026-01-19,False
imap_idex_l1b_sci-10days_20260110_v001.0004.cdf,155,822079588396973312,2026-01-19T07:25:19.212973312,HS ADC0I trigger (TOF HG),HGThreshold,0.171955, ,-1e+31, ,-1e+31,2026-01-19 07:25:19.212973312,2026-01-19,False
imap_idex_l1b_sci-10days_20260110_v001.0004.cdf,156,822079687238065792,2026-01-19T07:26:58.054065792,HS ADC0I trigger (TOF HG),HGThreshold,0.171955, ,-1e+31, ,-1e+31,2026-01-19 07:26:58.054065792,2026-01-19,False
imap_idex_l1b_sci-10days_20260110_v001.0004.cdf,157,822080220048133504,2026-01-19T07:35:50.864133504,HS ADC0I trigger (TOF HG),HGThreshold,0.171955, ,-1e+31, ,-1e+31,2026-01-19 07:35:50.864133504,2026-01-19,False
imap_idex_l1b_sci-10days_20260110_v001.0004.cdf,158,822080465270396160,2026-01-19T07:39:56.086396160,HS ADC0I trigger (TOF HG),HGThreshold,0.171955, ,-1e+31, ,-1e+31,2026-01-19 07:39:56.086396160,2026-01-19,False
imap_idex_l1b_sci-10days_20260110_v001.0004.cdf,159,822080559809892352,2026-01-19T07:41:30.625892352,HS ADC0I trigger (TOF HG),HGThreshold,0.171955, ,-1e+31, ,-1e+31,2026-01-19 07:41:30.625892352,2026-01-19,False
imap_idex_l1b_sci-10days_20260110_v001.0004.cdf,160,822080741751590912,2026-01-19T07:44:32.567590912,HS ADC0I trigger (TOF HG),HGThreshold,0.171955, ,-1e+31, ,-1e+31,2026-01-19 07:44:32.567590912,2026-01-19,False
imap_idex_l1b_sci-10days_20260110_v001.0004.cdf,161,822080813404167552,2026-01-19T07:45:44.220167552,HS ADC0I trigger (TOF HG),HGThreshold,0.171955, ,-1e+31, ,-1e+31,2026-01-19 07:45:44.220167552,2026-01-19,False
imap_idex_l1b_sci-10days_20260110_v001.0004.cdf,162,822080928898005120,2026-01-19T07:47:39.714005120,HS ADC0I trigger (TOF HG),HGThreshold,0.171955, ,-1e+31, ,-1e+31,2026-01-19 07:47:39.714005120,2026-01-19,False
imap_idex_l1b_sci-10days_20260110_v001.0004.cdf,163,822080965421332736,2026-01-19T07:48:16.237332736,HS ADC0I trigger (TOF HG),HGThreshold,0.171955, ,-1e+31, ,-1e+31,2026-01-19 07:48:16.237332736,2026-01-19,False
imap_idex_l1b_sci-10days_20260110_v001.0004.cdf,164,822081119072816512,2026-01-19T07:50:49.888816512,HS ADC0I trigger (TOF HG),HGThreshold,0.171955, ,-1e+31, ,-1e+31,2026-01-19 07:50:49.888816512,2026-01-19,False
imap_idex_l1b_sci-10days_20260110_v001.0004.cdf,165,822081197379547136,2026-01-19T07:52:08.195547136,HS ADC0I trigger (TOF HG),HGThreshold,0.171955, ,-1e+31, ,-1e+31,2026-01-19 07:52:08.195547136,2026-01-19,False
imap_idex_l1b_sci-10days_20260110_v001.0004.cdf,166,822081382210303232,2026-01-19T07:55:13.026303232,HS ADC0I trigger (TOF HG),HGThreshold,0.171955, ,-1e+31, ,-1e+31,2026-01-19 07:55:13.026303232,2026-01-19,False
imap_idex_l1b_sci-10days_20260110_v001.0004.cdf,167,822081632000881792,2026-01-19T07:59:22.816881792,HS ADC0I trigger (TOF HG),HGThreshold,0.171955, ,-1e+31, ,-1e+31,2026-01-19 07:59:22.816881792,2026-01-19,False
imap_idex_l1b_sci-10days_20260110_v001.0004.cdf,168,822081679266699904,2026-01-19T08:00:10.082699904,HS ADC0I trigger (TOF HG),HGThreshold,0.171955, ,-1e+31, ,-1e+31,2026-01-19 08:00:10.082699904,2026-01-19,False
imap_idex_l1b_sci-10days_20260110_v001.0004.cdf,169,822081805597888000,2026-01-19T08:02:16.413888000,HS ADC0I trigger (TOF HG),HGThreshold,0.171955, ,-1e+31, ,-1e+31,2026-01-19 08:02:16.413888000,2026-01-19,False
imap_idex_l1b_sci-10days_20260110_v001.0004.cdf,170,822081872809768320,2026-01-19T08:03:23.625768320,HS ADC0I trigger (TOF HG),HGThreshold,0.171955, ,-1e+31, ,-1e+31,2026-01-19 08:03:23.625768320,2026-01-19,False
imap_idex_l1b_sci-10days_20260110_v001.0004.cdf,171,822081888102374784,2026-01-19T08:03:38.918374784,HS ADC0I trigger (TOF HG),HGThreshold,0.171955, ,-1e+31, ,-1e+31,2026-01-19 08:03:38.918374784,2026-01-19,False
imap_idex_l1b_sci-10days_20260110_v001.0004.cdf,172,822081899480944640,2026-01-19T08:03:50.296944640,HS ADC0I trigger (TOF HG),HGThreshold,0.171955, ,-1e+31, ,-1e+31,2026-01-19 08:03:50.296944640,2026-01-19,False
imap_idex_l1b_sci-10days_20260110_v001.0004.cdf,173,822082107478160384,2026-01-19T08:07:18.294160384,HS ADC0I trigger (TOF HG),HGThreshold,0.171955, ,-1e+31, ,-1e+31,2026-01-19 08:07:18.294160384,2026-01-19,False
imap_idex_l1b_sci-10days_20260110_v001.0004.cdf,174,822082152873420032,2026-01-19T08:08:03.689420032,HS ADC0I trigger (TOF HG),HGThreshold,0.171955, ,-1e+31, ,-1e+31,2026-01-19 08:08:03.689420032,2026-01-19,False
imap_idex_l1b_sci-10days_20260110_v001.0004.cdf,175,822082161638832384,2026-01-19T08:08:12.454832384,HS ADC0I trigger (TOF HG),HGThreshold,0.171955, ,-1e+31, ,-1e+31,2026-01-19 08:08:12.454832384,2026-01-19,False
imap_idex_l1b_sci-10days_20260110_v001.0004.cdf,176,822082174452200960,2026-01-19T08:08:25.268200960,HS ADC0I trigger (TOF HG),HGThreshold,0.171955, ,-1e+31, ,-1e+31,2026-01-19 08:08:25.268200960,2026-01-19,False
imap_idex_l1b_sci-10days_20260110_v001.0004.cdf,177,822082225659695488,2026-01-19T08:09:16.475695488,HS ADC0I trigger (TOF HG),HGThreshold,0.171955, ,-1e+31, ,-1e+31,2026-01-19 08:09:16.475695488,2026-01-19,False
imap_idex_l1b_sci-10days_20260110_v001.0004.cdf,178,822082240134962688,2026-01-19T08:09:30.950962688,HS ADC0I trigger (TOF HG),HGThreshold,0.171955, ,-1e+31, ,-1e+31,2026-01-19 08:09:30.950962688,2026-01-19,False
imap_idex_l1b_sci-10days_20260110_v001.0004.cdf,179,822082315839315712,2026-01-19T08:10:46.655315712,HS ADC0I trigger (TOF HG),HGThreshold,0.171955, ,-1e+31, ,-1e+31,2026-01-19 08:10:46.655315712,2026-01-19,False
imap_idex_l1b_sci-10days_20260110_v001.0004.cdf,180,822082339958914176,2026-01-19T08:11:10.774914176,HS ADC0I trigger (TOF HG),HGThreshold,0.171955, ,-1e+31, ,-1e+31,2026-01-19 08:11:10.774914176,2026-01-19,False
imap_idex_l1b_sci-10days_20260110_v001.0004.cdf,181,822082386183493248,2026-01-19T08:11:56.999493248,HS ADC0I trigger (TOF HG),HGThreshold,0.171955, ,-1e+31, ,-1e+31,2026-01-19 08:11:56.999493248,2026-01-19,False
imap_idex_l1b_sci-10days_20260110_v001.0004.cdf,182,822082532442063616,2026-01-19T08:14:23.258063616,HS ADC0I trigger (TOF HG),HGThreshold,0.171955, ,-1e+31, ,-1e+31,2026-01-19 08:14:23.258063616,2026-01-19,False
imap_idex_l1b_sci-10days_20260110_v001.0004.cdf,183,822082581947699712,2026-01-19T08:15:12.763699712,HS ADC0I trigger (TOF HG),HGThreshold,0.171955, ,-1e+31, ,-1e+31,2026-01-19 08:15:12.763699712,2026-01-19,False
imap_idex_l1b_sci-10days_20260110_v001.0004.cdf,184,822082614828390656,2026-01-19T08:15:45.644390656,HS ADC0I trigger (TOF HG),HGThreshold,0.171955, ,-1e+31, ,-1e+31,2026-01-19 08:15:45.644390656,2026-01-19,False
imap_idex_l1b_sci-10days_20260110_v001.0004.cdf,185,822082652850516864,2026-01-19T08:16:23.666516864,HS ADC0I trigger (TOF HG),HGThreshold,0.171955, ,-1e+31, ,-1e+31,2026-01-19 08:16:23.666516864,2026-01-19,False
imap_idex_l1b_sci-10days_20260110_v001.0004.cdf,186,822082694144420224,2026-01-19T08:17:04.960420224,HS ADC0I trigger (TOF HG),HGThreshold,0.171955, ,-1e+31, ,-1e+31,2026-01-19 08:17:04.960420224,2026-01-19,False
imap_idex_l1b_sci-10days_20260110_v001.0004.cdf,187,822082732457586304,2026-01-19T08:17:43.273586304,HS ADC0I trigger (TOF HG),HGThreshold,0.171955, ,-1e+31, ,-1e+31,2026-01-19 08:17:43.273586304,2026-01-19,False
imap_idex_l1b_sci-10days_20260110_v001.0004.cdf,188,822082815938552320,2026-01-19T08:19:06.754552320,HS ADC0I trigger (TOF HG),HGThreshold,0.171955, ,-1e+31, ,-1e+31,2026-01-19 08:19:06.754552320,2026-01-19,False
imap_idex_l1b_sci-10days_20260110_v001.0004.cdf,189,822082843808507520,2026-01-19T08:19:34.624507520,HS ADC0I trigger (TOF HG),HGThreshold,0.171955, ,-1e+31, ,-1e+31,2026-01-19 08:19:34.624507520,2026-01-19,False
imap_idex_l1b_sci-10days_20260110_v001.0004.cdf,190,822082932727308672,2026-01-19T08:21:03.543308672,HS ADC0I trigger (TOF HG),HGThreshold,0.171955, ,-1e+31, ,-1e+31,2026-01-19 08:21:03.543308672,2026-01-19,False
imap_idex_l1b_sci-10days_20260110_v001.0004.cdf,191,822082959075445376,2026-01-19T08:21:29.891445376,HS ADC0I trigger (TOF HG),HGThreshold,0.171955, ,-1e+31, ,-1e+31,2026-01-19 08:21:29.891445376,2026-01-19,False
imap_idex_l1b_sci-10days_20260110_v001.0004.cdf,192,822082994353854208,2026-01-19T08:22:05.169854208,HS ADC0I trigger (TOF HG),HGThreshold,0.171955, ,-1e+31, ,-1e+31,2026-01-19 08:22:05.169854208,2026-01-19,False
imap_idex_l1b_sci-10days_20260110_v001.0004.cdf,193,822083059993975936,2026-01-19T08:23:10.809975936,HS ADC0I trigger (TOF HG),HGThreshold,0.171955, ,-1e+31, ,-1e+31,2026-01-19 08:23:10.809975936,2026-01-19,False
imap_idex_l1b_sci-10days_20260110_v001.0004.cdf,194,822083121380921472,2026-01-19T08:24:12.196921472,HS ADC0I trigger (TOF HG),HGThreshold,0.171955, ,-1e+31, ,-1e+31,2026-01-19 08:24:12.196921472,2026-01-19,False
imap_idex_l1b_sci-10days_20260110_v001.0004.cdf,195,822083243868312832,2026-01-19T08:26:14.684312832,HS ADC0I trigger (TOF HG),HGThreshold,0.171955, ,-1e+31, ,-1e+31,2026-01-19 08:26:14.684312832,2026-01-19,False
imap_idex_l1b_sci-10days_20260110_v001.0004.cdf,196,822083274879225344,2026-01-19T08:26:45.695225344,HS ADC0I trigger (TOF HG),HGThreshold,0.171955, ,-1e+31, ,-1e+31,2026-01-19 08:26:45.695225344,2026-01-19,False
imap_idex_l1b_sci-10days_20260110_v001.0004.cdf,197,822083351824777088,2026-01-19T08:28:02.640777088,HS ADC0I trigger (TOF HG),HGThreshold,0.171955, ,-1e+31, ,-1e+31,2026-01-19 08:28:02.640777088,2026-01-19,False
imap_idex_l1b_sci-10days_20260110_v001.0004.cdf,198,822083366729184000,2026-01-19T08:28:17.545184000,HS ADC0I trigger (TOF HG),HGThreshold,0.171955, ,-1e+31, ,-1e+31,2026-01-19 08:28:17.545184000,2026-01-19,False
imap_idex_l1b_sci-10days_20260110_v001.0004.cdf,199,822083454141726464,2026-01-19T08:29:44.957726464,HS ADC0I trigger (TOF HG),HGThreshold,0.171955, ,-1e+31, ,-1e+31,2026-01-19 08:29:44.957726464,2026-01-19,False
imap_idex_l1b_sci-10days_20260110_v001.0004.cdf,200,822083462384179200,2026-01-19T08:29:53.200179200,HS ADC0I trigger (TOF HG),HGThreshold,0.171955, ,-1e+31, ,-1e+31,2026-01-19 08:29:53.200179200,2026-01-19,False
imap_idex_l1b_sci-10days_20260110_v001.0004.cdf,201,822083553418438400,2026-01-19T08:31:24.234438400,HS ADC0I trigger (TOF HG),HGThreshold,0.171955, ,-1e+31, ,-1e+31,2026-01-19 08:31:24.234438400,2026-01-19,False
imap_idex_l1b_sci-10days_20260110_v001.0004.cdf,202,822083596856320000,2026-01-19T08:32:07.672320000,HS ADC0I trigger (TOF HG),HGThreshold,0.171955, ,-1e+31, ,-1e+31,2026-01-19 08:32:07.672320000,2026-01-19,False
imap_idex_l1b_sci-10days_20260110_v001.0004.cdf,203,822083719157551616,2026-01-19T08:34:09.973551616,HS ADC0I trigger (TOF HG),HGThreshold,0.171955, ,-1e+31, ,-1e+31,2026-01-19 08:34:09.973551616,2026-01-19,False
imap_idex_l1b_sci-10days_20260110_v001.0004.cdf,204,822083728154143616,2026-01-19T08:34:18.970143616,HS ADC0I trigger (TOF HG),HGThreshold,0.171955, ,-1e+31, ,-1e+31,2026-01-19 08:34:18.970143616,2026-01-19,False
imap_idex_l1b_sci-10days_20260110_v001.0004.cdf,205,822083735758636800,2026-01-19T08:34:26.574636800,HS ADC0I trigger (TOF HG),HGThreshold,0.171955, ,-1e+31, ,-1e+31,2026-01-19 08:34:26.574636800,2026-01-19,False
imap_idex_l1b_sci-10days_20260110_v001.0004.cdf,206,822083834260709504,2026-01-19T08:36:05.076709504,HS ADC0I trigger (TOF HG),HGThreshold,0.171955, ,-1e+31, ,-1e+31,2026-01-19 08:36:05.076709504,2026-01-19,False
imap_idex_l1b_sci-10days_20260110_v001.0004.cdf,207,822083868243199360,2026-01-19T08:36:39.059199360,HS ADC0I trigger (TOF HG),HGThreshold,0.171955, ,-1e+31, ,-1e+31,2026-01-19 08:36:39.059199360,2026-01-19,False
imap_idex_l1b_sci-10days_20260110_v001.0004.cdf,208,822083904473247232,2026-01-19T08:37:15.289247232,HS ADC0I trigger (TOF HG),HGThreshold,0.171955, ,-1e+31, ,-1e+31,2026-01-19 08:37:15.289247232,2026-01-19,False
imap_idex_l1b_sci-10days_20260110_v001.0004.cdf,209,822083951818585216,2026-01-19T08:38:02.634585216,HS ADC0I trigger (TOF HG),HGThreshold,0.171955, ,-1e+31, ,-1e+31,2026-01-19 08:38:02.634585216,2026-01-19,False
imap_idex_l1b_sci-10days_20260110_v001.0004.cdf,210,822084124008652672,2026-01-19T08:40:54.824652672,HS ADC0I trigger (TOF HG),HGThreshold,0.171955, ,-1e+31, ,-1e+31,2026-01-19 08:40:54.824652672,2026-01-19,False
imap_idex_l1b_sci-10days_20260110_v001.0004.cdf,211,822084140069418368,2026-01-19T08:41:10.885418368,HS ADC0I trigger (TOF HG),HGThreshold,0.171955, ,-1e+31, ,-1e+31,2026-01-19 08:41:10.885418368,2026-01-19,False
imap_idex_l1b_sci-10days_20260110_v001.0004.cdf,212,822084180998302208,2026-01-19T08:41:51.814302208,HS ADC0I trigger (TOF HG),HGThreshold,0.171955, ,-1e+31, ,-1e+31,2026-01-19 08:41:51.814302208,2026-01-19,False
imap_idex_l1b_sci-10days_20260110_v001.0004.cdf,213,822084272126901248,2026-01-19T08:43:22.942901248,HS ADC0I trigger (TOF HG),HGThreshold,0.171955, ,-1e+31, ,-1e+31,2026-01-19 08:43:22.942901248,2026-01-19,False
imap_idex_l1b_sci-10days_20260110_v001.0004.cdf,214,822084336299904512,2026-01-19T08:44:27.115904512,HS ADC0I trigger (TOF HG),HGThreshold,0.171955, ,-1e+31, ,-1e+31,2026-01-19 08:44:27.115904512,2026-01-19,False
imap_idex_l1b_sci-10days_20260110_v001.0004.cdf,215,822084344085577472,2026-01-19T08:44:34.901577472,HS ADC0I trigger (TOF HG),HGThreshold,0.171955, ,-1e+31, ,-1e+31,2026-01-19 08:44:34.901577472,2026-01-19,False
imap_idex_l1b_sci-10days_20260110_v001.0004.cdf,216,822084396087911424,2026-01-19T08:45:26.903911424,HS ADC0I trigger (TOF HG),HGThreshold,0.171955, ,-1e+31, ,-1e+31,2026-01-19 08:45:26.903911424,2026-01-19,False
imap_idex_l1b_sci-10days_20260110_v001.0004.cdf,217,822084413360276096,2026-01-19T08:45:44.176276096,HS ADC0I trigger (TOF HG),HGThreshold,0.171955, ,-1e+31, ,-1e+31,2026-01-19 08:45:44.176276096,2026-01-19,False
imap_idex_l1b_sci-10days_20260110_v001.0004.cdf,218,822084472249443840,2026-01-19T08:46:43.065443840,HS ADC0I trigger (TOF HG),HGThreshold,0.171955, ,-1e+31, ,-1e+31,2026-01-19 08:46:43.065443840,2026-01-19,False
imap_idex_l1b_sci-10days_20260110_v001.0004.cdf,219,822084486768711040,2026-01-19T08:46:57.584711040,HS ADC0I trigger (TOF HG),HGThreshold,0.171955, ,-1e+31, ,-1e+31,2026-01-19 08:46:57.584711040,2026-01-19,False
imap_idex_l1b_sci-10days_20260110_v001.0004.cdf,220,822084580440328064,2026-01-19T08:48:31.256328064,HS ADC0I trigger (TOF HG),HGThreshold,0.171955, ,-1e+31, ,-1e+31,2026-01-19 08:48:31.256328064,2026-01-19,False
imap_idex_l1b_sci-10days_20260110_v001.0004.cdf,221,822084624552569088,2026-01-19T08:49:15.368569088,HS ADC0I trigger (TOF HG),HGThreshold,0.171955, ,-1e+31, ,-1e+31,2026-01-19 08:49:15.368569088,2026-01-19,False
imap_idex_l1b_sci-10days_20260110_v001.0004.cdf,222,822084661698676096,2026-01-19T08:49:52.514676096,HS ADC0I trigger (TOF HG),HGThreshold,0.171955, ,-1e+31, ,-1e+31,2026-01-19 08:49:52.514676096,2026-01-19,False
imap_idex_l1b_sci-10days_20260110_v001.0004.cdf,223,822084693050328192,2026-01-19T08:50:23.866328192,HS ADC0I trigger (TOF HG),HGThreshold,0.171955, ,-1e+31, ,-1e+31,2026-01-19 08:50:23.866328192,2026-01-19,False
imap_idex_l1b_sci-10days_20260110_v001.0004.cdf,224,822084706745776000,2026-01-19T08:50:37.561776000,HS ADC0I trigger (TOF HG),HGThreshold,0.171955, ,-1e+31, ,-1e+31,2026-01-19 08:50:37.561776000,2026-01-19,False
imap_idex_l1b_sci-10days_20260110_v001.0004.cdf,225,822084717172586752,2026-01-19T08:50:47.988586752,HS ADC0I trigger (TOF HG),HGThreshold,0.171955, ,-1e+31, ,-1e+31,2026-01-19 08:50:47.988586752,2026-01-19,False
imap_idex_l1b_sci-10days_20260110_v001.0004.cdf,226,822084757574651008,2026-01-19T08:51:28.390651008,HS ADC0I trigger (TOF HG),HGThreshold,0.171955, ,-1e+31, ,-1e+31,2026-01-19 08:51:28.390651008,2026-01-19,False
imap_idex_l1b_sci-10days_20260110_v001.0004.cdf,227,822084877792464512,2026-01-19T08:53:28.608464512,HS ADC0I trigger (TOF HG),HGThreshold,0.171955, ,-1e+31, ,-1e+31,2026-01-19 08:53:28.608464512,2026-01-19,False
imap_idex_l1b_sci-10days_20260110_v001.0004.cdf,228,822084888499754880,2026-01-19T08:53:39.315754880,HS ADC0I trigger (TOF HG),HGThreshold,0.171955, ,-1e+31, ,-1e+31,2026-01-19 08:53:39.315754880,2026-01-19,False
imap_idex_l1b_sci-10days_20260110_v001.0004.cdf,229,822084903140781824,2026-01-19T08:53:53.956781824,HS ADC0I trigger (TOF HG),HGThreshold,0.171955, ,-1e+31, ,-1e+31,2026-01-19 08:53:53.956781824,2026-01-19,False
imap_idex_l1b_sci-10days_20260110_v001.0004.cdf,230,822084920910466176,2026-01-19T08:54:11.726466176,HS ADC0I trigger (TOF HG),HGThreshold,0.171955, ,-1e+31, ,-1e+31,2026-01-19 08:54:11.726466176,2026-01-19,False
imap_idex_l1b_sci-10days_20260110_v001.0004.cdf,231,822085053036189056,2026-01-19T08:56:23.852189056,HS ADC0I trigger (TOF HG),HGThreshold,0.171955, ,-1e+31, ,-1e+31,2026-01-19 08:56:23.852189056,2026-01-19,False
imap_idex_l1b_sci-10days_20260110_v001.0004.cdf,232,822085073224211200,2026-01-19T08:56:44.040211200,HS ADC0I trigger (TOF HG),HGThreshold,0.171955, ,-1e+31, ,-1e+31,2026-01-19 08:56:44.040211200,2026-01-19,False
imap_idex_l1b_sci-10days_20260110_v001.0004.cdf,233,822085160466713856,2026-01-19T08:58:11.282713856,HS ADC0I trigger (TOF HG),HGThreshold,0.171955, ,-1e+31, ,-1e+31,2026-01-19 08:58:11.282713856,2026-01-19,False
imap_idex_l1b_sci-10days_20260110_v001.0004.cdf,234,822085186495190784,2026-01-19T08:58:37.311190784,HS ADC0I trigger (TOF HG),HGThreshold,0.171955, ,-1e+31, ,-1e+31,2026-01-19 08:58:37.311190784,2026-01-19,False
imap_idex_l1b_sci-10days_20260110_v001.0004.cdf,235,822085263191782784,2026-01-19T08:59:54.007782784,HS ADC0I trigger (TOF HG),HGThreshold,0.171955, ,-1e+31, ,-1e+31,2026-01-19 08:59:54.007782784,2026-01-19,False
imap_idex_l1b_sci-10days_20260110_v001.0004.cdf,236,822085349834845952,2026-01-19T09:01:20.650845952,HS ADC0I trigger (TOF HG),HGThreshold,0.171955, ,-1e+31, ,-1e+31,2026-01-19 09:01:20.650845952,2026-01-19,False
imap_idex_l1b_sci-10days_20260110_v001.0004.cdf,237,822085387644192512,2026-01-19T09:01:58.460192512,HS ADC0I trigger (TOF HG),HGThreshold,0.171955, ,-1e+31, ,-1e+31,2026-01-19 09:01:58.460192512,2026-01-19,False
imap_idex_l1b_sci-10days_20260110_v001.0004.cdf,238,822085455904531968,2026-01-19T09:03:06.720531968,HS ADC0I trigger (TOF HG),HGThreshold,0.171955, ,-1e+31, ,-1e+31,2026-01-19 09:03:06.720531968,2026-01-19,False
imap_idex_l1b_sci-10days_20260110_v001.0004.cdf,239,822085480126370560,2026-01-19T09:03:30.942370560,HS ADC0I trigger (TOF HG),HGThreshold,0.171955, ,-1e+31, ,-1e+31,2026-01-19 09:03:30.942370560,2026-01-19,False
imap_idex_l1b_sci-10days_20260110_v001.0004.cdf,240,822085591156152192,2026-01-19T09:05:21.972152192,HS ADC0I trigger (TOF HG),HGThreshold,0.171955, ,-1e+31, ,-1e+31,2026-01-19 09:05:21.972152192,2026-01-19,False
imap_idex_l1b_sci-10days_20260110_v001.0004.cdf,241,822085640801548032,2026-01-19T09:06:11.617548032,HS ADC0I trigger (TOF HG),HGThreshold,0.171955, ,-1e+31, ,-1e+31,2026-01-19 09:06:11.617548032,2026-01-19,False
imap_idex_l1b_sci-10days_20260110_v001.0004.cdf,242,822085768294615040,2026-01-19T09:08:19.110615040,HS ADC0I trigger (TOF HG),HGThreshold,0.171955, ,-1e+31, ,-1e+31,2026-01-19 09:08:19.110615040,2026-01-19,False
imap_idex_l1b_sci-10days_20260110_v001.0004.cdf,243,822085946140257408,2026-01-19T09:11:16.956257408,HS ADC0I trigger (TOF HG),HGThreshold,0.171955, ,-1e+31, ,-1e+31,2026-01-19 09:11:16.956257408,2026-01-19,False
imap_idex_l1b_sci-10days_20260110_v001.0004.cdf,244,822085991944476800,2026-01-19T09:12:02.760476800,HS ADC0I trigger (TOF HG),HGThreshold,0.171955, ,-1e+31, ,-1e+31,2026-01-19 09:12:02.760476800,2026-01-19,False
imap_idex_l1b_sci-10days_20260110_v001.0004.cdf,245,822086000243029376,2026-01-19T09:12:11.059029376,HS ADC0I trigger (TOF HG),HGThreshold,0.171955, ,-1e+31, ,-1e+31,2026-01-19 09:12:11.059029376,2026-01-19,False
imap_idex_l1b_sci-10days_20260110_v001.0004.cdf,246,822086025237427200,2026-01-19T09:12:36.053427200,HS ADC0I trigger (TOF HG),HGThreshold,0.171955, ,-1e+31, ,-1e+31,2026-01-19 09:12:36.053427200,2026-01-19,False
imap_idex_l1b_sci-10days_20260110_v001.0004.cdf,247,822086411962364416,2026-01-19T09:19:02.778364416,HS ADC0I trigger (TOF HG),HGThreshold,0.171955, ,-1e+31, ,-1e+31,2026-01-19 09:19:02.778364416,2026-01-19,False
imap_idex_l1b_sci-10days_20260110_v001.0004.cdf,248,822086505661821312,2026-01-19T09:20:36.477821312,HS ADC0I trigger (TOF HG),HGThreshold,0.171955, ,-1e+31, ,-1e+31,2026-01-19 09:20:36.477821312,2026-01-19,False
imap_idex_l1b_sci-10days_20260110_v001.0004.cdf,249,822086588880467584,2026-01-19T09:21:59.696467584,HS ADC0I trigger (TOF HG),HGThreshold,0.171955, ,-1e+31, ,-1e+31,2026-01-19 09:21:59.696467584,2026-01-19,False
imap_idex_l1b_sci-10days_20260110_v001.0004.cdf,250,822086618260441600,2026-01-19T09:22:29.076441600,HS ADC0I trigger (TOF HG),HGThreshold,0.171955, ,-1e+31, ,-1e+31,2026-01-19 09:22:29.076441600,2026-01-19,False
imap_idex_l1b_sci-10days_20260110_v001.0004.cdf,251,822087036015991168,2026-01-19T09:29:26.831991168,HS ADC0I trigger (TOF HG),HGThreshold,0.171955, ,-1e+31, ,-1e+31,2026-01-19 09:29:26.831991168,2026-01-19,False
imap_idex_l1b_sci-10days_20260110_v001.0004.cdf,252,822087117832738816,2026-01-19T09:30:48.648738816,HS ADC0I trigger (TOF HG),HGThreshold,0.171955, ,-1e+31, ,-1e+31,2026-01-19 09:30:48.648738816,2026-01-19,False
imap_idex_l1b_sci-10days_20260110_v001.0004.cdf,253,822087189371275136,2026-01-19T09:32:00.187275136,HS ADC0I trigger (TOF HG),HGThreshold,0.171955, ,-1e+31, ,-1e+31,2026-01-19 09:32:00.187275136,2026-01-19,False
imap_idex_l1b_sci-10days_20260110_v001.0004.cdf,254,822087365275939328,2026-01-19T09:34:56.091939328,HS ADC0I trigger (TOF HG),HGThreshold,0.171955, ,-1e+31, ,-1e+31,2026-01-19 09:34:56.091939328,2026-01-19,False
imap_idex_l1b_sci-10days_20260110_v001.0004.cdf,255,822087398762409600,2026-01-19T09:35:29.578409600,HS ADC0I trigger (TOF HG),HGThreshold,0.171955, ,-1e+31, ,-1e+31,2026-01-19 09:35:29.578409600,2026-01-19,False
imap_idex_l1b_sci-10days_20260110_v001.0004.cdf,256,822087413371996672,2026-01-19T09:35:44.187996672,HS ADC0I trigger (TOF HG),HGThreshold,0.171955, ,-1e+31, ,-1e+31,2026-01-19 09:35:44.187996672,2026-01-19,False
imap_idex_l1b_sci-10days_20260110_v001.0004.cdf,257,822087517748964096,2026-01-19T09:37:28.564964096,HS ADC0I trigger (TOF HG),HGThreshold,0.171955, ,-1e+31, ,-1e+31,2026-01-19 09:37:28.564964096,2026-01-19,False
imap_idex_l1b_sci-10days_20260110_v001.0004.cdf,258,822087532000491520,2026-01-19T09:37:42.816491520,HS ADC0I trigger (TOF HG),HGThreshold,0.171955, ,-1e+31, ,-1e+31,2026-01-19 09:37:42.816491520,2026-01-19,False
imap_idex_l1b_sci-10days_20260110_v001.0004.cdf,259,822087545340179712,2026-01-19T09:37:56.156179712,HS ADC0I trigger (TOF HG),HGThreshold,0.171955, ,-1e+31, ,-1e+31,2026-01-19 09:37:56.156179712,2026-01-19,False
imap_idex_l1b_sci-10days_20260110_v001.0004.cdf,260,822087553170552704,2026-01-19T09:38:03.986552704,HS ADC0I trigger (TOF HG),HGThreshold,0.171955, ,-1e+31, ,-1e+31,2026-01-19 09:38:03.986552704,2026-01-19,False
imap_idex_l1b_sci-10days_20260110_v001.0004.cdf,261,822087576892311680,2026-01-19T09:38:27.708311680,HS ADC0I trigger (TOF HG),HGThreshold,0.171955, ,-1e+31, ,-1e+31,2026-01-19 09:38:27.708311680,2026-01-19,False
imap_idex_l1b_sci-10days_20260110_v001.0004.cdf,262,822087598175052928,2026-01-19T09:38:48.991052928,HS ADC0I trigger (TOF HG),HGThreshold,0.171955, ,-1e+31, ,-1e+31,2026-01-19 09:38:48.991052928,2026-01-19,False
imap_idex_l1b_sci-10days_20260110_v001.0004.cdf,263,822087613580259200,2026-01-19T09:39:04.396259200,HS ADC0I trigger (TOF HG),HGThreshold,0.171955, ,-1e+31, ,-1e+31,2026-01-19 09:39:04.396259200,2026-01-19,False
imap_idex_l1b_sci-10days_20260110_v001.0004.cdf,264,822087688822572544,2026-01-19T09:40:19.638572544,HS ADC0I trigger (TOF HG),HGThreshold,0.171955, ,-1e+31, ,-1e+31,2026-01-19 09:40:19.638572544,2026-01-19,False
imap_idex_l1b_sci-10days_20260110_v001.0004.cdf,265,822087716431648000,2026-01-19T09:40:47.247648000,HS ADC0I trigger (TOF HG),HGThreshold,0.171955, ,-1e+31, ,-1e+31,2026-01-19 09:40:47.247648000,2026-01-19,False
imap_idex_l1b_sci-10days_20260110_v001.0004.cdf,266,822087737876029056,2026-01-19T09:41:08.692029056,HS ADC0I trigger (TOF HG),HGThreshold,0.171955, ,-1e+31, ,-1e+31,2026-01-19 09:41:08.692029056,2026-01-19,False
imap_idex_l1b_sci-10days_20260110_v001.0004.cdf,267,822087776871794432,2026-01-19T09:41:47.687794432,HS ADC0I trigger (TOF HG),HGThreshold,0.171955, ,-1e+31, ,-1e+31,2026-01-19 09:41:47.687794432,2026-01-19,False
imap_idex_l1b_sci-10days_20260110_v001.0004.cdf,268,822087785226147072,2026-01-19T09:41:56.042147072,HS ADC0I trigger (TOF HG),HGThreshold,0.171955, ,-1e+31, ,-1e+31,2026-01-19 09:41:56.042147072,2026-01-19,False
imap_idex_l1b_sci-10days_20260110_v001.0004.cdf,269,822087815110900480,2026-01-19T09:42:25.926900480,HS ADC0I trigger (TOF HG),HGThreshold,0.171955, ,-1e+31, ,-1e+31,2026-01-19 09:42:25.926900480,2026-01-19,False
imap_idex_l1b_sci-10days_20260110_v001.0004.cdf,270,822087903349362304,2026-01-19T09:43:54.165362304,HS ADC0I trigger (TOF HG),HGThreshold,0.171955, ,-1e+31, ,-1e+31,2026-01-19 09:43:54.165362304,2026-01-19,False
imap_idex_l1b_sci-10days_20260110_v001.0004.cdf,271,822087968026884864,2026-01-19T09:44:58.842884864,HS ADC0I trigger (TOF HG),HGThreshold,0.171955, ,-1e+31, ,-1e+31,2026-01-19 09:44:58.842884864,2026-01-19,False
imap_idex_l1b_sci-10days_20260110_v001.0004.cdf,272,822088008797868800,2026-01-19T09:45:39.613868800,HS ADC0I trigger (TOF HG),HGThreshold,0.171955, ,-1e+31, ,-1e+31,2026-01-19 09:45:39.613868800,2026-01-19,False
imap_idex_l1b_sci-10days_20260110_v001.0004.cdf,273,822088041930699520,2026-01-19T09:46:12.746699520,HS ADC0I trigger (TOF HG),HGThreshold,0.171955, ,-1e+31, ,-1e+31,2026-01-19 09:46:12.746699520,2026-01-19,False
imap_idex_l1b_sci-10days_20260110_v001.0004.cdf,274,822088057217465856,2026-01-19T09:46:28.033465856,HS ADC0I trigger (TOF HG),HGThreshold,0.171955, ,-1e+31, ,-1e+31,2026-01-19 09:46:28.033465856,2026-01-19,False
imap_idex_l1b_sci-10days_20260110_v001.0004.cdf,275,822088096473611136,2026-01-19T09:47:07.289611136,HS ADC0I trigger (TOF HG),HGThreshold,0.171955, ,-1e+31, ,-1e+31,2026-01-19 09:47:07.289611136,2026-01-19,False
imap_idex_l1b_sci-10days_20260110_v001.0004.cdf,276,822088113138916352,2026-01-19T09:47:23.954916352,HS ADC0I trigger (TOF HG),HGThreshold,0.171955, ,-1e+31, ,-1e+31,2026-01-19 09:47:23.954916352,2026-01-19,False
imap_idex_l1b_sci-10days_20260110_v001.0004.cdf,277,822088293172236800,2026-01-19T09:50:23.988236800,HS ADC0I trigger (TOF HG),HGThreshold,0.171955, ,-1e+31, ,-1e+31,2026-01-19 09:50:23.988236800,2026-01-19,False
imap_idex_l1b_sci-10days_20260110_v001.0004.cdf,278,822088322471630848,2026-01-19T09:50:53.287630848,HS ADC0I trigger (TOF HG),HGThreshold,0.171955, ,-1e+31, ,-1e+31,2026-01-19 09:50:53.287630848,2026-01-19,False
imap_idex_l1b_sci-10days_20260110_v001.0004.cdf,279,822088365014152960,2026-01-19T09:51:35.830152960,HS ADC0I trigger (TOF HG),HGThreshold,0.171955, ,-1e+31, ,-1e+31,2026-01-19 09:51:35.830152960,2026-01-19,False
imap_idex_l1b_sci-10days_20260110_v001.0004.cdf,280,822088487019684864,2026-01-19T09:53:37.835684864,HS ADC0I trigger (TOF HG),HGThreshold,0.171955, ,-1e+31, ,-1e+31,2026-01-19 09:53:37.835684864,2026-01-19,False
imap_idex_l1b_sci-10days_20260110_v001.0004.cdf,281,822088593709010304,2026-01-19T09:55:24.525010304,HS ADC0I trigger (TOF HG),HGThreshold,0.171955, ,-1e+31, ,-1e+31,2026-01-19 09:55:24.525010304,2026-01-19,False
imap_idex_l1b_sci-10days_20260110_v001.0004.cdf,282,822088635680533120,2026-01-19T09:56:06.496533120,HS ADC0I trigger (TOF HG),HGThreshold,0.171955, ,-1e+31, ,-1e+31,2026-01-19 09:56:06.496533120,2026-01-19,False
imap_idex_l1b_sci-10days_20260110_v001.0004.cdf,283,822088672271300736,2026-01-19T09:56:43.087300736,HS ADC0I trigger (TOF HG),HGThreshold,0.171955, ,-1e+31, ,-1e+31,2026-01-19 09:56:43.087300736,2026-01-19,False
imap_idex_l1b_sci-10days_20260110_v001.0004.cdf,284,822088711745225728,2026-01-19T09:57:22.561225728,HS ADC0I trigger (TOF HG),HGThreshold,0.171955, ,-1e+31, ,-1e+31,2026-01-19 09:57:22.561225728,2026-01-19,False
imap_idex_l1b_sci-10days_20260110_v001.0004.cdf,285,822088777886427008,2026-01-19T09:58:28.702427008,HS ADC0I trigger (TOF HG),HGThreshold,0.171955, ,-1e+31, ,-1e+31,2026-01-19 09:58:28.702427008,2026-01-19,False
imap_idex_l1b_sci-10days_20260110_v001.0004.cdf,286,822088870740764800,2026-01-19T10:00:01.556764800,HS ADC0I trigger (TOF HG),HGThreshold,0.171955, ,-1e+31, ,-1e+31,2026-01-19 10:00:01.556764800,2026-01-19,False
imap_idex_l1b_sci-10days_20260110_v001.0004.cdf,287,822089005214085504,2026-01-19T10:02:16.030085504,HS ADC0I trigger (TOF HG),HGThreshold,0.171955, ,-1e+31, ,-1e+31,2026-01-19 10:02:16.030085504,2026-01-19,False
imap_idex_l1b_sci-10days_20260110_v001.0004.cdf,288,822089077579041408,2026-01-19T10:03:28.395041408,HS ADC0I trigger (TOF HG),HGThreshold,0.171955, ,-1e+31, ,-1e+31,2026-01-19 10:03:28.395041408,2026-01-19,False
imap_idex_l1b_sci-10days_20260110_v001.0004.cdf,289,822089413037184000,2026-01-19T10:09:03.853184000,HS ADC0I trigger (TOF HG),HGThreshold,0.171955, ,-1e+31, ,-1e+31,2026-01-19 10:09:03.853184000,2026-01-19,False
imap_idex_l1b_sci-10days_20260110_v001.0004.cdf,290,822089452231389312,2026-01-19T10:09:43.047389312,HS ADC0I trigger (TOF HG),HGThreshold,0.171955, ,-1e+31, ,-1e+31,2026-01-19 10:09:43.047389312,2026-01-19,False
imap_idex_l1b_sci-10days_20260110_v001.0004.cdf,291,822089586611070080,2026-01-19T10:11:57.427070080,HS ADC0I trigger (TOF HG),HGThreshold,0.171955, ,-1e+31, ,-1e+31,2026-01-19 10:11:57.427070080,2026-01-19,False
imap_idex_l1b_sci-10days_20260110_v001.0004.cdf,292,822089693482035456,2026-01-19T10:13:44.298035456,HS ADC0I trigger (TOF HG),HGThreshold,0.171955, ,-1e+31, ,-1e+31,2026-01-19 10:13:44.298035456,2026-01-19,False
imap_idex_l1b_sci-10days_20260110_v001.0004.cdf,293,822089709503721216,2026-01-19T10:14:00.319721216,HS ADC0I trigger (TOF HG),HGThreshold,0.171955, ,-1e+31, ,-1e+31,2026-01-19 10:14:00.319721216,2026-01-19,False
imap_idex_l1b_sci-10days_20260110_v001.0004.cdf,294,822089908847704448,2026-01-19T10:17:19.663704448,HS ADC0I trigger (TOF HG),HGThreshold,0.171955, ,-1e+31, ,-1e+31,2026-01-19 10:17:19.663704448,2026-01-19,False
imap_idex_l1b_sci-10days_20260110_v001.0004.cdf,295,822089980275861120,2026-01-19T10:18:31.091861120,HS ADC0I trigger (TOF HG),HGThreshold,0.171955, ,-1e+31, ,-1e+31,2026-01-19 10:18:31.091861120,2026-01-19,False
imap_idex_l1b_sci-10days_20260110_v001.0004.cdf,296,822089992687370240,2026-01-19T10:18:43.503370240,HS ADC0I trigger (TOF HG),HGThreshold,0.171955, ,-1e+31, ,-1e+31,2026-01-19 10:18:43.503370240,2026-01-19,False
imap_idex_l1b_sci-10days_20260110_v001.0004.cdf,297,822090026646379904,2026-01-19T10:19:17.462379904,HS ADC0I trigger (TOF HG),HGThreshold,0.171955, ,-1e+31, ,-1e+31,2026-01-19 10:19:17.462379904,2026-01-19,False
imap_idex_l1b_sci-10days_20260110_v001.0004.cdf,298,822090177315746432,2026-01-19T10:21:48.131746432,HS ADC0I trigger (TOF HG),HGThreshold,0.171955, ,-1e+31, ,-1e+31,2026-01-19 10:21:48.131746432,2026-01-19,False
imap_idex_l1b_sci-10days_20260110_v001.0004.cdf,299,822090206754160384,2026-01-19T10:22:17.570160384,HS ADC0I trigger (TOF HG),HGThreshold,0.171955, ,-1e+31, ,-1e+31,2026-01-19 10:22:17.570160384,2026-01-19,False
imap_idex_l1b_sci-10days_20260110_v001.0004.cdf,300,822090336537445248,2026-01-19T10:24:27.353445248,HS ADC0I trigger (TOF HG),HGThreshold,0.171955, ,-1e+31, ,-1e+31,2026-01-19 10:24:27.353445248,2026-01-19,False
imap_idex_l1b_sci-10days_20260110_v001.0004.cdf,301,822090354415489408,2026-01-19T10:24:45.231489408,HS ADC0I trigger (TOF HG),HGThreshold,0.171955, ,-1e+31, ,-1e+31,2026-01-19 10:24:45.231489408,2026-01-19,False
imap_idex_l1b_sci-10days_20260110_v001.0004.cdf,302,822090490684388736,2026-01-19T10:27:01.500388736,HS ADC0I trigger (TOF HG),HGThreshold,0.171955, ,-1e+31, ,-1e+31,2026-01-19 10:27:01.500388736,2026-01-19,False
imap_idex_l1b_sci-10days_20260110_v001.0004.cdf,303,822090548144197760,2026-01-19T10:27:58.960197760,HS ADC0I trigger (TOF HG),HGThreshold,0.171955, ,-1e+31, ,-1e+31,2026-01-19 10:27:58.960197760,2026-01-19,False
imap_idex_l1b_sci-10days_20260110_v001.0004.cdf,304,822090557862349184,2026-01-19T10:28:08.678349184,HS ADC0I trigger (TOF HG),HGThreshold,0.171955, ,-1e+31, ,-1e+31,2026-01-19 10:28:08.678349184,2026-01-19,False
imap_idex_l1b_sci-10days_20260110_v001.0004.cdf,305,822090675578344704,2026-01-19T10:30:06.394344704,HS ADC0I trigger (TOF HG),HGThreshold,0.171955, ,-1e+31, ,-1e+31,2026-01-19 10:30:06.394344704,2026-01-19,False
imap_idex_l1b_sci-10days_20260110_v001.0004.cdf,306,822090703677759744,2026-01-19T10:30:34.493759744,HS ADC0I trigger (TOF HG),HGThreshold,0.171955, ,-1e+31, ,-1e+31,2026-01-19 10:30:34.493759744,2026-01-19,False
imap_idex_l1b_sci-10days_20260110_v001.0004.cdf,307,822090752136956800,2026-01-19T10:31:22.952956800,HS ADC0I trigger (TOF HG),HGThreshold,0.171955, ,-1e+31, ,-1e+31,2026-01-19 10:31:22.952956800,2026-01-19,False
imap_idex_l1b_sci-10days_20260110_v001.0004.cdf,308,822090760330469760,2026-01-19T10:31:31.146469760,HS ADC0I trigger (TOF HG),HGThreshold,0.171955, ,-1e+31, ,-1e+31,2026-01-19 10:31:31.146469760,2026-01-19,False
imap_idex_l1b_sci-10days_20260110_v001.0004.cdf,309,822090816931739392,2026-01-19T10:32:27.747739392,HS ADC0I trigger (TOF HG),HGThreshold,0.171955, ,-1e+31, ,-1e+31,2026-01-19 10:32:27.747739392,2026-01-19,False
imap_idex_l1b_sci-10days_20260110_v001.0004.cdf,310,822090863415338112,2026-01-19T10:33:14.231338112,HS ADC0I trigger (TOF HG),HGThreshold,0.171955, ,-1e+31, ,-1e+31,2026-01-19 10:33:14.231338112,2026-01-19,False
imap_idex_l1b_sci-10days_20260110_v001.0004.cdf,311,822090895619229696,2026-01-19T10:33:46.435229696,HS ADC0I trigger (TOF HG),HGThreshold,0.171955, ,-1e+31, ,-1e+31,2026-01-19 10:33:46.435229696,2026-01-19,False
imap_idex_l1b_sci-10days_20260110_v001.0004.cdf,312,822090950928020608,2026-01-19T10:34:41.744020608,HS ADC0I trigger (TOF HG),HGThreshold,0.171955, ,-1e+31, ,-1e+31,2026-01-19 10:34:41.744020608,2026-01-19,False
imap_idex_l1b_sci-10days_20260110_v001.0004.cdf,313,822091071624453632,2026-01-19T10:36:42.440453632,HS ADC0I trigger (TOF HG),HGThreshold,0.171955, ,-1e+31, ,-1e+31,2026-01-19 10:36:42.440453632,2026-01-19,False
imap_idex_l1b_sci-10days_20260110_v001.0004.cdf,314,822091137356195328,2026-01-19T10:37:48.172195328,HS ADC0I trigger (TOF HG),HGThreshold,0.171955, ,-1e+31, ,-1e+31,2026-01-19 10:37:48.172195328,2026-01-19,False
imap_idex_l1b_sci-10days_20260110_v001.0004.cdf,315,822091165645470336,2026-01-19T10:38:16.461470336,HS ADC0I trigger (TOF HG),HGThreshold,0.171955, ,-1e+31, ,-1e+31,2026-01-19 10:38:16.461470336,2026-01-19,False
imap_idex_l1b_sci-10days_20260110_v001.0004.cdf,316,822091242302362496,2026-01-19T10:39:33.118362496,HS ADC0I trigger (TOF HG),HGThreshold,0.171955, ,-1e+31, ,-1e+31,2026-01-19 10:39:33.118362496,2026-01-19,False
imap_idex_l1b_sci-10days_20260110_v001.0004.cdf,317,822091298742112256,2026-01-19T10:40:29.558112256,HS ADC0I trigger (TOF HG),HGThreshold,0.171955, ,-1e+31, ,-1e+31,2026-01-19 10:40:29.558112256,2026-01-19,False
imap_idex_l1b_sci-10days_20260110_v001.0004.cdf,318,822091310185902208,2026-01-19T10:40:41.001902208,HS ADC0I trigger (TOF HG),HGThreshold,0.171955, ,-1e+31, ,-1e+31,2026-01-19 10:40:41.001902208,2026-01-19,False
imap_idex_l1b_sci-10days_20260110_v001.0004.cdf,319,822091316810976384,2026-01-19T10:40:47.626976384,HS ADC0I trigger (TOF HG),HGThreshold,0.171955, ,-1e+31, ,-1e+31,2026-01-19 10:40:47.626976384,2026-01-19,False
imap_idex_l1b_sci-10days_20260110_v001.0004.cdf,320,822091324647169408,2026-01-19T10:40:55.463169408,HS ADC0I trigger (TOF HG),HGThreshold,0.171955, ,-1e+31, ,-1e+31,2026-01-19 10:40:55.463169408,2026-01-19,False
imap_idex_l1b_sci-10days_20260110_v001.0004.cdf,321,822091344274531968,2026-01-19T10:41:15.090531968,HS ADC0I trigger (TOF HG),HGThreshold,0.171955, ,-1e+31, ,-1e+31,2026-01-19 10:41:15.090531968,2026-01-19,False
imap_idex_l1b_sci-10days_20260110_v001.0004.cdf,322,822091527858469120,2026-01-19T10:44:18.674469120,HS ADC0I trigger (TOF HG),HGThreshold,0.171955, ,-1e+31, ,-1e+31,2026-01-19 10:44:18.674469120,2026-01-19,False
imap_idex_l1b_sci-10days_20260110_v001.0004.cdf,323,822091553215826688,2026-01-19T10:44:44.031826688,HS ADC0I trigger (TOF HG),HGThreshold,0.171955, ,-1e+31, ,-1e+31,2026-01-19 10:44:44.031826688,2026-01-19,False
imap_idex_l1b_sci-10days_20260110_v001.0004.cdf,324,822091579688583296,2026-01-19T10:45:10.504583296,HS ADC0I trigger (TOF HG),HGThreshold,0.171955, ,-1e+31, ,-1e+31,2026-01-19 10:45:10.504583296,2026-01-19,False
imap_idex_l1b_sci-10days_20260110_v001.0004.cdf,325,822091732819627520,2026-01-19T10:47:43.635627520,HS ADC0I trigger (TOF HG),HGThreshold,0.171955, ,-1e+31, ,-1e+31,2026-01-19 10:47:43.635627520,2026-01-19,False
imap_idex_l1b_sci-10days_20260110_v001.0004.cdf,326,822091778987366656,2026-01-19T10:48:29.803366656,HS ADC0I trigger (TOF HG),HGThreshold,0.171955, ,-1e+31, ,-1e+31,2026-01-19 10:48:29.803366656,2026-01-19,False
imap_idex_l1b_sci-10days_20260110_v001.0004.cdf,327,822091793398493824,2026-01-19T10:48:44.214493824,HS ADC0I trigger (TOF HG),HGThreshold,0.171955, ,-1e+31, ,-1e+31,2026-01-19 10:48:44.214493824,2026-01-19,False
imap_idex_l1b_sci-10days_20260110_v001.0004.cdf,328,822091801508086528,2026-01-19T10:48:52.324086528,HS ADC0I trigger (TOF HG),HGThreshold,0.171955, ,-1e+31, ,-1e+31,2026-01-19 10:48:52.324086528,2026-01-19,False
imap_idex_l1b_sci-10days_20260110_v001.0004.cdf,329,822091827813003264,2026-01-19T10:49:18.629003264,HS ADC0I trigger (TOF HG),HGThreshold,0.171955, ,-1e+31, ,-1e+31,2026-01-19 10:49:18.629003264,2026-01-19,False
imap_idex_l1b_sci-10days_20260110_v001.0004.cdf,330,822091894502324096,2026-01-19T10:50:25.318324096,HS ADC0I trigger (TOF HG),HGThreshold,0.171955, ,-1e+31, ,-1e+31,2026-01-19 10:50:25.318324096,2026-01-19,False
imap_idex_l1b_sci-10days_20260110_v001.0004.cdf,331,822091905036514816,2026-01-19T10:50:35.852514816,HS ADC0I trigger (TOF HG),HGThreshold,0.171955, ,-1e+31, ,-1e+31,2026-01-19 10:50:35.852514816,2026-01-19,False
imap_idex_l1b_sci-10days_20260110_v001.0004.cdf,332,822091913163507712,2026-01-19T10:50:43.979507712,HS ADC0I trigger (TOF HG),HGThreshold,0.171955, ,-1e+31, ,-1e+31,2026-01-19 10:50:43.979507712,2026-01-19,False
imap_idex_l1b_sci-10days_20260110_v001.0004.cdf,333,822091945197779200,2026-01-19T10:51:16.013779200,HS ADC0I trigger (TOF HG),HGThreshold,0.171955, ,-1e+31, ,-1e+31,2026-01-19 10:51:16.013779200,2026-01-19,False
imap_idex_l1b_sci-10days_20260110_v001.0004.cdf,334,822092019149273728,2026-01-19T10:52:29.965273728,HS ADC0I trigger (TOF HG),HGThreshold,0.171955, ,-1e+31, ,-1e+31,2026-01-19 10:52:29.965273728,2026-01-19,False
imap_idex_l1b_sci-10days_20260110_v001.0004.cdf,335,822092225547270784,2026-01-19T10:55:56.363270784,HS ADC0I trigger (TOF HG),HGThreshold,0.171955, ,-1e+31, ,-1e+31,2026-01-19 10:55:56.363270784,2026-01-19,False
imap_idex_l1b_sci-10days_20260110_v001.0004.cdf,336,822092241239816832,2026-01-19T10:56:12.055816832,HS ADC0I trigger (TOF HG),HGThreshold,0.171955, ,-1e+31, ,-1e+31,2026-01-19 10:56:12.055816832,2026-01-19,False
imap_idex_l1b_sci-10days_20260110_v001.0004.cdf,337,822092268609772544,2026-01-19T10:56:39.425772544,HS ADC0I trigger (TOF HG),HGThreshold,0.171955, ,-1e+31, ,-1e+31,2026-01-19 10:56:39.425772544,2026-01-19,False
imap_idex_l1b_sci-10days_20260110_v001.0004.cdf,338,822092395384820224,2026-01-19T10:58:46.200820224,HS ADC0I trigger (TOF HG),HGThreshold,0.171955, ,-1e+31, ,-1e+31,2026-01-19 10:58:46.200820224,2026-01-19,False
imap_idex_l1b_sci-10days_20260110_v001.0004.cdf,339,822092419698318592,2026-01-19T10:59:10.514318592,HS ADC0I trigger (TOF HG),HGThreshold,0.171955, ,-1e+31, ,-1e+31,2026-01-19 10:59:10.514318592,2026-01-19,False
imap_idex_l1b_sci-10days_20260110_v001.0004.cdf,340,822092443037297920,2026-01-19T10:59:33.853297920,HS ADC0I trigger (TOF HG),HGThreshold,0.171955, ,-1e+31, ,-1e+31,2026-01-19 10:59:33.853297920,2026-01-19,False
imap_idex_l1b_sci-10days_20260110_v001.0004.cdf,341,822092454993227264,2026-01-19T10:59:45.809227264,HS ADC0I trigger (TOF HG),HGThreshold,0.171955, ,-1e+31, ,-1e+31,2026-01-19 10:59:45.809227264,2026-01-19,False
imap_idex_l1b_sci-10days_20260110_v001.0004.cdf,342,822092472288851968,2026-01-19T11:00:03.104851968,HS ADC0I trigger (TOF HG),HGThreshold,0.171955, ,-1e+31, ,-1e+31,2026-01-19 11:00:03.104851968,2026-01-19,False
imap_idex_l1b_sci-10days_20260110_v001.0004.cdf,343,822092488556817664,2026-01-19T11:00:19.372817664,HS ADC0I trigger (TOF HG),HGThreshold,0.171955, ,-1e+31, ,-1e+31,2026-01-19 11:00:19.372817664,2026-01-19,False
imap_idex_l1b_sci-10days_20260110_v001.0004.cdf,344,822092575667680256,2026-01-19T11:01:46.483680256,HS ADC0I trigger (TOF HG),HGThreshold,0.171955, ,-1e+31, ,-1e+31,2026-01-19 11:01:46.483680256,2026-01-19,False
imap_idex_l1b_sci-10days_20260110_v001.0004.cdf,345,822092618368302464,2026-01-19T11:02:29.184302464,HS ADC0I trigger (TOF HG),HGThreshold,0.171955, ,-1e+31, ,-1e+31,2026-01-19 11:02:29.184302464,2026-01-19,False
imap_idex_l1b_sci-10days_20260110_v001.0004.cdf,346,822092700421049856,2026-01-19T11:03:51.237049856,HS ADC0I trigger (TOF HG),HGThreshold,0.171955, ,-1e+31, ,-1e+31,2026-01-19 11:03:51.237049856,2026-01-19,False
imap_idex_l1b_sci-10days_20260110_v001.0004.cdf,347,822092840878385152,2026-01-19T11:06:11.694385152,HS ADC0I trigger (TOF HG),HGThreshold,0.171955, ,-1e+31, ,-1e+31,2026-01-19 11:06:11.694385152,2026-01-19,False
imap_idex_l1b_sci-10days_20260110_v001.0004.cdf,348,822093004318160256,2026-01-19T11:08:55.134160256,HS ADC0I trigger (TOF HG),HGThreshold,0.171955, ,-1e+31, ,-1e+31,2026-01-19 11:08:55.134160256,2026-01-19,False
imap_idex_l1b_sci-10days_20260110_v001.0004.cdf,349,822093123926494208,2026-01-19T11:10:54.742494208,HS ADC0I trigger (TOF HG),HGThreshold,0.171955, ,-1e+31, ,-1e+31,2026-01-19 11:10:54.742494208,2026-01-19,False
imap_idex_l1b_sci-10days_20260110_v001.0004.cdf,350,822093238874292352,2026-01-19T11:12:49.690292352,HS ADC0I trigger (TOF HG),HGThreshold,0.171955, ,-1e+31, ,-1e+31,2026-01-19 11:12:49.690292352,2026-01-19,False
imap_idex_l1b_sci-10days_20260110_v001.0004.cdf,351,822093339309443456,2026-01-19T11:14:30.125443456,HS ADC0I trigger (TOF HG),HGThreshold,0.171955, ,-1e+31, ,-1e+31,2026-01-19 11:14:30.125443456,2026-01-19,False
imap_idex_l1b_sci-10days_20260110_v001.0004.cdf,352,822093442980691456,2026-01-19T11:16:13.796691456,HS ADC0I trigger (TOF HG),HGThreshold,0.171955, ,-1e+31, ,-1e+31,2026-01-19 11:16:13.796691456,2026-01-19,False
imap_idex_l1b_sci-10days_20260110_v001.0004.cdf,353,822093555897291264,2026-01-19T11:18:06.713291264,HS ADC0I trigger (TOF HG),HGThreshold,0.171955, ,-1e+31, ,-1e+31,2026-01-19 11:18:06.713291264,2026-01-19,False
imap_idex_l1b_sci-10days_20260110_v001.0004.cdf,354,822093568287280384,2026-01-19T11:18:19.103280384,HS ADC0I trigger (TOF HG),HGThreshold,0.171955, ,-1e+31, ,-1e+31,2026-01-19 11:18:19.103280384,2026-01-19,False
imap_idex_l1b_sci-10days_20260110_v001.0004.cdf,355,822093594999676672,2026-01-19T11:18:45.815676672,HS ADC0I trigger (TOF HG),HGThreshold,0.171955, ,-1e+31, ,-1e+31,2026-01-19 11:18:45.815676672,2026-01-19,False
imap_idex_l1b_sci-10days_20260110_v001.0004.cdf,356,822093608336624896,2026-01-19T11:18:59.152624896,HS ADC0I trigger (TOF HG),HGThreshold,0.171955, ,-1e+31, ,-1e+31,2026-01-19 11:18:59.152624896,2026-01-19,False
imap_idex_l1b_sci-10days_20260110_v001.0004.cdf,357,822093744680924032,2026-01-19T11:21:15.496924032,HS ADC0I trigger (TOF HG),HGThreshold,0.171955, ,-1e+31, ,-1e+31,2026-01-19 11:21:15.496924032,2026-01-19,False
imap_idex_l1b_sci-10days_20260110_v001.0004.cdf,358,822093890861274496,2026-01-19T11:23:41.677274496,HS ADC0I trigger (TOF HG),HGThreshold,0.171955, ,-1e+31, ,-1e+31,2026-01-19 11:23:41.677274496,2026-01-19,False
imap_idex_l1b_sci-10days_20260110_v001.0004.cdf,359,822093996792020608,2026-01-19T11:25:27.608020608,HS ADC0I trigger (TOF HG),HGThreshold,0.171955, ,-1e+31, ,-1e+31,2026-01-19 11:25:27.608020608,2026-01-19,False
imap_idex_l1b_sci-10days_20260110_v001.0004.cdf,360,822094038887963264,2026-01-19T11:26:09.703963264,HS ADC0I trigger (TOF HG),HGThreshold,0.171955, ,-1e+31, ,-1e+31,2026-01-19 11:26:09.703963264,2026-01-19,False
imap_idex_l1b_sci-10days_20260110_v001.0004.cdf,361,822094088977538816,2026-01-19T11:26:59.793538816,HS ADC0I trigger (TOF HG),HGThreshold,0.171955, ,-1e+31, ,-1e+31,2026-01-19 11:26:59.793538816,2026-01-19,False
imap_idex_l1b_sci-10days_20260110_v001.0004.cdf,362,822094265447182464,2026-01-19T11:29:56.263182464,HS ADC0I trigger (TOF HG),HGThreshold,0.171955, ,-1e+31, ,-1e+31,2026-01-19 11:29:56.263182464,2026-01-19,False
imap_idex_l1b_sci-10days_20260110_v001.0004.cdf,363,822094374303285888,2026-01-19T11:31:45.119285888,HS ADC0I trigger (TOF HG),HGThreshold,0.171955, ,-1e+31, ,-1e+31,2026-01-19 11:31:45.119285888,2026-01-19,False
imap_idex_l1b_sci-10days_20260110_v001.0004.cdf,364,822094400499882624,2026-01-19T11:32:11.315882624,HS ADC0I trigger (TOF HG),HGThreshold,0.171955, ,-1e+31, ,-1e+31,2026-01-19 11:32:11.315882624,2026-01-19,False
imap_idex_l1b_sci-10days_20260110_v001.0004.cdf,365,822094428592217728,2026-01-19T11:32:39.408217728,HS ADC0I trigger (TOF HG),HGThreshold,0.171955, ,-1e+31, ,-1e+31,2026-01-19 11:32:39.408217728,2026-01-19,False
imap_idex_l1b_sci-10days_20260110_v001.0004.cdf,366,822094433818852992,2026-01-19T11:32:44.634852992,HS ADC0I trigger (TOF HG),HGThreshold,0.171955, ,-1e+31, ,-1e+31,2026-01-19 11:32:44.634852992,2026-01-19,False
imap_idex_l1b_sci-10days_20260110_v001.0004.cdf,367,822094462450287744,2026-01-19T11:33:13.266287744,HS ADC0I trigger (TOF HG),HGThreshold,0.171955, ,-1e+31, ,-1e+31,2026-01-19 11:33:13.266287744,2026-01-19,False
imap_idex_l1b_sci-10days_20260110_v001.0004.cdf,368,822094532970065280,2026-01-19T11:34:23.786065280,HS ADC0I trigger (TOF HG),HGThreshold,0.171955, ,-1e+31, ,-1e+31,2026-01-19 11:34:23.786065280,2026-01-19,False
imap_idex_l1b_sci-10days_20260110_v001.0004.cdf,369,822095091813109888,2026-01-19T11:43:42.629109888,HS ADC0I trigger (TOF HG),HGThreshold,0.171955, ,-1e+31, ,-1e+31,2026-01-19 11:43:42.629109888,2026-01-19,False
imap_idex_l1b_sci-10days_20260110_v001.0004.cdf,370,822095112643391232,2026-01-19T11:44:03.459391232,HS ADC0I trigger (TOF HG),HGThreshold,0.171955, ,-1e+31, ,-1e+31,2026-01-19 11:44:03.459391232,2026-01-19,False
imap_idex_l1b_sci-10days_20260110_v001.0004.cdf,371,822095156253792640,2026-01-19T11:44:47.069792640,HS ADC0I trigger (TOF HG),HGThreshold,0.171955, ,-1e+31, ,-1e+31,2026-01-19 11:44:47.069792640,2026-01-19,False
imap_idex_l1b_sci-10days_20260110_v001.0004.cdf,372,822095161926507648,2026-01-19T11:44:52.742507648,HS ADC0I trigger (TOF HG),HGThreshold,0.171955, ,-1e+31, ,-1e+31,2026-01-19 11:44:52.742507648,2026-01-19,False
imap_idex_l1b_sci-10days_20260110_v001.0004.cdf,373,822095203637170688,2026-01-19T11:45:34.453170688,HS ADC0I trigger (TOF HG),HGThreshold,0.171955, ,-1e+31, ,-1e+31,2026-01-19 11:45:34.453170688,2026-01-19,False
imap_idex_l1b_sci-10days_20260110_v001.0004.cdf,374,822095228033369088,2026-01-19T11:45:58.849369088,HS ADC0I trigger (TOF HG),HGThreshold,0.171955, ,-1e+31, ,-1e+31,2026-01-19 11:45:58.849369088,2026-01-19,False
imap_idex_l1b_sci-10days_20260110_v001.0004.cdf,375,822095244682414336,2026-01-19T11:46:15.498414336,HS ADC0I trigger (TOF HG),HGThreshold,0.171955, ,-1e+31, ,-1e+31,2026-01-19 11:46:15.498414336,2026-01-19,False
imap_idex_l1b_sci-10days_20260110_v001.0004.cdf,376,822095363119189376,2026-01-19T11:48:13.935189376,HS ADC0I trigger (TOF HG),HGThreshold,0.171955, ,-1e+31, ,-1e+31,2026-01-19 11:48:13.935189376,2026-01-19,False
imap_idex_l1b_sci-10days_20260110_v001.0004.cdf,377,822095386184428928,2026-01-19T11:48:37.000428928,HS ADC0I trigger (TOF HG),HGThreshold,0.171955, ,-1e+31, ,-1e+31,2026-01-19 11:48:37.000428928,2026-01-19,False
imap_idex_l1b_sci-10days_20260110_v001.0004.cdf,378,822095484574321664,2026-01-19T11:50:15.390321664,HS ADC0I trigger (TOF HG),HGThreshold,0.171955, ,-1e+31, ,-1e+31,2026-01-19 11:50:15.390321664,2026-01-19,False
imap_idex_l1b_sci-10days_20260110_v001.0004.cdf,379,822095510269798784,2026-01-19T11:50:41.085798784,HS ADC0I trigger (TOF HG),HGThreshold,0.171955, ,-1e+31, ,-1e+31,2026-01-19 11:50:41.085798784,2026-01-19,False
imap_idex_l1b_sci-10days_20260110_v001.0004.cdf,380,822095516286913536,2026-01-19T11:50:47.102913536,HS ADC0I trigger (TOF HG),HGThreshold,0.171955, ,-1e+31, ,-1e+31,2026-01-19 11:50:47.102913536,2026-01-19,False
imap_idex_l1b_sci-10days_20260110_v001.0004.cdf,381,822095586458131328,2026-01-19T11:51:57.274131328,HS ADC0I trigger (TOF HG),HGThreshold,0.171955, ,-1e+31, ,-1e+31,2026-01-19 11:51:57.274131328,2026-01-19,False
imap_idex_l1b_sci-10days_20260110_v001.0004.cdf,382,822095624688537344,2026-01-19T11:52:35.504537344,HS ADC0I trigger (TOF HG),HGThreshold,0.171955, ,-1e+31, ,-1e+31,2026-01-19 11:52:35.504537344,2026-01-19,False
imap_idex_l1b_sci-10days_20260110_v001.0004.cdf,383,822095722986570240,2026-01-19T11:54:13.802570240,HS ADC0I trigger (TOF HG),HGThreshold,0.171955, ,-1e+31, ,-1e+31,2026-01-19 11:54:13.802570240,2026-01-19,False
imap_idex_l1b_sci-10days_20260110_v001.0004.cdf,384,822095849070418432,2026-01-19T11:56:19.886418432,HS ADC0I trigger (TOF HG),HGThreshold,0.171955, ,-1e+31, ,-1e+31,2026-01-19 11:56:19.886418432,2026-01-19,False
imap_idex_l1b_sci-10days_20260110_v001.0004.cdf,385,822095859012949760,2026-01-19T11:56:29.828949760,HS ADC0I trigger (TOF HG),HGThreshold,0.171955, ,-1e+31, ,-1e+31,2026-01-19 11:56:29.828949760,2026-01-19,False
imap_idex_l1b_sci-10days_20260110_v001.0004.cdf,386,822095870444339456,2026-01-19T11:56:41.260339456,HS ADC0I trigger (TOF HG),HGThreshold,0.171955, ,-1e+31, ,-1e+31,2026-01-19 11:56:41.260339456,2026-01-19,False
imap_idex_l1b_sci-10days_20260110_v001.0004.cdf,387,822095949931569152,2026-01-19T11:58:00.747569152,HS ADC0I trigger (TOF HG),HGThreshold,0.171955, ,-1e+31, ,-1e+31,2026-01-19 11:58:00.747569152,2026-01-19,False
imap_idex_l1b_sci-10days_20260110_v001.0004.cdf,388,822096069537583104,2026-01-19T12:00:00.353583104,HS ADC0I trigger (TOF HG),HGThreshold,0.171955, ,-1e+31, ,-1e+31,2026-01-19 12:00:00.353583104,2026-01-19,False
imap_idex_l1b_sci-10days_20260110_v001.0004.cdf,389,822096145413675776,2026-01-19T12:01:16.229675776,HS ADC0I trigger (TOF HG),HGThreshold,0.171955, ,-1e+31, ,-1e+31,2026-01-19 12:01:16.229675776,2026-01-19,False
imap_idex_l1b_sci-10days_20260110_v001.0004.cdf,390,822096152481589504,2026-01-19T12:01:23.297589504,HS ADC0I trigger (TOF HG),HGThreshold,0.171955, ,-1e+31, ,-1e+31,2026-01-19 12:01:23.297589504,2026-01-19,False
imap_idex_l1b_sci-10days_20260110_v001.0004.cdf,391,822096159316963584,2026-01-19T12:01:30.132963584,HS ADC0I trigger (TOF HG),HGThreshold,0.171955, ,-1e+31, ,-1e+31,2026-01-19 12:01:30.132963584,2026-01-19,False
imap_idex_l1b_sci-10days_20260110_v001.0004.cdf,392,822096163459219840,2026-01-19T12:01:34.275219840,HS ADC0I trigger (TOF HG),HGThreshold,0.171955, ,-1e+31, ,-1e+31,2026-01-19 12:01:34.275219840,2026-01-19,False
imap_idex_l1b_sci-10days_20260110_v001.0004.cdf,393,822096174454010112,2026-01-19T12:01:45.270010112,HS ADC0I trigger (TOF HG),HGThreshold,0.171955, ,-1e+31, ,-1e+31,2026-01-19 12:01:45.270010112,2026-01-19,False
imap_idex_l1b_sci-10days_20260110_v001.0004.cdf,394,822096208145480320,2026-01-19T12:02:18.961480320,HS ADC0I trigger (TOF HG),HGThreshold,0.171955, ,-1e+31, ,-1e+31,2026-01-19 12:02:18.961480320,2026-01-19,False
imap_idex_l1b_sci-10days_20260110_v001.0004.cdf,395,822096233827277440,2026-01-19T12:02:44.643277440,HS ADC0I trigger (TOF HG),HGThreshold,0.171955, ,-1e+31, ,-1e+31,2026-01-19 12:02:44.643277440,2026-01-19,False
imap_idex_l1b_sci-10days_20260110_v001.0004.cdf,396,822096295217723008,2026-01-19T12:03:46.033723008,HS ADC0I trigger (TOF HG),HGThreshold,0.171955, ,-1e+31, ,-1e+31,2026-01-19 12:03:46.033723008,2026-01-19,False
imap_idex_l1b_sci-10days_20260110_v001.0004.cdf,397,822096369181157504,2026-01-19T12:04:59.997157504,HS ADC0I trigger (TOF HG),HGThreshold,0.171955, ,-1e+31, ,-1e+31,2026-01-19 12:04:59.997157504,2026-01-19,False
imap_idex_l1b_sci-10days_20260110_v001.0004.cdf,398,822096415125176704,2026-01-19T12:05:45.941176704,HS ADC0I trigger (TOF HG),HGThreshold,0.171955, ,-1e+31, ,-1e+31,2026-01-19 12:05:45.941176704,2026-01-19,False
imap_idex_l1b_sci-10days_20260120_v001.0004.cdf,0,822139419483453824,2026-01-20T00:02:30.299453824,HS ADC0I trigger (TOF HG),HGThreshold,0.171955, ,-1e+31, ,-1e+31,2026-01-20 00:02:30.299453824,2026-01-20,False
imap_idex_l1b_sci-10days_20260120_v001.0004.cdf,1,822139445557730816,2026-01-20T00:02:56.373730816,HS ADC0I trigger (TOF HG),HGThreshold,0.171955, ,-1e+31, ,-1e+31,2026-01-20 00:02:56.373730816,2026-01-20,False
imap_idex_l1b_sci-10days_20260120_v001.0004.cdf,2,822139500362042240,2026-01-20T00:03:51.178042240,HS ADC0I trigger (TOF HG),HGThreshold,0.171955, ,-1e+31, ,-1e+31,2026-01-20 00:03:51.178042240,2026-01-20,False
imap_idex_l1b_sci-10days_20260120_v001.0004.cdf,3,822139664700936448,2026-01-20T00:06:35.516936448,HS ADC0I trigger (TOF HG),HGThreshold,0.171955, ,-1e+31, ,-1e+31,2026-01-20 00:06:35.516936448,2026-01-20,False
imap_idex_l1b_sci-10days_20260120_v001.0004.cdf,4,822139683726559616,2026-01-20T00:06:54.542559616,HS ADC0I trigger (TOF HG),HGThreshold,0.171955, ,-1e+31, ,-1e+31,2026-01-20 00:06:54.542559616,2026-01-20,False
imap_idex_l1b_sci-10days_20260120_v001.0004.cdf,5,822139723030924800,2026-01-20T00:07:33.846924800,HS ADC0I trigger (TOF HG),HGThreshold,0.171955, ,-1e+31, ,-1e+31,2026-01-20 00:07:33.846924800,2026-01-20,False
imap_idex_l1b_sci-10days_20260120_v001.0004.cdf,6,822139763303149056,2026-01-20T00:08:14.119149056,HS ADC0I trigger (TOF HG),HGThreshold,0.171955, ,-1e+31, ,-1e+31,2026-01-20 00:08:14.119149056,2026-01-20,False
imap_idex_l1b_sci-10days_20260120_v001.0004.cdf,7,822139769005543936,2026-01-20T00:08:19.821543936,HS ADC0I trigger (TOF HG),HGThreshold,0.171955, ,-1e+31, ,-1e+31,2026-01-20 00:08:19.821543936,2026-01-20,False
imap_idex_l1b_sci-10days_20260120_v001.0004.cdf,8,822139811888206080,2026-01-20T00:09:02.704206080,HS ADC0I trigger (TOF HG),HGThreshold,0.171955, ,-1e+31, ,-1e+31,2026-01-20 00:09:02.704206080,2026-01-20,False
imap_idex_l1b_sci-10days_20260120_v001.0004.cdf,9,822139914995094528,2026-01-20T00:10:45.811094528,HS ADC0I trigger (TOF HG),HGThreshold,0.171955, ,-1e+31, ,-1e+31,2026-01-20 00:10:45.811094528,2026-01-20,False
imap_idex_l1b_sci-10days_20260120_v001.0004.cdf,10,822140018756722560,2026-01-20T00:12:29.572722560,HS ADC0I trigger (TOF HG),HGThreshold,0.171955, ,-1e+31, ,-1e+31,2026-01-20 00:12:29.572722560,2026-01-20,False
imap_idex_l1b_sci-10days_20260120_v001.0004.cdf,11,822140075915591936,2026-01-20T00:13:26.731591936,HS ADC0I trigger (TOF HG),HGThreshold,0.171955, ,-1e+31, ,-1e+31,2026-01-20 00:13:26.731591936,2026-01-20,False
imap_idex_l1b_sci-10days_20260120_v001.0004.cdf,12,822140094512675456,2026-01-20T00:13:45.328675456,HS ADC0I trigger (TOF HG),HGThreshold,0.171955, ,-1e+31, ,-1e+31,2026-01-20 00:13:45.328675456,2026-01-20,False
imap_idex_l1b_sci-10days_20260120_v001.0004.cdf,13,822140384963677952,2026-01-20T00:18:35.779677952,HS ADC0I trigger (TOF HG),HGThreshold,0.171955, ,-1e+31, ,-1e+31,2026-01-20 00:18:35.779677952,2026-01-20,False
imap_idex_l1b_sci-10days_20260120_v001.0004.cdf,14,822140391084872576,2026-01-20T00:18:41.900872576,HS ADC0I trigger (TOF HG),HGThreshold,0.171955, ,-1e+31, ,-1e+31,2026-01-20 00:18:41.900872576,2026-01-20,False
imap_idex_l1b_sci-10days_20260120_v001.0004.cdf,15,822140551035910784,2026-01-20T00:21:21.851910784,HS ADC0I trigger (TOF HG),HGThreshold,0.171955, ,-1e+31, ,-1e+31,2026-01-20 00:21:21.851910784,2026-01-20,False
imap_idex_l1b_sci-10days_20260120_v001.0004.cdf,16,822140575245309312,2026-01-20T00:21:46.061309312,HS ADC0I trigger (TOF HG),HGThreshold,0.171955, ,-1e+31, ,-1e+31,2026-01-20 00:21:46.061309312,2026-01-20,False
imap_idex_l1b_sci-10days_20260120_v001.0004.cdf,17,822140598825968512,2026-01-20T00:22:09.641968512,HS ADC0I trigger (TOF HG),HGThreshold,0.171955, ,-1e+31, ,-1e+31,2026-01-20 00:22:09.641968512,2026-01-20,False
imap_idex_l1b_sci-10days_20260120_v001.0004.cdf,18,822140738952764160,2026-01-20T00:24:29.768764160,HS ADC0I trigger (TOF HG),HGThreshold,0.171955, ,-1e+31, ,-1e+31,2026-01-20 00:24:29.768764160,2026-01-20,False
imap_idex_l1b_sci-10days_20260120_v001.0004.cdf,19,822140750540994048,2026-01-20T00:24:41.356994048,HS ADC0I trigger (TOF HG),HGThreshold,0.171955, ,-1e+31, ,-1e+31,2026-01-20 00:24:41.356994048,2026-01-20,False
imap_idex_l1b_sci-10days_20260120_v001.0004.cdf,20,822140915284428032,2026-01-20T00:27:26.100428032,HS ADC0I trigger (TOF HG),HGThreshold,0.171955, ,-1e+31, ,-1e+31,2026-01-20 00:27:26.100428032,2026-01-20,False
imap_idex_l1b_sci-10days_20260120_v001.0004.cdf,21,822140946140960512,2026-01-20T00:27:56.956960512,HS ADC0I trigger (TOF HG),HGThreshold,0.171955, ,-1e+31, ,-1e+31,2026-01-20 00:27:56.956960512,2026-01-20,False
imap_idex_l1b_sci-10days_20260120_v001.0004.cdf,22,822141146870102528,2026-01-20T00:31:17.686102528,HS ADC0I trigger (TOF HG),HGThreshold,0.171955, ,-1e+31, ,-1e+31,2026-01-20 00:31:17.686102528,2026-01-20,False
imap_idex_l1b_sci-10days_20260120_v001.0004.cdf,23,822141297576828928,2026-01-20T00:33:48.392828928,HS ADC0I trigger (TOF HG),HGThreshold,0.171955, ,-1e+31, ,-1e+31,2026-01-20 00:33:48.392828928,2026-01-20,False
imap_idex_l1b_sci-10days_20260120_v001.0004.cdf,24,822141471394254976,2026-01-20T00:36:42.210254976,HS ADC0I trigger (TOF HG),HGThreshold,0.171955, ,-1e+31, ,-1e+31,2026-01-20 00:36:42.210254976,2026-01-20,False
imap_idex_l1b_sci-10days_20260120_v001.0004.cdf,25,822141881540311296,2026-01-20T00:43:32.356311296,HS ADC0I trigger (TOF HG),HGThreshold,0.171955, ,-1e+31, ,-1e+31,2026-01-20 00:43:32.356311296,2026-01-20,False
imap_idex_l1b_sci-10days_20260120_v001.0004.cdf,26,822141957550163968,2026-01-20T00:44:48.366163968,HS ADC0I trigger (TOF HG),HGThreshold,0.171955, ,-1e+31, ,-1e+31,2026-01-20 00:44:48.366163968,2026-01-20,False
imap_idex_l1b_sci-10days_20260120_v001.0004.cdf,27,822141986199238528,2026-01-20T00:45:17.015238528,HS ADC0I trigger (TOF HG),HGThreshold,0.171955, ,-1e+31, ,-1e+31,2026-01-20 00:45:17.015238528,2026-01-20,False
imap_idex_l1b_sci-10days_20260120_v001.0004.cdf,28,822142847386815232,2026-01-20T00:59:38.202815232,HS ADC0I trigger (TOF HG),HGThreshold,0.171955, ,-1e+31, ,-1e+31,2026-01-20 00:59:38.202815232,2026-01-20,False
imap_idex_l1b_sci-10days_20260120_v001.0004.cdf,29,822142926173565312,2026-01-20T01:00:56.989565312,HS ADC0I trigger (TOF HG),HGThreshold,0.171955, ,-1e+31, ,-1e+31,2026-01-20 01:00:56.989565312,2026-01-20,False
imap_idex_l1b_sci-10days_20260120_v001.0004.cdf,30,822143137271678208,2026-01-20T01:04:28.087678208,HS ADC0I trigger (TOF HG),HGThreshold,0.171955, ,-1e+31, ,-1e+31,2026-01-20 01:04:28.087678208,2026-01-20,False
imap_idex_l1b_sci-10days_20260120_v001.0004.cdf,31,822143169475989760,2026-01-20T01:05:00.291989760,HS ADC0I trigger (TOF HG),HGThreshold,0.171955, ,-1e+31, ,-1e+31,2026-01-20 01:05:00.291989760,2026-01-20,False
imap_idex_l1b_sci-10days_20260120_v001.0004.cdf,32,822143266148524032,2026-01-20T01:06:36.964524032,HS ADC0I trigger (TOF HG),HGThreshold,0.171955, ,-1e+31, ,-1e+31,2026-01-20 01:06:36.964524032,2026-01-20,False
imap_idex_l1b_sci-10days_20260120_v001.0004.cdf,33,822143313357342080,2026-01-20T01:07:24.173342080,HS ADC0I trigger (TOF HG),HGThreshold,0.171955, ,-1e+31, ,-1e+31,2026-01-20 01:07:24.173342080,2026-01-20,False
imap_idex_l1b_sci-10days_20260120_v001.0004.cdf,34,822143611015478272,2026-01-20T01:12:21.831478272,HS ADC0I trigger (TOF HG),HGThreshold,0.171955, ,-1e+31, ,-1e+31,2026-01-20 01:12:21.831478272,2026-01-20,False
imap_idex_l1b_sci-10days_20260120_v001.0004.cdf,35,822143856543320704,2026-01-20T01:16:27.359320704,HS ADC0I trigger (TOF HG),HGThreshold,0.171955, ,-1e+31, ,-1e+31,2026-01-20 01:16:27.359320704,2026-01-20,False
imap_idex_l1b_sci-10days_20260120_v001.0004.cdf,36,822143908667734400,2026-01-20T01:17:19.483734400,HS ADC0I trigger (TOF HG),HGThreshold,0.171955, ,-1e+31, ,-1e+31,2026-01-20 01:17:19.483734400,2026-01-20,False
imap_idex_l1b_sci-10days_20260120_v001.0004.cdf,37,822144016373358848,2026-01-20T01:19:07.189358848,HS ADC0I trigger (TOF HG),HGThreshold,0.171955, ,-1e+31, ,-1e+31,2026-01-20 01:19:07.189358848,2026-01-20,False
imap_idex_l1b_sci-10days_20260120_v001.0004.cdf,38,822144051803227392,2026-01-20T01:19:42.619227392,HS ADC0I trigger (TOF HG),HGThreshold,0.171955, ,-1e+31, ,-1e+31,2026-01-20 01:19:42.619227392,2026-01-20,False
imap_idex_l1b_sci-10days_20260120_v001.0004.cdf,39,822144353936299648,2026-01-20T01:24:44.752299648,HS ADC0I trigger (TOF HG),HGThreshold,0.171955, ,-1e+31, ,-1e+31,2026-01-20 01:24:44.752299648,2026-01-20,False
imap_idex_l1b_sci-10days_20260120_v001.0004.cdf,40,822144454909070208,2026-01-20T01:26:25.725070208,HS ADC0I trigger (TOF HG),HGThreshold,0.171955, ,-1e+31, ,-1e+31,2026-01-20 01:26:25.725070208,2026-01-20,False
imap_idex_l1b_sci-10days_20260120_v001.0004.cdf,41,822144557060959744,2026-01-20T01:28:07.876959744,HS ADC0I trigger (TOF HG),HGThreshold,0.171955, ,-1e+31, ,-1e+31,2026-01-20 01:28:07.876959744,2026-01-20,False
imap_idex_l1b_sci-10days_20260120_v001.0004.cdf,42,822144639973826048,2026-01-20T01:29:30.789826048,HS ADC0I trigger (TOF HG),HGThreshold,0.171955, ,-1e+31, ,-1e+31,2026-01-20 01:29:30.789826048,2026-01-20,False
imap_idex_l1b_sci-10days_20260120_v001.0004.cdf,43,822144708411565568,2026-01-20T01:30:39.227565568,HS ADC0I trigger (TOF HG),HGThreshold,0.171955, ,-1e+31, ,-1e+31,2026-01-20 01:30:39.227565568,2026-01-20,False
imap_idex_l1b_sci-10days_20260120_v001.0004.cdf,44,822144911144725632,2026-01-20T01:34:01.960725632,HS ADC0I trigger (TOF HG),HGThreshold,0.171955, ,-1e+31, ,-1e+31,2026-01-20 01:34:01.960725632,2026-01-20,False
imap_idex_l1b_sci-10days_20260120_v001.0004.cdf,45,822145119071081344,2026-01-20T01:37:29.887081344,HS ADC0I trigger (TOF HG),HGThreshold,0.171955, ,-1e+31, ,-1e+31,2026-01-20 01:37:29.887081344,2026-01-20,False
imap_idex_l1b_sci-10days_20260120_v001.0004.cdf,46,822145238034315904,2026-01-20T01:39:28.850315904,HS ADC0I trigger (TOF HG),HGThreshold,0.171955, ,-1e+31, ,-1e+31,2026-01-20 01:39:28.850315904,2026-01-20,False
imap_idex_l1b_sci-10days_20260120_v001.0004.cdf,47,822145441422115712,2026-01-20T01:42:52.238115712,HS ADC0I trigger (TOF HG),HGThreshold,0.171955, ,-1e+31, ,-1e+31,2026-01-20 01:42:52.238115712,2026-01-20,False
imap_idex_l1b_sci-10days_20260120_v001.0004.cdf,48,822145461923957504,2026-01-20T01:43:12.739957504,HS ADC0I trigger (TOF HG),HGThreshold,0.171955, ,-1e+31, ,-1e+31,2026-01-20 01:43:12.739957504,2026-01-20,False
imap_idex_l1b_sci-10days_20260120_v001.0004.cdf,49,822145529594877440,2026-01-20T01:44:20.410877440,HS ADC0I trigger (TOF HG),HGThreshold,0.171955, ,-1e+31, ,-1e+31,2026-01-20 01:44:20.410877440,2026-01-20,False
imap_idex_l1b_sci-10days_20260120_v001.0004.cdf,50,822145596625698048,2026-01-20T01:45:27.441698048,HS ADC0I trigger (TOF HG),HGThreshold,0.171955, ,-1e+31, ,-1e+31,2026-01-20 01:45:27.441698048,2026-01-20,False
imap_idex_l1b_sci-10days_20260120_v001.0004.cdf,51,822145704615382400,2026-01-20T01:47:15.431382400,HS ADC0I trigger (TOF HG),HGThreshold,0.171955, ,-1e+31, ,-1e+31,2026-01-20 01:47:15.431382400,2026-01-20,False
imap_idex_l1b_sci-10days_20260120_v001.0004.cdf,52,822145801959696000,2026-01-20T01:48:52.775696000,HS ADC0I trigger (TOF HG),HGThreshold,0.171955, ,-1e+31, ,-1e+31,2026-01-20 01:48:52.775696000,2026-01-20,False
imap_idex_l1b_sci-10days_20260120_v001.0004.cdf,53,822146016275826048,2026-01-20T01:52:27.091826048,HS ADC0I trigger (TOF HG),HGThreshold,0.171955, ,-1e+31, ,-1e+31,2026-01-20 01:52:27.091826048,2026-01-20,False
imap_idex_l1b_sci-10days_20260120_v001.0004.cdf,54,822146087368183040,2026-01-20T01:53:38.184183040,HS ADC0I trigger (TOF HG),HGThreshold,0.171955, ,-1e+31, ,-1e+31,2026-01-20 01:53:38.184183040,2026-01-20,False
imap_idex_l1b_sci-10days_20260120_v001.0004.cdf,55,822146430647178752,2026-01-20T01:59:21.463178752,HS ADC0I trigger (TOF HG),HGThreshold,0.171955, ,-1e+31, ,-1e+31,2026-01-20 01:59:21.463178752,2026-01-20,False
imap_idex_l1b_sci-10days_20260120_v001.0004.cdf,56,822146449954961664,2026-01-20T01:59:40.770961664,HS ADC0I trigger (TOF HG),HGThreshold,0.171955, ,-1e+31, ,-1e+31,2026-01-20 01:59:40.770961664,2026-01-20,False
imap_idex_l1b_sci-10days_20260120_v001.0004.cdf,57,822146507211010944,2026-01-20T02:00:38.027010944,HS ADC0I trigger (TOF HG),HGThreshold,0.171955, ,-1e+31, ,-1e+31,2026-01-20 02:00:38.027010944,2026-01-20,False
imap_idex_l1b_sci-10days_20260120_v001.0004.cdf,58,822146922326462976,2026-01-20T02:07:33.142462976,HS ADC0I trigger (TOF HG),HGThreshold,0.171955, ,-1e+31, ,-1e+31,2026-01-20 02:07:33.142462976,2026-01-20,False
imap_idex_l1b_sci-10days_20260120_v001.0004.cdf,59,822147083704379776,2026-01-20T02:10:14.520379776,HS ADC0I trigger (TOF HG),HGThreshold,0.171955, ,-1e+31, ,-1e+31,2026-01-20 02:10:14.520379776,2026-01-20,False
imap_idex_l1b_sci-10days_20260120_v001.0004.cdf,60,822147150668380544,2026-01-20T02:11:21.484380544,HS ADC0I trigger (TOF HG),HGThreshold,0.171955, ,-1e+31, ,-1e+31,2026-01-20 02:11:21.484380544,2026-01-20,False
imap_idex_l1b_sci-10days_20260120_v001.0004.cdf,61,822147202123674880,2026-01-20T02:12:12.939674880,HS ADC0I trigger (TOF HG),HGThreshold,0.171955, ,-1e+31, ,-1e+31,2026-01-20 02:12:12.939674880,2026-01-20,False
imap_idex_l1b_sci-10days_20260120_v001.0004.cdf,62,822147292434574720,2026-01-20T02:13:43.250574720,HS ADC0I trigger (TOF HG),HGThreshold,0.171955, ,-1e+31, ,-1e+31,2026-01-20 02:13:43.250574720,2026-01-20,False
imap_idex_l1b_sci-10days_20260120_v001.0004.cdf,63,822147635552410624,2026-01-20T02:19:26.368410624,HS ADC0I trigger (TOF HG),HGThreshold,0.171955, ,-1e+31, ,-1e+31,2026-01-20 02:19:26.368410624,2026-01-20,False
imap_idex_l1b_sci-10days_20260120_v001.0004.cdf,64,822147650187717632,2026-01-20T02:19:41.003717632,HS ADC0I trigger (TOF HG),HGThreshold,0.171955, ,-1e+31, ,-1e+31,2026-01-20 02:19:41.003717632,2026-01-20,False
imap_idex_l1b_sci-10days_20260120_v001.0004.cdf,65,822147699703053824,2026-01-20T02:20:30.519053824,HS ADC0I trigger (TOF HG),HGThreshold,0.171955, ,-1e+31, ,-1e+31,2026-01-20 02:20:30.519053824,2026-01-20,False
imap_idex_l1b_sci-10days_20260120_v001.0004.cdf,66,822147940678460160,2026-01-20T02:24:31.494460160,HS ADC0I trigger (TOF HG),HGThreshold,0.171955, ,-1e+31, ,-1e+31,2026-01-20 02:24:31.494460160,2026-01-20,False
imap_idex_l1b_sci-10days_20260120_v001.0004.cdf,67,822148076978319360,2026-01-20T02:26:47.794319360,HS ADC0I trigger (TOF HG),HGThreshold,0.171955, ,-1e+31, ,-1e+31,2026-01-20 02:26:47.794319360,2026-01-20,False
imap_idex_l1b_sci-10days_20260120_v001.0004.cdf,68,822148254470242048,2026-01-20T02:29:45.286242048,HS ADC0I trigger (TOF HG),HGThreshold,0.171955, ,-1e+31, ,-1e+31,2026-01-20 02:29:45.286242048,2026-01-20,False
imap_idex_l1b_sci-10days_20260120_v001.0004.cdf,69,822148461108838784,2026-01-20T02:33:11.924838784,HS ADC0I trigger (TOF HG),HGThreshold,0.171955, ,-1e+31, ,-1e+31,2026-01-20 02:33:11.924838784,2026-01-20,False
imap_idex_l1b_sci-10days_20260120_v001.0004.cdf,70,822149309743766528,2026-01-20T02:47:20.559766528,HS ADC0I trigger (TOF HG),HGThreshold,0.171955, ,-1e+31, ,-1e+31,2026-01-20 02:47:20.559766528,2026-01-20,False
imap_idex_l1b_sci-10days_20260120_v001.0004.cdf,71,822149319108418176,2026-01-20T02:47:29.924418176,HS ADC0I trigger (TOF HG),HGThreshold,0.171955, ,-1e+31, ,-1e+31,2026-01-20 02:47:29.924418176,2026-01-20,False
imap_idex_l1b_sci-10days_20260120_v001.0004.cdf,72,822149399328627200,2026-01-20T02:48:50.144627200,HS ADC0I trigger (TOF HG),HGThreshold,0.171955, ,-1e+31, ,-1e+31,2026-01-20 02:48:50.144627200,2026-01-20,False
imap_idex_l1b_sci-10days_20260120_v001.0004.cdf,73,822149427422322176,2026-01-20T02:49:18.238322176,HS ADC0I trigger (TOF HG),HGThreshold,0.171955, ,-1e+31, ,-1e+31,2026-01-20 02:49:18.238322176,2026-01-20,False
imap_idex_l1b_sci-10days_20260120_v001.0004.cdf,74,822149520317299840,2026-01-20T02:50:51.133299840,HS ADC0I trigger (TOF HG),HGThreshold,0.171955, ,-1e+31, ,-1e+31,2026-01-20 02:50:51.133299840,2026-01-20,False
imap_idex_l1b_sci-10days_20260120_v001.0004.cdf,75,822149863753815552,2026-01-20T02:56:34.569815552,HS ADC0I trigger (TOF HG),HGThreshold,0.171955, ,-1e+31, ,-1e+31,2026-01-20 02:56:34.569815552,2026-01-20,False
imap_idex_l1b_sci-10days_20260120_v001.0004.cdf,76,822149930979835904,2026-01-20T02:57:41.795835904,HS ADC0I trigger (TOF HG),HGThreshold,0.171955, ,-1e+31, ,-1e+31,2026-01-20 02:57:41.795835904,2026-01-20,False
imap_idex_l1b_sci-10days_20260120_v001.0004.cdf,77,822149990096343552,2026-01-20T02:58:40.912343552,HS ADC0I trigger (TOF HG),HGThreshold,0.171955, ,-1e+31, ,-1e+31,2026-01-20 02:58:40.912343552,2026-01-20,False
imap_idex_l1b_sci-10days_20260120_v001.0004.cdf,78,822150200784876544,2026-01-20T03:02:11.600876544,HS ADC0I trigger (TOF HG),HGThreshold,0.171955, ,-1e+31, ,-1e+31,2026-01-20 03:02:11.600876544,2026-01-20,False
imap_idex_l1b_sci-10days_20260120_v001.0004.cdf,79,822150335068157568,2026-01-20T03:04:25.884157568,HS ADC0I trigger (TOF HG),HGThreshold,0.171955, ,-1e+31, ,-1e+31,2026-01-20 03:04:25.884157568,2026-01-20,False
imap_idex_l1b_sci-10days_20260120_v001.0004.cdf,80,822150605094158336,2026-01-20T03:08:55.910158336,HS ADC0I trigger (TOF HG),HGThreshold,0.171955, ,-1e+31, ,-1e+31,2026-01-20 03:08:55.910158336,2026-01-20,False
imap_idex_l1b_sci-10days_20260120_v001.0004.cdf,81,822150633747952896,2026-01-20T03:09:24.563952896,HS ADC0I trigger (TOF HG),HGThreshold,0.171955, ,-1e+31, ,-1e+31,2026-01-20 03:09:24.563952896,2026-01-20,False
imap_idex_l1b_sci-10days_20260120_v001.0004.cdf,82,822150715950520064,2026-01-20T03:10:46.766520064,HS ADC0I trigger (TOF HG),HGThreshold,0.171955, ,-1e+31, ,-1e+31,2026-01-20 03:10:46.766520064,2026-01-20,False
imap_idex_l1b_sci-10days_20260120_v001.0004.cdf,83,822150862833629696,2026-01-20T03:13:13.649629696,HS ADC0I trigger (TOF HG),HGThreshold,0.171955, ,-1e+31, ,-1e+31,2026-01-20 03:13:13.649629696,2026-01-20,False
imap_idex_l1b_sci-10days_20260120_v001.0004.cdf,84,822150928521331584,2026-01-20T03:14:19.337331584,HS ADC0I trigger (TOF HG),HGThreshold,0.171955, ,-1e+31, ,-1e+31,2026-01-20 03:14:19.337331584,2026-01-20,False
imap_idex_l1b_sci-10days_20260120_v001.0004.cdf,85,822150944301857536,2026-01-20T03:14:35.117857536,HS ADC0I trigger (TOF HG),HGThreshold,0.171955, ,-1e+31, ,-1e+31,2026-01-20 03:14:35.117857536,2026-01-20,False
imap_idex_l1b_sci-10days_20260120_v001.0004.cdf,86,822151043331729920,2026-01-20T03:16:14.147729920,HS ADC0I trigger (TOF HG),HGThreshold,0.171955, ,-1e+31, ,-1e+31,2026-01-20 03:16:14.147729920,2026-01-20,False
imap_idex_l1b_sci-10days_20260120_v001.0004.cdf,87,822151347116600576,2026-01-20T03:21:17.932600576,HS ADC0I trigger (TOF HG),HGThreshold,0.171955, ,-1e+31, ,-1e+31,2026-01-20 03:21:17.932600576,2026-01-20,False
imap_idex_l1b_sci-10days_20260120_v001.0004.cdf,88,822151381581509888,2026-01-20T03:21:52.397509888,HS ADC0I trigger (TOF HG),HGThreshold,0.171955, ,-1e+31, ,-1e+31,2026-01-20 03:21:52.397509888,2026-01-20,False
imap_idex_l1b_sci-10days_20260120_v001.0004.cdf,89,822151463919676928,2026-01-20T03:23:14.735676928,HS ADC0I trigger (TOF HG),HGThreshold,0.171955, ,-1e+31, ,-1e+31,2026-01-20 03:23:14.735676928,2026-01-20,False
imap_idex_l1b_sci-10days_20260120_v001.0004.cdf,90,822151623264495744,2026-01-20T03:25:54.080495744,HS ADC0I trigger (TOF HG),HGThreshold,0.171955, ,-1e+31, ,-1e+31,2026-01-20 03:25:54.080495744,2026-01-20,False
imap_idex_l1b_sci-10days_20260120_v001.0004.cdf,91,822151719960529920,2026-01-20T03:27:30.776529920,HS ADC0I trigger (TOF HG),HGThreshold,0.171955, ,-1e+31, ,-1e+31,2026-01-20 03:27:30.776529920,2026-01-20,False
imap_idex_l1b_sci-10days_20260120_v001.0004.cdf,92,822151766980788352,2026-01-20T03:28:17.796788352,HS ADC0I trigger (TOF HG),HGThreshold,0.171955, ,-1e+31, ,-1e+31,2026-01-20 03:28:17.796788352,2026-01-20,False
imap_idex_l1b_sci-10days_20260120_v001.0004.cdf,93,822151904524606464,2026-01-20T03:30:35.340606464,HS ADC0I trigger (TOF HG),HGThreshold,0.171955, ,-1e+31, ,-1e+31,2026-01-20 03:30:35.340606464,2026-01-20,False
imap_idex_l1b_sci-10days_20260120_v001.0004.cdf,94,822151992407328512,2026-01-20T03:32:03.223328512,HS ADC0I trigger (TOF HG),HGThreshold,0.171955, ,-1e+31, ,-1e+31,2026-01-20 03:32:03.223328512,2026-01-20,False
imap_idex_l1b_sci-10days_20260120_v001.0004.cdf,95,822152184885957888,2026-01-20T03:35:15.701957888,HS ADC0I trigger (TOF HG),HGThreshold,0.171955, ,-1e+31, ,-1e+31,2026-01-20 03:35:15.701957888,2026-01-20,False
imap_idex_l1b_sci-10days_20260120_v001.0004.cdf,96,822152380767084160,2026-01-20T03:38:31.583084160,HS ADC0I trigger (TOF HG),HGThreshold,0.171955, ,-1e+31, ,-1e+31,2026-01-20 03:38:31.583084160,2026-01-20,False
imap_idex_l1b_sci-10days_20260120_v001.0004.cdf,97,822152409658298624,2026-01-20T03:39:00.474298624,HS ADC0I trigger (TOF HG),HGThreshold,0.171955, ,-1e+31, ,-1e+31,2026-01-20 03:39:00.474298624,2026-01-20,False
imap_idex_l1b_sci-10days_20260120_v001.0004.cdf,98,822152472836342656,2026-01-20T03:40:03.652342656,HS ADC0I trigger (TOF HG),HGThreshold,0.171955, ,-1e+31, ,-1e+31,2026-01-20 03:40:03.652342656,2026-01-20,False
imap_idex_l1b_sci-10days_20260120_v001.0004.cdf,99,822152566148779904,2026-01-20T03:41:36.964779904,HS ADC0I trigger (TOF HG),HGThreshold,0.171955, ,-1e+31, ,-1e+31,2026-01-20 03:41:36.964779904,2026-01-20,False
imap_idex_l1b_sci-10days_20260120_v001.0004.cdf,100,822152652561303296,2026-01-20T03:43:03.377303296,HS ADC0I trigger (TOF HG),HGThreshold,0.171955, ,-1e+31, ,-1e+31,2026-01-20 03:43:03.377303296,2026-01-20,False
imap_idex_l1b_sci-10days_20260120_v001.0004.cdf,101,822152696850104064,2026-01-20T03:43:47.666104064,HS ADC0I trigger (TOF HG),HGThreshold,0.171955, ,-1e+31, ,-1e+31,2026-01-20 03:43:47.666104064,2026-01-20,False
imap_idex_l1b_sci-10days_20260120_v001.0004.cdf,102,822152796061376128,2026-01-20T03:45:26.877376128,HS ADC0I trigger (TOF HG),HGThreshold,0.171955, ,-1e+31, ,-1e+31,2026-01-20 03:45:26.877376128,2026-01-20,False
imap_idex_l1b_sci-10days_20260120_v001.0004.cdf,103,822152981166051968,2026-01-20T03:48:31.982051968,HS ADC0I trigger (TOF HG),HGThreshold,0.171955, ,-1e+31, ,-1e+31,2026-01-20 03:48:31.982051968,2026-01-20,False
imap_idex_l1b_sci-10days_20260120_v001.0004.cdf,104,822152987352706432,2026-01-20T03:48:38.168706432,HS ADC0I trigger (TOF HG),HGThreshold,0.171955, ,-1e+31, ,-1e+31,2026-01-20 03:48:38.168706432,2026-01-20,False
imap_idex_l1b_sci-10days_20260120_v001.0004.cdf,105,822153082747681920,2026-01-20T03:50:13.563681920,HS ADC0I trigger (TOF HG),HGThreshold,0.171955, ,-1e+31, ,-1e+31,2026-01-20 03:50:13.563681920,2026-01-20,False
imap_idex_l1b_sci-10days_20260120_v001.0004.cdf,106,822153122931946240,2026-01-20T03:50:53.747946240,HS ADC0I trigger (TOF HG),HGThreshold,0.171955, ,-1e+31, ,-1e+31,2026-01-20 03:50:53.747946240,2026-01-20,False
imap_idex_l1b_sci-10days_20260120_v001.0004.cdf,107,822153258083946496,2026-01-20T03:53:08.899946496,HS ADC0I trigger (TOF HG),HGThreshold,0.171955, ,-1e+31, ,-1e+31,2026-01-20 03:53:08.899946496,2026-01-20,False
imap_idex_l1b_sci-10days_20260120_v001.0004.cdf,108,822153281048806144,2026-01-20T03:53:31.864806144,HS ADC0I trigger (TOF HG),HGThreshold,0.171955, ,-1e+31, ,-1e+31,2026-01-20 03:53:31.864806144,2026-01-20,False
imap_idex_l1b_sci-10days_20260120_v001.0004.cdf,109,822153617561887872,2026-01-20T03:59:08.377887872,HS ADC0I trigger (TOF HG),HGThreshold,0.171955, ,-1e+31, ,-1e+31,2026-01-20 03:59:08.377887872,2026-01-20,False
imap_idex_l1b_sci-10days_20260120_v001.0004.cdf,110,822153728616849280,2026-01-20T04:00:59.432849280,HS ADC0I trigger (TOF HG),HGThreshold,0.171955, ,-1e+31, ,-1e+31,2026-01-20 04:00:59.432849280,2026-01-20,False
imap_idex_l1b_sci-10days_20260120_v001.0004.cdf,111,822153921833938176,2026-01-20T04:04:12.649938176,HS ADC0I trigger (TOF HG),HGThreshold,0.171955, ,-1e+31, ,-1e+31,2026-01-20 04:04:12.649938176,2026-01-20,False
imap_idex_l1b_sci-10days_20260120_v001.0004.cdf,112,822154179985629312,2026-01-20T04:08:30.801629312,HS ADC0I trigger (TOF HG),HGThreshold,0.171955, ,-1e+31, ,-1e+31,2026-01-20 04:08:30.801629312,2026-01-20,False
imap_idex_l1b_sci-10days_20260120_v001.0004.cdf,113,822154226568328064,2026-01-20T04:09:17.384328064,HS ADC0I trigger (TOF HG),HGThreshold,0.171955, ,-1e+31, ,-1e+31,2026-01-20 04:09:17.384328064,2026-01-20,False
imap_idex_l1b_sci-10days_20260120_v001.0004.cdf,114,822154279603240960,2026-01-20T04:10:10.419240960,HS ADC0I trigger (TOF HG),HGThreshold,0.171955, ,-1e+31, ,-1e+31,2026-01-20 04:10:10.419240960,2026-01-20,False
imap_idex_l1b_sci-10days_20260120_v001.0004.cdf,115,822154346706721408,2026-01-20T04:11:17.522721408,HS ADC0I trigger (TOF HG),HGThreshold,0.171955, ,-1e+31, ,-1e+31,2026-01-20 04:11:17.522721408,2026-01-20,False
imap_idex_l1b_sci-10days_20260120_v001.0004.cdf,116,822154397733936128,2026-01-20T04:12:08.549936128,HS ADC0I trigger (TOF HG),HGThreshold,0.171955, ,-1e+31, ,-1e+31,2026-01-20 04:12:08.549936128,2026-01-20,False
imap_idex_l1b_sci-10days_20260120_v001.0004.cdf,117,822154407090967936,2026-01-20T04:12:17.906967936,HS ADC0I trigger (TOF HG),HGThreshold,0.171955, ,-1e+31, ,-1e+31,2026-01-20 04:12:17.906967936,2026-01-20,False
imap_idex_l1b_sci-10days_20260120_v001.0004.cdf,118,822154412178463488,2026-01-20T04:12:22.994463488,HS ADC0I trigger (TOF HG),HGThreshold,0.171955, ,-1e+31, ,-1e+31,2026-01-20 04:12:22.994463488,2026-01-20,False
imap_idex_l1b_sci-10days_20260120_v001.0004.cdf,119,822154902645048576,2026-01-20T04:20:33.461048576,HS ADC0I trigger (TOF HG),HGThreshold,0.171955, ,-1e+31, ,-1e+31,2026-01-20 04:20:33.461048576,2026-01-20,False
imap_idex_l1b_sci-10days_20260120_v001.0004.cdf,120,822155410824358144,2026-01-20T04:29:01.640358144,HS ADC0I trigger (TOF HG),HGThreshold,0.171955, ,-1e+31, ,-1e+31,2026-01-20 04:29:01.640358144,2026-01-20,False
imap_idex_l1b_sci-10days_20260120_v001.0004.cdf,121,822156124094265856,2026-01-20T04:40:54.910265856,HS ADC0I trigger (TOF HG),HGThreshold,0.171955, ,-1e+31, ,-1e+31,2026-01-20 04:40:54.910265856,2026-01-20,False
imap_idex_l1b_sci-10days_20260120_v001.0004.cdf,122,822156200511538176,2026-01-20T04:42:11.327538176,HS ADC0I trigger (TOF HG),HGThreshold,0.171955, ,-1e+31, ,-1e+31,2026-01-20 04:42:11.327538176,2026-01-20,False
imap_idex_l1b_sci-10days_20260120_v001.0004.cdf,123,822156268161238144,2026-01-20T04:43:18.977238144,HS ADC0I trigger (TOF HG),HGThreshold,0.171955, ,-1e+31, ,-1e+31,2026-01-20 04:43:18.977238144,2026-01-20,False
imap_idex_l1b_sci-10days_20260120_v001.0004.cdf,124,822156389242070784,2026-01-20T04:45:20.058070784,HS ADC0I trigger (TOF HG),HGThreshold,0.171955, ,-1e+31, ,-1e+31,2026-01-20 04:45:20.058070784,2026-01-20,False
imap_idex_l1b_sci-10days_20260120_v001.0004.cdf,125,822156417651085696,2026-01-20T04:45:48.467085696,HS ADC0I trigger (TOF HG),HGThreshold,0.171955, ,-1e+31, ,-1e+31,2026-01-20 04:45:48.467085696,2026-01-20,False
imap_idex_l1b_sci-10days_20260120_v001.0004.cdf,126,822157377637654656,2026-01-20T05:01:48.453654656,HS ADC0I trigger (TOF HG),HGThreshold,0.171955, ,-1e+31, ,-1e+31,2026-01-20 05:01:48.453654656,2026-01-20,False
imap_idex_l1b_sci-10days_20260120_v001.0004.cdf,127,822157427993990016,2026-01-20T05:02:38.809990016,HS ADC0I trigger (TOF HG),HGThreshold,0.171955, ,-1e+31, ,-1e+31,2026-01-20 05:02:38.809990016,2026-01-20,False
imap_idex_l1b_sci-10days_20260120_v001.0004.cdf,128,822157565928707712,2026-01-20T05:04:56.744707712,HS ADC0I trigger (TOF HG),HGThreshold,0.171955, ,-1e+31, ,-1e+31,2026-01-20 05:04:56.744707712,2026-01-20,False
imap_idex_l1b_sci-10days_20260120_v001.0004.cdf,129,822157601707356032,2026-01-20T05:05:32.523356032,HS ADC0I trigger (TOF HG),HGThreshold,0.171955, ,-1e+31, ,-1e+31,2026-01-20 05:05:32.523356032,2026-01-20,False
imap_idex_l1b_sci-10days_20260120_v001.0004.cdf,130,822157666279418880,2026-01-20T05:06:37.095418880,HS ADC0I trigger (TOF HG),HGThreshold,0.171955, ,-1e+31, ,-1e+31,2026-01-20 05:06:37.095418880,2026-01-20,False
imap_idex_l1b_sci-10days_20260120_v001.0004.cdf,131,822157678253388288,2026-01-20T05:06:49.069388288,HS ADC0I trigger (TOF HG),HGThreshold,0.171955, ,-1e+31, ,-1e+31,2026-01-20 05:06:49.069388288,2026-01-20,False
imap_idex_l1b_sci-10days_20260120_v001.0004.cdf,132,822157819632642816,2026-01-20T05:09:10.448642816,HS ADC0I trigger (TOF HG),HGThreshold,0.171955, ,-1e+31, ,-1e+31,2026-01-20 05:09:10.448642816,2026-01-20,False
imap_idex_l1b_sci-10days_20260120_v001.0004.cdf,133,822157958694779520,2026-01-20T05:11:29.510779520,HS ADC0I trigger (TOF HG),HGThreshold,0.171955, ,-1e+31, ,-1e+31,2026-01-20 05:11:29.510779520,2026-01-20,False
imap_idex_l1b_sci-10days_20260120_v001.0004.cdf,134,822158066651123840,2026-01-20T05:13:17.467123840,HS ADC0I trigger (TOF HG),HGThreshold,0.171955, ,-1e+31, ,-1e+31,2026-01-20 05:13:17.467123840,2026-01-20,False
imap_idex_l1b_sci-10days_20260120_v001.0004.cdf,135,822158128439629056,2026-01-20T05:14:19.255629056,HS ADC0I trigger (TOF HG),HGThreshold,0.171955, ,-1e+31, ,-1e+31,2026-01-20 05:14:19.255629056,2026-01-20,False
imap_idex_l1b_sci-10days_20260120_v001.0004.cdf,136,822158216864090624,2026-01-20T05:15:47.680090624,HS ADC0I trigger (TOF HG),HGThreshold,0.171955, ,-1e+31, ,-1e+31,2026-01-20 05:15:47.680090624,2026-01-20,False
imap_idex_l1b_sci-10days_20260120_v001.0004.cdf,137,822158372026613120,2026-01-20T05:18:22.842613120,HS ADC0I trigger (TOF HG),HGThreshold,0.171955, ,-1e+31, ,-1e+31,2026-01-20 05:18:22.842613120,2026-01-20,False
imap_idex_l1b_sci-10days_20260120_v001.0004.cdf,138,822158511133109760,2026-01-20T05:20:41.949109760,HS ADC0I trigger (TOF HG),HGThreshold,0.171955, ,-1e+31, ,-1e+31,2026-01-20 05:20:41.949109760,2026-01-20,False
imap_idex_l1b_sci-10days_20260120_v001.0004.cdf,139,822158559760806784,2026-01-20T05:21:30.576806784,HS ADC0I trigger (TOF HG),HGThreshold,0.171955, ,-1e+31, ,-1e+31,2026-01-20 05:21:30.576806784,2026-01-20,False
imap_idex_l1b_sci-10days_20260120_v001.0004.cdf,140,822158707691555712,2026-01-20T05:23:58.507555712,HS ADC0I trigger (TOF HG),HGThreshold,0.171955, ,-1e+31, ,-1e+31,2026-01-20 05:23:58.507555712,2026-01-20,False
imap_idex_l1b_sci-10days_20260120_v001.0004.cdf,141,822158846721432320,2026-01-20T05:26:17.537432320,HS ADC0I trigger (TOF HG),HGThreshold,0.171955, ,-1e+31, ,-1e+31,2026-01-20 05:26:17.537432320,2026-01-20,False
imap_idex_l1b_sci-10days_20260120_v001.0004.cdf,142,822158955328996096,2026-01-20T05:28:06.144996096,HS ADC0I trigger (TOF HG),HGThreshold,0.171955, ,-1e+31, ,-1e+31,2026-01-20 05:28:06.144996096,2026-01-20,False
imap_idex_l1b_sci-10days_20260120_v001.0004.cdf,143,822158984892129920,2026-01-20T05:28:35.708129920,HS ADC0I trigger (TOF HG),HGThreshold,0.171955, ,-1e+31, ,-1e+31,2026-01-20 05:28:35.708129920,2026-01-20,False
imap_idex_l1b_sci-10days_20260120_v001.0004.cdf,144,822159036693544064,2026-01-20T05:29:27.509544064,HS ADC0I trigger (TOF HG),HGThreshold,0.171955, ,-1e+31, ,-1e+31,2026-01-20 05:29:27.509544064,2026-01-20,False
imap_idex_l1b_sci-10days_20260120_v001.0004.cdf,145,822159076899908352,2026-01-20T05:30:07.715908352,HS ADC0I trigger (TOF HG),HGThreshold,0.171955, ,-1e+31, ,-1e+31,2026-01-20 05:30:07.715908352,2026-01-20,False
imap_idex_l1b_sci-10days_20260120_v001.0004.cdf,146,822159339294095744,2026-01-20T05:34:30.110095744,HS ADC0I trigger (TOF HG),HGThreshold,0.171955, ,-1e+31, ,-1e+31,2026-01-20 05:34:30.110095744,2026-01-20,False
imap_idex_l1b_sci-10days_20260120_v001.0004.cdf,147,822159388672252032,2026-01-20T05:35:19.488252032,HS ADC0I trigger (TOF HG),HGThreshold,0.171955, ,-1e+31, ,-1e+31,2026-01-20 05:35:19.488252032,2026-01-20,False
imap_idex_l1b_sci-10days_20260120_v001.0004.cdf,148,822159429241036032,2026-01-20T05:36:00.057036032,HS ADC0I trigger (TOF HG),HGThreshold,0.171955, ,-1e+31, ,-1e+31,2026-01-20 05:36:00.057036032,2026-01-20,False
imap_idex_l1b_sci-10days_20260120_v001.0004.cdf,149,822159439937306496,2026-01-20T05:36:10.753306496,HS ADC0I trigger (TOF HG),HGThreshold,0.171955, ,-1e+31, ,-1e+31,2026-01-20 05:36:10.753306496,2026-01-20,False
imap_idex_l1b_sci-10days_20260120_v001.0004.cdf,150,822159468242181504,2026-01-20T05:36:39.058181504,HS ADC0I trigger (TOF HG),HGThreshold,0.171955, ,-1e+31, ,-1e+31,2026-01-20 05:36:39.058181504,2026-01-20,False
imap_idex_l1b_sci-10days_20260120_v001.0004.cdf,151,822159586793056384,2026-01-20T05:38:37.609056384,HS ADC0I trigger (TOF HG),HGThreshold,0.171955, ,-1e+31, ,-1e+31,2026-01-20 05:38:37.609056384,2026-01-20,False
imap_idex_l1b_sci-10days_20260120_v001.0004.cdf,152,822159631474776704,2026-01-20T05:39:22.290776704,HS ADC0I trigger (TOF HG),HGThreshold,0.171955, ,-1e+31, ,-1e+31,2026-01-20 05:39:22.290776704,2026-01-20,False
imap_idex_l1b_sci-10days_20260120_v001.0004.cdf,153,822159650180900096,2026-01-20T05:39:40.996900096,HS ADC0I trigger (TOF HG),HGThreshold,0.171955, ,-1e+31, ,-1e+31,2026-01-20 05:39:40.996900096,2026-01-20,False
imap_idex_l1b_sci-10days_20260120_v001.0004.cdf,154,822159673296359680,2026-01-20T05:40:04.112359680,HS ADC0I trigger (TOF HG),HGThreshold,0.171955, ,-1e+31, ,-1e+31,2026-01-20 05:40:04.112359680,2026-01-20,False
imap_idex_l1b_sci-10days_20260120_v001.0004.cdf,155,822159691526523648,2026-01-20T05:40:22.342523648,HS ADC0I trigger (TOF HG),HGThreshold,0.171955, ,-1e+31, ,-1e+31,2026-01-20 05:40:22.342523648,2026-01-20,False
imap_idex_l1b_sci-10days_20260120_v001.0004.cdf,156,822159722163756416,2026-01-20T05:40:52.979756416,HS ADC0I trigger (TOF HG),HGThreshold,0.171955, ,-1e+31, ,-1e+31,2026-01-20 05:40:52.979756416,2026-01-20,False
imap_idex_l1b_sci-10days_20260120_v001.0004.cdf,157,822159730202829184,2026-01-20T05:41:01.018829184,HS ADC0I trigger (TOF HG),HGThreshold,0.171955, ,-1e+31, ,-1e+31,2026-01-20 05:41:01.018829184,2026-01-20,False
imap_idex_l1b_sci-10days_20260120_v001.0004.cdf,158,822159827448082944,2026-01-20T05:42:38.264082944,HS ADC0I trigger (TOF HG),HGThreshold,0.171955, ,-1e+31, ,-1e+31,2026-01-20 05:42:38.264082944,2026-01-20,False
imap_idex_l1b_sci-10days_20260120_v001.0004.cdf,159,822159865462909312,2026-01-20T05:43:16.278909312,HS ADC0I trigger (TOF HG),HGThreshold,0.171955, ,-1e+31, ,-1e+31,2026-01-20 05:43:16.278909312,2026-01-20,False
imap_idex_l1b_sci-10days_20260120_v001.0004.cdf,160,822159886373250688,2026-01-20T05:43:37.189250688,HS ADC0I trigger (TOF HG),HGThreshold,0.171955, ,-1e+31, ,-1e+31,2026-01-20 05:43:37.189250688,2026-01-20,False
imap_idex_l1b_sci-10days_20260120_v001.0004.cdf,161,822159931531730816,2026-01-20T05:44:22.347730816,HS ADC0I trigger (TOF HG),HGThreshold,0.171955, ,-1e+31, ,-1e+31,2026-01-20 05:44:22.347730816,2026-01-20,False
imap_idex_l1b_sci-10days_20260120_v001.0004.cdf,162,822160007584143360,2026-01-20T05:45:38.400143360,HS ADC0I trigger (TOF HG),HGThreshold,0.171955, ,-1e+31, ,-1e+31,2026-01-20 05:45:38.400143360,2026-01-20,False
imap_idex_l1b_sci-10days_20260120_v001.0004.cdf,163,822160044141910912,2026-01-20T05:46:14.957910912,HS ADC0I trigger (TOF HG),HGThreshold,0.171955, ,-1e+31, ,-1e+31,2026-01-20 05:46:14.957910912,2026-01-20,False
imap_idex_l1b_sci-10days_20260120_v001.0004.cdf,164,822160087663592320,2026-01-20T05:46:58.479592320,HS ADC0I trigger (TOF HG),HGThreshold,0.171955, ,-1e+31, ,-1e+31,2026-01-20 05:46:58.479592320,2026-01-20,False
imap_idex_l1b_sci-10days_20260120_v001.0004.cdf,165,822160197894214656,2026-01-20T05:48:48.710214656,HS ADC0I trigger (TOF HG),HGThreshold,0.171955, ,-1e+31, ,-1e+31,2026-01-20 05:48:48.710214656,2026-01-20,False
imap_idex_l1b_sci-10days_20260120_v001.0004.cdf,166,822160333120794752,2026-01-20T05:51:03.936794752,HS ADC0I trigger (TOF HG),HGThreshold,0.171955, ,-1e+31, ,-1e+31,2026-01-20 05:51:03.936794752,2026-01-20,False
imap_idex_l1b_sci-10days_20260120_v001.0004.cdf,167,822160352134897792,2026-01-20T05:51:22.950897792,HS ADC0I trigger (TOF HG),HGThreshold,0.171955, ,-1e+31, ,-1e+31,2026-01-20 05:51:22.950897792,2026-01-20,False
imap_idex_l1b_sci-10days_20260120_v001.0004.cdf,168,822160365555705984,2026-01-20T05:51:36.371705984,HS ADC0I trigger (TOF HG),HGThreshold,0.171955, ,-1e+31, ,-1e+31,2026-01-20 05:51:36.371705984,2026-01-20,False
imap_idex_l1b_sci-10days_20260120_v001.0004.cdf,169,822160387710026368,2026-01-20T05:51:58.526026368,HS ADC0I trigger (TOF HG),HGThreshold,0.171955, ,-1e+31, ,-1e+31,2026-01-20 05:51:58.526026368,2026-01-20,False
imap_idex_l1b_sci-10days_20260120_v001.0004.cdf,170,822160443421336832,2026-01-20T05:52:54.237336832,HS ADC0I trigger (TOF HG),HGThreshold,0.171955, ,-1e+31, ,-1e+31,2026-01-20 05:52:54.237336832,2026-01-20,False
imap_idex_l1b_sci-10days_20260120_v001.0004.cdf,171,822160527266082688,2026-01-20T05:54:18.082082688,HS ADC0I trigger (TOF HG),HGThreshold,0.171955, ,-1e+31, ,-1e+31,2026-01-20 05:54:18.082082688,2026-01-20,False
imap_idex_l1b_sci-10days_20260120_v001.0004.cdf,172,822160605751713152,2026-01-20T05:55:36.567713152,HS ADC0I trigger (TOF HG),HGThreshold,0.171955, ,-1e+31, ,-1e+31,2026-01-20 05:55:36.567713152,2026-01-20,False
imap_idex_l1b_sci-10days_20260120_v001.0004.cdf,173,822160638468584192,2026-01-20T05:56:09.284584192,HS ADC0I trigger (TOF HG),HGThreshold,0.171955, ,-1e+31, ,-1e+31,2026-01-20 05:56:09.284584192,2026-01-20,False
imap_idex_l1b_sci-10days_20260120_v001.0004.cdf,174,822160667671258240,2026-01-20T05:56:38.487258240,HS ADC0I trigger (TOF HG),HGThreshold,0.171955, ,-1e+31, ,-1e+31,2026-01-20 05:56:38.487258240,2026-01-20,False
imap_idex_l1b_sci-10days_20260120_v001.0004.cdf,175,822160673009813504,2026-01-20T05:56:43.825813504,HS ADC0I trigger (TOF HG),HGThreshold,0.171955, ,-1e+31, ,-1e+31,2026-01-20 05:56:43.825813504,2026-01-20,False
imap_idex_l1b_sci-10days_20260120_v001.0004.cdf,176,822160687822880256,2026-01-20T05:56:58.638880256,HS ADC0I trigger (TOF HG),HGThreshold,0.171955, ,-1e+31, ,-1e+31,2026-01-20 05:56:58.638880256,2026-01-20,False
imap_idex_l1b_sci-10days_20260120_v001.0004.cdf,177,822160718541013120,2026-01-20T05:57:29.357013120,HS ADC0I trigger (TOF HG),HGThreshold,0.171955, ,-1e+31, ,-1e+31,2026-01-20 05:57:29.357013120,2026-01-20,False
imap_idex_l1b_sci-10days_20260120_v001.0004.cdf,178,822160819630763392,2026-01-20T05:59:10.446763392,HS ADC0I trigger (TOF HG),HGThreshold,0.171955, ,-1e+31, ,-1e+31,2026-01-20 05:59:10.446763392,2026-01-20,False
imap_idex_l1b_sci-10days_20260120_v001.0004.cdf,179,822160834371330560,2026-01-20T05:59:25.187330560,HS ADC0I trigger (TOF HG),HGThreshold,0.171955, ,-1e+31, ,-1e+31,2026-01-20 05:59:25.187330560,2026-01-20,False
imap_idex_l1b_sci-10days_20260120_v001.0004.cdf,180,822160847373878784,2026-01-20T05:59:38.189878784,HS ADC0I trigger (TOF HG),HGThreshold,0.171955, ,-1e+31, ,-1e+31,2026-01-20 05:59:38.189878784,2026-01-20,False
imap_idex_l1b_sci-10days_20260120_v001.0004.cdf,181,822160851556155264,2026-01-20T05:59:42.372155264,HS ADC0I trigger (TOF HG),HGThreshold,0.171955, ,-1e+31, ,-1e+31,2026-01-20 05:59:42.372155264,2026-01-20,False
imap_idex_l1b_sci-10days_20260120_v001.0004.cdf,182,822160860871406976,2026-01-20T05:59:51.687406976,HS ADC0I trigger (TOF HG),HGThreshold,0.171955, ,-1e+31, ,-1e+31,2026-01-20 05:59:51.687406976,2026-01-20,False
imap_idex_l1b_sci-10days_20260120_v001.0004.cdf,183,822160879651330176,2026-01-20T06:00:10.467330176,HS ADC0I trigger (TOF HG),HGThreshold,0.171955, ,-1e+31, ,-1e+31,2026-01-20 06:00:10.467330176,2026-01-20,False
imap_idex_l1b_sci-10days_20260120_v001.0004.cdf,184,822160892146759168,2026-01-20T06:00:22.962759168,HS ADC0I trigger (TOF HG),HGThreshold,0.171955, ,-1e+31, ,-1e+31,2026-01-20 06:00:22.962759168,2026-01-20,False
imap_idex_l1b_sci-10days_20260120_v001.0004.cdf,185,822160914206479616,2026-01-20T06:00:45.022479616,HS ADC0I trigger (TOF HG),HGThreshold,0.171955, ,-1e+31, ,-1e+31,2026-01-20 06:00:45.022479616,2026-01-20,False
imap_idex_l1b_sci-10days_20260120_v001.0004.cdf,186,822161029423637504,2026-01-20T06:02:40.239637504,HS ADC0I trigger (TOF HG),HGThreshold,0.171955, ,-1e+31, ,-1e+31,2026-01-20 06:02:40.239637504,2026-01-20,False
imap_idex_l1b_sci-10days_20260120_v001.0004.cdf,187,822161064430086528,2026-01-20T06:03:15.246086528,HS ADC0I trigger (TOF HG),HGThreshold,0.171955, ,-1e+31, ,-1e+31,2026-01-20 06:03:15.246086528,2026-01-20,False
imap_idex_l1b_sci-10days_20260120_v001.0004.cdf,188,822161105882829696,2026-01-20T06:03:56.698829696,HS ADC0I trigger (TOF HG),HGThreshold,0.171955, ,-1e+31, ,-1e+31,2026-01-20 06:03:56.698829696,2026-01-20,False
imap_idex_l1b_sci-10days_20260120_v001.0004.cdf,189,822161223005105920,2026-01-20T06:05:53.821105920,HS ADC0I trigger (TOF HG),HGThreshold,0.171955, ,-1e+31, ,-1e+31,2026-01-20 06:05:53.821105920,2026-01-20,False
imap_idex_l1b_sci-10days_20260120_v001.0004.cdf,190,822161312271166848,2026-01-20T06:07:23.087166848,HS ADC0I trigger (TOF HG),HGThreshold,0.171955, ,-1e+31, ,-1e+31,2026-01-20 06:07:23.087166848,2026-01-20,False
imap_idex_l1b_sci-10days_20260120_v001.0004.cdf,191,822161339561382528,2026-01-20T06:07:50.377382528,HS ADC0I trigger (TOF HG),HGThreshold,0.171955, ,-1e+31, ,-1e+31,2026-01-20 06:07:50.377382528,2026-01-20,False
imap_idex_l1b_sci-10days_20260120_v001.0004.cdf,192,822161363151681664,2026-01-20T06:08:13.967681664,HS ADC0I trigger (TOF HG),HGThreshold,0.171955, ,-1e+31, ,-1e+31,2026-01-20 06:08:13.967681664,2026-01-20,False
imap_idex_l1b_sci-10days_20260120_v001.0004.cdf,193,822161377284509184,2026-01-20T06:08:28.100509184,HS ADC0I trigger (TOF HG),HGThreshold,0.171955, ,-1e+31, ,-1e+31,2026-01-20 06:08:28.100509184,2026-01-20,False
imap_idex_l1b_sci-10days_20260120_v001.0004.cdf,194,822161395708672768,2026-01-20T06:08:46.524672768,HS ADC0I trigger (TOF HG),HGThreshold,0.171955, ,-1e+31, ,-1e+31,2026-01-20 06:08:46.524672768,2026-01-20,False
imap_idex_l1b_sci-10days_20260120_v001.0004.cdf,195,822161431992200704,2026-01-20T06:09:22.808200704,HS ADC0I trigger (TOF HG),HGThreshold,0.171955, ,-1e+31, ,-1e+31,2026-01-20 06:09:22.808200704,2026-01-20,False
imap_idex_l1b_sci-10days_20260120_v001.0004.cdf,196,822161437769815424,2026-01-20T06:09:28.585815424,HS ADC0I trigger (TOF HG),HGThreshold,0.171955, ,-1e+31, ,-1e+31,2026-01-20 06:09:28.585815424,2026-01-20,False
imap_idex_l1b_sci-10days_20260120_v001.0004.cdf,197,822161445125169024,2026-01-20T06:09:35.941169024,HS ADC0I trigger (TOF HG),HGThreshold,0.171955, ,-1e+31, ,-1e+31,2026-01-20 06:09:35.941169024,2026-01-20,False
imap_idex_l1b_sci-10days_20260120_v001.0004.cdf,198,822161454836260352,2026-01-20T06:09:45.652260352,HS ADC0I trigger (TOF HG),HGThreshold,0.171955, ,-1e+31, ,-1e+31,2026-01-20 06:09:45.652260352,2026-01-20,False
imap_idex_l1b_sci-10days_20260120_v001.0004.cdf,199,822161479415818752,2026-01-20T06:10:10.231818752,HS ADC0I trigger (TOF HG),HGThreshold,0.171955, ,-1e+31, ,-1e+31,2026-01-20 06:10:10.231818752,2026-01-20,False
imap_idex_l1b_sci-10days_20260120_v001.0004.cdf,200,822161492011187456,2026-01-20T06:10:22.827187456,HS ADC0I trigger (TOF HG),HGThreshold,0.171955, ,-1e+31, ,-1e+31,2026-01-20 06:10:22.827187456,2026-01-20,False
imap_idex_l1b_sci-10days_20260120_v001.0004.cdf,201,822161543196282112,2026-01-20T06:11:14.012282112,HS ADC0I trigger (TOF HG),HGThreshold,0.171955, ,-1e+31, ,-1e+31,2026-01-20 06:11:14.012282112,2026-01-20,False
imap_idex_l1b_sci-10days_20260120_v001.0004.cdf,202,822161587399022848,2026-01-20T06:11:58.215022848,HS ADC0I trigger (TOF HG),HGThreshold,0.171955, ,-1e+31, ,-1e+31,2026-01-20 06:11:58.215022848,2026-01-20,False
imap_idex_l1b_sci-10days_20260120_v001.0004.cdf,203,822161634128581376,2026-01-20T06:12:44.944581376,HS ADC0I trigger (TOF HG),HGThreshold,0.171955, ,-1e+31, ,-1e+31,2026-01-20 06:12:44.944581376,2026-01-20,False
imap_idex_l1b_sci-10days_20260120_v001.0004.cdf,204,822161673156446976,2026-01-20T06:13:23.972446976,HS ADC0I trigger (TOF HG),HGThreshold,0.171955, ,-1e+31, ,-1e+31,2026-01-20 06:13:23.972446976,2026-01-20,False
imap_idex_l1b_sci-10days_20260120_v001.0004.cdf,205,822161689647412224,2026-01-20T06:13:40.463412224,HS ADC0I trigger (TOF HG),HGThreshold,0.171955, ,-1e+31, ,-1e+31,2026-01-20 06:13:40.463412224,2026-01-20,False
imap_idex_l1b_sci-10days_20260120_v001.0004.cdf,206,822161720173085184,2026-01-20T06:14:10.989085184,HS ADC0I trigger (TOF HG),HGThreshold,0.171955, ,-1e+31, ,-1e+31,2026-01-20 06:14:10.989085184,2026-01-20,False
imap_idex_l1b_sci-10days_20260120_v001.0004.cdf,207,822161741193046528,2026-01-20T06:14:32.009046528,HS ADC0I trigger (TOF HG),HGThreshold,0.171955, ,-1e+31, ,-1e+31,2026-01-20 06:14:32.009046528,2026-01-20,False
imap_idex_l1b_sci-10days_20260120_v001.0004.cdf,208,822161762988447232,2026-01-20T06:14:53.804447232,HS ADC0I trigger (TOF HG),HGThreshold,0.171955, ,-1e+31, ,-1e+31,2026-01-20 06:14:53.804447232,2026-01-20,False
imap_idex_l1b_sci-10days_20260120_v001.0004.cdf,209,822161778219293824,2026-01-20T06:15:09.035293824,HS ADC0I trigger (TOF HG),HGThreshold,0.171955, ,-1e+31, ,-1e+31,2026-01-20 06:15:09.035293824,2026-01-20,False
imap_idex_l1b_sci-10days_20260120_v001.0004.cdf,210,822161831868266112,2026-01-20T06:16:02.684266112,HS ADC0I trigger (TOF HG),HGThreshold,0.171955, ,-1e+31, ,-1e+31,2026-01-20 06:16:02.684266112,2026-01-20,False
imap_idex_l1b_sci-10days_20260120_v001.0004.cdf,211,822161868571453568,2026-01-20T06:16:39.387453568,HS ADC0I trigger (TOF HG),HGThreshold,0.171955, ,-1e+31, ,-1e+31,2026-01-20 06:16:39.387453568,2026-01-20,False
imap_idex_l1b_sci-10days_20260120_v001.0004.cdf,212,822161892674872320,2026-01-20T06:17:03.490872320,HS ADC0I trigger (TOF HG),HGThreshold,0.171955, ,-1e+31, ,-1e+31,2026-01-20 06:17:03.490872320,2026-01-20,False
imap_idex_l1b_sci-10days_20260120_v001.0004.cdf,213,822161899405686272,2026-01-20T06:17:10.221686272,HS ADC0I trigger (TOF HG),HGThreshold,0.171955, ,-1e+31, ,-1e+31,2026-01-20 06:17:10.221686272,2026-01-20,False
imap_idex_l1b_sci-10days_20260120_v001.0004.cdf,214,822161993869602560,2026-01-20T06:18:44.685602560,HS ADC0I trigger (TOF HG),HGThreshold,0.171955, ,-1e+31, ,-1e+31,2026-01-20 06:18:44.685602560,2026-01-20,False
imap_idex_l1b_sci-10days_20260120_v001.0004.cdf,215,822162043011619072,2026-01-20T06:19:33.827619072,HS ADC0I trigger (TOF HG),HGThreshold,0.171955, ,-1e+31, ,-1e+31,2026-01-20 06:19:33.827619072,2026-01-20,False
imap_idex_l1b_sci-10days_20260120_v001.0004.cdf,216,822162053598269568,2026-01-20T06:19:44.414269568,HS ADC0I trigger (TOF HG),HGThreshold,0.171955, ,-1e+31, ,-1e+31,2026-01-20 06:19:44.414269568,2026-01-20,False
imap_idex_l1b_sci-10days_20260120_v001.0004.cdf,217,822162060235963648,2026-01-20T06:19:51.051963648,HS ADC0I trigger (TOF HG),HGThreshold,0.171955, ,-1e+31, ,-1e+31,2026-01-20 06:19:51.051963648,2026-01-20,False
imap_idex_l1b_sci-10days_20260120_v001.0004.cdf,218,822162093868733824,2026-01-20T06:20:24.684733824,HS ADC0I trigger (TOF HG),HGThreshold,0.171955, ,-1e+31, ,-1e+31,2026-01-20 06:20:24.684733824,2026-01-20,False
imap_idex_l1b_sci-10days_20260120_v001.0004.cdf,219,822162103357885440,2026-01-20T06:20:34.173885440,HS ADC0I trigger (TOF HG),HGThreshold,0.171955, ,-1e+31, ,-1e+31,2026-01-20 06:20:34.173885440,2026-01-20,False
imap_idex_l1b_sci-10days_20260120_v001.0004.cdf,220,822162109136080384,2026-01-20T06:20:39.952080384,HS ADC0I trigger (TOF HG),HGThreshold,0.171955, ,-1e+31, ,-1e+31,2026-01-20 06:20:39.952080384,2026-01-20,False
imap_idex_l1b_sci-10days_20260120_v001.0004.cdf,221,822162129863961984,2026-01-20T06:21:00.679961984,HS ADC0I trigger (TOF HG),HGThreshold,0.171955, ,-1e+31, ,-1e+31,2026-01-20 06:21:00.679961984,2026-01-20,False
imap_idex_l1b_sci-10days_20260120_v001.0004.cdf,222,822162238398785792,2026-01-20T06:22:49.214785792,HS ADC0I trigger (TOF HG),HGThreshold,0.171955, ,-1e+31, ,-1e+31,2026-01-20 06:22:49.214785792,2026-01-20,False
imap_idex_l1b_sci-10days_20260120_v001.0004.cdf,223,822162243004161664,2026-01-20T06:22:53.820161664,HS ADC0I trigger (TOF HG),HGThreshold,0.171955, ,-1e+31, ,-1e+31,2026-01-20 06:22:53.820161664,2026-01-20,False
imap_idex_l1b_sci-10days_20260120_v001.0004.cdf,224,822162247890717440,2026-01-20T06:22:58.706717440,HS ADC0I trigger (TOF HG),HGThreshold,0.171955, ,-1e+31, ,-1e+31,2026-01-20 06:22:58.706717440,2026-01-20,False
imap_idex_l1b_sci-10days_20260120_v001.0004.cdf,225,822162258276868096,2026-01-20T06:23:09.092868096,HS ADC0I trigger (TOF HG),HGThreshold,0.171955, ,-1e+31, ,-1e+31,2026-01-20 06:23:09.092868096,2026-01-20,False
imap_idex_l1b_sci-10days_20260120_v001.0004.cdf,226,822162271378076544,2026-01-20T06:23:22.194076544,HS ADC0I trigger (TOF HG),HGThreshold,0.171955, ,-1e+31, ,-1e+31,2026-01-20 06:23:22.194076544,2026-01-20,False
imap_idex_l1b_sci-10days_20260120_v001.0004.cdf,227,822162306185305728,2026-01-20T06:23:57.001305728,HS ADC0I trigger (TOF HG),HGThreshold,0.171955, ,-1e+31, ,-1e+31,2026-01-20 06:23:57.001305728,2026-01-20,False
imap_idex_l1b_sci-10days_20260120_v001.0004.cdf,228,822162339709536128,2026-01-20T06:24:30.525536128,HS ADC0I trigger (TOF HG),HGThreshold,0.171955, ,-1e+31, ,-1e+31,2026-01-20 06:24:30.525536128,2026-01-20,False
imap_idex_l1b_sci-10days_20260120_v001.0004.cdf,229,822162356057641472,2026-01-20T06:24:46.873641472,HS ADC0I trigger (TOF HG),HGThreshold,0.171955, ,-1e+31, ,-1e+31,2026-01-20 06:24:46.873641472,2026-01-20,False
imap_idex_l1b_sci-10days_20260120_v001.0004.cdf,230,822162390129431424,2026-01-20T06:25:20.945431424,HS ADC0I trigger (TOF HG),HGThreshold,0.171955, ,-1e+31, ,-1e+31,2026-01-20 06:25:20.945431424,2026-01-20,False
imap_idex_l1b_sci-10days_20260120_v001.0004.cdf,231,822162430226815744,2026-01-20T06:26:01.042815744,HS ADC0I trigger (TOF HG),HGThreshold,0.171955, ,-1e+31, ,-1e+31,2026-01-20 06:26:01.042815744,2026-01-20,False
imap_idex_l1b_sci-10days_20260120_v001.0004.cdf,232,822162438255888640,2026-01-20T06:26:09.071888640,HS ADC0I trigger (TOF HG),HGThreshold,0.171955, ,-1e+31, ,-1e+31,2026-01-20 06:26:09.071888640,2026-01-20,False
imap_idex_l1b_sci-10days_20260120_v001.0004.cdf,233,822162482878369152,2026-01-20T06:26:53.694369152,HS ADC0I trigger (TOF HG),HGThreshold,0.171955, ,-1e+31, ,-1e+31,2026-01-20 06:26:53.694369152,2026-01-20,False
imap_idex_l1b_sci-10days_20260120_v001.0004.cdf,234,822162524402352384,2026-01-20T06:27:35.218352384,HS ADC0I trigger (TOF HG),HGThreshold,0.171955, ,-1e+31, ,-1e+31,2026-01-20 06:27:35.218352384,2026-01-20,False
imap_idex_l1b_sci-10days_20260120_v001.0004.cdf,235,822162541130637440,2026-01-20T06:27:51.946637440,HS ADC0I trigger (TOF HG),HGThreshold,0.171955, ,-1e+31, ,-1e+31,2026-01-20 06:27:51.946637440,2026-01-20,False
imap_idex_l1b_sci-10days_20260120_v001.0004.cdf,236,822162547541471744,2026-01-20T06:27:58.357471744,HS ADC0I trigger (TOF HG),HGThreshold,0.171955, ,-1e+31, ,-1e+31,2026-01-20 06:27:58.357471744,2026-01-20,False
imap_idex_l1b_sci-10days_20260120_v001.0004.cdf,237,822162556267224064,2026-01-20T06:28:07.083224064,HS ADC0I trigger (TOF HG),HGThreshold,0.171955, ,-1e+31, ,-1e+31,2026-01-20 06:28:07.083224064,2026-01-20,False
imap_idex_l1b_sci-10days_20260120_v001.0004.cdf,238,822162576535606144,2026-01-20T06:28:27.351606144,HS ADC0I trigger (TOF HG),HGThreshold,0.171955, ,-1e+31, ,-1e+31,2026-01-20 06:28:27.351606144,2026-01-20,False
imap_idex_l1b_sci-10days_20260120_v001.0004.cdf,239,822162600554684800,2026-01-20T06:28:51.370684800,HS ADC0I trigger (TOF HG),HGThreshold,0.171955, ,-1e+31, ,-1e+31,2026-01-20 06:28:51.370684800,2026-01-20,False
imap_idex_l1b_sci-10days_20260120_v001.0004.cdf,240,822162618534648832,2026-01-20T06:29:09.350648832,HS ADC0I trigger (TOF HG),HGThreshold,0.171955, ,-1e+31, ,-1e+31,2026-01-20 06:29:09.350648832,2026-01-20,False
imap_idex_l1b_sci-10days_20260120_v001.0004.cdf,241,822162626795841408,2026-01-20T06:29:17.611841408,HS ADC0I trigger (TOF HG),HGThreshold,0.171955, ,-1e+31, ,-1e+31,2026-01-20 06:29:17.611841408,2026-01-20,False
imap_idex_l1b_sci-10days_20260120_v001.0004.cdf,242,822162642537947520,2026-01-20T06:29:33.353947520,HS ADC0I trigger (TOF HG),HGThreshold,0.171955, ,-1e+31, ,-1e+31,2026-01-20 06:29:33.353947520,2026-01-20,False
imap_idex_l1b_sci-10days_20260120_v001.0004.cdf,243,822162680715913600,2026-01-20T06:30:11.531913600,HS ADC0I trigger (TOF HG),HGThreshold,0.171955, ,-1e+31, ,-1e+31,2026-01-20 06:30:11.531913600,2026-01-20,False
imap_idex_l1b_sci-10days_20260120_v001.0004.cdf,244,822162703775633152,2026-01-20T06:30:34.591633152,HS ADC0I trigger (TOF HG),HGThreshold,0.171955, ,-1e+31, ,-1e+31,2026-01-20 06:30:34.591633152,2026-01-20,False
imap_idex_l1b_sci-10days_20260120_v001.0004.cdf,245,822162721718097408,2026-01-20T06:30:52.534097408,HS ADC0I trigger (TOF HG),HGThreshold,0.171955, ,-1e+31, ,-1e+31,2026-01-20 06:30:52.534097408,2026-01-20,False
imap_idex_l1b_sci-10days_20260120_v001.0004.cdf,246,822162777489607936,2026-01-20T06:31:48.305607936,HS ADC0I trigger (TOF HG),HGThreshold,0.171955, ,-1e+31, ,-1e+31,2026-01-20 06:31:48.305607936,2026-01-20,False
imap_idex_l1b_sci-10days_20260120_v001.0004.cdf,247,822162783294562688,2026-01-20T06:31:54.110562688,HS ADC0I trigger (TOF HG),HGThreshold,0.171955, ,-1e+31, ,-1e+31,2026-01-20 06:31:54.110562688,2026-01-20,False
imap_idex_l1b_sci-10days_20260120_v001.0004.cdf,248,822162911810088832,2026-01-20T06:34:02.626088832,HS ADC0I trigger (TOF HG),HGThreshold,0.171955, ,-1e+31, ,-1e+31,2026-01-20 06:34:02.626088832,2026-01-20,False
imap_idex_l1b_sci-10days_20260120_v001.0004.cdf,249,822162940534183424,2026-01-20T06:34:31.350183424,HS ADC0I trigger (TOF HG),HGThreshold,0.171955, ,-1e+31, ,-1e+31,2026-01-20 06:34:31.350183424,2026-01-20,False
imap_idex_l1b_sci-10days_20260120_v001.0004.cdf,250,822163056097540992,2026-01-20T06:36:26.913540992,HS ADC0I trigger (TOF HG),HGThreshold,0.171955, ,-1e+31, ,-1e+31,2026-01-20 06:36:26.913540992,2026-01-20,False
imap_idex_l1b_sci-10days_20260120_v001.0004.cdf,251,822163158004410624,2026-01-20T06:38:08.820410624,HS ADC0I trigger (TOF HG),HGThreshold,0.171955, ,-1e+31, ,-1e+31,2026-01-20 06:38:08.820410624,2026-01-20,False
imap_idex_l1b_sci-10days_20260120_v001.0004.cdf,252,822163183655127936,2026-01-20T06:38:34.471127936,HS ADC0I trigger (TOF HG),HGThreshold,0.171955, ,-1e+31, ,-1e+31,2026-01-20 06:38:34.471127936,2026-01-20,False
imap_idex_l1b_sci-10days_20260120_v001.0004.cdf,253,822163213296021632,2026-01-20T06:39:04.112021632,HS ADC0I trigger (TOF HG),HGThreshold,0.171955, ,-1e+31, ,-1e+31,2026-01-20 06:39:04.112021632,2026-01-20,False
imap_idex_l1b_sci-10days_20260120_v001.0004.cdf,254,822163230992565888,2026-01-20T06:39:21.808565888,HS ADC0I trigger (TOF HG),HGThreshold,0.171955, ,-1e+31, ,-1e+31,2026-01-20 06:39:21.808565888,2026-01-20,False
imap_idex_l1b_sci-10days_20260120_v001.0004.cdf,255,822163285163997952,2026-01-20T06:40:15.979997952,HS ADC0I trigger (TOF HG),HGThreshold,0.171955, ,-1e+31, ,-1e+31,2026-01-20 06:40:15.979997952,2026-01-20,False
imap_idex_l1b_sci-10days_20260120_v001.0004.cdf,256,822163332130456192,2026-01-20T06:41:02.946456192,HS ADC0I trigger (TOF HG),HGThreshold,0.171955, ,-1e+31, ,-1e+31,2026-01-20 06:41:02.946456192,2026-01-20,False
imap_idex_l1b_sci-10days_20260120_v001.0004.cdf,257,822163344495405184,2026-01-20T06:41:15.311405184,HS ADC0I trigger (TOF HG),HGThreshold,0.171955, ,-1e+31, ,-1e+31,2026-01-20 06:41:15.311405184,2026-01-20,False
imap_idex_l1b_sci-10days_20260120_v001.0004.cdf,258,822163357832713472,2026-01-20T06:41:28.648713472,HS ADC0I trigger (TOF HG),HGThreshold,0.171955, ,-1e+31, ,-1e+31,2026-01-20 06:41:28.648713472,2026-01-20,False
imap_idex_l1b_sci-10days_20260120_v001.0004.cdf,259,822163470261753856,2026-01-20T06:43:21.077753856,HS ADC0I trigger (TOF HG),HGThreshold,0.171955, ,-1e+31, ,-1e+31,2026-01-20 06:43:21.077753856,2026-01-20,False
imap_idex_l1b_sci-10days_20260120_v001.0004.cdf,260,822163508439399936,2026-01-20T06:43:59.255399936,HS ADC0I trigger (TOF HG),HGThreshold,0.171955, ,-1e+31, ,-1e+31,2026-01-20 06:43:59.255399936,2026-01-20,False
imap_idex_l1b_sci-10days_20260120_v001.0004.cdf,261,822163513214175744,2026-01-20T06:44:04.030175744,HS ADC0I trigger (TOF HG),HGThreshold,0.171955, ,-1e+31, ,-1e+31,2026-01-20 06:44:04.030175744,2026-01-20,False
imap_idex_l1b_sci-10days_20260120_v001.0004.cdf,262,822163579685116928,2026-01-20T06:45:10.501116928,HS ADC0I trigger (TOF HG),HGThreshold,0.171955, ,-1e+31, ,-1e+31,2026-01-20 06:45:10.501116928,2026-01-20,False
imap_idex_l1b_sci-10days_20260120_v001.0004.cdf,263,822163628360793600,2026-01-20T06:45:59.176793600,HS ADC0I trigger (TOF HG),HGThreshold,0.171955, ,-1e+31, ,-1e+31,2026-01-20 06:45:59.176793600,2026-01-20,False
imap_idex_l1b_sci-10days_20260120_v001.0004.cdf,264,822163904491308800,2026-01-20T06:50:35.307308800,HS ADC0I trigger (TOF HG),HGThreshold,0.171955, ,-1e+31, ,-1e+31,2026-01-20 06:50:35.307308800,2026-01-20,False
imap_idex_l1b_sci-10days_20260120_v001.0004.cdf,265,822163955438503680,2026-01-20T06:51:26.254503680,HS ADC0I trigger (TOF HG),HGThreshold,0.171955, ,-1e+31, ,-1e+31,2026-01-20 06:51:26.254503680,2026-01-20,False
imap_idex_l1b_sci-10days_20260120_v001.0004.cdf,266,822164031727856128,2026-01-20T06:52:42.543856128,HS ADC0I trigger (TOF HG),HGThreshold,0.171955, ,-1e+31, ,-1e+31,2026-01-20 06:52:42.543856128,2026-01-20,False
imap_idex_l1b_sci-10days_20260120_v001.0004.cdf,267,822164057391653248,2026-01-20T06:53:08.207653248,HS ADC0I trigger (TOF HG),HGThreshold,0.171955, ,-1e+31, ,-1e+31,2026-01-20 06:53:08.207653248,2026-01-20,False
imap_idex_l1b_sci-10days_20260120_v001.0004.cdf,268,822164063409568000,2026-01-20T06:53:14.225568000,HS ADC0I trigger (TOF HG),HGThreshold,0.171955, ,-1e+31, ,-1e+31,2026-01-20 06:53:14.225568000,2026-01-20,False
imap_idex_l1b_sci-10days_20260120_v001.0004.cdf,269,822164075301897344,2026-01-20T06:53:26.117897344,HS ADC0I trigger (TOF HG),HGThreshold,0.171955, ,-1e+31, ,-1e+31,2026-01-20 06:53:26.117897344,2026-01-20,False
imap_idex_l1b_sci-10days_20260120_v001.0004.cdf,270,822164101500134272,2026-01-20T06:53:52.316134272,HS ADC0I trigger (TOF HG),HGThreshold,0.171955, ,-1e+31, ,-1e+31,2026-01-20 06:53:52.316134272,2026-01-20,False
imap_idex_l1b_sci-10days_20260120_v001.0004.cdf,271,822164155841606144,2026-01-20T06:54:46.657606144,HS ADC0I trigger (TOF HG),HGThreshold,0.171955, ,-1e+31, ,-1e+31,2026-01-20 06:54:46.657606144,2026-01-20,False
imap_idex_l1b_sci-10days_20260120_v001.0004.cdf,272,822164194073232128,2026-01-20T06:55:24.889232128,HS ADC0I trigger (TOF HG),HGThreshold,0.171955, ,-1e+31, ,-1e+31,2026-01-20 06:55:24.889232128,2026-01-20,False
imap_idex_l1b_sci-10days_20260120_v001.0004.cdf,273,822164238368912896,2026-01-20T06:56:09.184912896,HS ADC0I trigger (TOF HG),HGThreshold,0.171955, ,-1e+31, ,-1e+31,2026-01-20 06:56:09.184912896,2026-01-20,False
imap_idex_l1b_sci-10days_20260120_v001.0004.cdf,274,822164288384268544,2026-01-20T06:56:59.200268544,HS ADC0I trigger (TOF HG),HGThreshold,0.171955, ,-1e+31, ,-1e+31,2026-01-20 06:56:59.200268544,2026-01-20,False
imap_idex_l1b_sci-10days_20260120_v001.0004.cdf,275,822164334857927296,2026-01-20T06:57:45.673927296,HS ADC0I trigger (TOF HG),HGThreshold,0.171955, ,-1e+31, ,-1e+31,2026-01-20 06:57:45.673927296,2026-01-20,False
imap_idex_l1b_sci-10days_20260120_v001.0004.cdf,276,822164351941332224,2026-01-20T06:58:02.757332224,HS ADC0I trigger (TOF HG),HGThreshold,0.171955, ,-1e+31, ,-1e+31,2026-01-20 06:58:02.757332224,2026-01-20,False
imap_idex_l1b_sci-10days_20260120_v001.0004.cdf,277,822164395756313344,2026-01-20T06:58:46.572313344,HS ADC0I trigger (TOF HG),HGThreshold,0.171955, ,-1e+31, ,-1e+31,2026-01-20 06:58:46.572313344,2026-01-20,False
imap_idex_l1b_sci-10days_20260120_v001.0004.cdf,278,822164462162574592,2026-01-20T06:59:52.978574592,HS ADC0I trigger (TOF HG),HGThreshold,0.171955, ,-1e+31, ,-1e+31,2026-01-20 06:59:52.978574592,2026-01-20,False
imap_idex_l1b_sci-10days_20260120_v001.0004.cdf,279,822164524838098944,2026-01-20T07:00:55.654098944,HS ADC0I trigger (TOF HG),HGThreshold,0.171955, ,-1e+31, ,-1e+31,2026-01-20 07:00:55.654098944,2026-01-20,False
imap_idex_l1b_sci-10days_20260120_v001.0004.cdf,280,822164538275087104,2026-01-20T07:01:09.091087104,HS ADC0I trigger (TOF HG),HGThreshold,0.171955, ,-1e+31, ,-1e+31,2026-01-20 07:01:09.091087104,2026-01-20,False
imap_idex_l1b_sci-10days_20260120_v001.0004.cdf,281,822164622825892096,2026-01-20T07:02:33.641892096,HS ADC0I trigger (TOF HG),HGThreshold,0.171955, ,-1e+31, ,-1e+31,2026-01-20 07:02:33.641892096,2026-01-20,False
imap_idex_l1b_sci-10days_20260120_v001.0004.cdf,282,822164651989046272,2026-01-20T07:03:02.805046272,HS ADC0I trigger (TOF HG),HGThreshold,0.171955, ,-1e+31, ,-1e+31,2026-01-20 07:03:02.805046272,2026-01-20,False
imap_idex_l1b_sci-10days_20260120_v001.0004.cdf,283,822164735986151808,2026-01-20T07:04:26.802151808,HS ADC0I trigger (TOF HG),HGThreshold,0.171955, ,-1e+31, ,-1e+31,2026-01-20 07:04:26.802151808,2026-01-20,False
imap_idex_l1b_sci-10days_20260120_v001.0004.cdf,284,822164851125429632,2026-01-20T07:06:21.941429632,HS ADC0I trigger (TOF HG),HGThreshold,0.171955, ,-1e+31, ,-1e+31,2026-01-20 07:06:21.941429632,2026-01-20,False
imap_idex_l1b_sci-10days_20260120_v001.0004.cdf,285,822164869778813184,2026-01-20T07:06:40.594813184,HS ADC0I trigger (TOF HG),HGThreshold,0.171955, ,-1e+31, ,-1e+31,2026-01-20 07:06:40.594813184,2026-01-20,False
imap_idex_l1b_sci-10days_20260120_v001.0004.cdf,286,822164930663499264,2026-01-20T07:07:41.479499264,HS ADC0I trigger (TOF HG),HGThreshold,0.171955, ,-1e+31, ,-1e+31,2026-01-20 07:07:41.479499264,2026-01-20,False
imap_idex_l1b_sci-10days_20260120_v001.0004.cdf,287,822164977232897920,2026-01-20T07:08:28.048897920,HS ADC0I trigger (TOF HG),HGThreshold,0.171955, ,-1e+31, ,-1e+31,2026-01-20 07:08:28.048897920,2026-01-20,False
imap_idex_l1b_sci-10days_20260120_v001.0004.cdf,288,822165063252321664,2026-01-20T07:09:54.068321664,HS ADC0I trigger (TOF HG),HGThreshold,0.171955, ,-1e+31, ,-1e+31,2026-01-20 07:09:54.068321664,2026-01-20,False
imap_idex_l1b_sci-10days_20260120_v001.0004.cdf,289,822165075766350592,2026-01-20T07:10:06.582350592,HS ADC0I trigger (TOF HG),HGThreshold,0.171955, ,-1e+31, ,-1e+31,2026-01-20 07:10:06.582350592,2026-01-20,False
imap_idex_l1b_sci-10days_20260120_v001.0004.cdf,290,822165133681519232,2026-01-20T07:11:04.497519232,HS ADC0I trigger (TOF HG),HGThreshold,0.171955, ,-1e+31, ,-1e+31,2026-01-20 07:11:04.497519232,2026-01-20,False
imap_idex_l1b_sci-10days_20260120_v001.0004.cdf,291,822165142766491136,2026-01-20T07:11:13.582491136,HS ADC0I trigger (TOF HG),HGThreshold,0.171955, ,-1e+31, ,-1e+31,2026-01-20 07:11:13.582491136,2026-01-20,False
imap_idex_l1b_sci-10days_20260120_v001.0004.cdf,292,822165196727143424,2026-01-20T07:12:07.543143424,HS ADC0I trigger (TOF HG),HGThreshold,0.171955, ,-1e+31, ,-1e+31,2026-01-20 07:12:07.543143424,2026-01-20,False
imap_idex_l1b_sci-10days_20260120_v001.0004.cdf,293,822165539674079360,2026-01-20T07:17:50.490079360,HS ADC0I trigger (TOF HG),HGThreshold,0.171955, ,-1e+31, ,-1e+31,2026-01-20 07:17:50.490079360,2026-01-20,False
imap_idex_l1b_sci-10days_20260120_v001.0004.cdf,294,822165665490307840,2026-01-20T07:19:56.306307840,HS ADC0I trigger (TOF HG),HGThreshold,0.171955, ,-1e+31, ,-1e+31,2026-01-20 07:19:56.306307840,2026-01-20,False
imap_idex_l1b_sci-10days_20260120_v001.0004.cdf,295,822165676974877696,2026-01-20T07:20:07.790877696,HS ADC0I trigger (TOF HG),HGThreshold,0.171955, ,-1e+31, ,-1e+31,2026-01-20 07:20:07.790877696,2026-01-20,False
imap_idex_l1b_sci-10days_20260120_v001.0004.cdf,296,822165713483825152,2026-01-20T07:20:44.299825152,HS ADC0I trigger (TOF HG),HGThreshold,0.171955, ,-1e+31, ,-1e+31,2026-01-20 07:20:44.299825152,2026-01-20,False
imap_idex_l1b_sci-10days_20260120_v001.0004.cdf,297,822165810041819648,2026-01-20T07:22:20.857819648,HS ADC0I trigger (TOF HG),HGThreshold,0.171955, ,-1e+31, ,-1e+31,2026-01-20 07:22:20.857819648,2026-01-20,False
imap_idex_l1b_sci-10days_20260120_v001.0004.cdf,298,822165855526459392,2026-01-20T07:23:06.342459392,HS ADC0I trigger (TOF HG),HGThreshold,0.171955, ,-1e+31, ,-1e+31,2026-01-20 07:23:06.342459392,2026-01-20,False
imap_idex_l1b_sci-10days_20260120_v001.0004.cdf,299,822165870325746176,2026-01-20T07:23:21.141746176,HS ADC0I trigger (TOF HG),HGThreshold,0.171955, ,-1e+31, ,-1e+31,2026-01-20 07:23:21.141746176,2026-01-20,False
imap_idex_l1b_sci-10days_20260120_v001.0004.cdf,300,822165903205877248,2026-01-20T07:23:54.021877248,HS ADC0I trigger (TOF HG),HGThreshold,0.171955, ,-1e+31, ,-1e+31,2026-01-20 07:23:54.021877248,2026-01-20,False
imap_idex_l1b_sci-10days_20260120_v001.0004.cdf,301,822165977656791040,2026-01-20T07:25:08.472791040,HS ADC0I trigger (TOF HG),HGThreshold,0.171955, ,-1e+31, ,-1e+31,2026-01-20 07:25:08.472791040,2026-01-20,False
imap_idex_l1b_sci-10days_20260120_v001.0004.cdf,302,822166027033287424,2026-01-20T07:25:57.849287424,HS ADC0I trigger (TOF HG),HGThreshold,0.171955, ,-1e+31, ,-1e+31,2026-01-20 07:25:57.849287424,2026-01-20,False
imap_idex_l1b_sci-10days_20260120_v001.0004.cdf,303,822166078090922112,2026-01-20T07:26:48.906922112,HS ADC0I trigger (TOF HG),HGThreshold,0.171955, ,-1e+31, ,-1e+31,2026-01-20 07:26:48.906922112,2026-01-20,False
imap_idex_l1b_sci-10days_20260120_v001.0004.cdf,304,822166089571191936,2026-01-20T07:27:00.387191936,HS ADC0I trigger (TOF HG),HGThreshold,0.171955, ,-1e+31, ,-1e+31,2026-01-20 07:27:00.387191936,2026-01-20,False
imap_idex_l1b_sci-10days_20260120_v001.0004.cdf,305,822166223323833344,2026-01-20T07:29:14.139833344,HS ADC0I trigger (TOF HG),HGThreshold,0.171955, ,-1e+31, ,-1e+31,2026-01-20 07:29:14.139833344,2026-01-20,False
imap_idex_l1b_sci-10days_20260120_v001.0004.cdf,306,822166341138448896,2026-01-20T07:31:11.954448896,HS ADC0I trigger (TOF HG),HGThreshold,0.171955, ,-1e+31, ,-1e+31,2026-01-20 07:31:11.954448896,2026-01-20,False
imap_idex_l1b_sci-10days_20260120_v001.0004.cdf,307,822166400422656384,2026-01-20T07:32:11.238656384,HS ADC0I trigger (TOF HG),HGThreshold,0.171955, ,-1e+31, ,-1e+31,2026-01-20 07:32:11.238656384,2026-01-20,False
imap_idex_l1b_sci-10days_20260120_v001.0004.cdf,308,822166441630079744,2026-01-20T07:32:52.446079744,HS ADC0I trigger (TOF HG),HGThreshold,0.171955, ,-1e+31, ,-1e+31,2026-01-20 07:32:52.446079744,2026-01-20,False
imap_idex_l1b_sci-10days_20260120_v001.0004.cdf,309,822166465699518464,2026-01-20T07:33:16.515518464,HS ADC0I trigger (TOF HG),HGThreshold,0.171955, ,-1e+31, ,-1e+31,2026-01-20 07:33:16.515518464,2026-01-20,False
imap_idex_l1b_sci-10days_20260120_v001.0004.cdf,310,822166524428046336,2026-01-20T07:34:15.244046336,HS ADC0I trigger (TOF HG),HGThreshold,0.171955, ,-1e+31, ,-1e+31,2026-01-20 07:34:15.244046336,2026-01-20,False
imap_idex_l1b_sci-10days_20260120_v001.0004.cdf,311,822166538892593664,2026-01-20T07:34:29.708593664,HS ADC0I trigger (TOF HG),HGThreshold,0.171955, ,-1e+31, ,-1e+31,2026-01-20 07:34:29.708593664,2026-01-20,False
imap_idex_l1b_sci-10days_20260120_v001.0004.cdf,312,822166546415386880,2026-01-20T07:34:37.231386880,HS ADC0I trigger (TOF HG),HGThreshold,0.171955, ,-1e+31, ,-1e+31,2026-01-20 07:34:37.231386880,2026-01-20,False
imap_idex_l1b_sci-10days_20260120_v001.0004.cdf,313,822166650068795008,2026-01-20T07:36:20.884795008,HS ADC0I trigger (TOF HG),HGThreshold,0.171955, ,-1e+31, ,-1e+31,2026-01-20 07:36:20.884795008,2026-01-20,False
imap_idex_l1b_sci-10days_20260120_v001.0004.cdf,314,822166660206366080,2026-01-20T07:36:31.022366080,HS ADC0I trigger (TOF HG),HGThreshold,0.171955, ,-1e+31, ,-1e+31,2026-01-20 07:36:31.022366080,2026-01-20,False
imap_idex_l1b_sci-10days_20260120_v001.0004.cdf,315,822166738992116224,2026-01-20T07:37:49.808116224,HS ADC0I trigger (TOF HG),HGThreshold,0.171955, ,-1e+31, ,-1e+31,2026-01-20 07:37:49.808116224,2026-01-20,False
imap_idex_l1b_sci-10days_20260120_v001.0004.cdf,316,822166790170150784,2026-01-20T07:38:40.986150784,HS ADC0I trigger (TOF HG),HGThreshold,0.171955, ,-1e+31, ,-1e+31,2026-01-20 07:38:40.986150784,2026-01-20,False
imap_idex_l1b_sci-10days_20260120_v001.0004.cdf,317,822166817682226432,2026-01-20T07:39:08.498226432,HS ADC0I trigger (TOF HG),HGThreshold,0.171955, ,-1e+31, ,-1e+31,2026-01-20 07:39:08.498226432,2026-01-20,False
imap_idex_l1b_sci-10days_20260120_v001.0004.cdf,318,822166851228456576,2026-01-20T07:39:42.044456576,HS ADC0I trigger (TOF HG),HGThreshold,0.171955, ,-1e+31, ,-1e+31,2026-01-20 07:39:42.044456576,2026-01-20,False
imap_idex_l1b_sci-10days_20260120_v001.0004.cdf,319,822166935105942400,2026-01-20T07:41:05.921942400,HS ADC0I trigger (TOF HG),HGThreshold,0.171955, ,-1e+31, ,-1e+31,2026-01-20 07:41:05.921942400,2026-01-20,False
imap_idex_l1b_sci-10days_20260120_v001.0004.cdf,320,822166993527890560,2026-01-20T07:42:04.343890560,HS ADC0I trigger (TOF HG),HGThreshold,0.171955, ,-1e+31, ,-1e+31,2026-01-20 07:42:04.343890560,2026-01-20,False
imap_idex_l1b_sci-10days_20260120_v001.0004.cdf,321,822167053387157504,2026-01-20T07:43:04.203157504,HS ADC0I trigger (TOF HG),HGThreshold,0.171955, ,-1e+31, ,-1e+31,2026-01-20 07:43:04.203157504,2026-01-20,False
imap_idex_l1b_sci-10days_20260120_v001.0004.cdf,322,822167146886174720,2026-01-20T07:44:37.702174720,HS ADC0I trigger (TOF HG),HGThreshold,0.171955, ,-1e+31, ,-1e+31,2026-01-20 07:44:37.702174720,2026-01-20,False
imap_idex_l1b_sci-10days_20260120_v001.0004.cdf,323,822167233189378176,2026-01-20T07:46:04.005378176,HS ADC0I trigger (TOF HG),HGThreshold,0.171955, ,-1e+31, ,-1e+31,2026-01-20 07:46:04.005378176,2026-01-20,False
imap_idex_l1b_sci-10days_20260120_v001.0004.cdf,324,822167283623313408,2026-01-20T07:46:54.439313408,HS ADC0I trigger (TOF HG),HGThreshold,0.171955, ,-1e+31, ,-1e+31,2026-01-20 07:46:54.439313408,2026-01-20,False
imap_idex_l1b_sci-10days_20260120_v001.0004.cdf,325,822167501665260032,2026-01-20T07:50:32.481260032,HS ADC0I trigger (TOF HG),HGThreshold,0.171955, ,-1e+31, ,-1e+31,2026-01-20 07:50:32.481260032,2026-01-20,False
imap_idex_l1b_sci-10days_20260120_v001.0004.cdf,326,822312181975935232,2026-01-22T00:01:52.791935232,SW trigger,HGThreshold,0.289, ,-1e+31, ,-1e+31,2026-01-22 00:01:52.791935232,2026-01-22,False
imap_idex_l1b_sci-10days_20260120_v001.0004.cdf,327,822312187976789888,2026-01-22T00:01:58.792789888,HS ADC0I trigger (TOF HG),HGThreshold,0.289, ,-1e+31, ,-1e+31,2026-01-22 00:01:58.792789888,2026-01-22,False
imap_idex_l1b_sci-10days_20260120_v001.0004.cdf,328,822312195976722816,2026-01-22T00:02:06.792722816,HS ADC0I trigger (TOF HG),HGThreshold,0.289, ,-1e+31, ,-1e+31,2026-01-22 00:02:06.792722816,2026-01-22,False
imap_idex_l1b_sci-10days_20260120_v001.0004.cdf,329,822312203976675712,2026-01-22T00:02:14.792675712,HS ADC0I trigger (TOF HG),HGThreshold,0.289, ,-1e+31, ,-1e+31,2026-01-22 00:02:14.792675712,2026-01-22,False
imap_idex_l1b_sci-10days_20260120_v001.0004.cdf,330,822312211976628608,2026-01-22T00:02:22.792628608,HS ADC0I trigger (TOF HG),HGThreshold,0.289, ,-1e+31, ,-1e+31,2026-01-22 00:02:22.792628608,2026-01-22,False
imap_idex_l1b_sci-10days_20260120_v001.0004.cdf,331,822312219976581632,2026-01-22T00:02:30.792581632,HS ADC0I trigger (TOF HG),HGThreshold,0.289, ,-1e+31, ,-1e+31,2026-01-22 00:02:30.792581632,2026-01-22,False
imap_idex_l1b_sci-10days_20260120_v001.0004.cdf,332,822312233975609088,2026-01-22T00:02:44.791609088,SW trigger,HGThreshold,0.289, ,-1e+31, ,-1e+31,2026-01-22 00:02:44.791609088,2026-01-22,False
imap_idex_l1b_sci-10days_20260120_v001.0004.cdf,333,822312245975538432,2026-01-22T00:02:56.791538432,SW trigger,HGThreshold,0.289, ,-1e+31, ,-1e+31,2026-01-22 00:02:56.791538432,2026-01-22,False
imap_idex_l1b_sci-10days_20260120_v001.0004.cdf,334,822312257975447936,2026-01-22T00:03:08.791447936,SW trigger,HGThreshold,0.289, ,-1e+31, ,-1e+31,2026-01-22 00:03:08.791447936,2026-01-22,False
imap_idex_l1b_sci-10days_20260120_v001.0004.cdf,335,822312269975377280,2026-01-22T00:03:20.791377280,SW trigger,HGThreshold,0.289, ,-1e+31, ,-1e+31,2026-01-22 00:03:20.791377280,2026-01-22,False
imap_idex_l1b_sci-10days_20260120_v001.0004.cdf,336,822318177298923648,2026-01-22T01:41:48.114923648,HS ADC0I trigger (TOF HG),HGThreshold,0.171955, ,-1e+31, ,-1e+31,2026-01-22 01:41:48.114923648,2026-01-22,False
imap_idex_l1b_sci-10days_20260120_v001.0004.cdf,337,822318983356529536,2026-01-22T01:55:14.172529536,HS ADC0I trigger (TOF HG),HGThreshold,0.171955, ,-1e+31, ,-1e+31,2026-01-22 01:55:14.172529536,2026-01-22,False
imap_idex_l1b_sci-10days_20260120_v001.0004.cdf,338,822319035079843584,2026-01-22T01:56:05.895843584,HS ADC0I trigger (TOF HG),HGThreshold,0.171955, ,-1e+31, ,-1e+31,2026-01-22 01:56:05.895843584,2026-01-22,False
imap_idex_l1b_sci-10days_20260120_v001.0004.cdf,339,822319620501484928,2026-01-22T02:05:51.317484928,HS ADC0I trigger (TOF HG),HGThreshold,0.171955, ,-1e+31, ,-1e+31,2026-01-22 02:05:51.317484928,2026-01-22,False
imap_idex_l1b_sci-10days_20260120_v001.0004.cdf,340,822319755176765568,2026-01-22T02:08:05.992765568,HS ADC0I trigger (TOF HG),HGThreshold,0.171955, ,-1e+31, ,-1e+31,2026-01-22 02:08:05.992765568,2026-01-22,False
imap_idex_l1b_sci-10days_20260120_v001.0004.cdf,341,822319908547689856,2026-01-22T02:10:39.363689856,HS ADC0I trigger (TOF HG),HGThreshold,0.171955, ,-1e+31, ,-1e+31,2026-01-22 02:10:39.363689856,2026-01-22,False
imap_idex_l1b_sci-10days_20260120_v001.0004.cdf,342,822320321712883712,2026-01-22T02:17:32.528883712,HS ADC0I trigger (TOF HG),HGThreshold,0.171955, ,-1e+31, ,-1e+31,2026-01-22 02:17:32.528883712,2026-01-22,False
imap_idex_l1b_sci-10days_20260120_v001.0004.cdf,343,822320855267271040,2026-01-22T02:26:26.083271040,HS ADC0I trigger (TOF HG),HGThreshold,0.171955, ,-1e+31, ,-1e+31,2026-01-22 02:26:26.083271040,2026-01-22,False
imap_idex_l1b_sci-10days_20260120_v001.0004.cdf,344,822320885050344576,2026-01-22T02:26:55.866344576,HS ADC0I trigger (TOF HG),HGThreshold,0.171955, ,-1e+31, ,-1e+31,2026-01-22 02:26:55.866344576,2026-01-22,False
imap_idex_l1b_sci-10days_20260120_v001.0004.cdf,345,822320949237167744,2026-01-22T02:28:00.053167744,HS ADC0I trigger (TOF HG),HGThreshold,0.171955, ,-1e+31, ,-1e+31,2026-01-22 02:28:00.053167744,2026-01-22,False
imap_idex_l1b_sci-10days_20260120_v001.0004.cdf,346,822321762837166848,2026-01-22T02:41:33.653166848,HS ADC0I trigger (TOF HG),HGThreshold,0.171955, ,-1e+31, ,-1e+31,2026-01-22 02:41:33.653166848,2026-01-22,False
imap_idex_l1b_sci-10days_20260120_v001.0004.cdf,347,822321780650411136,2026-01-22T02:41:51.466411136,HS ADC0I trigger (TOF HG),HGThreshold,0.171955, ,-1e+31, ,-1e+31,2026-01-22 02:41:51.466411136,2026-01-22,False
imap_idex_l1b_sci-10days_20260120_v001.0004.cdf,348,822322353908283264,2026-01-22T02:51:24.724283264,HS ADC0I trigger (TOF HG),HGThreshold,0.171955, ,-1e+31, ,-1e+31,2026-01-22 02:51:24.724283264,2026-01-22,False
imap_idex_l1b_sci-10days_20260120_v001.0004.cdf,349,822322358207139328,2026-01-22T02:51:29.023139328,HS ADC0I trigger (TOF HG),HGThreshold,0.171955, ,-1e+31, ,-1e+31,2026-01-22 02:51:29.023139328,2026-01-22,False
imap_idex_l1b_sci-10days_20260120_v001.0004.cdf,350,822323238874899200,2026-01-22T03:06:09.690899200,HS ADC0I trigger (TOF HG),HGThreshold,0.171955, ,-1e+31, ,-1e+31,2026-01-22 03:06:09.690899200,2026-01-22,False
imap_idex_l1b_sci-10days_20260120_v001.0004.cdf,351,822323477896027264,2026-01-22T03:10:08.712027264,HS ADC0I trigger (TOF HG),HGThreshold,0.171955, ,-1e+31, ,-1e+31,2026-01-22 03:10:08.712027264,2026-01-22,False
imap_idex_l1b_sci-10days_20260120_v001.0004.cdf,352,822323575759780608,2026-01-22T03:11:46.575780608,HS ADC0I trigger (TOF HG),HGThreshold,0.171955, ,-1e+31, ,-1e+31,2026-01-22 03:11:46.575780608,2026-01-22,False
imap_idex_l1b_sci-10days_20260120_v001.0004.cdf,353,822323874152236288,2026-01-22T03:16:44.968236288,HS ADC0I trigger (TOF HG),HGThreshold,0.171955, ,-1e+31, ,-1e+31,2026-01-22 03:16:44.968236288,2026-01-22,False
imap_idex_l1b_sci-10days_20260120_v001.0004.cdf,354,822324031822696704,2026-01-22T03:19:22.638696704,HS ADC0I trigger (TOF HG),HGThreshold,0.171955, ,-1e+31, ,-1e+31,2026-01-22 03:19:22.638696704,2026-01-22,False
imap_idex_l1b_sci-10days_20260120_v001.0004.cdf,355,822324202345825408,2026-01-22T03:22:13.161825408,HS ADC0I trigger (TOF HG),HGThreshold,0.171955, ,-1e+31, ,-1e+31,2026-01-22 03:22:13.161825408,2026-01-22,False
imap_idex_l1b_sci-10days_20260120_v001.0004.cdf,356,822324390856718464,2026-01-22T03:25:21.672718464,HS ADC0I trigger (TOF HG),HGThreshold,0.171955, ,-1e+31, ,-1e+31,2026-01-22 03:25:21.672718464,2026-01-22,False
imap_idex_l1b_sci-10days_20260120_v001.0004.cdf,357,822325422660404352,2026-01-22T03:42:33.476404352,HS ADC0I trigger (TOF HG),HGThreshold,0.171955, ,-1e+31, ,-1e+31,2026-01-22 03:42:33.476404352,2026-01-22,False
imap_idex_l1b_sci-10days_20260120_v001.0004.cdf,358,822325481646392064,2026-01-22T03:43:32.462392064,HS ADC0I trigger (TOF HG),HGThreshold,0.171955, ,-1e+31, ,-1e+31,2026-01-22 03:43:32.462392064,2026-01-22,False
imap_idex_l1b_sci-10days_20260120_v001.0004.cdf,359,822325550621911040,2026-01-22T03:44:41.437911040,HS ADC0I trigger (TOF HG),HGThreshold,0.171955, ,-1e+31, ,-1e+31,2026-01-22 03:44:41.437911040,2026-01-22,False
imap_idex_l1b_sci-10days_20260120_v001.0004.cdf,360,822326155542494976,2026-01-22T03:54:46.358494976,HS ADC0I trigger (TOF HG),HGThreshold,0.171955, ,-1e+31, ,-1e+31,2026-01-22 03:54:46.358494976,2026-01-22,False
imap_idex_l1b_sci-10days_20260120_v001.0004.cdf,361,822326496124533248,2026-01-22T04:00:26.940533248,HS ADC0I trigger (TOF HG),HGThreshold,0.171955, ,-1e+31, ,-1e+31,2026-01-22 04:00:26.940533248,2026-01-22,False
imap_idex_l1b_sci-10days_20260120_v001.0004.cdf,362,822327105483953536,2026-01-22T04:10:36.299953536,HS ADC0I trigger (TOF HG),HGThreshold,0.171955, ,-1e+31, ,-1e+31,2026-01-22 04:10:36.299953536,2026-01-22,False
imap_idex_l1b_sci-10days_20260120_v001.0004.cdf,363,822327379277070848,2026-01-22T04:15:10.093070848,HS ADC0I trigger (TOF HG),HGThreshold,0.171955, ,-1e+31, ,-1e+31,2026-01-22 04:15:10.093070848,2026-01-22,False
imap_idex_l1b_sci-10days_20260120_v001.0004.cdf,364,822327460044979200,2026-01-22T04:16:30.860979200,HS ADC0I trigger (TOF HG),HGThreshold,0.171955, ,-1e+31, ,-1e+31,2026-01-22 04:16:30.860979200,2026-01-22,False
imap_idex_l1b_sci-10days_20260120_v001.0004.cdf,365,822328029407054720,2026-01-22T04:26:00.223054720,HS ADC0I trigger (TOF HG),HGThreshold,0.171955, ,-1e+31, ,-1e+31,2026-01-22 04:26:00.223054720,2026-01-22,False
imap_idex_l1b_sci-10days_20260120_v001.0004.cdf,366,822328081034909184,2026-01-22T04:26:51.850909184,HS ADC0I trigger (TOF HG),HGThreshold,0.171955, ,-1e+31, ,-1e+31,2026-01-22 04:26:51.850909184,2026-01-22,False
imap_idex_l1b_sci-10days_20260120_v001.0004.cdf,367,822328220330805632,2026-01-22T04:29:11.146805632,HS ADC0I trigger (TOF HG),HGThreshold,0.171955, ,-1e+31, ,-1e+31,2026-01-22 04:29:11.146805632,2026-01-22,False
imap_idex_l1b_sci-10days_20260120_v001.0004.cdf,368,822328411219076480,2026-01-22T04:32:22.035076480,HS ADC0I trigger (TOF HG),HGThreshold,0.171955, ,-1e+31, ,-1e+31,2026-01-22 04:32:22.035076480,2026-01-22,False
imap_idex_l1b_sci-10days_20260120_v001.0004.cdf,369,822328886721635200,2026-01-22T04:40:17.537635200,HS ADC0I trigger (TOF HG),HGThreshold,0.171955, ,-1e+31, ,-1e+31,2026-01-22 04:40:17.537635200,2026-01-22,False
imap_idex_l1b_sci-10days_20260120_v001.0004.cdf,370,822329226882233856,2026-01-22T04:45:57.698233856,HS ADC0I trigger (TOF HG),HGThreshold,0.171955, ,-1e+31, ,-1e+31,2026-01-22 04:45:57.698233856,2026-01-22,False
imap_idex_l1b_sci-10days_20260120_v001.0004.cdf,371,822329692797801088,2026-01-22T04:53:43.613801088,HS ADC0I trigger (TOF HG),HGThreshold,0.171955, ,-1e+31, ,-1e+31,2026-01-22 04:53:43.613801088,2026-01-22,False
imap_idex_l1b_sci-10days_20260120_v001.0004.cdf,372,822329856551216128,2026-01-22T04:56:27.367216128,HS ADC0I trigger (TOF HG),HGThreshold,0.171955, ,-1e+31, ,-1e+31,2026-01-22 04:56:27.367216128,2026-01-22,False
imap_idex_l1b_sci-10days_20260120_v001.0004.cdf,373,822329971702733952,2026-01-22T04:58:22.518733952,HS ADC0I trigger (TOF HG),HGThreshold,0.171955, ,-1e+31, ,-1e+31,2026-01-22 04:58:22.518733952,2026-01-22,False
imap_idex_l1b_sci-10days_20260120_v001.0004.cdf,374,822330036541556608,2026-01-22T04:59:27.357556608,HS ADC0I trigger (TOF HG),HGThreshold,0.171955, ,-1e+31, ,-1e+31,2026-01-22 04:59:27.357556608,2026-01-22,False
imap_idex_l1b_sci-10days_20260120_v001.0004.cdf,375,822330557316595200,2026-01-22T05:08:08.132595200,HS ADC0I trigger (TOF HG),HGThreshold,0.171955, ,-1e+31, ,-1e+31,2026-01-22 05:08:08.132595200,2026-01-22,False
imap_idex_l1b_sci-10days_20260120_v001.0004.cdf,376,822330664649220096,2026-01-22T05:09:55.465220096,HS ADC0I trigger (TOF HG),HGThreshold,0.171955, ,-1e+31, ,-1e+31,2026-01-22 05:09:55.465220096,2026-01-22,False
imap_idex_l1b_sci-10days_20260120_v001.0004.cdf,377,822331312221686400,2026-01-22T05:20:43.037686400,HS ADC0I trigger (TOF HG),HGThreshold,0.171955, ,-1e+31, ,-1e+31,2026-01-22 05:20:43.037686400,2026-01-22,False
imap_idex_l1b_sci-10days_20260120_v001.0004.cdf,378,822331540447744128,2026-01-22T05:24:31.263744128,HS ADC0I trigger (TOF HG),HGThreshold,0.171955, ,-1e+31, ,-1e+31,2026-01-22 05:24:31.263744128,2026-01-22,False
imap_idex_l1b_sci-10days_20260120_v001.0004.cdf,379,822331608773323648,2026-01-22T05:25:39.589323648,HS ADC0I trigger (TOF HG),HGThreshold,0.171955, ,-1e+31, ,-1e+31,2026-01-22 05:25:39.589323648,2026-01-22,False
imap_idex_l1b_sci-10days_20260120_v001.0004.cdf,380,822331993449602816,2026-01-22T05:32:04.265602816,HS ADC0I trigger (TOF HG),HGThreshold,0.171955, ,-1e+31, ,-1e+31,2026-01-22 05:32:04.265602816,2026-01-22,False
imap_idex_l1b_sci-10days_20260120_v001.0004.cdf,381,822332045080397184,2026-01-22T05:32:55.896397184,HS ADC0I trigger (TOF HG),HGThreshold,0.171955, ,-1e+31, ,-1e+31,2026-01-22 05:32:55.896397184,2026-01-22,False
imap_idex_l1b_sci-10days_20260120_v001.0004.cdf,382,822332077389188352,2026-01-22T05:33:28.205188352,HS ADC0I trigger (TOF HG),HGThreshold,0.171955, ,-1e+31, ,-1e+31,2026-01-22 05:33:28.205188352,2026-01-22,False
imap_idex_l1b_sci-10days_20260120_v001.0004.cdf,383,822332191759287296,2026-01-22T05:35:22.575287296,HS ADC0I trigger (TOF HG),HGThreshold,0.171955, ,-1e+31, ,-1e+31,2026-01-22 05:35:22.575287296,2026-01-22,False
imap_idex_l1b_sci-10days_20260120_v001.0004.cdf,384,822332377889022208,2026-01-22T05:38:28.705022208,HS ADC0I trigger (TOF HG),HGThreshold,0.171955, ,-1e+31, ,-1e+31,2026-01-22 05:38:28.705022208,2026-01-22,False
imap_idex_l1b_sci-10days_20260120_v001.0004.cdf,385,822332815215674880,2026-01-22T05:45:46.031674880,HS ADC0I trigger (TOF HG),HGThreshold,0.171955, ,-1e+31, ,-1e+31,2026-01-22 05:45:46.031674880,2026-01-22,False
imap_idex_l1b_sci-10days_20260120_v001.0004.cdf,386,822333077963101952,2026-01-22T05:50:08.779101952,HS ADC0I trigger (TOF HG),HGThreshold,0.171955, ,-1e+31, ,-1e+31,2026-01-22 05:50:08.779101952,2026-01-22,False
imap_idex_l1b_sci-10days_20260120_v001.0004.cdf,387,822333250294349312,2026-01-22T05:53:01.110349312,HS ADC0I trigger (TOF HG),HGThreshold,0.171955, ,-1e+31, ,-1e+31,2026-01-22 05:53:01.110349312,2026-01-22,False
imap_idex_l1b_sci-10days_20260120_v001.0004.cdf,388,822333451493010944,2026-01-22T05:56:22.309010944,HS ADC0I trigger (TOF HG),HGThreshold,0.171955, ,-1e+31, ,-1e+31,2026-01-22 05:56:22.309010944,2026-01-22,False
imap_idex_l1b_sci-10days_20260120_v001.0004.cdf,389,822333466081818240,2026-01-22T05:56:36.897818240,HS ADC0I trigger (TOF HG),HGThreshold,0.171955, ,-1e+31, ,-1e+31,2026-01-22 05:56:36.897818240,2026-01-22,False
imap_idex_l1b_sci-10days_20260120_v001.0004.cdf,390,822333659975166464,2026-01-22T05:59:50.791166464,HS ADC0I trigger (TOF HG),HGThreshold,0.171955, ,-1e+31, ,-1e+31,2026-01-22 05:59:50.791166464,2026-01-22,False
imap_idex_l1b_sci-10days_20260120_v001.0004.cdf,391,822334482449077632,2026-01-22T06:13:33.265077632,HS ADC0I trigger (TOF HG),HGThreshold,0.171955, ,-1e+31, ,-1e+31,2026-01-22 06:13:33.265077632,2026-01-22,False
imap_idex_l1b_sci-10days_20260120_v001.0004.cdf,392,822334905452642944,2026-01-22T06:20:36.268642944,HS ADC0I trigger (TOF HG),HGThreshold,0.171955, ,-1e+31, ,-1e+31,2026-01-22 06:20:36.268642944,2026-01-22,False
imap_idex_l1b_sci-10days_20260120_v001.0004.cdf,393,822335121194611712,2026-01-22T06:24:12.010611712,HS ADC0I trigger (TOF HG),HGThreshold,0.171955, ,-1e+31, ,-1e+31,2026-01-22 06:24:12.010611712,2026-01-22,False
imap_idex_l1b_sci-10days_20260120_v001.0004.cdf,394,822335272911617408,2026-01-22T06:26:43.727617408,HS ADC0I trigger (TOF HG),HGThreshold,0.171955, ,-1e+31, ,-1e+31,2026-01-22 06:26:43.727617408,2026-01-22,False
imap_idex_l1b_sci-10days_20260120_v001.0004.cdf,395,822335386599476608,2026-01-22T06:28:37.415476608,HS ADC0I trigger (TOF HG),HGThreshold,0.171955, ,-1e+31, ,-1e+31,2026-01-22 06:28:37.415476608,2026-01-22,False
imap_idex_l1b_sci-10days_20260120_v001.0004.cdf,396,822335849636026368,2026-01-22T06:36:20.452026368,HS ADC0I trigger (TOF HG),HGThreshold,0.171955, ,-1e+31, ,-1e+31,2026-01-22 06:36:20.452026368,2026-01-22,False
imap_idex_l1b_sci-10days_20260120_v001.0004.cdf,397,822336352820360576,2026-01-22T06:44:43.636360576,HS ADC0I trigger (TOF HG),HGThreshold,0.171955, ,-1e+31, ,-1e+31,2026-01-22 06:44:43.636360576,2026-01-22,False
imap_idex_l1b_sci-10days_20260120_v001.0004.cdf,398,822336373380242304,2026-01-22T06:45:04.196242304,HS ADC0I trigger (TOF HG),HGThreshold,0.171955, ,-1e+31, ,-1e+31,2026-01-22 06:45:04.196242304,2026-01-22,False
imap_idex_l1b_sci-10days_20260120_v001.0004.cdf,399,822336522339390336,2026-01-22T06:47:33.155390336,HS ADC0I trigger (TOF HG),HGThreshold,0.171955, ,-1e+31, ,-1e+31,2026-01-22 06:47:33.155390336,2026-01-22,False
imap_idex_l1b_sci-10days_20260120_v001.0004.cdf,400,822336629194935680,2026-01-22T06:49:20.010935680,HS ADC0I trigger (TOF HG),HGThreshold,0.171955, ,-1e+31, ,-1e+31,2026-01-22 06:49:20.010935680,2026-01-22,False
imap_idex_l1b_sci-10days_20260120_v001.0004.cdf,401,822337166080640128,2026-01-22T06:58:16.896640128,HS ADC0I trigger (TOF HG),HGThreshold,0.171955, ,-1e+31, ,-1e+31,2026-01-22 06:58:16.896640128,2026-01-22,False
imap_idex_l1b_sci-10days_20260120_v001.0004.cdf,402,822337720035209344,2026-01-22T07:07:30.851209344,HS ADC0I trigger (TOF HG),HGThreshold,0.171955, ,-1e+31, ,-1e+31,2026-01-22 07:07:30.851209344,2026-01-22,False
imap_idex_l1b_sci-10days_20260120_v001.0004.cdf,403,822337799126439040,2026-01-22T07:08:49.942439040,HS ADC0I trigger (TOF HG),HGThreshold,0.171955, ,-1e+31, ,-1e+31,2026-01-22 07:08:49.942439040,2026-01-22,False
imap_idex_l1b_sci-10days_20260120_v001.0004.cdf,404,822337958362478080,2026-01-22T07:11:29.178478080,HS ADC0I trigger (TOF HG),HGThreshold,0.171955, ,-1e+31, ,-1e+31,2026-01-22 07:11:29.178478080,2026-01-22,False
imap_idex_l1b_sci-10days_20260120_v001.0004.cdf,405,822338271658340480,2026-01-22T07:16:42.474340480,HS ADC0I trigger (TOF HG),HGThreshold,0.171955, ,-1e+31, ,-1e+31,2026-01-22 07:16:42.474340480,2026-01-22,False
imap_idex_l1b_sci-10days_20260120_v001.0004.cdf,406,822338888701733888,2026-01-22T07:26:59.517733888,HS ADC0I trigger (TOF HG),HGThreshold,0.171955, ,-1e+31, ,-1e+31,2026-01-22 07:26:59.517733888,2026-01-22,False
imap_idex_l1b_sci-10days_20260120_v001.0004.cdf,407,822338975856576512,2026-01-22T07:28:26.672576512,HS ADC0I trigger (TOF HG),HGThreshold,0.171955, ,-1e+31, ,-1e+31,2026-01-22 07:28:26.672576512,2026-01-22,False
imap_idex_l1b_sci-10days_20260120_v001.0004.cdf,408,822339674184377856,2026-01-22T07:40:05.000377856,HS ADC0I trigger (TOF HG),HGThreshold,0.171955, ,-1e+31, ,-1e+31,2026-01-22 07:40:05.000377856,2026-01-22,False
imap_idex_l1b_sci-10days_20260120_v001.0004.cdf,409,822340007247222912,2026-01-22T07:45:38.063222912,HS ADC0I trigger (TOF HG),HGThreshold,0.171955, ,-1e+31, ,-1e+31,2026-01-22 07:45:38.063222912,2026-01-22,False
imap_idex_l1b_sci-10days_20260120_v001.0004.cdf,410,822340530539419264,2026-01-22T07:54:21.355419264,HS ADC0I trigger (TOF HG),HGThreshold,0.171955, ,-1e+31, ,-1e+31,2026-01-22 07:54:21.355419264,2026-01-22,False
imap_idex_l1b_sci-10days_20260120_v001.0004.cdf,411,822340630041331072,2026-01-22T07:56:00.857331072,HS ADC0I trigger (TOF HG),HGThreshold,0.171955, ,-1e+31, ,-1e+31,2026-01-22 07:56:00.857331072,2026-01-22,False
imap_idex_l1b_sci-10days_20260120_v001.0004.cdf,412,822340652994390784,2026-01-22T07:56:23.810390784,HS ADC0I trigger (TOF HG),HGThreshold,0.171955, ,-1e+31, ,-1e+31,2026-01-22 07:56:23.810390784,2026-01-22,False
imap_idex_l1b_sci-10days_20260120_v001.0004.cdf,413,822340717240953856,2026-01-22T07:57:28.056953856,HS ADC0I trigger (TOF HG),HGThreshold,0.171955, ,-1e+31, ,-1e+31,2026-01-22 07:57:28.056953856,2026-01-22,False
imap_idex_l1b_sci-10days_20260120_v001.0004.cdf,414,822341031529955328,2026-01-22T08:02:42.345955328,HS ADC0I trigger (TOF HG),HGThreshold,0.171955, ,-1e+31, ,-1e+31,2026-01-22 08:02:42.345955328,2026-01-22,False
imap_idex_l1b_sci-10days_20260120_v001.0004.cdf,415,822341180398963456,2026-01-22T08:05:11.214963456,HS ADC0I trigger (TOF HG),HGThreshold,0.171955, ,-1e+31, ,-1e+31,2026-01-22 08:05:11.214963456,2026-01-22,False
imap_idex_l1b_sci-10days_20260120_v001.0004.cdf,416,822341546032279552,2026-01-22T08:11:16.848279552,HS ADC0I trigger (TOF HG),HGThreshold,0.171955, ,-1e+31, ,-1e+31,2026-01-22 08:11:16.848279552,2026-01-22,False
imap_idex_l1b_sci-10days_20260120_v001.0004.cdf,417,822341812143923712,2026-01-22T08:15:42.959923712,HS ADC0I trigger (TOF HG),HGThreshold,0.171955, ,-1e+31, ,-1e+31,2026-01-22 08:15:42.959923712,2026-01-22,False
imap_idex_l1b_sci-10days_20260120_v001.0004.cdf,418,822342246744058752,2026-01-22T08:22:57.560058752,HS ADC0I trigger (TOF HG),HGThreshold,0.171955, ,-1e+31, ,-1e+31,2026-01-22 08:22:57.560058752,2026-01-22,False
imap_idex_l1b_sci-10days_20260120_v001.0004.cdf,419,822343227927549312,2026-01-22T08:39:18.743549312,HS ADC0I trigger (TOF HG),HGThreshold,0.171955, ,-1e+31, ,-1e+31,2026-01-22 08:39:18.743549312,2026-01-22,False
imap_idex_l1b_sci-10days_20260120_v001.0004.cdf,420,822343420668378624,2026-01-22T08:42:31.484378624,HS ADC0I trigger (TOF HG),HGThreshold,0.171955, ,-1e+31, ,-1e+31,2026-01-22 08:42:31.484378624,2026-01-22,False
imap_idex_l1b_sci-10days_20260120_v001.0004.cdf,421,822343743988292224,2026-01-22T08:47:54.804292224,HS ADC0I trigger (TOF HG),HGThreshold,0.171955, ,-1e+31, ,-1e+31,2026-01-22 08:47:54.804292224,2026-01-22,False
imap_idex_l1b_sci-10days_20260120_v001.0004.cdf,422,822343904549469952,2026-01-22T08:50:35.365469952,HS ADC0I trigger (TOF HG),HGThreshold,0.171955, ,-1e+31, ,-1e+31,2026-01-22 08:50:35.365469952,2026-01-22,False
imap_idex_l1b_sci-10days_20260120_v001.0004.cdf,423,822344178569007104,2026-01-22T08:55:09.385007104,HS ADC0I trigger (TOF HG),HGThreshold,0.171955, ,-1e+31, ,-1e+31,2026-01-22 08:55:09.385007104,2026-01-22,False
imap_idex_l1b_sci-10days_20260120_v001.0004.cdf,424,822344450518766208,2026-01-22T08:59:41.334766208,HS ADC0I trigger (TOF HG),HGThreshold,0.171955, ,-1e+31, ,-1e+31,2026-01-22 08:59:41.334766208,2026-01-22,False
imap_idex_l1b_sci-10days_20260120_v001.0004.cdf,425,822344595393717888,2026-01-22T09:02:06.209717888,HS ADC0I trigger (TOF HG),HGThreshold,0.171955, ,-1e+31, ,-1e+31,2026-01-22 09:02:06.209717888,2026-01-22,False
imap_idex_l1b_sci-10days_20260120_v001.0004.cdf,426,822344784015910912,2026-01-22T09:05:14.831910912,HS ADC0I trigger (TOF HG),HGThreshold,0.171955, ,-1e+31, ,-1e+31,2026-01-22 09:05:14.831910912,2026-01-22,False
imap_idex_l1b_sci-10days_20260120_v001.0004.cdf,427,822345204631858048,2026-01-22T09:12:15.447858048,HS ADC0I trigger (TOF HG),HGThreshold,0.171955, ,-1e+31, ,-1e+31,2026-01-22 09:12:15.447858048,2026-01-22,False
imap_idex_l1b_sci-10days_20260120_v001.0004.cdf,428,822345335884881792,2026-01-22T09:14:26.700881792,HS ADC0I trigger (TOF HG),HGThreshold,0.171955, ,-1e+31, ,-1e+31,2026-01-22 09:14:26.700881792,2026-01-22,False
imap_idex_l1b_sci-10days_20260120_v001.0004.cdf,429,822346191221264128,2026-01-22T09:28:42.037264128,HS ADC0I trigger (TOF HG),HGThreshold,0.171955, ,-1e+31, ,-1e+31,2026-01-22 09:28:42.037264128,2026-01-22,False
imap_idex_l1b_sci-10days_20260120_v001.0004.cdf,430,822346446563557888,2026-01-22T09:32:57.379557888,HS ADC0I trigger (TOF HG),HGThreshold,0.171955, ,-1e+31, ,-1e+31,2026-01-22 09:32:57.379557888,2026-01-22,False
imap_idex_l1b_sci-10days_20260120_v001.0004.cdf,431,822347077493918720,2026-01-22T09:43:28.309918720,HS ADC0I trigger (TOF HG),HGThreshold,0.171955, ,-1e+31, ,-1e+31,2026-01-22 09:43:28.309918720,2026-01-22,False
imap_idex_l1b_sci-10days_20260120_v001.0004.cdf,432,822347901900888320,2026-01-22T09:57:12.716888320,HS ADC0I trigger (TOF HG),HGThreshold,0.171955, ,-1e+31, ,-1e+31,2026-01-22 09:57:12.716888320,2026-01-22,False
imap_idex_l1b_sci-10days_20260120_v001.0004.cdf,433,822348142647075072,2026-01-22T10:01:13.463075072,HS ADC0I trigger (TOF HG),HGThreshold,0.171955, ,-1e+31, ,-1e+31,2026-01-22 10:01:13.463075072,2026-01-22,False
imap_idex_l1b_sci-10days_20260120_v001.0004.cdf,434,822348321493376768,2026-01-22T10:04:12.309376768,HS ADC0I trigger (TOF HG),HGThreshold,0.171955, ,-1e+31, ,-1e+31,2026-01-22 10:04:12.309376768,2026-01-22,False
imap_idex_l1b_sci-10days_20260120_v001.0004.cdf,435,822348770908338432,2026-01-22T10:11:41.724338432,HS ADC0I trigger (TOF HG),HGThreshold,0.171955, ,-1e+31, ,-1e+31,2026-01-22 10:11:41.724338432,2026-01-22,False
imap_idex_l1b_sci-10days_20260120_v001.0004.cdf,436,822348809842823936,2026-01-22T10:12:20.658823936,HS ADC0I trigger (TOF HG),HGThreshold,0.171955, ,-1e+31, ,-1e+31,2026-01-22 10:12:20.658823936,2026-01-22,False
imap_idex_l1b_sci-10days_20260120_v001.0004.cdf,437,822349184809251840,2026-01-22T10:18:35.625251840,HS ADC0I trigger (TOF HG),HGThreshold,0.171955, ,-1e+31, ,-1e+31,2026-01-22 10:18:35.625251840,2026-01-22,False
imap_idex_l1b_sci-10days_20260120_v001.0004.cdf,438,822349328307924736,2026-01-22T10:20:59.123924736,HS ADC0I trigger (TOF HG),HGThreshold,0.171955, ,-1e+31, ,-1e+31,2026-01-22 10:20:59.123924736,2026-01-22,False
imap_idex_l1b_sci-10days_20260120_v001.0004.cdf,439,822349643646445312,2026-01-22T10:26:14.462445312,HS ADC0I trigger (TOF HG),HGThreshold,0.171955, ,-1e+31, ,-1e+31,2026-01-22 10:26:14.462445312,2026-01-22,False
imap_idex_l1b_sci-10days_20260120_v001.0004.cdf,440,822350014260376960,2026-01-22T10:32:25.076376960,HS ADC0I trigger (TOF HG),HGThreshold,0.171955, ,-1e+31, ,-1e+31,2026-01-22 10:32:25.076376960,2026-01-22,False
imap_idex_l1b_sci-10days_20260120_v001.0004.cdf,441,822350603724574720,2026-01-22T10:42:14.540574720,HS ADC0I trigger (TOF HG),HGThreshold,0.171955, ,-1e+31, ,-1e+31,2026-01-22 10:42:14.540574720,2026-01-22,False
imap_idex_l1b_sci-10days_20260120_v001.0004.cdf,442,822351095553838848,2026-01-22T10:50:26.369838848,HS ADC0I trigger (TOF HG),HGThreshold,0.171955, ,-1e+31, ,-1e+31,2026-01-22 10:50:26.369838848,2026-01-22,False
imap_idex_l1b_sci-10days_20260120_v001.0004.cdf,443,822351592296438912,2026-01-22T10:58:43.112438912,HS ADC0I trigger (TOF HG),HGThreshold,0.171955, ,-1e+31, ,-1e+31,2026-01-22 10:58:43.112438912,2026-01-22,False
imap_idex_l1b_sci-10days_20260120_v001.0004.cdf,444,822351817686379136,2026-01-22T11:02:28.502379136,HS ADC0I trigger (TOF HG),HGThreshold,0.171955, ,-1e+31, ,-1e+31,2026-01-22 11:02:28.502379136,2026-01-22,False
imap_idex_l1b_sci-10days_20260120_v001.0004.cdf,445,822352436601350912,2026-01-22T11:12:47.417350912,HS ADC0I trigger (TOF HG),HGThreshold,0.171955, ,-1e+31, ,-1e+31,2026-01-22 11:12:47.417350912,2026-01-22,False
imap_idex_l1b_sci-10days_20260120_v001.0004.cdf,446,822353050121947264,2026-01-22T11:23:00.937947264,HS ADC0I trigger (TOF HG),HGThreshold,0.171955, ,-1e+31, ,-1e+31,2026-01-22 11:23:00.937947264,2026-01-22,False
imap_idex_l1b_sci-10days_20260120_v001.0004.cdf,447,822353110336113792,2026-01-22T11:24:01.152113792,HS ADC0I trigger (TOF HG),HGThreshold,0.171955, ,-1e+31, ,-1e+31,2026-01-22 11:24:01.152113792,2026-01-22,False
imap_idex_l1b_sci-10days_20260120_v001.0004.cdf,448,822353529212222720,2026-01-22T11:31:00.028222720,HS ADC0I trigger (TOF HG),HGThreshold,0.171955, ,-1e+31, ,-1e+31,2026-01-22 11:31:00.028222720,2026-01-22,False
imap_idex_l1b_sci-10days_20260120_v001.0004.cdf,449,822353791479030400,2026-01-22T11:35:22.295030400,HS ADC0I trigger (TOF HG),HGThreshold,0.171955, ,-1e+31, ,-1e+31,2026-01-22 11:35:22.295030400,2026-01-22,False
imap_idex_l1b_sci-10days_20260120_v001.0004.cdf,450,822353804194839296,2026-01-22T11:35:35.010839296,HS ADC0I trigger (TOF HG),HGThreshold,0.171955, ,-1e+31, ,-1e+31,2026-01-22 11:35:35.010839296,2026-01-22,False
imap_idex_l1b_sci-10days_20260120_v001.0004.cdf,451,822353952593927680,2026-01-22T11:38:03.409927680,HS ADC0I trigger (TOF HG),HGThreshold,0.171955, ,-1e+31, ,-1e+31,2026-01-22 11:38:03.409927680,2026-01-22,False
imap_idex_l1b_sci-10days_20260120_v001.0004.cdf,452,822354046463704448,2026-01-22T11:39:37.279704448,HS ADC0I trigger (TOF HG),HGThreshold,0.171955, ,-1e+31, ,-1e+31,2026-01-22 11:39:37.279704448,2026-01-22,False
imap_idex_l1b_sci-10days_20260120_v001.0004.cdf,453,822354136482444800,2026-01-22T11:41:07.298444800,HS ADC0I trigger (TOF HG),HGThreshold,0.171955, ,-1e+31, ,-1e+31,2026-01-22 11:41:07.298444800,2026-01-22,False
imap_idex_l1b_sci-10days_20260120_v001.0004.cdf,454,822354985360952576,2026-01-22T11:55:16.176952576,HS ADC0I trigger (TOF HG),HGThreshold,0.171955, ,-1e+31, ,-1e+31,2026-01-22 11:55:16.176952576,2026-01-22,False
imap_idex_l1b_sci-10days_20260120_v001.0004.cdf,455,822355380644182400,2026-01-22T12:01:51.460182400,HS ADC0I trigger (TOF HG),HGThreshold,0.171955, ,-1e+31, ,-1e+31,2026-01-22 12:01:51.460182400,2026-01-22,False
imap_idex_l1b_sci-10days_20260120_v001.0004.cdf,456,822355718216943360,2026-01-22T12:07:29.032943360,HS ADC0I trigger (TOF HG),HGThreshold,0.171955, ,-1e+31, ,-1e+31,2026-01-22 12:07:29.032943360,2026-01-22,False
imap_idex_l1b_sci-10days_20260120_v001.0004.cdf,457,822355839419116032,2026-01-22T12:09:30.235116032,HS ADC0I trigger (TOF HG),HGThreshold,0.171955, ,-1e+31, ,-1e+31,2026-01-22 12:09:30.235116032,2026-01-22,False
imap_idex_l1b_sci-10days_20260120_v001.0004.cdf,458,822355889627651584,2026-01-22T12:10:20.443651584,HS ADC0I trigger (TOF HG),HGThreshold,0.171955, ,-1e+31, ,-1e+31,2026-01-22 12:10:20.443651584,2026-01-22,False
imap_idex_l1b_sci-10days_20260120_v001.0004.cdf,459,822355928005437440,2026-01-22T12:10:58.821437440,HS ADC0I trigger (TOF HG),HGThreshold,0.171955, ,-1e+31, ,-1e+31,2026-01-22 12:10:58.821437440,2026-01-22,False
imap_idex_l1b_sci-10days_20260120_v001.0004.cdf,460,822356024627971968,2026-01-22T12:12:35.443971968,HS ADC0I trigger (TOF HG),HGThreshold,0.171955, ,-1e+31, ,-1e+31,2026-01-22 12:12:35.443971968,2026-01-22,False
imap_idex_l1b_sci-10days_20260120_v001.0004.cdf,461,822356815870631040,2026-01-22T12:25:46.686631040,HS ADC0I trigger (TOF HG),HGThreshold,0.171955, ,-1e+31, ,-1e+31,2026-01-22 12:25:46.686631040,2026-01-22,False
imap_idex_l1b_sci-10days_20260120_v001.0004.cdf,462,822356859922811904,2026-01-22T12:26:30.738811904,HS ADC0I trigger (TOF HG),HGThreshold,0.171955, ,-1e+31, ,-1e+31,2026-01-22 12:26:30.738811904,2026-01-22,False
imap_idex_l1b_sci-10days_20260120_v001.0004.cdf,463,822357322288202240,2026-01-22T12:34:13.104202240,HS ADC0I trigger (TOF HG),HGThreshold,0.171955, ,-1e+31, ,-1e+31,2026-01-22 12:34:13.104202240,2026-01-22,False
imap_idex_l1b_sci-10days_20260120_v001.0004.cdf,464,822357330493194880,2026-01-22T12:34:21.309194880,HS ADC0I trigger (TOF HG),HGThreshold,0.171955, ,-1e+31, ,-1e+31,2026-01-22 12:34:21.309194880,2026-01-22,False
imap_idex_l1b_sci-10days_20260120_v001.0004.cdf,465,822357666243677440,2026-01-22T12:39:57.059677440,HS ADC0I trigger (TOF HG),HGThreshold,0.171955, ,-1e+31, ,-1e+31,2026-01-22 12:39:57.059677440,2026-01-22,False
imap_idex_l1b_sci-10days_20260120_v001.0004.cdf,466,822358452724880640,2026-01-22T12:53:03.540880640,HS ADC0I trigger (TOF HG),HGThreshold,0.171955, ,-1e+31, ,-1e+31,2026-01-22 12:53:03.540880640,2026-01-22,False
imap_idex_l1b_sci-10days_20260120_v001.0004.cdf,467,822358765736983424,2026-01-22T12:58:16.552983424,HS ADC0I trigger (TOF HG),HGThreshold,0.171955, ,-1e+31, ,-1e+31,2026-01-22 12:58:16.552983424,2026-01-22,False
imap_idex_l1b_sci-10days_20260120_v001.0004.cdf,468,822358798782194176,2026-01-22T12:58:49.598194176,HS ADC0I trigger (TOF HG),HGThreshold,0.171955, ,-1e+31, ,-1e+31,2026-01-22 12:58:49.598194176,2026-01-22,False
imap_idex_l1b_sci-10days_20260120_v001.0004.cdf,469,822358920796726016,2026-01-22T13:00:51.612726016,HS ADC0I trigger (TOF HG),HGThreshold,0.171955, ,-1e+31, ,-1e+31,2026-01-22 13:00:51.612726016,2026-01-22,False
imap_idex_l1b_sci-10days_20260120_v001.0004.cdf,470,822359119070570368,2026-01-22T13:04:09.886570368,HS ADC0I trigger (TOF HG),HGThreshold,0.171955, ,-1e+31, ,-1e+31,2026-01-22 13:04:09.886570368,2026-01-22,False
imap_idex_l1b_sci-10days_20260120_v001.0004.cdf,471,822359185460531584,2026-01-22T13:05:16.276531584,HS ADC0I trigger (TOF HG),HGThreshold,0.171955, ,-1e+31, ,-1e+31,2026-01-22 13:05:16.276531584,2026-01-22,False
imap_idex_l1b_sci-10days_20260120_v001.0004.cdf,472,822359855526037888,2026-01-22T13:16:26.342037888,HS ADC0I trigger (TOF HG),HGThreshold,0.171955, ,-1e+31, ,-1e+31,2026-01-22 13:16:26.342037888,2026-01-22,False
imap_idex_l1b_sci-10days_20260120_v001.0004.cdf,473,822359908031291264,2026-01-22T13:17:18.847291264,HS ADC0I trigger (TOF HG),HGThreshold,0.171955, ,-1e+31, ,-1e+31,2026-01-22 13:17:18.847291264,2026-01-22,False
imap_idex_l1b_sci-10days_20260120_v001.0004.cdf,474,822360034363779456,2026-01-22T13:19:25.179779456,HS ADC0I trigger (TOF HG),HGThreshold,0.171955, ,-1e+31, ,-1e+31,2026-01-22 13:19:25.179779456,2026-01-22,False
imap_idex_l1b_sci-10days_20260120_v001.0004.cdf,475,822360166702762240,2026-01-22T13:21:37.518762240,HS ADC0I trigger (TOF HG),HGThreshold,0.171955, ,-1e+31, ,-1e+31,2026-01-22 13:21:37.518762240,2026-01-22,False
imap_idex_l1b_sci-10days_20260120_v001.0004.cdf,476,822360464272878464,2026-01-22T13:26:35.088878464,HS ADC0I trigger (TOF HG),HGThreshold,0.171955, ,-1e+31, ,-1e+31,2026-01-22 13:26:35.088878464,2026-01-22,False
imap_idex_l1b_sci-10days_20260120_v001.0004.cdf,477,822360541688949888,2026-01-22T13:27:52.504949888,HS ADC0I trigger (TOF HG),HGThreshold,0.171955, ,-1e+31, ,-1e+31,2026-01-22 13:27:52.504949888,2026-01-22,False
imap_idex_l1b_sci-10days_20260120_v001.0004.cdf,478,822360777275241088,2026-01-22T13:31:48.091241088,HS ADC0I trigger (TOF HG),HGThreshold,0.171955, ,-1e+31, ,-1e+31,2026-01-22 13:31:48.091241088,2026-01-22,False
imap_idex_l1b_sci-10days_20260120_v001.0004.cdf,479,822360905364007680,2026-01-22T13:33:56.180007680,HS ADC0I trigger (TOF HG),HGThreshold,0.171955, ,-1e+31, ,-1e+31,2026-01-22 13:33:56.180007680,2026-01-22,False
imap_idex_l1b_sci-10days_20260120_v001.0004.cdf,480,822361113403243392,2026-01-22T13:37:24.219243392,HS ADC0I trigger (TOF HG),HGThreshold,0.171955, ,-1e+31, ,-1e+31,2026-01-22 13:37:24.219243392,2026-01-22,False
imap_idex_l1b_sci-10days_20260120_v001.0004.cdf,481,822361148082692736,2026-01-22T13:37:58.898692736,HS ADC0I trigger (TOF HG),HGThreshold,0.171955, ,-1e+31, ,-1e+31,2026-01-22 13:37:58.898692736,2026-01-22,False
imap_idex_l1b_sci-10days_20260120_v001.0004.cdf,482,822361736567291392,2026-01-22T13:47:47.383291392,HS ADC0I trigger (TOF HG),HGThreshold,0.171955, ,-1e+31, ,-1e+31,2026-01-22 13:47:47.383291392,2026-01-22,False
imap_idex_l1b_sci-10days_20260120_v001.0004.cdf,483,822361993539803648,2026-01-22T13:52:04.355803648,HS ADC0I trigger (TOF HG),HGThreshold,0.171955, ,-1e+31, ,-1e+31,2026-01-22 13:52:04.355803648,2026-01-22,False
imap_idex_l1b_sci-10days_20260120_v001.0004.cdf,484,822362537778241408,2026-01-22T14:01:08.594241408,HS ADC0I trigger (TOF HG),HGThreshold,0.171955, ,-1e+31, ,-1e+31,2026-01-22 14:01:08.594241408,2026-01-22,False
imap_idex_l1b_sci-10days_20260120_v001.0004.cdf,485,822362553869867264,2026-01-22T14:01:24.685867264,HS ADC0I trigger (TOF HG),HGThreshold,0.171955, ,-1e+31, ,-1e+31,2026-01-22 14:01:24.685867264,2026-01-22,False
imap_idex_l1b_sci-10days_20260120_v001.0004.cdf,486,822362771449914368,2026-01-22T14:05:02.265914368,HS ADC0I trigger (TOF HG),HGThreshold,0.171955, ,-1e+31, ,-1e+31,2026-01-22 14:05:02.265914368,2026-01-22,False
imap_idex_l1b_sci-10days_20260120_v001.0004.cdf,487,822362952589193984,2026-01-22T14:08:03.405193984,HS ADC0I trigger (TOF HG),HGThreshold,0.171955, ,-1e+31, ,-1e+31,2026-01-22 14:08:03.405193984,2026-01-22,False
imap_idex_l1b_sci-10days_20260120_v001.0004.cdf,488,822363230559127680,2026-01-22T14:12:41.375127680,HS ADC0I trigger (TOF HG),HGThreshold,0.171955, ,-1e+31, ,-1e+31,2026-01-22 14:12:41.375127680,2026-01-22,False
imap_idex_l1b_sci-10days_20260120_v001.0004.cdf,489,822363285497779072,2026-01-22T14:13:36.313779072,HS ADC0I trigger (TOF HG),HGThreshold,0.171955, ,-1e+31, ,-1e+31,2026-01-22 14:13:36.313779072,2026-01-22,False
imap_idex_l1b_sci-10days_20260120_v001.0004.cdf,490,822363501463327616,2026-01-22T14:17:12.279327616,HS ADC0I trigger (TOF HG),HGThreshold,0.171955, ,-1e+31, ,-1e+31,2026-01-22 14:17:12.279327616,2026-01-22,False
imap_idex_l1b_sci-10days_20260120_v001.0004.cdf,491,822364257462657920,2026-01-22T14:29:48.278657920,HS ADC0I trigger (TOF HG),HGThreshold,0.171955, ,-1e+31, ,-1e+31,2026-01-22 14:29:48.278657920,2026-01-22,False
imap_idex_l1b_sci-10days_20260120_v001.0004.cdf,492,822364315927186176,2026-01-22T14:30:46.743186176,HS ADC0I trigger (TOF HG),HGThreshold,0.171955, ,-1e+31, ,-1e+31,2026-01-22 14:30:46.743186176,2026-01-22,False
imap_idex_l1b_sci-10days_20260120_v001.0004.cdf,493,822364335648088576,2026-01-22T14:31:06.464088576,HS ADC0I trigger (TOF HG),HGThreshold,0.171955, ,-1e+31, ,-1e+31,2026-01-22 14:31:06.464088576,2026-01-22,False
imap_idex_l1b_sci-10days_20260120_v001.0004.cdf,494,822364355557050880,2026-01-22T14:31:26.373050880,HS ADC0I trigger (TOF HG),HGThreshold,0.171955, ,-1e+31, ,-1e+31,2026-01-22 14:31:26.373050880,2026-01-22,False
imap_idex_l1b_sci-10days_20260120_v001.0004.cdf,495,822364486881954560,2026-01-22T14:33:37.697954560,HS ADC0I trigger (TOF HG),HGThreshold,0.171955, ,-1e+31, ,-1e+31,2026-01-22 14:33:37.697954560,2026-01-22,False
imap_idex_l1b_sci-10days_20260120_v001.0004.cdf,496,822365729388233728,2026-01-22T14:54:20.204233728,HS ADC0I trigger (TOF HG),HGThreshold,0.171955, ,-1e+31, ,-1e+31,2026-01-22 14:54:20.204233728,2026-01-22,False
imap_idex_l1b_sci-10days_20260120_v001.0004.cdf,497,822366083915919744,2026-01-22T15:00:14.731919744,HS ADC0I trigger (TOF HG),HGThreshold,0.171955, ,-1e+31, ,-1e+31,2026-01-22 15:00:14.731919744,2026-01-22,False
imap_idex_l1b_sci-10days_20260120_v001.0004.cdf,498,822366204823352576,2026-01-22T15:02:15.639352576,HS ADC0I trigger (TOF HG),HGThreshold,0.171955, ,-1e+31, ,-1e+31,2026-01-22 15:02:15.639352576,2026-01-22,False
imap_idex_l1b_sci-10days_20260120_v001.0004.cdf,499,822366528543205760,2026-01-22T15:07:39.359205760,HS ADC0I trigger (TOF HG),HGThreshold,0.171955, ,-1e+31, ,-1e+31,2026-01-22 15:07:39.359205760,2026-01-22,False
imap_idex_l1b_sci-10days_20260120_v001.0004.cdf,500,822366617820826624,2026-01-22T15:09:08.636826624,HS ADC0I trigger (TOF HG),HGThreshold,0.171955, ,-1e+31, ,-1e+31,2026-01-22 15:09:08.636826624,2026-01-22,False
imap_idex_l1b_sci-10days_20260120_v001.0004.cdf,501,822366647353420544,2026-01-22T15:09:38.169420544,HS ADC0I trigger (TOF HG),HGThreshold,0.171955, ,-1e+31, ,-1e+31,2026-01-22 15:09:38.169420544,2026-01-22,False
imap_idex_l1b_sci-10days_20260120_v001.0004.cdf,502,822367217830775040,2026-01-22T15:19:08.646775040,HS ADC0I trigger (TOF HG),HGThreshold,0.171955, ,-1e+31, ,-1e+31,2026-01-22 15:19:08.646775040,2026-01-22,False
imap_idex_l1b_sci-10days_20260120_v001.0004.cdf,503,822367293602647936,2026-01-22T15:20:24.418647936,HS ADC0I trigger (TOF HG),HGThreshold,0.171955, ,-1e+31, ,-1e+31,2026-01-22 15:20:24.418647936,2026-01-22,False
imap_idex_l1b_sci-10days_20260120_v001.0004.cdf,504,822367487981575680,2026-01-22T15:23:38.797575680,HS ADC0I trigger (TOF HG),HGThreshold,0.171955, ,-1e+31, ,-1e+31,2026-01-22 15:23:38.797575680,2026-01-22,False
imap_idex_l1b_sci-10days_20260120_v001.0004.cdf,505,822367772847263360,2026-01-22T15:28:23.663263360,HS ADC0I trigger (TOF HG),HGThreshold,0.171955, ,-1e+31, ,-1e+31,2026-01-22 15:28:23.663263360,2026-01-22,False
imap_idex_l1b_sci-10days_20260120_v001.0004.cdf,506,822368392870713984,2026-01-22T15:38:43.686713984,HS ADC0I trigger (TOF HG),HGThreshold,0.171955, ,-1e+31, ,-1e+31,2026-01-22 15:38:43.686713984,2026-01-22,False
imap_idex_l1b_sci-10days_20260120_v001.0004.cdf,507,822368416753232896,2026-01-22T15:39:07.569232896,HS ADC0I trigger (TOF HG),HGThreshold,0.171955, ,-1e+31, ,-1e+31,2026-01-22 15:39:07.569232896,2026-01-22,False
imap_idex_l1b_sci-10days_20260120_v001.0004.cdf,508,822368616038896384,2026-01-22T15:42:26.854896384,HS ADC0I trigger (TOF HG),HGThreshold,0.171955, ,-1e+31, ,-1e+31,2026-01-22 15:42:26.854896384,2026-01-22,False
imap_idex_l1b_sci-10days_20260120_v001.0004.cdf,509,822370248381250176,2026-01-22T16:09:39.197250176,HS ADC0I trigger (TOF HG),HGThreshold,0.171955, ,-1e+31, ,-1e+31,2026-01-22 16:09:39.197250176,2026-01-22,False
imap_idex_l1b_sci-10days_20260120_v001.0004.cdf,510,822370530640260096,2026-01-22T16:14:21.456260096,HS ADC0I trigger (TOF HG),HGThreshold,0.171955, ,-1e+31, ,-1e+31,2026-01-22 16:14:21.456260096,2026-01-22,False
imap_idex_l1b_sci-10days_20260120_v001.0004.cdf,511,822370802074699520,2026-01-22T16:18:52.890699520,HS ADC0I trigger (TOF HG),HGThreshold,0.171955, ,-1e+31, ,-1e+31,2026-01-22 16:18:52.890699520,2026-01-22,False
imap_idex_l1b_sci-10days_20260120_v001.0004.cdf,512,822370861758446592,2026-01-22T16:19:52.574446592,HS ADC0I trigger (TOF HG),HGThreshold,0.171955, ,-1e+31, ,-1e+31,2026-01-22 16:19:52.574446592,2026-01-22,False
imap_idex_l1b_sci-10days_20260120_v001.0004.cdf,513,822371290675366656,2026-01-22T16:27:01.491366656,HS ADC0I trigger (TOF HG),HGThreshold,0.171955, ,-1e+31, ,-1e+31,2026-01-22 16:27:01.491366656,2026-01-22,False
imap_idex_l1b_sci-10days_20260120_v001.0004.cdf,514,822372108399842304,2026-01-22T16:40:39.215842304,HS ADC0I trigger (TOF HG),HGThreshold,0.171955, ,-1e+31, ,-1e+31,2026-01-22 16:40:39.215842304,2026-01-22,False
imap_idex_l1b_sci-10days_20260120_v001.0004.cdf,515,822372381431760256,2026-01-22T16:45:12.247760256,HS ADC0I trigger (TOF HG),HGThreshold,0.171955, ,-1e+31, ,-1e+31,2026-01-22 16:45:12.247760256,2026-01-22,False
imap_idex_l1b_sci-10days_20260120_v001.0004.cdf,516,822372420446305792,2026-01-22T16:45:51.262305792,HS ADC0I trigger (TOF HG),HGThreshold,0.171955, ,-1e+31, ,-1e+31,2026-01-22 16:45:51.262305792,2026-01-22,False
imap_idex_l1b_sci-10days_20260120_v001.0004.cdf,517,822372814058896896,2026-01-22T16:52:24.874896896,HS ADC0I trigger (TOF HG),HGThreshold,0.171955, ,-1e+31, ,-1e+31,2026-01-22 16:52:24.874896896,2026-01-22,False
imap_idex_l1b_sci-10days_20260120_v001.0004.cdf,518,822372950413976192,2026-01-22T16:54:41.229976192,HS ADC0I trigger (TOF HG),HGThreshold,0.171955, ,-1e+31, ,-1e+31,2026-01-22 16:54:41.229976192,2026-01-22,False
imap_idex_l1b_sci-10days_20260120_v001.0004.cdf,519,822374181104465792,2026-01-22T17:15:11.920465792,HS ADC0I trigger (TOF HG),HGThreshold,0.171955, ,-1e+31, ,-1e+31,2026-01-22 17:15:11.920465792,2026-01-22,False
imap_idex_l1b_sci-10days_20260120_v001.0004.cdf,520,822374333602870656,2026-01-22T17:17:44.418870656,HS ADC0I trigger (TOF HG),HGThreshold,0.171955, ,-1e+31, ,-1e+31,2026-01-22 17:17:44.418870656,2026-01-22,False
imap_idex_l1b_sci-10days_20260120_v001.0004.cdf,521,822375367040975104,2026-01-22T17:34:57.856975104,HS ADC0I trigger (TOF HG),HGThreshold,0.171955, ,-1e+31, ,-1e+31,2026-01-22 17:34:57.856975104,2026-01-22,False
imap_idex_l1b_sci-10days_20260120_v001.0004.cdf,522,822375616401834112,2026-01-22T17:39:07.217834112,HS ADC0I trigger (TOF HG),HGThreshold,0.171955, ,-1e+31, ,-1e+31,2026-01-22 17:39:07.217834112,2026-01-22,False
imap_idex_l1b_sci-10days_20260120_v001.0004.cdf,523,822375799744771712,2026-01-22T17:42:10.560771712,HS ADC0I trigger (TOF HG),HGThreshold,0.171955, ,-1e+31, ,-1e+31,2026-01-22 17:42:10.560771712,2026-01-22,False
imap_idex_l1b_sci-10days_20260120_v001.0004.cdf,524,822375994063999488,2026-01-22T17:45:24.879999488,HS ADC0I trigger (TOF HG),HGThreshold,0.171955, ,-1e+31, ,-1e+31,2026-01-22 17:45:24.879999488,2026-01-22,False
imap_idex_l1b_sci-10days_20260120_v001.0004.cdf,525,822376375642601472,2026-01-22T17:51:46.458601472,HS ADC0I trigger (TOF HG),HGThreshold,0.171955, ,-1e+31, ,-1e+31,2026-01-22 17:51:46.458601472,2026-01-22,False
imap_idex_l1b_sci-10days_20260120_v001.0004.cdf,526,822377632728087808,2026-01-22T18:12:43.544087808,HS ADC0I trigger (TOF HG),HGThreshold,0.171955, ,-1e+31, ,-1e+31,2026-01-22 18:12:43.544087808,2026-01-22,False
imap_idex_l1b_sci-10days_20260120_v001.0004.cdf,527,822377910175001984,2026-01-22T18:17:20.991001984,HS ADC0I trigger (TOF HG),HGThreshold,0.171955, ,-1e+31, ,-1e+31,2026-01-22 18:17:20.991001984,2026-01-22,False
imap_idex_l1b_sci-10days_20260120_v001.0004.cdf,528,822378123598572800,2026-01-22T18:20:54.414572800,HS ADC0I trigger (TOF HG),HGThreshold,0.171955, ,-1e+31, ,-1e+31,2026-01-22 18:20:54.414572800,2026-01-22,False
imap_idex_l1b_sci-10days_20260120_v001.0004.cdf,529,822378434869737088,2026-01-22T18:26:05.685737088,HS ADC0I trigger (TOF HG),HGThreshold,0.171955, ,-1e+31, ,-1e+31,2026-01-22 18:26:05.685737088,2026-01-22,False
imap_idex_l1b_sci-10days_20260120_v001.0004.cdf,530,822378721815522816,2026-01-22T18:30:52.631522816,HS ADC0I trigger (TOF HG),HGThreshold,0.171955, ,-1e+31, ,-1e+31,2026-01-22 18:30:52.631522816,2026-01-22,False
imap_idex_l1b_sci-10days_20260120_v001.0004.cdf,531,822379004064612736,2026-01-22T18:35:34.880612736,HS ADC0I trigger (TOF HG),HGThreshold,0.171955, ,-1e+31, ,-1e+31,2026-01-22 18:35:34.880612736,2026-01-22,False
imap_idex_l1b_sci-10days_20260120_v001.0004.cdf,532,822379011563766144,2026-01-22T18:35:42.379766144,HS ADC0I trigger (TOF HG),HGThreshold,0.171955, ,-1e+31, ,-1e+31,2026-01-22 18:35:42.379766144,2026-01-22,False
imap_idex_l1b_sci-10days_20260120_v001.0004.cdf,533,822379051731770624,2026-01-22T18:36:22.547770624,HS ADC0I trigger (TOF HG),HGThreshold,0.171955, ,-1e+31, ,-1e+31,2026-01-22 18:36:22.547770624,2026-01-22,False
imap_idex_l1b_sci-10days_20260120_v001.0004.cdf,534,822379056946825984,2026-01-22T18:36:27.762825984,HS ADC0I trigger (TOF HG),HGThreshold,0.171955, ,-1e+31, ,-1e+31,2026-01-22 18:36:27.762825984,2026-01-22,False
imap_idex_l1b_sci-10days_20260120_v001.0004.cdf,535,822379123765926656,2026-01-22T18:37:34.581926656,HS ADC0I trigger (TOF HG),HGThreshold,0.171955, ,-1e+31, ,-1e+31,2026-01-22 18:37:34.581926656,2026-01-22,False
imap_idex_l1b_sci-10days_20260120_v001.0004.cdf,536,822379247068717568,2026-01-22T18:39:37.884717568,HS ADC0I trigger (TOF HG),HGThreshold,0.171955, ,-1e+31, ,-1e+31,2026-01-22 18:39:37.884717568,2026-01-22,False
imap_idex_l1b_sci-10days_20260120_v001.0004.cdf,537,822379694190501376,2026-01-22T18:47:05.006501376,HS ADC0I trigger (TOF HG),HGThreshold,0.171955, ,-1e+31, ,-1e+31,2026-01-22 18:47:05.006501376,2026-01-22,False
imap_idex_l1b_sci-10days_20260120_v001.0004.cdf,538,822379943550340480,2026-01-22T18:51:14.366340480,HS ADC0I trigger (TOF HG),HGThreshold,0.171955, ,-1e+31, ,-1e+31,2026-01-22 18:51:14.366340480,2026-01-22,False
imap_idex_l1b_sci-10days_20260120_v001.0004.cdf,539,822380005401225728,2026-01-22T18:52:16.217225728,HS ADC0I trigger (TOF HG),HGThreshold,0.171955, ,-1e+31, ,-1e+31,2026-01-22 18:52:16.217225728,2026-01-22,False
imap_idex_l1b_sci-10days_20260120_v001.0004.cdf,540,822380102153720064,2026-01-22T18:53:52.969720064,HS ADC0I trigger (TOF HG),HGThreshold,0.171955, ,-1e+31, ,-1e+31,2026-01-22 18:53:52.969720064,2026-01-22,False
imap_idex_l1b_sci-10days_20260120_v001.0004.cdf,541,822380870543179136,2026-01-22T19:06:41.359179136,HS ADC0I trigger (TOF HG),HGThreshold,0.171955, ,-1e+31, ,-1e+31,2026-01-22 19:06:41.359179136,2026-01-22,False
imap_idex_l1b_sci-10days_20260120_v001.0004.cdf,542,822381040247548800,2026-01-22T19:09:31.063548800,HS ADC0I trigger (TOF HG),HGThreshold,0.171955, ,-1e+31, ,-1e+31,2026-01-22 19:09:31.063548800,2026-01-22,False
imap_idex_l1b_sci-10days_20260120_v001.0004.cdf,543,822381592890019200,2026-01-22T19:18:43.706019200,HS ADC0I trigger (TOF HG),HGThreshold,0.171955, ,-1e+31, ,-1e+31,2026-01-22 19:18:43.706019200,2026-01-22,False
imap_idex_l1b_sci-10days_20260120_v001.0004.cdf,544,822381630123386112,2026-01-22T19:19:20.939386112,HS ADC0I trigger (TOF HG),HGThreshold,0.171955, ,-1e+31, ,-1e+31,2026-01-22 19:19:20.939386112,2026-01-22,False
imap_idex_l1b_sci-10days_20260120_v001.0004.cdf,545,822382471179380992,2026-01-22T19:33:21.995380992,HS ADC0I trigger (TOF HG),HGThreshold,0.171955, ,-1e+31, ,-1e+31,2026-01-22 19:33:21.995380992,2026-01-22,False
imap_idex_l1b_sci-10days_20260120_v001.0004.cdf,546,822382570829732736,2026-01-22T19:35:01.645732736,HS ADC0I trigger (TOF HG),HGThreshold,0.171955, ,-1e+31, ,-1e+31,2026-01-22 19:35:01.645732736,2026-01-22,False
imap_idex_l1b_sci-10days_20260120_v001.0004.cdf,547,822382796239773056,2026-01-22T19:38:47.055773056,HS ADC0I trigger (TOF HG),HGThreshold,0.171955, ,-1e+31, ,-1e+31,2026-01-22 19:38:47.055773056,2026-01-22,False
imap_idex_l1b_sci-10days_20260120_v001.0004.cdf,548,822382854253261568,2026-01-22T19:39:45.069261568,HS ADC0I trigger (TOF HG),HGThreshold,0.171955, ,-1e+31, ,-1e+31,2026-01-22 19:39:45.069261568,2026-01-22,False
imap_idex_l1b_sci-10days_20260120_v001.0004.cdf,549,822383247653533056,2026-01-22T19:46:18.469533056,HS ADC0I trigger (TOF HG),HGThreshold,0.171955, ,-1e+31, ,-1e+31,2026-01-22 19:46:18.469533056,2026-01-22,False
imap_idex_l1b_sci-10days_20260120_v001.0004.cdf,550,822384401047471232,2026-01-22T20:05:31.863471232,HS ADC0I trigger (TOF HG),HGThreshold,0.171955, ,-1e+31, ,-1e+31,2026-01-22 20:05:31.863471232,2026-01-22,False
imap_idex_l1b_sci-10days_20260120_v001.0004.cdf,551,822384437014479360,2026-01-22T20:06:07.830479360,HS ADC0I trigger (TOF HG),HGThreshold,0.171955, ,-1e+31, ,-1e+31,2026-01-22 20:06:07.830479360,2026-01-22,False
imap_idex_l1b_sci-10days_20260120_v001.0004.cdf,552,822384964502172160,2026-01-22T20:14:55.318172160,HS ADC0I trigger (TOF HG),HGThreshold,0.171955, ,-1e+31, ,-1e+31,2026-01-22 20:14:55.318172160,2026-01-22,False
imap_idex_l1b_sci-10days_20260120_v001.0004.cdf,553,822385857145201152,2026-01-22T20:29:47.961201152,HS ADC0I trigger (TOF HG),HGThreshold,0.171955, ,-1e+31, ,-1e+31,2026-01-22 20:29:47.961201152,2026-01-22,False
imap_idex_l1b_sci-10days_20260120_v001.0004.cdf,554,822386016786139776,2026-01-22T20:32:27.602139776,HS ADC0I trigger (TOF HG),HGThreshold,0.171955, ,-1e+31, ,-1e+31,2026-01-22 20:32:27.602139776,2026-01-22,False
imap_idex_l1b_sci-10days_20260120_v001.0004.cdf,555,822386342352611328,2026-01-22T20:37:53.168611328,HS ADC0I trigger (TOF HG),HGThreshold,0.171955, ,-1e+31, ,-1e+31,2026-01-22 20:37:53.168611328,2026-01-22,False
imap_idex_l1b_sci-10days_20260120_v001.0004.cdf,556,822386896724900096,2026-01-22T20:47:07.540900096,HS ADC0I trigger (TOF HG),HGThreshold,0.171955, ,-1e+31, ,-1e+31,2026-01-22 20:47:07.540900096,2026-01-22,False
imap_idex_l1b_sci-10days_20260120_v001.0004.cdf,557,822387090812668160,2026-01-22T20:50:21.628668160,HS ADC0I trigger (TOF HG),HGThreshold,0.171955, ,-1e+31, ,-1e+31,2026-01-22 20:50:21.628668160,2026-01-22,False
imap_idex_l1b_sci-10days_20260120_v001.0004.cdf,558,822388443026130176,2026-01-22T21:12:53.842130176,HS ADC0I trigger (TOF HG),HGThreshold,0.171955, ,-1e+31, ,-1e+31,2026-01-22 21:12:53.842130176,2026-01-22,False
imap_idex_l1b_sci-10days_20260120_v001.0004.cdf,559,822388948697502080,2026-01-22T21:21:19.513502080,HS ADC0I trigger (TOF HG),HGThreshold,0.171955, ,-1e+31, ,-1e+31,2026-01-22 21:21:19.513502080,2026-01-22,False
imap_idex_l1b_sci-10days_20260120_v001.0004.cdf,560,822389442534124672,2026-01-22T21:29:33.350124672,HS ADC0I trigger (TOF HG),HGThreshold,0.171955, ,-1e+31, ,-1e+31,2026-01-22 21:29:33.350124672,2026-01-22,False
imap_idex_l1b_sci-10days_20260120_v001.0004.cdf,561,822389803022025344,2026-01-22T21:35:33.838025344,HS ADC0I trigger (TOF HG),HGThreshold,0.171955, ,-1e+31, ,-1e+31,2026-01-22 21:35:33.838025344,2026-01-22,False
imap_idex_l1b_sci-10days_20260120_v001.0004.cdf,562,822390150323377664,2026-01-22T21:41:21.139377664,HS ADC0I trigger (TOF HG),HGThreshold,0.171955, ,-1e+31, ,-1e+31,2026-01-22 21:41:21.139377664,2026-01-22,False
imap_idex_l1b_sci-10days_20260120_v001.0004.cdf,563,822390353406737536,2026-01-22T21:44:44.222737536,HS ADC0I trigger (TOF HG),HGThreshold,0.171955, ,-1e+31, ,-1e+31,2026-01-22 21:44:44.222737536,2026-01-22,False
imap_idex_l1b_sci-10days_20260120_v001.0004.cdf,564,822390647003117440,2026-01-22T21:49:37.819117440,HS ADC0I trigger (TOF HG),HGThreshold,0.171955, ,-1e+31, ,-1e+31,2026-01-22 21:49:37.819117440,2026-01-22,False
imap_idex_l1b_sci-10days_20260120_v001.0004.cdf,565,822390818358685696,2026-01-22T21:52:29.174685696,HS ADC0I trigger (TOF HG),HGThreshold,0.171955, ,-1e+31, ,-1e+31,2026-01-22 21:52:29.174685696,2026-01-22,False
imap_idex_l1b_sci-10days_20260120_v001.0004.cdf,566,822391047436862848,2026-01-22T21:56:18.252862848,HS ADC0I trigger (TOF HG),HGThreshold,0.171955, ,-1e+31, ,-1e+31,2026-01-22 21:56:18.252862848,2026-01-22,False
imap_idex_l1b_sci-10days_20260120_v001.0004.cdf,567,822391248966004224,2026-01-22T21:59:39.782004224,HS ADC0I trigger (TOF HG),HGThreshold,0.171955, ,-1e+31, ,-1e+31,2026-01-22 21:59:39.782004224,2026-01-22,False
imap_idex_l1b_sci-10days_20260120_v001.0004.cdf,568,822391821411616896,2026-01-22T22:09:12.227616896,HS ADC0I trigger (TOF HG),HGThreshold,0.171955, ,-1e+31, ,-1e+31,2026-01-22 22:09:12.227616896,2026-01-22,False
imap_idex_l1b_sci-10days_20260120_v001.0004.cdf,569,822392024932036608,2026-01-22T22:12:35.748036608,HS ADC0I trigger (TOF HG),HGThreshold,0.171955, ,-1e+31, ,-1e+31,2026-01-22 22:12:35.748036608,2026-01-22,False
imap_idex_l1b_sci-10days_20260120_v001.0004.cdf,570,822392060534585216,2026-01-22T22:13:11.350585216,HS ADC0I trigger (TOF HG),HGThreshold,0.171955, ,-1e+31, ,-1e+31,2026-01-22 22:13:11.350585216,2026-01-22,False
imap_idex_l1b_sci-10days_20260120_v001.0004.cdf,571,822392222551781632,2026-01-22T22:15:53.367781632,HS ADC0I trigger (TOF HG),HGThreshold,0.171955, ,-1e+31, ,-1e+31,2026-01-22 22:15:53.367781632,2026-01-22,False
imap_idex_l1b_sci-10days_20260120_v001.0004.cdf,572,822393835452752768,2026-01-22T22:42:46.268752768,HS ADC0I trigger (TOF HG),HGThreshold,0.171955, ,-1e+31, ,-1e+31,2026-01-22 22:42:46.268752768,2026-01-22,False
imap_idex_l1b_sci-10days_20260120_v001.0004.cdf,573,822394578889393920,2026-01-22T22:55:09.705393920,HS ADC0I trigger (TOF HG),HGThreshold,0.171955, ,-1e+31, ,-1e+31,2026-01-22 22:55:09.705393920,2026-01-22,False
imap_idex_l1b_sci-10days_20260120_v001.0004.cdf,574,822394901925507840,2026-01-22T23:00:32.741507840,HS ADC0I trigger (TOF HG),HGThreshold,0.171955, ,-1e+31, ,-1e+31,2026-01-22 23:00:32.741507840,2026-01-22,False
imap_idex_l1b_sci-10days_20260120_v001.0004.cdf,575,822395027373256704,2026-01-22T23:02:38.189256704,HS ADC0I trigger (TOF HG),HGThreshold,0.171955, ,-1e+31, ,-1e+31,2026-01-22 23:02:38.189256704,2026-01-22,False
imap_idex_l1b_sci-10days_20260120_v001.0004.cdf,576,822395598909330304,2026-01-22T23:12:09.725330304,HS ADC0I trigger (TOF HG),HGThreshold,0.171955, ,-1e+31, ,-1e+31,2026-01-22 23:12:09.725330304,2026-01-22,False
imap_idex_l1b_sci-10days_20260120_v001.0004.cdf,577,822395733810670720,2026-01-22T23:14:24.626670720,HS ADC0I trigger (TOF HG),HGThreshold,0.171955, ,-1e+31, ,-1e+31,2026-01-22 23:14:24.626670720,2026-01-22,False
imap_idex_l1b_sci-10days_20260120_v001.0004.cdf,578,822395986311027072,2026-01-22T23:18:37.127027072,HS ADC0I trigger (TOF HG),HGThreshold,0.171955, ,-1e+31, ,-1e+31,2026-01-22 23:18:37.127027072,2026-01-22,False
imap_idex_l1b_sci-10days_20260120_v001.0004.cdf,579,822397016538354304,2026-01-22T23:35:47.354354304,HS ADC0I trigger (TOF HG),HGThreshold,0.171955, ,-1e+31, ,-1e+31,2026-01-22 23:35:47.354354304,2026-01-22,False
imap_idex_l1b_sci-10days_20260120_v001.0004.cdf,580,822397306157277696,2026-01-22T23:40:36.973277696,HS ADC0I trigger (TOF HG),HGThreshold,0.171955, ,-1e+31, ,-1e+31,2026-01-22 23:40:36.973277696,2026-01-22,False
imap_idex_l1b_sci-10days_20260120_v001.0004.cdf,581,822397473953448960,2026-01-22T23:43:24.769448960,HS ADC0I trigger (TOF HG),HGThreshold,0.171955, ,-1e+31, ,-1e+31,2026-01-22 23:43:24.769448960,2026-01-22,False
imap_idex_l1b_sci-10days_20260120_v001.0004.cdf,582,822397557517374976,2026-01-22T23:44:48.333374976,HS ADC0I trigger (TOF HG),HGThreshold,0.171955, ,-1e+31, ,-1e+31,2026-01-22 23:44:48.333374976,2026-01-22,False
imap_idex_l1b_sci-10days_20260120_v001.0004.cdf,583,822397640391981440,2026-01-22T23:46:11.207981440,HS ADC0I trigger (TOF HG),HGThreshold,0.171955, ,-1e+31, ,-1e+31,2026-01-22 23:46:11.207981440,2026-01-22,False
imap_idex_l1b_sci-10days_20260120_v001.0004.cdf,584,822397731951460352,2026-01-22T23:47:42.767460352,HS ADC0I trigger (TOF HG),HGThreshold,0.171955, ,-1e+31, ,-1e+31,2026-01-22 23:47:42.767460352,2026-01-22,False
imap_idex_l1b_sci-10days_20260120_v001.0004.cdf,585,822398102102792448,2026-01-22T23:53:52.918792448,HS ADC0I trigger (TOF HG),HGThreshold,0.171955, ,-1e+31, ,-1e+31,2026-01-22 23:53:52.918792448,2026-01-22,False
imap_idex_l1b_sci-10days_20260120_v001.0004.cdf,586,822398381781684608,2026-01-22T23:58:32.597684608,HS ADC0I trigger (TOF HG),HGThreshold,0.171955, ,-1e+31, ,-1e+31,2026-01-22 23:58:32.597684608,2026-01-22,False
imap_idex_l1b_sci-10days_20260120_v001.0004.cdf,587,822398541948282752,2026-01-23T00:01:12.764282752,HS ADC0I trigger (TOF HG),HGThreshold,0.171955, ,-1e+31, ,-1e+31,2026-01-23 00:01:12.764282752,2026-01-23,False
imap_idex_l1b_sci-10days_20260120_v001.0004.cdf,588,822398966777866496,2026-01-23T00:08:17.593866496,HS ADC0I trigger (TOF HG),HGThreshold,0.171955, ,-1e+31, ,-1e+31,2026-01-23 00:08:17.593866496,2026-01-23,False
imap_idex_l1b_sci-10days_20260120_v001.0004.cdf,589,822399046346535936,2026-01-23T00:09:37.162535936,HS ADC0I trigger (TOF HG),HGThreshold,0.171955, ,-1e+31, ,-1e+31,2026-01-23 00:09:37.162535936,2026-01-23,False
imap_idex_l1b_sci-10days_20260120_v001.0004.cdf,590,822400034216880768,2026-01-23T00:26:05.032880768,HS ADC0I trigger (TOF HG),HGThreshold,0.171955, ,-1e+31, ,-1e+31,2026-01-23 00:26:05.032880768,2026-01-23,False
imap_idex_l1b_sci-10days_20260120_v001.0004.cdf,591,822400267215954304,2026-01-23T00:29:58.031954304,HS ADC0I trigger (TOF HG),HGThreshold,0.171955, ,-1e+31, ,-1e+31,2026-01-23 00:29:58.031954304,2026-01-23,False
imap_idex_l1b_sci-10days_20260120_v001.0004.cdf,592,822400407747549824,2026-01-23T00:32:18.563549824,HS ADC0I trigger (TOF HG),HGThreshold,0.171955, ,-1e+31, ,-1e+31,2026-01-23 00:32:18.563549824,2026-01-23,False
imap_idex_l1b_sci-10days_20260120_v001.0004.cdf,593,822401091937563520,2026-01-23T00:43:42.753563520,HS ADC0I trigger (TOF HG),HGThreshold,0.171955, ,-1e+31, ,-1e+31,2026-01-23 00:43:42.753563520,2026-01-23,False
imap_idex_l1b_sci-10days_20260120_v001.0004.cdf,594,822401513995909632,2026-01-23T00:50:44.811909632,HS ADC0I trigger (TOF HG),HGThreshold,0.171955, ,-1e+31, ,-1e+31,2026-01-23 00:50:44.811909632,2026-01-23,False
imap_idex_l1b_sci-10days_20260120_v001.0004.cdf,595,822401760770551040,2026-01-23T00:54:51.586551040,HS ADC0I trigger (TOF HG),HGThreshold,0.171955, ,-1e+31, ,-1e+31,2026-01-23 00:54:51.586551040,2026-01-23,False
imap_idex_l1b_sci-10days_20260120_v001.0004.cdf,596,822401805286911616,2026-01-23T00:55:36.102911616,HS ADC0I trigger (TOF HG),HGThreshold,0.171955, ,-1e+31, ,-1e+31,2026-01-23 00:55:36.102911616,2026-01-23,False
imap_idex_l1b_sci-10days_20260120_v001.0004.cdf,597,822401883455682304,2026-01-23T00:56:54.271682304,HS ADC0I trigger (TOF HG),HGThreshold,0.171955, ,-1e+31, ,-1e+31,2026-01-23 00:56:54.271682304,2026-01-23,False
imap_idex_l1b_sci-10days_20260120_v001.0004.cdf,598,822402984535527680,2026-01-23T01:15:15.351527680,HS ADC0I trigger (TOF HG),HGThreshold,0.171955, ,-1e+31, ,-1e+31,2026-01-23 01:15:15.351527680,2026-01-23,False
imap_idex_l1b_sci-10days_20260120_v001.0004.cdf,599,822403080860822400,2026-01-23T01:16:51.676822400,HS ADC0I trigger (TOF HG),HGThreshold,0.171955, ,-1e+31, ,-1e+31,2026-01-23 01:16:51.676822400,2026-01-23,False
imap_idex_l1b_sci-10days_20260120_v001.0004.cdf,600,822403434140289664,2026-01-23T01:22:44.956289664,HS ADC0I trigger (TOF HG),HGThreshold,0.171955, ,-1e+31, ,-1e+31,2026-01-23 01:22:44.956289664,2026-01-23,False
imap_idex_l1b_sci-10days_20260120_v001.0004.cdf,601,822404941957554688,2026-01-23T01:47:52.773554688,HS ADC0I trigger (TOF HG),HGThreshold,0.171955, ,-1e+31, ,-1e+31,2026-01-23 01:47:52.773554688,2026-01-23,False
imap_idex_l1b_sci-10days_20260120_v001.0004.cdf,602,822405268467585664,2026-01-23T01:53:19.283585664,HS ADC0I trigger (TOF HG),HGThreshold,0.171955, ,-1e+31, ,-1e+31,2026-01-23 01:53:19.283585664,2026-01-23,False
imap_idex_l1b_sci-10days_20260120_v001.0004.cdf,603,822405275952759040,2026-01-23T01:53:26.768759040,HS ADC0I trigger (TOF HG),HGThreshold,0.171955, ,-1e+31, ,-1e+31,2026-01-23 01:53:26.768759040,2026-01-23,False
imap_idex_l1b_sci-10days_20260120_v001.0004.cdf,604,822406108948061568,2026-01-23T02:07:19.764061568,HS ADC0I trigger (TOF HG),HGThreshold,0.171955, ,-1e+31, ,-1e+31,2026-01-23 02:07:19.764061568,2026-01-23,False
imap_idex_l1b_sci-10days_20260120_v001.0004.cdf,605,822406143298491136,2026-01-23T02:07:54.114491136,HS ADC0I trigger (TOF HG),HGThreshold,0.171955, ,-1e+31, ,-1e+31,2026-01-23 02:07:54.114491136,2026-01-23,False
imap_idex_l1b_sci-10days_20260120_v001.0004.cdf,606,822406246490399744,2026-01-23T02:09:37.306399744,HS ADC0I trigger (TOF HG),HGThreshold,0.171955, ,-1e+31, ,-1e+31,2026-01-23 02:09:37.306399744,2026-01-23,False
imap_idex_l1b_sci-10days_20260120_v001.0004.cdf,607,822406503354012416,2026-01-23T02:13:54.170012416,HS ADC0I trigger (TOF HG),HGThreshold,0.171955, ,-1e+31, ,-1e+31,2026-01-23 02:13:54.170012416,2026-01-23,False
imap_idex_l1b_sci-10days_20260120_v001.0004.cdf,608,822407138328030080,2026-01-23T02:24:29.144030080,HS ADC0I trigger (TOF HG),HGThreshold,0.171955, ,-1e+31, ,-1e+31,2026-01-23 02:24:29.144030080,2026-01-23,False
imap_idex_l1b_sci-10days_20260120_v001.0004.cdf,609,822407923141015296,2026-01-23T02:37:33.957015296,HS ADC0I trigger (TOF HG),HGThreshold,0.171955, ,-1e+31, ,-1e+31,2026-01-23 02:37:33.957015296,2026-01-23,False
imap_idex_l1b_sci-10days_20260120_v001.0004.cdf,610,822408657116145536,2026-01-23T02:49:47.932145536,HS ADC0I trigger (TOF HG),HGThreshold,0.171955, ,-1e+31, ,-1e+31,2026-01-23 02:49:47.932145536,2026-01-23,False
imap_idex_l1b_sci-10days_20260120_v001.0004.cdf,611,822410316055316736,2026-01-23T03:17:26.871316736,HS ADC0I trigger (TOF HG),HGThreshold,0.171955, ,-1e+31, ,-1e+31,2026-01-23 03:17:26.871316736,2026-01-23,False
imap_idex_l1b_sci-10days_20260120_v001.0004.cdf,612,822410716559622016,2026-01-23T03:24:07.375622016,HS ADC0I trigger (TOF HG),HGThreshold,0.171955, ,-1e+31, ,-1e+31,2026-01-23 03:24:07.375622016,2026-01-23,False
imap_idex_l1b_sci-10days_20260120_v001.0004.cdf,613,822412193147574784,2026-01-23T03:48:43.963574784,HS ADC0I trigger (TOF HG),HGThreshold,0.171955, ,-1e+31, ,-1e+31,2026-01-23 03:48:43.963574784,2026-01-23,False
imap_idex_l1b_sci-10days_20260120_v001.0004.cdf,614,822412354280492160,2026-01-23T03:51:25.096492160,HS ADC0I trigger (TOF HG),HGThreshold,0.171955, ,-1e+31, ,-1e+31,2026-01-23 03:51:25.096492160,2026-01-23,False
imap_idex_l1b_sci-10days_20260120_v001.0004.cdf,615,822413045866839808,2026-01-23T04:02:56.682839808,HS ADC0I trigger (TOF HG),HGThreshold,0.171955, ,-1e+31, ,-1e+31,2026-01-23 04:02:56.682839808,2026-01-23,False
imap_idex_l1b_sci-10days_20260120_v001.0004.cdf,616,822413151938065920,2026-01-23T04:04:42.754065920,HS ADC0I trigger (TOF HG),HGThreshold,0.171955, ,-1e+31, ,-1e+31,2026-01-23 04:04:42.754065920,2026-01-23,False
imap_idex_l1b_sci-10days_20260120_v001.0004.cdf,617,822413649140805632,2026-01-23T04:12:59.956805632,HS ADC0I trigger (TOF HG),HGThreshold,0.171955, ,-1e+31, ,-1e+31,2026-01-23 04:12:59.956805632,2026-01-23,False
imap_idex_l1b_sci-10days_20260120_v001.0004.cdf,618,822413727858316032,2026-01-23T04:14:18.674316032,HS ADC0I trigger (TOF HG),HGThreshold,0.171955, ,-1e+31, ,-1e+31,2026-01-23 04:14:18.674316032,2026-01-23,False
imap_idex_l1b_sci-10days_20260120_v001.0004.cdf,619,822413815316698496,2026-01-23T04:15:46.132698496,HS ADC0I trigger (TOF HG),HGThreshold,0.171955, ,-1e+31, ,-1e+31,2026-01-23 04:15:46.132698496,2026-01-23,False
imap_idex_l1b_sci-10days_20260120_v001.0004.cdf,620,822414096462029568,2026-01-23T04:20:27.278029568,HS ADC0I trigger (TOF HG),HGThreshold,0.171955, ,-1e+31, ,-1e+31,2026-01-23 04:20:27.278029568,2026-01-23,False
imap_idex_l1b_sci-10days_20260120_v001.0004.cdf,621,822415132609632256,2026-01-23T04:37:43.425632256,HS ADC0I trigger (TOF HG),HGThreshold,0.171955, ,-1e+31, ,-1e+31,2026-01-23 04:37:43.425632256,2026-01-23,False
imap_idex_l1b_sci-10days_20260120_v001.0004.cdf,622,822418157173634432,2026-01-23T05:28:07.989634432,HS ADC0I trigger (TOF HG),HGThreshold,0.171955, ,-1e+31, ,-1e+31,2026-01-23 05:28:07.989634432,2026-01-23,False
imap_idex_l1b_sci-10days_20260120_v001.0004.cdf,623,822418679006792448,2026-01-23T05:36:49.822792448,HS ADC0I trigger (TOF HG),HGThreshold,0.171955, ,-1e+31, ,-1e+31,2026-01-23 05:36:49.822792448,2026-01-23,False
imap_idex_l1b_sci-10days_20260120_v001.0004.cdf,624,822418980028165888,2026-01-23T05:41:50.844165888,HS ADC0I trigger (TOF HG),HGThreshold,0.171955, ,-1e+31, ,-1e+31,2026-01-23 05:41:50.844165888,2026-01-23,False
imap_idex_l1b_sci-10days_20260120_v001.0004.cdf,625,822419128077915008,2026-01-23T05:44:18.893915008,HS ADC0I trigger (TOF HG),HGThreshold,0.171955, ,-1e+31, ,-1e+31,2026-01-23 05:44:18.893915008,2026-01-23,False
imap_idex_l1b_sci-10days_20260120_v001.0004.cdf,626,822419289725711872,2026-01-23T05:47:00.541711872,HS ADC0I trigger (TOF HG),HGThreshold,0.171955, ,-1e+31, ,-1e+31,2026-01-23 05:47:00.541711872,2026-01-23,False
imap_idex_l1b_sci-10days_20260120_v001.0004.cdf,627,822419399543154432,2026-01-23T05:48:50.359154432,HS ADC0I trigger (TOF HG),HGThreshold,0.171955, ,-1e+31, ,-1e+31,2026-01-23 05:48:50.359154432,2026-01-23,False
imap_idex_l1b_sci-10days_20260120_v001.0004.cdf,628,822421146692547712,2026-01-23T06:17:57.508547712,HS ADC0I trigger (TOF HG),HGThreshold,0.171955, ,-1e+31, ,-1e+31,2026-01-23 06:17:57.508547712,2026-01-23,False
imap_idex_l1b_sci-10days_20260120_v001.0004.cdf,629,822421490757403008,2026-01-23T06:23:41.573403008,HS ADC0I trigger (TOF HG),HGThreshold,0.171955, ,-1e+31, ,-1e+31,2026-01-23 06:23:41.573403008,2026-01-23,False
imap_idex_l1b_sci-10days_20260120_v001.0004.cdf,630,822421923954159488,2026-01-23T06:30:54.770159488,HS ADC0I trigger (TOF HG),HGThreshold,0.171955, ,-1e+31, ,-1e+31,2026-01-23 06:30:54.770159488,2026-01-23,False
imap_idex_l1b_sci-10days_20260120_v001.0004.cdf,631,822422467590958080,2026-01-23T06:39:58.406958080,HS ADC0I trigger (TOF HG),HGThreshold,0.171955, ,-1e+31, ,-1e+31,2026-01-23 06:39:58.406958080,2026-01-23,False
imap_idex_l1b_sci-10days_20260120_v001.0004.cdf,632,822422581140537600,2026-01-23T06:41:51.956537600,HS ADC0I trigger (TOF HG),HGThreshold,0.171955, ,-1e+31, ,-1e+31,2026-01-23 06:41:51.956537600,2026-01-23,False
imap_idex_l1b_sci-10days_20260120_v001.0004.cdf,633,822423087752249088,2026-01-23T06:50:18.568249088,HS ADC0I trigger (TOF HG),HGThreshold,0.171955, ,-1e+31, ,-1e+31,2026-01-23 06:50:18.568249088,2026-01-23,False
imap_idex_l1b_sci-10days_20260120_v001.0004.cdf,634,822423759275934592,2026-01-23T07:01:30.091934592,HS ADC0I trigger (TOF HG),HGThreshold,0.171955, ,-1e+31, ,-1e+31,2026-01-23 07:01:30.091934592,2026-01-23,False
imap_idex_l1b_sci-10days_20260120_v001.0004.cdf,635,822425204737014784,2026-01-23T07:25:35.553014784,HS ADC0I trigger (TOF HG),HGThreshold,0.171955, ,-1e+31, ,-1e+31,2026-01-23 07:25:35.553014784,2026-01-23,False
imap_idex_l1b_sci-10days_20260120_v001.0004.cdf,636,822425261697824512,2026-01-23T07:26:32.513824512,HS ADC0I trigger (TOF HG),HGThreshold,0.171955, ,-1e+31, ,-1e+31,2026-01-23 07:26:32.513824512,2026-01-23,False
imap_idex_l1b_sci-10days_20260120_v001.0004.cdf,637,822426220743915264,2026-01-23T07:42:31.559915264,HS ADC0I trigger (TOF HG),HGThreshold,0.171955, ,-1e+31, ,-1e+31,2026-01-23 07:42:31.559915264,2026-01-23,False
imap_idex_l1b_sci-10days_20260120_v001.0004.cdf,638,822427302890637312,2026-01-23T08:00:33.706637312,HS ADC0I trigger (TOF HG),HGThreshold,0.171955, ,-1e+31, ,-1e+31,2026-01-23 08:00:33.706637312,2026-01-23,False
imap_idex_l1b_sci-10days_20260120_v001.0004.cdf,639,822427497573604864,2026-01-23T08:03:48.389604864,HS ADC0I trigger (TOF HG),HGThreshold,0.171955, ,-1e+31, ,-1e+31,2026-01-23 08:03:48.389604864,2026-01-23,False
imap_idex_l1b_sci-10days_20260120_v001.0004.cdf,640,822428017996384128,2026-01-23T08:12:28.812384128,HS ADC0I trigger (TOF HG),HGThreshold,0.171955, ,-1e+31, ,-1e+31,2026-01-23 08:12:28.812384128,2026-01-23,False
imap_idex_l1b_sci-10days_20260120_v001.0004.cdf,641,822428630975561344,2026-01-23T08:22:41.791561344,HS ADC0I trigger (TOF HG),HGThreshold,0.171955, ,-1e+31, ,-1e+31,2026-01-23 08:22:41.791561344,2026-01-23,False
imap_idex_l1b_sci-10days_20260120_v001.0004.cdf,642,822432614657294336,2026-01-23T09:29:05.473294336,HS ADC0I trigger (TOF HG),HGThreshold,0.171955, ,-1e+31, ,-1e+31,2026-01-23 09:29:05.473294336,2026-01-23,False
imap_idex_l1b_sci-10days_20260120_v001.0004.cdf,643,822432722350459136,2026-01-23T09:30:53.166459136,HS ADC0I trigger (TOF HG),HGThreshold,0.171955, ,-1e+31, ,-1e+31,2026-01-23 09:30:53.166459136,2026-01-23,False
imap_idex_l1b_sci-10days_20260120_v001.0004.cdf,644,822432748192496000,2026-01-23T09:31:19.008496000,HS ADC0I trigger (TOF HG),HGThreshold,0.171955, ,-1e+31, ,-1e+31,2026-01-23 09:31:19.008496000,2026-01-23,False
imap_idex_l1b_sci-10days_20260120_v001.0004.cdf,645,822432963771705216,2026-01-23T09:34:54.587705216,HS ADC0I trigger (TOF HG),HGThreshold,0.171955, ,-1e+31, ,-1e+31,2026-01-23 09:34:54.587705216,2026-01-23,False
imap_idex_l1b_sci-10days_20260120_v001.0004.cdf,646,822433041701356288,2026-01-23T09:36:12.517356288,HS ADC0I trigger (TOF HG),HGThreshold,0.171955, ,-1e+31, ,-1e+31,2026-01-23 09:36:12.517356288,2026-01-23,False
imap_idex_l1b_sci-10days_20260120_v001.0004.cdf,647,822433054952084480,2026-01-23T09:36:25.768084480,HS ADC0I trigger (TOF HG),HGThreshold,0.171955, ,-1e+31, ,-1e+31,2026-01-23 09:36:25.768084480,2026-01-23,False
imap_idex_l1b_sci-10days_20260120_v001.0004.cdf,648,822433264055119488,2026-01-23T09:39:54.871119488,HS ADC0I trigger (TOF HG),HGThreshold,0.171955, ,-1e+31, ,-1e+31,2026-01-23 09:39:54.871119488,2026-01-23,False
imap_idex_l1b_sci-10days_20260120_v001.0004.cdf,649,822433759296440960,2026-01-23T09:48:10.112440960,HS ADC0I trigger (TOF HG),HGThreshold,0.171955, ,-1e+31, ,-1e+31,2026-01-23 09:48:10.112440960,2026-01-23,False
imap_idex_l1b_sci-10days_20260120_v001.0004.cdf,650,822435508645432192,2026-01-23T10:17:19.461432192,HS ADC0I trigger (TOF HG),HGThreshold,0.171955, ,-1e+31, ,-1e+31,2026-01-23 10:17:19.461432192,2026-01-23,False
imap_idex_l1b_sci-10days_20260120_v001.0004.cdf,651,822435750134618240,2026-01-23T10:21:20.950618240,HS ADC0I trigger (TOF HG),HGThreshold,0.171955, ,-1e+31, ,-1e+31,2026-01-23 10:21:20.950618240,2026-01-23,False
imap_idex_l1b_sci-10days_20260120_v001.0004.cdf,652,822436105806923392,2026-01-23T10:27:16.622923392,HS ADC0I trigger (TOF HG),HGThreshold,0.171955, ,-1e+31, ,-1e+31,2026-01-23 10:27:16.622923392,2026-01-23,False
imap_idex_l1b_sci-10days_20260120_v001.0004.cdf,653,822437107032756992,2026-01-23T10:43:57.848756992,HS ADC0I trigger (TOF HG),HGThreshold,0.171955, ,-1e+31, ,-1e+31,2026-01-23 10:43:57.848756992,2026-01-23,False
imap_idex_l1b_sci-10days_20260120_v001.0004.cdf,654,822437949334571264,2026-01-23T10:58:00.150571264,HS ADC0I trigger (TOF HG),HGThreshold,0.171955, ,-1e+31, ,-1e+31,2026-01-23 10:58:00.150571264,2026-01-23,False
imap_idex_l1b_sci-10days_20260120_v001.0004.cdf,655,822438371050317824,2026-01-23T11:05:01.866317824,HS ADC0I trigger (TOF HG),HGThreshold,0.171955, ,-1e+31, ,-1e+31,2026-01-23 11:05:01.866317824,2026-01-23,False
imap_idex_l1b_sci-10days_20260120_v001.0004.cdf,656,822439188886633728,2026-01-23T11:18:39.702633728,HS ADC0I trigger (TOF HG),HGThreshold,0.171955, ,-1e+31, ,-1e+31,2026-01-23 11:18:39.702633728,2026-01-23,False
imap_idex_l1b_sci-10days_20260120_v001.0004.cdf,657,822439306063370112,2026-01-23T11:20:36.879370112,HS ADC0I trigger (TOF HG),HGThreshold,0.171955, ,-1e+31, ,-1e+31,2026-01-23 11:20:36.879370112,2026-01-23,False
imap_idex_l1b_sci-10days_20260120_v001.0004.cdf,658,822439599349270400,2026-01-23T11:25:30.165270400,HS ADC0I trigger (TOF HG),HGThreshold,0.171955, ,-1e+31, ,-1e+31,2026-01-23 11:25:30.165270400,2026-01-23,False
imap_idex_l1b_sci-10days_20260120_v001.0004.cdf,659,822440307450103424,2026-01-23T11:37:18.266103424,HS ADC0I trigger (TOF HG),HGThreshold,0.171955, ,-1e+31, ,-1e+31,2026-01-23 11:37:18.266103424,2026-01-23,False
imap_idex_l1b_sci-10days_20260120_v001.0004.cdf,660,822441632009210880,2026-01-23T11:59:22.825210880,HS ADC0I trigger (TOF HG),HGThreshold,0.171955, ,-1e+31, ,-1e+31,2026-01-23 11:59:22.825210880,2026-01-23,False
imap_idex_l1b_sci-10days_20260120_v001.0004.cdf,661,822441773413585664,2026-01-23T12:01:44.229585664,HS ADC0I trigger (TOF HG),HGThreshold,0.171955, ,-1e+31, ,-1e+31,2026-01-23 12:01:44.229585664,2026-01-23,False
imap_idex_l1b_sci-10days_20260120_v001.0004.cdf,662,822485089293515392,2026-01-24T00:03:40.109515392,HS ADC0I trigger (TOF HG),HGThreshold,0.171955, ,-1e+31, ,-1e+31,2026-01-24 00:03:40.109515392,2026-01-24,False
imap_idex_l1b_sci-10days_20260120_v001.0004.cdf,663,822485377074880640,2026-01-24T00:08:27.890880640,HS ADC0I trigger (TOF HG),HGThreshold,0.171955, ,-1e+31, ,-1e+31,2026-01-24 00:08:27.890880640,2026-01-24,False
imap_idex_l1b_sci-10days_20260120_v001.0004.cdf,664,822486786946572288,2026-01-24T00:31:57.762572288,HS ADC0I trigger (TOF HG),HGThreshold,0.171955, ,-1e+31, ,-1e+31,2026-01-24 00:31:57.762572288,2026-01-24,False
imap_idex_l1b_sci-10days_20260120_v001.0004.cdf,665,822487728720118656,2026-01-24T00:47:39.536118656,HS ADC0I trigger (TOF HG),HGThreshold,0.171955, ,-1e+31, ,-1e+31,2026-01-24 00:47:39.536118656,2026-01-24,False
imap_idex_l1b_sci-10days_20260120_v001.0004.cdf,666,822488069880576512,2026-01-24T00:53:20.696576512,HS ADC0I trigger (TOF HG),HGThreshold,0.171955, ,-1e+31, ,-1e+31,2026-01-24 00:53:20.696576512,2026-01-24,False
imap_idex_l1b_sci-10days_20260120_v001.0004.cdf,667,822491756700212224,2026-01-24T01:54:47.516212224,HS ADC0I trigger (TOF HG),HGThreshold,0.171955, ,-1e+31, ,-1e+31,2026-01-24 01:54:47.516212224,2026-01-24,False
imap_idex_l1b_sci-10days_20260120_v001.0004.cdf,668,822492656758095360,2026-01-24T02:09:47.574095360,HS ADC0I trigger (TOF HG),HGThreshold,0.171955, ,-1e+31, ,-1e+31,2026-01-24 02:09:47.574095360,2026-01-24,False
imap_idex_l1b_sci-10days_20260120_v001.0004.cdf,669,822494195601752960,2026-01-24T02:35:26.417752960,HS ADC0I trigger (TOF HG),HGThreshold,0.171955, ,-1e+31, ,-1e+31,2026-01-24 02:35:26.417752960,2026-01-24,False
imap_idex_l1b_sci-10days_20260120_v001.0004.cdf,670,822495746463539968,2026-01-24T03:01:17.279539968,HS ADC0I trigger (TOF HG),HGThreshold,0.171955, ,-1e+31, ,-1e+31,2026-01-24 03:01:17.279539968,2026-01-24,False
imap_idex_l1b_sci-10days_20260120_v001.0004.cdf,671,822496526169909632,2026-01-24T03:14:16.985909632,HS ADC0I trigger (TOF HG),HGThreshold,0.171955, ,-1e+31, ,-1e+31,2026-01-24 03:14:16.985909632,2026-01-24,False
imap_idex_l1b_sci-10days_20260120_v001.0004.cdf,672,822497021623210880,2026-01-24T03:22:32.439210880,HS ADC0I trigger (TOF HG),HGThreshold,0.171955, ,-1e+31, ,-1e+31,2026-01-24 03:22:32.439210880,2026-01-24,False
imap_idex_l1b_sci-10days_20260120_v001.0004.cdf,673,822498916868093056,2026-01-24T03:54:07.684093056,HS ADC0I trigger (TOF HG),HGThreshold,0.171955, ,-1e+31, ,-1e+31,2026-01-24 03:54:07.684093056,2026-01-24,False
imap_idex_l1b_sci-10days_20260120_v001.0004.cdf,674,822499087807301632,2026-01-24T03:56:58.623301632,HS ADC0I trigger (TOF HG),HGThreshold,0.171955, ,-1e+31, ,-1e+31,2026-01-24 03:56:58.623301632,2026-01-24,False
imap_idex_l1b_sci-10days_20260120_v001.0004.cdf,675,822499647693445888,2026-01-24T04:06:18.509445888,HS ADC0I trigger (TOF HG),HGThreshold,0.171955, ,-1e+31, ,-1e+31,2026-01-24 04:06:18.509445888,2026-01-24,False
imap_idex_l1b_sci-10days_20260120_v001.0004.cdf,676,822500055024385280,2026-01-24T04:13:05.840385280,HS ADC0I trigger (TOF HG),HGThreshold,0.171955, ,-1e+31, ,-1e+31,2026-01-24 04:13:05.840385280,2026-01-24,False
imap_idex_l1b_sci-10days_20260120_v001.0004.cdf,677,822501680364226176,2026-01-24T04:40:11.180226176,HS ADC0I trigger (TOF HG),HGThreshold,0.171955, ,-1e+31, ,-1e+31,2026-01-24 04:40:11.180226176,2026-01-24,False
imap_idex_l1b_sci-10days_20260120_v001.0004.cdf,678,822502094360199680,2026-01-24T04:47:05.176199680,HS ADC0I trigger (TOF HG),HGThreshold,0.171955, ,-1e+31, ,-1e+31,2026-01-24 04:47:05.176199680,2026-01-24,False
imap_idex_l1b_sci-10days_20260120_v001.0004.cdf,679,822502594711456768,2026-01-24T04:55:25.527456768,HS ADC0I trigger (TOF HG),HGThreshold,0.171955, ,-1e+31, ,-1e+31,2026-01-24 04:55:25.527456768,2026-01-24,False
imap_idex_l1b_sci-10days_20260120_v001.0004.cdf,680,822504820948185856,2026-01-24T05:32:31.764185856,HS ADC0I trigger (TOF HG),HGThreshold,0.171955, ,-1e+31, ,-1e+31,2026-01-24 05:32:31.764185856,2026-01-24,False
imap_idex_l1b_sci-10days_20260120_v001.0004.cdf,681,822505519318387456,2026-01-24T05:44:10.134387456,HS ADC0I trigger (TOF HG),HGThreshold,0.171955, ,-1e+31, ,-1e+31,2026-01-24 05:44:10.134387456,2026-01-24,False
imap_idex_l1b_sci-10days_20260120_v001.0004.cdf,682,822506056771671552,2026-01-24T05:53:07.587671552,HS ADC0I trigger (TOF HG),HGThreshold,0.171955, ,-1e+31, ,-1e+31,2026-01-24 05:53:07.587671552,2026-01-24,False
imap_idex_l1b_sci-10days_20260120_v001.0004.cdf,683,822506233905454848,2026-01-24T05:56:04.721454848,HS ADC0I trigger (TOF HG),HGThreshold,0.171955, ,-1e+31, ,-1e+31,2026-01-24 05:56:04.721454848,2026-01-24,False
imap_idex_l1b_sci-10days_20260120_v001.0004.cdf,684,822508513840356224,2026-01-24T06:34:04.656356224,HS ADC0I trigger (TOF HG),HGThreshold,0.171955, ,-1e+31, ,-1e+31,2026-01-24 06:34:04.656356224,2026-01-24,False
imap_idex_l1b_sci-10days_20260120_v001.0004.cdf,685,822508750734606464,2026-01-24T06:38:01.550606464,HS ADC0I trigger (TOF HG),HGThreshold,0.171955, ,-1e+31, ,-1e+31,2026-01-24 06:38:01.550606464,2026-01-24,False
imap_idex_l1b_sci-10days_20260120_v001.0004.cdf,686,822510054299792256,2026-01-24T06:59:45.115792256,HS ADC0I trigger (TOF HG),HGThreshold,0.171955, ,-1e+31, ,-1e+31,2026-01-24 06:59:45.115792256,2026-01-24,False
imap_idex_l1b_sci-10days_20260120_v001.0004.cdf,687,822511618217127680,2026-01-24T07:25:49.033127680,HS ADC0I trigger (TOF HG),HGThreshold,0.171955, ,-1e+31, ,-1e+31,2026-01-24 07:25:49.033127680,2026-01-24,False
imap_idex_l1b_sci-10days_20260120_v001.0004.cdf,688,822512521283168256,2026-01-24T07:40:52.099168256,HS ADC0I trigger (TOF HG),HGThreshold,0.171955, ,-1e+31, ,-1e+31,2026-01-24 07:40:52.099168256,2026-01-24,False
imap_idex_l1b_sci-10days_20260120_v001.0004.cdf,689,822513746521543424,2026-01-24T08:01:17.337543424,HS ADC0I trigger (TOF HG),HGThreshold,0.171955, ,-1e+31, ,-1e+31,2026-01-24 08:01:17.337543424,2026-01-24,False
imap_idex_l1b_sci-10days_20260120_v001.0004.cdf,690,822513804757691904,2026-01-24T08:02:15.573691904,HS ADC0I trigger (TOF HG),HGThreshold,0.171955, ,-1e+31, ,-1e+31,2026-01-24 08:02:15.573691904,2026-01-24,False
imap_idex_l1b_sci-10days_20260120_v001.0004.cdf,691,822514735139868160,2026-01-24T08:17:45.955868160,HS ADC0I trigger (TOF HG),HGThreshold,0.171955, ,-1e+31, ,-1e+31,2026-01-24 08:17:45.955868160,2026-01-24,False
imap_idex_l1b_sci-10days_20260120_v001.0004.cdf,692,822515231455928704,2026-01-24T08:26:02.271928704,HS ADC0I trigger (TOF HG),HGThreshold,0.171955, ,-1e+31, ,-1e+31,2026-01-24 08:26:02.271928704,2026-01-24,False
imap_idex_l1b_sci-10days_20260120_v001.0004.cdf,693,822516353287355392,2026-01-24T08:44:44.103355392,HS ADC0I trigger (TOF HG),HGThreshold,0.171955, ,-1e+31, ,-1e+31,2026-01-24 08:44:44.103355392,2026-01-24,False
imap_idex_l1b_sci-10days_20260120_v001.0004.cdf,694,822516390440682496,2026-01-24T08:45:21.256682496,HS ADC0I trigger (TOF HG),HGThreshold,0.171955, ,-1e+31, ,-1e+31,2026-01-24 08:45:21.256682496,2026-01-24,False
imap_idex_l1b_sci-10days_20260120_v001.0004.cdf,695,822517422309269120,2026-01-24T09:02:33.125269120,HS ADC0I trigger (TOF HG),HGThreshold,0.171955, ,-1e+31, ,-1e+31,2026-01-24 09:02:33.125269120,2026-01-24,False
imap_idex_l1b_sci-10days_20260120_v001.0004.cdf,696,822518043503179008,2026-01-24T09:12:54.319179008,HS ADC0I trigger (TOF HG),HGThreshold,0.171955, ,-1e+31, ,-1e+31,2026-01-24 09:12:54.319179008,2026-01-24,False
imap_idex_l1b_sci-10days_20260120_v001.0004.cdf,697,822518297269594368,2026-01-24T09:17:08.085594368,HS ADC0I trigger (TOF HG),HGThreshold,0.171955, ,-1e+31, ,-1e+31,2026-01-24 09:17:08.085594368,2026-01-24,False
imap_idex_l1b_sci-10days_20260120_v001.0004.cdf,698,822518544406395520,2026-01-24T09:21:15.222395520,HS ADC0I trigger (TOF HG),HGThreshold,0.171955, ,-1e+31, ,-1e+31,2026-01-24 09:21:15.222395520,2026-01-24,False
imap_idex_l1b_sci-10days_20260120_v001.0004.cdf,699,822518763670041472,2026-01-24T09:24:54.486041472,HS ADC0I trigger (TOF HG),HGThreshold,0.171955, ,-1e+31, ,-1e+31,2026-01-24 09:24:54.486041472,2026-01-24,False
imap_idex_l1b_sci-10days_20260120_v001.0004.cdf,700,822518897338043136,2026-01-24T09:27:08.154043136,HS ADC0I trigger (TOF HG),HGThreshold,0.171955, ,-1e+31, ,-1e+31,2026-01-24 09:27:08.154043136,2026-01-24,False
imap_idex_l1b_sci-10days_20260120_v001.0004.cdf,701,822520884827343488,2026-01-24T10:00:15.643343488,HS ADC0I trigger (TOF HG),HGThreshold,0.171955, ,-1e+31, ,-1e+31,2026-01-24 10:00:15.643343488,2026-01-24,False
imap_idex_l1b_sci-10days_20260120_v001.0004.cdf,702,822523878257733248,2026-01-24T10:50:09.073733248,HS ADC0I trigger (TOF HG),HGThreshold,0.171955, ,-1e+31, ,-1e+31,2026-01-24 10:50:09.073733248,2026-01-24,False
imap_idex_l1b_sci-10days_20260120_v001.0004.cdf,703,822523948824890624,2026-01-24T10:51:19.640890624,HS ADC0I trigger (TOF HG),HGThreshold,0.171955, ,-1e+31, ,-1e+31,2026-01-24 10:51:19.640890624,2026-01-24,False
imap_idex_l1b_sci-10days_20260120_v001.0004.cdf,704,822524305121315200,2026-01-24T10:57:15.937315200,HS ADC0I trigger (TOF HG),HGThreshold,0.171955, ,-1e+31, ,-1e+31,2026-01-24 10:57:15.937315200,2026-01-24,False
imap_idex_l1b_sci-10days_20260120_v001.0004.cdf,705,822525314077602048,2026-01-24T11:14:04.893602048,HS ADC0I trigger (TOF HG),HGThreshold,0.171955, ,-1e+31, ,-1e+31,2026-01-24 11:14:04.893602048,2026-01-24,False
imap_idex_l1b_sci-10days_20260120_v001.0004.cdf,706,822527692363676288,2026-01-24T11:53:43.179676288,HS ADC0I trigger (TOF HG),HGThreshold,0.171955, ,-1e+31, ,-1e+31,2026-01-24 11:53:43.179676288,2026-01-24,False
imap_idex_l1b_sci-10days_20260120_v001.0004.cdf,707,822529043187200256,2026-01-24T12:16:14.003200256,HS ADC0I trigger (TOF HG),HGThreshold,0.171955, ,-1e+31, ,-1e+31,2026-01-24 12:16:14.003200256,2026-01-24,False
imap_idex_l1b_sci-10days_20260120_v001.0004.cdf,708,822532562777004288,2026-01-24T13:14:53.593004288,HS ADC0I trigger (TOF HG),HGThreshold,0.171955, ,-1e+31, ,-1e+31,2026-01-24 13:14:53.593004288,2026-01-24,False
imap_idex_l1b_sci-10days_20260120_v001.0004.cdf,709,822533748676854272,2026-01-24T13:34:39.492854272,HS ADC0I trigger (TOF HG),HGThreshold,0.171955, ,-1e+31, ,-1e+31,2026-01-24 13:34:39.492854272,2026-01-24,False
imap_idex_l1b_sci-10days_20260120_v001.0004.cdf,710,822536422386027136,2026-01-24T14:19:13.202027136,HS ADC0I trigger (TOF HG),HGThreshold,0.171955, ,-1e+31, ,-1e+31,2026-01-24 14:19:13.202027136,2026-01-24,False
imap_idex_l1b_sci-10days_20260120_v001.0004.cdf,711,822603520456560640,2026-01-25T08:57:31.272560640,HS ADC0Q trigger (TOF LG),HGSinglePulse,0.15894999999999998,MGSinglePulse,5.8759999999999994,LGThreshold,268.308,2026-01-25 08:57:31.272560640,2026-01-25,False
imap_idex_l1b_sci-10days_20260120_v001.0004.cdf,712,822614177795217024,2026-01-25T11:55:08.611217024,HS ADC0I trigger (TOF HG),HGSinglePulse,0.15894999999999998,MGSinglePulse,5.8759999999999994,LGThreshold,268.308,2026-01-25 11:55:08.611217024,2026-01-25,False
imap_idex_l1b_sci-10days_20260120_v001.0004.cdf,713,822698392024309120,2026-01-26T11:18:42.840309120,HS ADC1Q trigger (TOF MG),HGSinglePulse,0.15894999999999998,MGSinglePulse,5.8759999999999994,LGThreshold,268.308,2026-01-26 11:18:42.840309120,2026-01-26,False
imap_idex_l1b_sci-10days_20260120_v001.0004.cdf,714,822752945501397504,2026-01-27T02:27:56.317397504,HS ADC0I trigger (TOF HG),HGSinglePulse,0.15894999999999998,MGSinglePulse,5.8759999999999994,LGThreshold,268.308,2026-01-27 02:27:56.317397504,2026-01-27,True
imap_idex_l1b_sci-10days_20260120_v001.0004.cdf,715,822772085122046848,2026-01-27T07:46:55.938046848,HS ADC0I trigger (TOF HG),HGSinglePulse,0.15894999999999998,MGSinglePulse,5.8759999999999994,LGThreshold,268.308,2026-01-27 07:46:55.938046848,2026-01-27,False
imap_idex_l1b_sci-10days_20260120_v001.0004.cdf,716,822950535033471104,2026-01-29T09:21:05.849471104,HS ADC0I trigger (TOF HG),HGSinglePulse,0.15894999999999998,MGSinglePulse,5.8759999999999994,LGThreshold,268.308,2026-01-29 09:21:05.849471104,2026-01-29,False
imap_idex_l1b_sci-10days_20260130_v001.0004.cdf,0,823003381865938944,2026-01-30T00:01:52.681938944,SW trigger,HGThreshold,0.289, ,-1e+31, ,-1e+31,2026-01-30 00:01:52.681938944,2026-01-30,False
imap_idex_l1b_sci-10days_20260130_v001.0004.cdf,1,823003387866793472,2026-01-30T00:01:58.682793472,HS ADC0I trigger (TOF HG),HGThreshold,0.289, ,-1e+31, ,-1e+31,2026-01-30 00:01:58.682793472,2026-01-30,False
imap_idex_l1b_sci-10days_20260130_v001.0004.cdf,2,823003395866726528,2026-01-30T00:02:06.682726528,HS ADC0I trigger (TOF HG),HGThreshold,0.289, ,-1e+31, ,-1e+31,2026-01-30 00:02:06.682726528,2026-01-30,False
imap_idex_l1b_sci-10days_20260130_v001.0004.cdf,3,823003403866679424,2026-01-30T00:02:14.682679424,HS ADC0I trigger (TOF HG),HGThreshold,0.289, ,-1e+31, ,-1e+31,2026-01-30 00:02:14.682679424,2026-01-30,True
imap_idex_l1b_sci-10days_20260130_v001.0004.cdf,4,823003411866632320,2026-01-30T00:02:22.682632320,HS ADC0I trigger (TOF HG),HGThreshold,0.289, ,-1e+31, ,-1e+31,2026-01-30 00:02:22.682632320,2026-01-30,True
imap_idex_l1b_sci-10days_20260130_v001.0004.cdf,5,823003419866585088,2026-01-30T00:02:30.682585088,HS ADC0I trigger (TOF HG),HGThreshold,0.289, ,-1e+31, ,-1e+31,2026-01-30 00:02:30.682585088,2026-01-30,True
imap_idex_l1b_sci-10days_20260130_v001.0004.cdf,6,823003433865612800,2026-01-30T00:02:44.681612800,SW trigger,HGThreshold,0.289, ,-1e+31, ,-1e+31,2026-01-30 00:02:44.681612800,2026-01-30,False
imap_idex_l1b_sci-10days_20260130_v001.0004.cdf,7,823003445865542272,2026-01-30T00:02:56.681542272,SW trigger,HGThreshold,0.289, ,-1e+31, ,-1e+31,2026-01-30 00:02:56.681542272,2026-01-30,False
imap_idex_l1b_sci-10days_20260130_v001.0004.cdf,8,823003457865451648,2026-01-30T00:03:08.681451648,SW trigger,HGThreshold,0.289, ,-1e+31, ,-1e+31,2026-01-30 00:03:08.681451648,2026-01-30,False
imap_idex_l1b_sci-10days_20260130_v001.0004.cdf,9,823003469865380992,2026-01-30T00:03:20.681380992,SW trigger,HGThreshold,0.289, ,-1e+31, ,-1e+31,2026-01-30 00:03:20.681380992,2026-01-30,False
imap_idex_l1b_sci-10days_20260130_v001.0004.cdf,10,823321826137256576,2026-02-02T16:29:16.953256576,HS ADC0I trigger (TOF HG),HGSinglePulse,0.15894999999999998,MGSinglePulse,5.8759999999999994,LGThreshold,268.308,2026-02-02 16:29:16.953256576,2026-02-02,True
imap_idex_l1b_sci-10days_20260130_v001.0004.cdf,11,823374007345156224,2026-02-03T06:58:58.161156224,HS ADC0I trigger (TOF HG),HGSinglePulse,0.15894999999999998,MGSinglePulse,5.8759999999999994,LGThreshold,268.308,2026-02-03 06:58:58.161156224,2026-02-03,True
imap_idex_l1b_sci-10days_20260130_v001.0004.cdf,12,823532755161741056,2026-02-05T03:04:45.977741056,HS ADC0I trigger (TOF HG),HGSinglePulse,0.15894999999999998,MGSinglePulse,5.8759999999999994,LGThreshold,268.308,2026-02-05 03:04:45.977741056,2026-02-05,True
imap_idex_l1b_sci-10days_20260130_v001.0004.cdf,13,823646584933374336,2026-02-06T10:41:55.749374336,"HS ADC0I trigger (TOF HG), HS ADC1Q trigger (TOF MG)",HGSinglePulse,0.15894999999999998,MGSinglePulse,5.8759999999999994,LGThreshold,268.308,2026-02-06 10:41:55.749374336,2026-02-06,False
imap_idex_l1b_sci-10days_20260130_v001.0004.cdf,14,823656259303192704,2026-02-06T13:23:10.119192704,HS ADC0I trigger (TOF HG),HGSinglePulse,0.15894999999999998,MGSinglePulse,5.8759999999999994,LGThreshold,268.308,2026-02-06 13:23:10.119192704,2026-02-06,False
imap_idex_l1b_sci-10days_20260130_v001.0004.cdf,15,823675637775943296,2026-02-06T18:46:08.591943296,HS ADC0I trigger (TOF HG),HGSinglePulse,0.15894999999999998,MGSinglePulse,5.8759999999999994,LGThreshold,268.308,2026-02-06 18:46:08.591943296,2026-02-06,False
imap_idex_l1b_sci-10days_20260130_v001.0004.cdf,16,823681765721655936,2026-02-06T20:28:16.537655936,HS ADC0I trigger (TOF HG),HGSinglePulse,0.15894999999999998,MGSinglePulse,5.8759999999999994,LGThreshold,268.308,2026-02-06 20:28:16.537655936,2026-02-06,True
imap_idex_l1b_sci-10days_20260130_v001.0004.cdf,17,823694580489208576,2026-02-07T00:01:51.305208576,SW trigger,HGThreshold,0.289, ,-1e+31, ,-1e+31,2026-02-07 00:01:51.305208576,2026-02-07,False
imap_idex_l1b_sci-10days_20260130_v001.0004.cdf,18,823694586490063232,2026-02-07T00:01:57.306063232,HS ADC0I trigger (TOF HG),HGThreshold,0.289, ,-1e+31, ,-1e+31,2026-02-07 00:01:57.306063232,2026-02-07,False
imap_idex_l1b_sci-10days_20260130_v001.0004.cdf,19,823694594490016128,2026-02-07T00:02:05.306016128,HS ADC0I trigger (TOF HG),HGThreshold,0.289, ,-1e+31, ,-1e+31,2026-02-07 00:02:05.306016128,2026-02-07,False
imap_idex_l1b_sci-10days_20260130_v001.0004.cdf,20,823694602489949056,2026-02-07T00:02:13.305949056,HS ADC0I trigger (TOF HG),HGThreshold,0.289, ,-1e+31, ,-1e+31,2026-02-07 00:02:13.305949056,2026-02-07,True
imap_idex_l1b_sci-10days_20260130_v001.0004.cdf,21,823694610489902080,2026-02-07T00:02:21.305902080,HS ADC0I trigger (TOF HG),HGThreshold,0.289, ,-1e+31, ,-1e+31,2026-02-07 00:02:21.305902080,2026-02-07,False
imap_idex_l1b_sci-10days_20260130_v001.0004.cdf,22,823694618489854976,2026-02-07T00:02:29.305854976,HS ADC0I trigger (TOF HG),HGThreshold,0.289, ,-1e+31, ,-1e+31,2026-02-07 00:02:29.305854976,2026-02-07,False
imap_idex_l1b_sci-10days_20260130_v001.0004.cdf,23,823694632488882560,2026-02-07T00:02:43.304882560,SW trigger,HGThreshold,0.289, ,-1e+31, ,-1e+31,2026-02-07 00:02:43.304882560,2026-02-07,False
imap_idex_l1b_sci-10days_20260130_v001.0004.cdf,24,823694644488812032,2026-02-07T00:02:55.304812032,SW trigger,HGThreshold,0.289, ,-1e+31, ,-1e+31,2026-02-07 00:02:55.304812032,2026-02-07,False
imap_idex_l1b_sci-10days_20260130_v001.0004.cdf,25,823694656488721408,2026-02-07T00:03:07.304721408,SW trigger,HGThreshold,0.289, ,-1e+31, ,-1e+31,2026-02-07 00:03:07.304721408,2026-02-07,False
imap_idex_l1b_sci-10days_20260130_v001.0004.cdf,26,823694668488650880,2026-02-07T00:03:19.304650880,SW trigger,HGThreshold,0.289, ,-1e+31, ,-1e+31,2026-02-07 00:03:19.304650880,2026-02-07,False
imap_idex_l1b_sci-10days_20260130_v001.0004.cdf,27,823705860918334976,2026-02-07T03:09:51.734334976,HS ADC0I trigger (TOF HG),HGSinglePulse,0.15894999999999998,MGSinglePulse,5.8759999999999994,LGThreshold,268.308,2026-02-07 03:09:51.734334976,2026-02-07,True
imap_idex_l1b_sci-10days_20260130_v001.0004.cdf,28,823732336817513088,2026-02-07T10:31:07.633513088,HS ADC0Q trigger (TOF LG),HGSinglePulse,0.15894999999999998,MGSinglePulse,5.8759999999999994,LGThreshold,268.308,2026-02-07 10:31:07.633513088,2026-02-07,False
imap_idex_l1b_sci-10days_20260130_v001.0004.cdf,29,823742579353035264,2026-02-07T13:21:50.169035264,HS ADC0I trigger (TOF HG),HGSinglePulse,0.15894999999999998,MGSinglePulse,5.8759999999999994,LGThreshold,268.308,2026-02-07 13:21:50.169035264,2026-02-07,True
imap_idex_l1b_sci-10days_20260130_v001.0004.cdf,30,823863688533870848,2026-02-08T23:00:19.349870848,HS ADC0I trigger (TOF HG),HGSinglePulse,0.15894999999999998,MGSinglePulse,5.8759999999999994,LGThreshold,268.308,2026-02-08 23:00:19.349870848,2026-02-08,False
imap_idex_l1b_sci-10days_20260209_v001.0004.cdf,0,823917174354775168,2026-02-09T13:51:45.170775168,HS ADC0I trigger (TOF HG),HGSinglePulse,0.15894999999999998,MGSinglePulse,5.8759999999999994,LGThreshold,268.308,2026-02-09 13:51:45.170775168,2026-02-09,True
imap_idex_l1b_sci-10days_20260209_v001.0004.cdf,1,824076203355304832,2026-02-11T10:02:14.171304832,HS ADC0I trigger (TOF HG),HGSinglePulse,0.15894999999999998,MGSinglePulse,5.8759999999999994,LGThreshold,268.308,2026-02-11 10:02:14.171304832,2026-02-11,True
imap_idex_l1b_sci-10days_20260209_v001.0004.cdf,2,824103518305623424,2026-02-11T17:37:29.121623424,HS ADC0I trigger (TOF HG),HGSinglePulse,0.15894999999999998,MGSinglePulse,5.8759999999999994,LGThreshold,268.308,2026-02-11 17:37:29.121623424,2026-02-11,True
imap_idex_l1b_sci-10days_20260209_v001.0004.cdf,3,824164949253484544,2026-02-12T10:41:20.069484544,HS ADC0I trigger (TOF HG),HGSinglePulse,0.15894999999999998,MGSinglePulse,5.8759999999999994,LGThreshold,268.308,2026-02-12 10:41:20.069484544,2026-02-12,True
imap_idex_l1b_sci-10days_20260209_v001.0004.cdf,4,824252776206056064,2026-02-13T11:05:07.022056064,HS ADC0I trigger (TOF HG),HGSinglePulse,0.15894999999999998,MGSinglePulse,5.8759999999999994,LGThreshold,268.308,2026-02-13 11:05:07.022056064,2026-02-13,False
imap_idex_l1b_sci-10days_20260209_v001.0004.cdf,5,824385780185722496,2026-02-15T00:01:51.001722496,SW trigger,HGThreshold,0.289, ,-1e+31, ,-1e+31,2026-02-15 00:01:51.001722496,2026-02-15,False
imap_idex_l1b_sci-10days_20260209_v001.0004.cdf,6,824385786186557184,2026-02-15T00:01:57.002557184,HS ADC0I trigger (TOF HG),HGThreshold,0.289, ,-1e+31, ,-1e+31,2026-02-15 00:01:57.002557184,2026-02-15,False
imap_idex_l1b_sci-10days_20260209_v001.0004.cdf,7,824385794186510080,2026-02-15T00:02:05.002510080,HS ADC0I trigger (TOF HG),HGThreshold,0.289, ,-1e+31, ,-1e+31,2026-02-15 00:02:05.002510080,2026-02-15,False
imap_idex_l1b_sci-10days_20260209_v001.0004.cdf,8,824385802186462976,2026-02-15T00:02:13.002462976,HS ADC0I trigger (TOF HG),HGThreshold,0.289, ,-1e+31, ,-1e+31,2026-02-15 00:02:13.002462976,2026-02-15,False
imap_idex_l1b_sci-10days_20260209_v001.0004.cdf,9,824385810186415872,2026-02-15T00:02:21.002415872,HS ADC0I trigger (TOF HG),HGThreshold,0.289, ,-1e+31, ,-1e+31,2026-02-15 00:02:21.002415872,2026-02-15,False
imap_idex_l1b_sci-10days_20260209_v001.0004.cdf,10,824385818186368896,2026-02-15T00:02:29.002368896,HS ADC0I trigger (TOF HG),HGThreshold,0.289, ,-1e+31, ,-1e+31,2026-02-15 00:02:29.002368896,2026-02-15,False
imap_idex_l1b_sci-10days_20260209_v001.0004.cdf,11,824385832185396608,2026-02-15T00:02:43.001396608,SW trigger,HGThreshold,0.289, ,-1e+31, ,-1e+31,2026-02-15 00:02:43.001396608,2026-02-15,False
imap_idex_l1b_sci-10days_20260209_v001.0004.cdf,12,824385844185305984,2026-02-15T00:02:55.001305984,SW trigger,HGThreshold,0.289, ,-1e+31, ,-1e+31,2026-02-15 00:02:55.001305984,2026-02-15,False
imap_idex_l1b_sci-10days_20260209_v001.0004.cdf,13,824385856185235328,2026-02-15T00:03:07.001235328,SW trigger,HGThreshold,0.289, ,-1e+31, ,-1e+31,2026-02-15 00:03:07.001235328,2026-02-15,False
imap_idex_l1b_sci-10days_20260209_v001.0004.cdf,14,824385868185164928,2026-02-15T00:03:19.001164928,SW trigger,HGThreshold,0.289, ,-1e+31, ,-1e+31,2026-02-15 00:03:19.001164928,2026-02-15,False
imap_idex_l1b_sci-10days_20260209_v001.0004.cdf,15,824488430879450112,2026-02-16T04:32:41.695450112,HS ADC0Q trigger (TOF LG),HGSinglePulse,0.15894999999999998,MGSinglePulse,5.8759999999999994,LGThreshold,268.308,2026-02-16 04:32:41.695450112,2026-02-16,False
imap_idex_l1b_sci-10days_20260209_v001.0004.cdf,16,824529708091246080,2026-02-16T16:00:38.907246080,HS ADC0I trigger (TOF HG),HGSinglePulse,0.15894999999999998,MGSinglePulse,5.8759999999999994,LGThreshold,268.308,2026-02-16 16:00:38.907246080,2026-02-16,False
imap_idex_l1b_sci-10days_20260209_v001.0004.cdf,17,824643233797224832,2026-02-17T23:32:44.613224832,HS ADC0I trigger (TOF HG),HGSinglePulse,0.15894999999999998,MGSinglePulse,5.8759999999999994,LGThreshold,268.308,2026-02-17 23:32:44.613224832,2026-02-17,False
imap_idex_l1b_sci-10days_20260209_v001.0004.cdf,18,824695180842833280,2026-02-18T13:58:31.658833280,HS ADC0I trigger (TOF HG),HGSinglePulse,0.15894999999999998,MGSinglePulse,5.8759999999999994,LGThreshold,268.308,2026-02-18 13:58:31.658833280,2026-02-18,True
imap_idex_l1b_sci-10days_20260219_v001.0004.cdf,0,824771147367161472,2026-02-19T11:04:38.183161472,HS ADC1Q trigger (TOF MG),HGSinglePulse,0.15894999999999998,MGSinglePulse,5.8759999999999994,LGThreshold,268.308,2026-02-19 11:04:38.183161472,2026-02-19,False
imap_idex_l1b_sci-10days_20260219_v001.0004.cdf,1,824873635555227648,2026-02-20T15:32:46.371227648,HS ADC1Q trigger (TOF MG),HGSinglePulse,0.15894999999999998,MGSinglePulse,5.8759999999999994,LGThreshold,268.308,2026-02-20 15:32:46.371227648,2026-02-20,False
imap_idex_l1b_sci-10days_20260219_v001.0004.cdf,2,824984759361143680,2026-02-21T22:24:50.177143680,HS ADC0I trigger (TOF HG),HGSinglePulse,0.15894999999999998,MGSinglePulse,5.8759999999999994,LGThreshold,268.308,2026-02-21 22:24:50.177143680,2026-02-21,False
imap_idex_l1b_sci-10days_20260219_v001.0004.cdf,3,825076980060782848,2026-02-23T00:01:50.876782848,SW trigger,HGThreshold,0.289, ,-1e+31, ,-1e+31,2026-02-23 00:01:50.876782848,2026-02-23,False
imap_idex_l1b_sci-10days_20260219_v001.0004.cdf,4,825076986061617792,2026-02-23T00:01:56.877617792,HS ADC0I trigger (TOF HG),HGThreshold,0.289, ,-1e+31, ,-1e+31,2026-02-23 00:01:56.877617792,2026-02-23,False
imap_idex_l1b_sci-10days_20260219_v001.0004.cdf,5,825076994061570816,2026-02-23T00:02:04.877570816,HS ADC0I trigger (TOF HG),HGThreshold,0.289, ,-1e+31, ,-1e+31,2026-02-23 00:02:04.877570816,2026-02-23,False
imap_idex_l1b_sci-10days_20260219_v001.0004.cdf,6,825077002061523712,2026-02-23T00:02:12.877523712,HS ADC0I trigger (TOF HG),HGThreshold,0.289, ,-1e+31, ,-1e+31,2026-02-23 00:02:12.877523712,2026-02-23,False
imap_idex_l1b_sci-10days_20260219_v001.0004.cdf,7,825077010061476736,2026-02-23T00:02:20.877476736,HS ADC0I trigger (TOF HG),HGThreshold,0.289, ,-1e+31, ,-1e+31,2026-02-23 00:02:20.877476736,2026-02-23,False
imap_idex_l1b_sci-10days_20260219_v001.0004.cdf,8,825077018061409536,2026-02-23T00:02:28.877409536,HS ADC0I trigger (TOF HG),HGThreshold,0.289, ,-1e+31, ,-1e+31,2026-02-23 00:02:28.877409536,2026-02-23,False
imap_idex_l1b_sci-10days_20260219_v001.0004.cdf,9,825077032060437376,2026-02-23T00:02:42.876437376,SW trigger,HGThreshold,0.289, ,-1e+31, ,-1e+31,2026-02-23 00:02:42.876437376,2026-02-23,False
imap_idex_l1b_sci-10days_20260219_v001.0004.cdf,10,825077044060366592,2026-02-23T00:02:54.876366592,SW trigger,HGThreshold,0.289, ,-1e+31, ,-1e+31,2026-02-23 00:02:54.876366592,2026-02-23,False
imap_idex_l1b_sci-10days_20260219_v001.0004.cdf,11,825077056060296192,2026-02-23T00:03:06.876296192,SW trigger,HGThreshold,0.289, ,-1e+31, ,-1e+31,2026-02-23 00:03:06.876296192,2026-02-23,False
imap_idex_l1b_sci-10days_20260219_v001.0004.cdf,12,825077068060205568,2026-02-23T00:03:18.876205568,SW trigger,HGThreshold,0.289, ,-1e+31, ,-1e+31,2026-02-23 00:03:18.876205568,2026-02-23,False
imap_idex_l1b_sci-10days_20260219_v001.0004.cdf,13,825145076969854464,2026-02-23T18:56:47.785854464,HS ADC0I trigger (TOF HG),HGSinglePulse,0.15894999999999998,MGSinglePulse,5.8759999999999994,LGThreshold,268.308,2026-02-23 18:56:47.785854464,2026-02-23,True
imap_idex_l1b_sci-10days_20260219_v001.0004.cdf,14,825180858893886720,2026-02-24T04:53:09.709886720,"HS ADC0I trigger (TOF HG), HS ADC1Q trigger (TOF MG)",HGSinglePulse,0.15894999999999998,MGSinglePulse,5.8759999999999994,LGThreshold,268.308,2026-02-24 04:53:09.709886720,2026-02-24,False
imap_idex_l1b_sci-10days_20260219_v001.0004.cdf,15,825228754937332224,2026-02-24T18:11:25.753332224,HS ADC0I trigger (TOF HG),HGSinglePulse,0.15894999999999998,MGSinglePulse,5.8759999999999994,LGThreshold,268.308,2026-02-24 18:11:25.753332224,2026-02-24,False
imap_idex_l1b_sci-10days_20260219_v001.0004.cdf,16,825321529935155072,2026-02-25T19:57:40.751155072,HS ADC0I trigger (TOF HG),HGSinglePulse,0.15894999999999998,MGSinglePulse,5.8759999999999994,LGThreshold,268.308,2026-02-25 19:57:40.751155072,2026-02-25,True
imap_idex_l1b_sci-10days_20260219_v001.0004.cdf,17,825356801246776192,2026-02-26T05:45:32.062776192,HS ADC0I trigger (TOF HG),HGSinglePulse,0.15894999999999998,MGSinglePulse,5.8759999999999994,LGThreshold,268.308,2026-02-26 05:45:32.062776192,2026-02-26,True
imap_idex_l1b_sci-10days_20260219_v001.0004.cdf,18,825401508495354368,2026-02-26T18:10:39.311354368,HS ADC0I trigger (TOF HG),HGSinglePulse,0.15894999999999998,MGSinglePulse,5.8759999999999994,LGThreshold,268.308,2026-02-26 18:10:39.311354368,2026-02-26,False
imap_idex_l1b_sci-10days_20260219_v001.0004.cdf,19,825449955648698496,2026-02-27T07:38:06.464698496,"HS ADC0I trigger (TOF HG), HS ADC1Q trigger (TOF MG)",HGSinglePulse,0.15894999999999998,MGSinglePulse,5.8759999999999994,LGThreshold,268.308,2026-02-27 07:38:06.464698496,2026-02-27,False
imap_idex_l1b_sci-10days_20260301_v001.0004.cdf,0,825598846538275456,2026-03-01T00:59:37.354275456,HS ADC0Q trigger (TOF LG),HGSinglePulse,0.15894999999999998,MGSinglePulse,5.8759999999999994,LGThreshold,268.308,2026-03-01 00:59:37.354275456,2026-03-01,False
imap_idex_l1b_sci-10days_20260301_v001.0004.cdf,1,825639235055751040,2026-03-01T12:12:45.871751040,HS ADC0I trigger (TOF HG),HGSinglePulse,0.15894999999999998,MGSinglePulse,5.8759999999999994,LGThreshold,268.308,2026-03-01 12:12:45.871751040,2026-03-01,False
imap_idex_l1b_sci-10days_20260301_v001.0004.cdf,2,825703297644759040,2026-03-02T06:00:28.460759040,HS ADC1Q trigger (TOF MG),HGSinglePulse,0.15894999999999998,MGSinglePulse,5.8759999999999994,LGThreshold,268.308,2026-03-02 06:00:28.460759040,2026-03-02,False
imap_idex_l1b_sci-10days_20260301_v001.0004.cdf,3,825768178648622848,2026-03-03T00:01:49.464622848,SW trigger,HGThreshold,0.289, ,-1e+31, ,-1e+31,2026-03-03 00:01:49.464622848,2026-03-03,False
imap_idex_l1b_sci-10days_20260301_v001.0004.cdf,4,825768184649457536,2026-03-03T00:01:55.465457536,HS ADC0I trigger (TOF HG),HGThreshold,0.289, ,-1e+31, ,-1e+31,2026-03-03 00:01:55.465457536,2026-03-03,False
imap_idex_l1b_sci-10days_20260301_v001.0004.cdf,5,825768192649410560,2026-03-03T00:02:03.465410560,HS ADC0I trigger (TOF HG),HGThreshold,0.289, ,-1e+31, ,-1e+31,2026-03-03 00:02:03.465410560,2026-03-03,False
imap_idex_l1b_sci-10days_20260301_v001.0004.cdf,6,825768200649363456,2026-03-03T00:02:11.465363456,HS ADC0I trigger (TOF HG),HGThreshold,0.289, ,-1e+31, ,-1e+31,2026-03-03 00:02:11.465363456,2026-03-03,False
imap_idex_l1b_sci-10days_20260301_v001.0004.cdf,7,825768208649316608,2026-03-03T00:02:19.465316608,HS ADC0I trigger (TOF HG),HGThreshold,0.289, ,-1e+31, ,-1e+31,2026-03-03 00:02:19.465316608,2026-03-03,False
imap_idex_l1b_sci-10days_20260301_v001.0004.cdf,8,825768216649249536,2026-03-03T00:02:27.465249536,HS ADC0I trigger (TOF HG),HGThreshold,0.289, ,-1e+31, ,-1e+31,2026-03-03 00:02:27.465249536,2026-03-03,False
imap_idex_l1b_sci-10days_20260301_v001.0004.cdf,9,825768230648277248,2026-03-03T00:02:41.464277248,SW trigger,HGThreshold,0.289, ,-1e+31, ,-1e+31,2026-03-03 00:02:41.464277248,2026-03-03,False
imap_idex_l1b_sci-10days_20260301_v001.0004.cdf,10,825768242648206720,2026-03-03T00:02:53.464206720,SW trigger,HGThreshold,0.289, ,-1e+31, ,-1e+31,2026-03-03 00:02:53.464206720,2026-03-03,False
imap_idex_l1b_sci-10days_20260301_v001.0004.cdf,11,825768254648116224,2026-03-03T00:03:05.464116224,SW trigger,HGThreshold,0.289, ,-1e+31, ,-1e+31,2026-03-03 00:03:05.464116224,2026-03-03,False
imap_idex_l1b_sci-10days_20260301_v001.0004.cdf,12,825768266648045824,2026-03-03T00:03:17.464045824,SW trigger,HGThreshold,0.289, ,-1e+31, ,-1e+31,2026-03-03 00:03:17.464045824,2026-03-03,False
imap_idex_l1b_sci-10days_20260301_v001.0004.cdf,13,825792000802898432,2026-03-03T06:38:51.618898432,HS ADC0I trigger (TOF HG),HGSinglePulse,0.15894999999999998,MGSinglePulse,5.8759999999999994,LGThreshold,268.308,2026-03-03 06:38:51.618898432,2026-03-03,False
imap_idex_l1b_sci-10days_20260301_v001.0004.cdf,14,825865318891700352,2026-03-04T03:00:49.707700352,HS ADC0I trigger (TOF HG),HGSinglePulse,0.15894999999999998,MGSinglePulse,5.8759999999999994,LGThreshold,268.308,2026-03-04 03:00:49.707700352,2026-03-04,True
imap_idex_l1b_sci-10days_20260301_v001.0004.cdf,15,825920733097413120,2026-03-04T18:24:23.913413120,HS ADC0I trigger (TOF HG),HGSinglePulse,0.15894999999999998,MGSinglePulse,5.8759999999999994,LGThreshold,268.308,2026-03-04 18:24:23.913413120,2026-03-04,False
imap_idex_l1b_sci-10days_20260301_v001.0004.cdf,16,825988290421736960,2026-03-05T13:10:21.237736960,HS ADC0I trigger (TOF HG),HGSinglePulse,0.15894999999999998,MGSinglePulse,5.8759999999999994,LGThreshold,268.308,2026-03-05 13:10:21.237736960,2026-03-05,False
imap_idex_l1b_sci-10days_20260301_v001.0004.cdf,17,825993045290285056,2026-03-05T14:29:36.106285056,HS ADC0I trigger (TOF HG),HGSinglePulse,0.15894999999999998,MGSinglePulse,5.8759999999999994,LGThreshold,268.308,2026-03-05 14:29:36.106285056,2026-03-05,False
imap_idex_l1b_sci-10days_20260301_v001.0004.cdf,18,826122935909736960,2026-03-07T02:34:26.725736960,HS ADC0I trigger (TOF HG),HGSinglePulse,0.15894999999999998,MGSinglePulse,5.8759999999999994,LGThreshold,268.308,2026-03-07 02:34:26.725736960,2026-03-07,True
imap_idex_l1b_sci-10days_20260301_v001.0004.cdf,19,826362611238473984,2026-03-09T21:09:02.054473984,HS ADC0I trigger (TOF HG),HGSinglePulse,0.15894999999999998,MGSinglePulse,5.8759999999999994,LGThreshold,268.308,2026-03-09 21:09:02.054473984,2026-03-09,False
imap_idex_l1b_sci-10days_20260311_v001.0004.cdf,0,826459378129471616,2026-03-11T00:01:48.945471616,SW trigger,HGThreshold,0.289, ,-1e+31, ,-1e+31,2026-03-11 00:01:48.945471616,2026-03-11,False
imap_idex_l1b_sci-10days_20260311_v001.0004.cdf,1,826459384130306304,2026-03-11T00:01:54.946306304,HS ADC0I trigger (TOF HG),HGThreshold,0.289, ,-1e+31, ,-1e+31,2026-03-11 00:01:54.946306304,2026-03-11,False
imap_idex_l1b_sci-10days_20260311_v001.0004.cdf,2,826459392130239360,2026-03-11T00:02:02.946239360,HS ADC0I trigger (TOF HG),HGThreshold,0.289, ,-1e+31, ,-1e+31,2026-03-11 00:02:02.946239360,2026-03-11,False
imap_idex_l1b_sci-10days_20260311_v001.0004.cdf,3,826459400130192384,2026-03-11T00:02:10.946192384,HS ADC0I trigger (TOF HG),HGThreshold,0.289, ,-1e+31, ,-1e+31,2026-03-11 00:02:10.946192384,2026-03-11,False
imap_idex_l1b_sci-10days_20260311_v001.0004.cdf,4,826459408130145280,2026-03-11T00:02:18.946145280,HS ADC0I trigger (TOF HG),HGThreshold,0.289, ,-1e+31, ,-1e+31,2026-03-11 00:02:18.946145280,2026-03-11,False
imap_idex_l1b_sci-10days_20260311_v001.0004.cdf,5,826459416130078464,2026-03-11T00:02:26.946078464,HS ADC0I trigger (TOF HG),HGThreshold,0.289, ,-1e+31, ,-1e+31,2026-03-11 00:02:26.946078464,2026-03-11,False
imap_idex_l1b_sci-10days_20260311_v001.0004.cdf,6,826459430129106048,2026-03-11T00:02:40.945106048,SW trigger,HGThreshold,0.289, ,-1e+31, ,-1e+31,2026-03-11 00:02:40.945106048,2026-03-11,False
imap_idex_l1b_sci-10days_20260311_v001.0004.cdf,7,826459442129015552,2026-03-11T00:02:52.945015552,SW trigger,HGThreshold,0.289, ,-1e+31, ,-1e+31,2026-03-11 00:02:52.945015552,2026-03-11,False
imap_idex_l1b_sci-10days_20260311_v001.0004.cdf,8,826459454128945152,2026-03-11T00:03:04.944945152,SW trigger,HGThreshold,0.289, ,-1e+31, ,-1e+31,2026-03-11 00:03:04.944945152,2026-03-11,False
imap_idex_l1b_sci-10days_20260311_v001.0004.cdf,9,826459466128854656,2026-03-11T00:03:16.944854656,SW trigger,HGThreshold,0.289, ,-1e+31, ,-1e+31,2026-03-11 00:03:16.944854656,2026-03-11,False
imap_idex_l1b_sci-10days_20260311_v001.0004.cdf,10,826493113683860224,2026-03-11T09:24:04.499860224,HS ADC0I trigger (TOF HG),HGSinglePulse,0.15894999999999998,MGSinglePulse,5.8759999999999994,LGThreshold,268.308,2026-03-11 09:24:04.499860224,2026-03-11,True
imap_idex_l1b_sci-10days_20260311_v001.0004.cdf,11,826538486497041664,2026-03-11T22:00:17.313041664,HS ADC1Q trigger (TOF MG),HGSinglePulse,0.15894999999999998,MGSinglePulse,5.8759999999999994,LGThreshold,268.308,2026-03-11 22:00:17.313041664,2026-03-11,False
imap_idex_l1b_sci-10days_20260311_v001.0004.cdf,12,826678188890464768,2026-03-13T12:48:39.706464768,HS ADC0Q trigger (TOF LG),HGSinglePulse,0.15894999999999998,MGSinglePulse,5.8759999999999994,LGThreshold,268.308,2026-03-13 12:48:39.706464768,2026-03-13,False
imap_idex_l1b_sci-10days_20260311_v001.0004.cdf,13,827123773423229184,2026-03-18T16:35:04.239229184,HS ADC0I trigger (TOF HG),HGSinglePulse,0.15894999999999998,MGSinglePulse,5.8759999999999994,LGThreshold,268.308,2026-03-18 16:35:04.239229184,2026-03-18,True
imap_idex_l1b_sci-10days_20260311_v001.0004.cdf,14,827125927631545472,2026-03-18T17:10:58.447545472,HS ADC0I trigger (TOF HG),HGSinglePulse,0.15894999999999998,MGSinglePulse,5.8759999999999994,LGThreshold,268.308,2026-03-18 17:10:58.447545472,2026-03-18,False
imap_idex_l1b_sci-10days_20260311_v001.0004.cdf,15,827139324294691456,2026-03-18T20:54:15.110691456,HS ADC1Q trigger (TOF MG),HGSinglePulse,0.15894999999999998,MGSinglePulse,5.8759999999999994,LGThreshold,268.308,2026-03-18 20:54:15.110691456,2026-03-18,False
imap_idex_l1b_sci-10days_20260311_v001.0004.cdf,16,827150578100431104,2026-03-19T00:01:48.916431104,SW trigger,HGThreshold,0.289, ,-1e+31, ,-1e+31,2026-03-19 00:01:48.916431104,2026-03-19,False
imap_idex_l1b_sci-10days_20260311_v001.0004.cdf,17,827150584101265792,2026-03-19T00:01:54.917265792,HS ADC0I trigger (TOF HG),HGThreshold,0.289, ,-1e+31, ,-1e+31,2026-03-19 00:01:54.917265792,2026-03-19,False
imap_idex_l1b_sci-10days_20260311_v001.0004.cdf,18,827150592101218816,2026-03-19T00:02:02.917218816,HS ADC0I trigger (TOF HG),HGThreshold,0.289, ,-1e+31, ,-1e+31,2026-03-19 00:02:02.917218816,2026-03-19,False
imap_idex_l1b_sci-10days_20260311_v001.0004.cdf,19,827150600101171840,2026-03-19T00:02:10.917171840,HS ADC0I trigger (TOF HG),HGThreshold,0.289, ,-1e+31, ,-1e+31,2026-03-19 00:02:10.917171840,2026-03-19,False
imap_idex_l1b_sci-10days_20260311_v001.0004.cdf,20,827150608101104896,2026-03-19T00:02:18.917104896,HS ADC0I trigger (TOF HG),HGThreshold,0.289, ,-1e+31, ,-1e+31,2026-03-19 00:02:18.917104896,2026-03-19,False
imap_idex_l1b_sci-10days_20260311_v001.0004.cdf,21,827150616101057920,2026-03-19T00:02:26.917057920,HS ADC0I trigger (TOF HG),HGThreshold,0.289, ,-1e+31, ,-1e+31,2026-03-19 00:02:26.917057920,2026-03-19,False
imap_idex_l1b_sci-10days_20260311_v001.0004.cdf,22,827150630100085632,2026-03-19T00:02:40.916085632,SW trigger,HGThreshold,0.289, ,-1e+31, ,-1e+31,2026-03-19 00:02:40.916085632,2026-03-19,False
imap_idex_l1b_sci-10days_20260311_v001.0004.cdf,23,827150642100015104,2026-03-19T00:02:52.916015104,SW trigger,HGThreshold,0.289, ,-1e+31, ,-1e+31,2026-03-19 00:02:52.916015104,2026-03-19,False
imap_idex_l1b_sci-10days_20260311_v001.0004.cdf,24,827150654099924608,2026-03-19T00:03:04.915924608,SW trigger,HGThreshold,0.289, ,-1e+31, ,-1e+31,2026-03-19 00:03:04.915924608,2026-03-19,False
imap_idex_l1b_sci-10days_20260311_v001.0004.cdf,25,827150666099854208,2026-03-19T00:03:16.915854208,SW trigger,HGThreshold,0.289, ,-1e+31, ,-1e+31,2026-03-19 00:03:16.915854208,2026-03-19,False
imap_idex_l1b_sci-10days_20260311_v001.0004.cdf,26,827192768517492352,2026-03-19T11:44:59.333492352,HS ADC0Q trigger (TOF LG),HGSinglePulse,0.15894999999999998,MGSinglePulse,5.8759999999999994,LGThreshold,268.308,2026-03-19 11:44:59.333492352,2026-03-19,False
imap_idex_l1b_sci-10days_20260321_v001.0017.cdf,0,827336007387021184,2026-03-21T03:32:18.203021184,HS ADC0I trigger (TOF HG),HGSinglePulse,0.15894999999999998,MGSinglePulse,5.8759999999999994,LGThreshold,268.308,2026-03-21 03:32:18.203021184,2026-03-21,False
imap_idex_l1b_sci-10days_20260321_v001.0017.cdf,1,827392649230603008,2026-03-21T19:16:20.046603008,HS ADC0I trigger (TOF HG),HGSinglePulse,0.15894999999999998,MGSinglePulse,5.8759999999999994,LGThreshold,268.308,2026-03-21 19:16:20.046603008,2026-03-21,False
imap_idex_l1b_sci-10days_20260321_v001.0017.cdf,2,827442704141100928,2026-03-22T09:10:34.957100928,HS ADC0I trigger (TOF HG),HGSinglePulse,0.15894999999999998,MGSinglePulse,5.8759999999999994,LGThreshold,268.308,2026-03-22 09:10:34.957100928,2026-03-22,True
imap_idex_l1b_sci-10days_20260321_v001.0017.cdf,3,827454121358063744,2026-03-22T12:20:52.174063744,HS ADC0I trigger (TOF HG),HGSinglePulse,0.15894999999999998,MGSinglePulse,5.8759999999999994,LGThreshold,268.308,2026-03-22 12:20:52.174063744,2026-03-22,True
imap_idex_l1b_sci-10days_20260321_v001.0017.cdf,4,827471404229500544,2026-03-22T17:08:55.045500544,HS ADC0I trigger (TOF HG),HGSinglePulse,0.15894999999999998,MGSinglePulse,5.8759999999999994,LGThreshold,268.308,2026-03-22 17:08:55.045500544,2026-03-22,True
imap_idex_l1b_sci-10days_20260321_v001.0017.cdf,5,827471771514619520,2026-03-22T17:15:02.330619520,HS ADC0I trigger (TOF HG),HGSinglePulse,0.15894999999999998,MGSinglePulse,5.8759999999999994,LGThreshold,268.308,2026-03-22 17:15:02.330619520,2026-03-22,True
imap_idex_l1b_sci-10days_20260321_v001.0017.cdf,6,827476430388088064,2026-03-22T18:32:41.204088064,HS ADC0I trigger (TOF HG),HGSinglePulse,0.15894999999999998,MGSinglePulse,5.8759999999999994,LGThreshold,268.308,2026-03-22 18:32:41.204088064,2026-03-22,True
imap_idex_l1b_sci-10days_20260321_v001.0017.cdf,7,827477215471882240,2026-03-22T18:45:46.287882240,HS ADC0I trigger (TOF HG),HGSinglePulse,0.15894999999999998,MGSinglePulse,5.8759999999999994,LGThreshold,268.308,2026-03-22 18:45:46.287882240,2026-03-22,True
imap_idex_l1b_sci-10days_20260321_v001.0017.cdf,8,827488627394889472,2026-03-22T21:55:58.210889472,HS ADC0I trigger (TOF HG),HGSinglePulse,0.15894999999999998,MGSinglePulse,5.8759999999999994,LGThreshold,268.308,2026-03-22 21:55:58.210889472,2026-03-22,False
imap_idex_l1b_sci-10days_20260321_v001.0017.cdf,9,827489487364297856,2026-03-22T22:10:18.180297856,HS ADC0I trigger (TOF HG),HGSinglePulse,0.15894999999999998,MGSinglePulse,5.8759999999999994,LGThreshold,268.308,2026-03-22 22:10:18.180297856,2026-03-22,True
imap_idex_l1b_sci-10days_20260321_v001.0017.cdf,10,827490247445533696,2026-03-22T22:22:58.261533696,HS ADC0I trigger (TOF HG),HGSinglePulse,0.15894999999999998,MGSinglePulse,5.8759999999999994,LGThreshold,268.308,2026-03-22 22:22:58.261533696,2026-03-22,True
imap_idex_l1b_sci-10days_20260321_v001.0017.cdf,11,827501437172356096,2026-03-23T01:29:27.988356096,HS ADC0I trigger (TOF HG),HGSinglePulse,0.15894999999999998,MGSinglePulse,5.8759999999999994,LGThreshold,268.308,2026-03-23 01:29:27.988356096,2026-03-23,True
imap_idex_l1b_sci-10days_20260321_v001.0017.cdf,12,827516763398305792,2026-03-23T05:44:54.214305792,HS ADC0I trigger (TOF HG),HGSinglePulse,0.15894999999999998,MGSinglePulse,5.8759999999999994,LGThreshold,268.308,2026-03-23 05:44:54.214305792,2026-03-23,False
imap_idex_l1b_sci-10days_20260321_v001.0017.cdf,13,827528280928282880,2026-03-23T08:56:51.744282880,HS ADC0I trigger (TOF HG),HGSinglePulse,0.15894999999999998,MGSinglePulse,5.8759999999999994,LGThreshold,268.308,2026-03-23 08:56:51.744282880,2026-03-23,True
imap_idex_l1b_sci-10days_20260321_v001.0017.cdf,14,827547147881359104,2026-03-23T14:11:18.697359104,HS ADC0I trigger (TOF HG),HGSinglePulse,0.15894999999999998,MGSinglePulse,5.8759999999999994,LGThreshold,268.308,2026-03-23 14:11:18.697359104,2026-03-23,True
imap_idex_l1b_sci-10days_20260321_v001.0017.cdf,15,827599262676533120,2026-03-24T04:39:53.492533120,HS ADC0I trigger (TOF HG),HGSinglePulse,0.15894999999999998,MGSinglePulse,5.8759999999999994,LGThreshold,268.308,2026-03-24 04:39:53.492533120,2026-03-24,True
imap_idex_l1b_sci-10days_20260321_v001.0017.cdf,16,827612094895927936,2026-03-24T08:13:45.711927936,HS ADC0I trigger (TOF HG),HGSinglePulse,0.15894999999999998,MGSinglePulse,5.8759999999999994,LGThreshold,268.308,2026-03-24 08:13:45.711927936,2026-03-24,True
imap_idex_l1b_sci-10days_20260321_v001.0017.cdf,17,827782641711986688,2026-03-26T07:36:12.527986688,HS ADC0I trigger (TOF HG),HGSinglePulse,0.15894999999999998,MGSinglePulse,5.8759999999999994,LGThreshold,268.308,2026-03-26 07:36:12.527986688,2026-03-26,True
imap_idex_l1b_sci-10days_20260321_v001.0017.cdf,18,827793370988301184,2026-03-26T10:35:01.804301184,HS ADC0I trigger (TOF HG),HGSinglePulse,0.15894999999999998,MGSinglePulse,5.8759999999999994,LGThreshold,268.308,2026-03-26 10:35:01.804301184,2026-03-26,True
imap_idex_l1b_sci-10days_20260321_v001.0017.cdf,19,827797997057303168,2026-03-26T11:52:07.873303168,HS ADC0I trigger (TOF HG),HGSinglePulse,0.15894999999999998,MGSinglePulse,5.8759999999999994,LGThreshold,268.308,2026-03-26 11:52:07.873303168,2026-03-26,False
imap_idex_l1b_sci-10days_20260321_v001.0017.cdf,20,827841776826192640,2026-03-27T00:01:47.642192640,SW trigger,HGThreshold,0.289, ,-1e+31, ,-1e+31,2026-03-27 00:01:47.642192640,2026-03-27,False
imap_idex_l1b_sci-10days_20260321_v001.0017.cdf,21,827841782827047424,2026-03-27T00:01:53.643047424,HS ADC0I trigger (TOF HG),HGThreshold,0.289, ,-1e+31, ,-1e+31,2026-03-27 00:01:53.643047424,2026-03-27,False
imap_idex_l1b_sci-10days_20260321_v001.0017.cdf,22,827841790827000448,2026-03-27T00:02:01.643000448,HS ADC0I trigger (TOF HG),HGThreshold,0.289, ,-1e+31, ,-1e+31,2026-03-27 00:02:01.643000448,2026-03-27,False
imap_idex_l1b_sci-10days_20260321_v001.0017.cdf,23,827841798826933376,2026-03-27T00:02:09.642933376,HS ADC0I trigger (TOF HG),HGThreshold,0.289, ,-1e+31, ,-1e+31,2026-03-27 00:02:09.642933376,2026-03-27,False
imap_idex_l1b_sci-10days_20260321_v001.0017.cdf,24,827841806826886528,2026-03-27T00:02:17.642886528,HS ADC0I trigger (TOF HG),HGThreshold,0.289, ,-1e+31, ,-1e+31,2026-03-27 00:02:17.642886528,2026-03-27,True
imap_idex_l1b_sci-10days_20260321_v001.0017.cdf,25,827841814826839552,2026-03-27T00:02:25.642839552,HS ADC0I trigger (TOF HG),HGThreshold,0.289, ,-1e+31, ,-1e+31,2026-03-27 00:02:25.642839552,2026-03-27,False
imap_idex_l1b_sci-10days_20260321_v001.0017.cdf,26,827841826540949248,2026-03-27T00:02:37.356949248,HS ADC0I trigger (TOF HG),HGThreshold,0.289, ,-1e+31, ,-1e+31,2026-03-27 00:02:37.356949248,2026-03-27,False
imap_idex_l1b_sci-10days_20260321_v001.0017.cdf,27,827841833148803584,2026-03-27T00:02:43.964803584,HS ADC0I trigger (TOF HG),HGThreshold,0.289, ,-1e+31, ,-1e+31,2026-03-27 00:02:43.964803584,2026-03-27,False
imap_idex_l1b_sci-10days_20260321_v001.0017.cdf,28,827841840825776768,2026-03-27T00:02:51.641776768,SW trigger,HGThreshold,0.289, ,-1e+31, ,-1e+31,2026-03-27 00:02:51.641776768,2026-03-27,False
imap_idex_l1b_sci-10days_20260321_v001.0017.cdf,29,827841852825706368,2026-03-27T00:03:03.641706368,SW trigger,HGThreshold,0.289, ,-1e+31, ,-1e+31,2026-03-27 00:03:03.641706368,2026-03-27,False
imap_idex_l1b_sci-10days_20260321_v001.0017.cdf,30,827841864825615872,2026-03-27T00:03:15.641615872,SW trigger,HGThreshold,0.289, ,-1e+31, ,-1e+31,2026-03-27 00:03:15.641615872,2026-03-27,False
imap_idex_l1b_sci-10days_20260321_v001.0017.cdf,31,827990627496466048,2026-03-28T17:22:38.312466048,HS ADC1Q trigger (TOF MG),HGSinglePulse,0.15894999999999998,MGSinglePulse,5.8759999999999994,LGThreshold,268.308,2026-03-28 17:22:38.312466048,2026-03-28,False
imap_idex_l1b_sci-10days_20260321_v001.0017.cdf,32,828087573251437056,2026-03-29T20:18:24.067437056,HS ADC0I trigger (TOF HG),HGSinglePulse,0.15894999999999998,MGSinglePulse,5.8759999999999994,LGThreshold,268.308,2026-03-29 20:18:24.067437056,2026-03-29,False
imap_idex_l1b_sci-10days_20260331_v001.0017.cdf,0,828216490454724608,2026-03-31T08:07:01.270724608,HS ADC0I trigger (TOF HG),HGSinglePulse,0.15894999999999998,MGSinglePulse,5.8759999999999994,LGThreshold,268.308,2026-03-31 08:07:01.270724608,2026-03-31,False
imap_idex_l1b_sci-10days_20260331_v001.0017.cdf,1,828268290476372736,2026-03-31T22:30:21.292372736,HS ADC0I trigger (TOF HG),HGSinglePulse,0.15894999999999998,MGSinglePulse,5.8759999999999994,LGThreshold,268.308,2026-03-31 22:30:21.292372736,2026-03-31,False
imap_idex_l1b_sci-10days_20260331_v001.0017.cdf,2,828274733088354560,2026-04-01T00:17:43.904354560,HS ADC0I trigger (TOF HG),HGSinglePulse,0.15894999999999998,MGSinglePulse,5.8759999999999994,LGThreshold,268.308,2026-04-01 00:17:43.904354560,2026-04-01,False
imap_idex_l1b_sci-10days_20260331_v001.0017.cdf,3,828303574796105088,2026-04-01T08:18:25.612105088,HS ADC0I trigger (TOF HG),HGSinglePulse,0.15894999999999998,MGSinglePulse,5.8759999999999994,LGThreshold,268.308,2026-04-01 08:18:25.612105088,2026-04-01,False
imap_idex_l1b_sci-10days_20260331_v001.0017.cdf,4,828320201367907072,2026-04-01T12:55:32.183907072,HS ADC0I trigger (TOF HG),HGSinglePulse,0.15894999999999998,MGSinglePulse,5.8759999999999994,LGThreshold,268.308,2026-04-01 12:55:32.183907072,2026-04-01,False
imap_idex_l1b_sci-10days_20260331_v001.0017.cdf,5,828323362895290240,2026-04-01T13:48:13.711290240,HS ADC0I trigger (TOF HG),HGSinglePulse,0.15894999999999998,MGSinglePulse,5.8759999999999994,LGThreshold,268.308,2026-04-01 13:48:13.711290240,2026-04-01,True
imap_idex_l1b_sci-10days_20260331_v001.0017.cdf,6,828323661629609856,2026-04-01T13:53:12.445609856,HS ADC0I trigger (TOF HG),HGSinglePulse,0.15894999999999998,MGSinglePulse,5.8759999999999994,LGThreshold,268.308,2026-04-01 13:53:12.445609856,2026-04-01,True
imap_idex_l1b_sci-10days_20260331_v001.0017.cdf,7,828324073891770240,2026-04-01T14:00:04.707770240,HS ADC1Q trigger (TOF MG),HGSinglePulse,0.15894999999999998,MGSinglePulse,5.8759999999999994,LGThreshold,268.308,2026-04-01 14:00:04.707770240,2026-04-01,False
imap_idex_l1b_sci-10days_20260331_v001.0017.cdf,8,828325223583627648,2026-04-01T14:19:14.399627648,HS ADC0I trigger (TOF HG),HGSinglePulse,0.15894999999999998,MGSinglePulse,5.8759999999999994,LGThreshold,268.308,2026-04-01 14:19:14.399627648,2026-04-01,True
imap_idex_l1b_sci-10days_20260331_v001.0017.cdf,9,828325583093314304,2026-04-01T14:25:13.909314304,HS ADC0I trigger (TOF HG),HGSinglePulse,0.15894999999999998,MGSinglePulse,5.8759999999999994,LGThreshold,268.308,2026-04-01 14:25:13.909314304,2026-04-01,True
imap_idex_l1b_sci-10days_20260331_v001.0017.cdf,10,828339101007168896,2026-04-01T18:10:31.823168896,HS ADC0I trigger (TOF HG),HGSinglePulse,0.15894999999999998,MGSinglePulse,5.8759999999999994,LGThreshold,268.308,2026-04-01 18:10:31.823168896,2026-04-01,True
imap_idex_l1b_sci-10days_20260331_v001.0017.cdf,11,828349090039142912,2026-04-01T20:57:00.855142912,HS ADC0I trigger (TOF HG),HGSinglePulse,0.15894999999999998,MGSinglePulse,5.8759999999999994,LGThreshold,268.308,2026-04-01 20:57:00.855142912,2026-04-01,True
imap_idex_l1b_sci-10days_20260331_v001.0017.cdf,12,828351099434731648,2026-04-01T21:30:30.250731648,HS ADC0I trigger (TOF HG),HGSinglePulse,0.15894999999999998,MGSinglePulse,5.8759999999999994,LGThreshold,268.308,2026-04-01 21:30:30.250731648,2026-04-01,True
imap_idex_l1b_sci-10days_20260331_v001.0017.cdf,13,828353121357009408,2026-04-01T22:04:12.173009408,HS ADC0I trigger (TOF HG),HGSinglePulse,0.15894999999999998,MGSinglePulse,5.8759999999999994,LGThreshold,268.308,2026-04-01 22:04:12.173009408,2026-04-01,True
imap_idex_l1b_sci-10days_20260331_v001.0017.cdf,14,828358713176235776,2026-04-01T23:37:23.992235776,HS ADC0I trigger (TOF HG),HGSinglePulse,0.15894999999999998,MGSinglePulse,5.8759999999999994,LGThreshold,268.308,2026-04-01 23:37:23.992235776,2026-04-01,True
imap_idex_l1b_sci-10days_20260331_v001.0017.cdf,15,828359814988695552,2026-04-01T23:55:45.804695552,HS ADC0I trigger (TOF HG),HGSinglePulse,0.15894999999999998,MGSinglePulse,5.8759999999999994,LGThreshold,268.308,2026-04-01 23:55:45.804695552,2026-04-01,True
imap_idex_l1b_sci-10days_20260331_v001.0017.cdf,16,828360693338470144,2026-04-02T00:10:24.154470144,HS ADC0I trigger (TOF HG),HGSinglePulse,0.15894999999999998,MGSinglePulse,5.8759999999999994,LGThreshold,268.308,2026-04-02 00:10:24.154470144,2026-04-02,True
imap_idex_l1b_sci-10days_20260331_v001.0017.cdf,17,828362003608947968,2026-04-02T00:32:14.424947968,HS ADC0I trigger (TOF HG),HGSinglePulse,0.15894999999999998,MGSinglePulse,5.8759999999999994,LGThreshold,268.308,2026-04-02 00:32:14.424947968,2026-04-02,True
imap_idex_l1b_sci-10days_20260331_v001.0017.cdf,18,828362274178952192,2026-04-02T00:36:44.994952192,HS ADC0I trigger (TOF HG),HGSinglePulse,0.15894999999999998,MGSinglePulse,5.8759999999999994,LGThreshold,268.308,2026-04-02 00:36:44.994952192,2026-04-02,True
imap_idex_l1b_sci-10days_20260331_v001.0017.cdf,19,828368809000516736,2026-04-02T02:25:39.816516736,HS ADC0I trigger (TOF HG),HGSinglePulse,0.15894999999999998,MGSinglePulse,5.8759999999999994,LGThreshold,268.308,2026-04-02 02:25:39.816516736,2026-04-02,True
imap_idex_l1b_sci-10days_20260331_v001.0017.cdf,20,828370259070692992,2026-04-02T02:49:49.886692992,HS ADC0I trigger (TOF HG),HGSinglePulse,0.15894999999999998,MGSinglePulse,5.8759999999999994,LGThreshold,268.308,2026-04-02 02:49:49.886692992,2026-04-02,False
imap_idex_l1b_sci-10days_20260331_v001.0017.cdf,21,828371789170219392,2026-04-02T03:15:19.986219392,HS ADC0I trigger (TOF HG),HGSinglePulse,0.15894999999999998,MGSinglePulse,5.8759999999999994,LGThreshold,268.308,2026-04-02 03:15:19.986219392,2026-04-02,True
imap_idex_l1b_sci-10days_20260331_v001.0017.cdf,22,828371949198399872,2026-04-02T03:18:00.014399872,HS ADC0I trigger (TOF HG),HGSinglePulse,0.15894999999999998,MGSinglePulse,5.8759999999999994,LGThreshold,268.308,2026-04-02 03:18:00.014399872,2026-04-02,False
imap_idex_l1b_sci-10days_20260331_v001.0017.cdf,23,828372323420953728,2026-04-02T03:24:14.236953728,HS ADC0I trigger (TOF HG),HGSinglePulse,0.15894999999999998,MGSinglePulse,5.8759999999999994,LGThreshold,268.308,2026-04-02 03:24:14.236953728,2026-04-02,True
imap_idex_l1b_sci-10days_20260331_v001.0017.cdf,24,828374537336364288,2026-04-02T04:01:08.152364288,HS ADC0I trigger (TOF HG),HGSinglePulse,0.15894999999999998,MGSinglePulse,5.8759999999999994,LGThreshold,268.308,2026-04-02 04:01:08.152364288,2026-04-02,True
imap_idex_l1b_sci-10days_20260331_v001.0017.cdf,25,828377198667624704,2026-04-02T04:45:29.483624704,HS ADC0I trigger (TOF HG),HGSinglePulse,0.15894999999999998,MGSinglePulse,5.8759999999999994,LGThreshold,268.308,2026-04-02 04:45:29.483624704,2026-04-02,True
imap_idex_l1b_sci-10days_20260331_v001.0017.cdf,26,828377342063719808,2026-04-02T04:47:52.879719808,HS ADC0I trigger (TOF HG),HGSinglePulse,0.15894999999999998,MGSinglePulse,5.8759999999999994,LGThreshold,268.308,2026-04-02 04:47:52.879719808,2026-04-02,True
imap_idex_l1b_sci-10days_20260331_v001.0017.cdf,27,828377553261455616,2026-04-02T04:51:24.077455616,HS ADC0I trigger (TOF HG),HGSinglePulse,0.15894999999999998,MGSinglePulse,5.8759999999999994,LGThreshold,268.308,2026-04-02 04:51:24.077455616,2026-04-02,True
imap_idex_l1b_sci-10days_20260331_v001.0017.cdf,28,828378021258027776,2026-04-02T04:59:12.074027776,HS ADC0I trigger (TOF HG),HGSinglePulse,0.15894999999999998,MGSinglePulse,5.8759999999999994,LGThreshold,268.308,2026-04-02 04:59:12.074027776,2026-04-02,True
imap_idex_l1b_sci-10days_20260331_v001.0017.cdf,29,828378897216904448,2026-04-02T05:13:48.032904448,HS ADC0I trigger (TOF HG),HGSinglePulse,0.15894999999999998,MGSinglePulse,5.8759999999999994,LGThreshold,268.308,2026-04-02 05:13:48.032904448,2026-04-02,False
imap_idex_l1b_sci-10days_20260331_v001.0017.cdf,30,828379549748095616,2026-04-02T05:24:40.564095616,HS ADC0I trigger (TOF HG),HGSinglePulse,0.15894999999999998,MGSinglePulse,5.8759999999999994,LGThreshold,268.308,2026-04-02 05:24:40.564095616,2026-04-02,True
imap_idex_l1b_sci-10days_20260331_v001.0017.cdf,31,828380995829855488,2026-04-02T05:48:46.645855488,HS ADC0I trigger (TOF HG),HGSinglePulse,0.15894999999999998,MGSinglePulse,5.8759999999999994,LGThreshold,268.308,2026-04-02 05:48:46.645855488,2026-04-02,True
imap_idex_l1b_sci-10days_20260331_v001.0017.cdf,32,828381022088452480,2026-04-02T05:49:12.904452480,HS ADC0I trigger (TOF HG),HGSinglePulse,0.15894999999999998,MGSinglePulse,5.8759999999999994,LGThreshold,268.308,2026-04-02 05:49:12.904452480,2026-04-02,True
imap_idex_l1b_sci-10days_20260331_v001.0017.cdf,33,828381223226597248,2026-04-02T05:52:34.042597248,HS ADC0I trigger (TOF HG),HGSinglePulse,0.15894999999999998,MGSinglePulse,5.8759999999999994,LGThreshold,268.308,2026-04-02 05:52:34.042597248,2026-04-02,True
imap_idex_l1b_sci-10days_20260331_v001.0017.cdf,34,828381918054411520,2026-04-02T06:04:08.870411520,HS ADC1Q trigger (TOF MG),HGSinglePulse,0.15894999999999998,MGSinglePulse,5.8759999999999994,LGThreshold,268.308,2026-04-02 06:04:08.870411520,2026-04-02,False
imap_idex_l1b_sci-10days_20260331_v001.0017.cdf,35,828383147918439808,2026-04-02T06:24:38.734439808,HS ADC0I trigger (TOF HG),HGSinglePulse,0.15894999999999998,MGSinglePulse,5.8759999999999994,LGThreshold,268.308,2026-04-02 06:24:38.734439808,2026-04-02,True
imap_idex_l1b_sci-10days_20260331_v001.0017.cdf,36,828383789594540416,2026-04-02T06:35:20.410540416,HS ADC0I trigger (TOF HG),HGSinglePulse,0.15894999999999998,MGSinglePulse,5.8759999999999994,LGThreshold,268.308,2026-04-02 06:35:20.410540416,2026-04-02,False
imap_idex_l1b_sci-10days_20260331_v001.0017.cdf,37,828384102258627968,2026-04-02T06:40:33.074627968,HS ADC0I trigger (TOF HG),HGSinglePulse,0.15894999999999998,MGSinglePulse,5.8759999999999994,LGThreshold,268.308,2026-04-02 06:40:33.074627968,2026-04-02,True
imap_idex_l1b_sci-10days_20260331_v001.0017.cdf,38,828385042426408576,2026-04-02T06:56:13.242408576,HS ADC0I trigger (TOF HG),HGSinglePulse,0.15894999999999998,MGSinglePulse,5.8759999999999994,LGThreshold,268.308,2026-04-02 06:56:13.242408576,2026-04-02,False
imap_idex_l1b_sci-10days_20260331_v001.0017.cdf,39,828387456569624448,2026-04-02T07:36:27.385624448,HS ADC0I trigger (TOF HG),HGSinglePulse,0.15894999999999998,MGSinglePulse,5.8759999999999994,LGThreshold,268.308,2026-04-02 07:36:27.385624448,2026-04-02,True
imap_idex_l1b_sci-10days_20260331_v001.0017.cdf,40,828387995160935040,2026-04-02T07:45:25.976935040,HS ADC0I trigger (TOF HG),HGSinglePulse,0.15894999999999998,MGSinglePulse,5.8759999999999994,LGThreshold,268.308,2026-04-02 07:45:25.976935040,2026-04-02,True
imap_idex_l1b_sci-10days_20260331_v001.0017.cdf,41,828388446258801920,2026-04-02T07:52:57.074801920,HS ADC0I trigger (TOF HG),HGSinglePulse,0.15894999999999998,MGSinglePulse,5.8759999999999994,LGThreshold,268.308,2026-04-02 07:52:57.074801920,2026-04-02,False
imap_idex_l1b_sci-10days_20260331_v001.0017.cdf,42,828388604510784000,2026-04-02T07:55:35.326784000,HS ADC0I trigger (TOF HG),HGSinglePulse,0.15894999999999998,MGSinglePulse,5.8759999999999994,LGThreshold,268.308,2026-04-02 07:55:35.326784000,2026-04-02,True
imap_idex_l1b_sci-10days_20260331_v001.0017.cdf,43,828390356909416704,2026-04-02T08:24:47.725416704,HS ADC0I trigger (TOF HG),HGSinglePulse,0.15894999999999998,MGSinglePulse,5.8759999999999994,LGThreshold,268.308,2026-04-02 08:24:47.725416704,2026-04-02,False
imap_idex_l1b_sci-10days_20260331_v001.0017.cdf,44,828390492674018432,2026-04-02T08:27:03.490018432,HS ADC0I trigger (TOF HG),HGSinglePulse,0.15894999999999998,MGSinglePulse,5.8759999999999994,LGThreshold,268.308,2026-04-02 08:27:03.490018432,2026-04-02,False
imap_idex_l1b_sci-10days_20260331_v001.0017.cdf,45,828390817068795648,2026-04-02T08:32:27.884795648,HS ADC0I trigger (TOF HG),HGSinglePulse,0.15894999999999998,MGSinglePulse,5.8759999999999994,LGThreshold,268.308,2026-04-02 08:32:27.884795648,2026-04-02,False
imap_idex_l1b_sci-10days_20260331_v001.0017.cdf,46,828391174910723712,2026-04-02T08:38:25.726723712,HS ADC0I trigger (TOF HG),HGSinglePulse,0.15894999999999998,MGSinglePulse,5.8759999999999994,LGThreshold,268.308,2026-04-02 08:38:25.726723712,2026-04-02,True
imap_idex_l1b_sci-10days_20260331_v001.0017.cdf,47,828392561328315392,2026-04-02T09:01:32.144315392,HS ADC0I trigger (TOF HG),HGSinglePulse,0.15894999999999998,MGSinglePulse,5.8759999999999994,LGThreshold,268.308,2026-04-02 09:01:32.144315392,2026-04-02,False
imap_idex_l1b_sci-10days_20260331_v001.0017.cdf,48,828392938581526656,2026-04-02T09:07:49.397526656,HS ADC0I trigger (TOF HG),HGSinglePulse,0.15894999999999998,MGSinglePulse,5.8759999999999994,LGThreshold,268.308,2026-04-02 09:07:49.397526656,2026-04-02,True
imap_idex_l1b_sci-10days_20260331_v001.0017.cdf,49,828392975432834688,2026-04-02T09:08:26.248834688,HS ADC0I trigger (TOF HG),HGSinglePulse,0.15894999999999998,MGSinglePulse,5.8759999999999994,LGThreshold,268.308,2026-04-02 09:08:26.248834688,2026-04-02,True
imap_idex_l1b_sci-10days_20260331_v001.0017.cdf,50,828393229206633344,2026-04-02T09:12:40.022633344,HS ADC0I trigger (TOF HG),HGSinglePulse,0.15894999999999998,MGSinglePulse,5.8759999999999994,LGThreshold,268.308,2026-04-02 09:12:40.022633344,2026-04-02,True
imap_idex_l1b_sci-10days_20260331_v001.0017.cdf,51,828393888590038656,2026-04-02T09:23:39.406038656,HS ADC0I trigger (TOF HG),HGSinglePulse,0.15894999999999998,MGSinglePulse,5.8759999999999994,LGThreshold,268.308,2026-04-02 09:23:39.406038656,2026-04-02,True
imap_idex_l1b_sci-10days_20260331_v001.0017.cdf,52,828394156368065408,2026-04-02T09:28:07.184065408,HS ADC0I trigger (TOF HG),HGSinglePulse,0.15894999999999998,MGSinglePulse,5.8759999999999994,LGThreshold,268.308,2026-04-02 09:28:07.184065408,2026-04-02,True
imap_idex_l1b_sci-10days_20260331_v001.0017.cdf,53,828394190065955840,2026-04-02T09:28:40.881955840,HS ADC1Q trigger (TOF MG),HGSinglePulse,0.15894999999999998,MGSinglePulse,5.8759999999999994,LGThreshold,268.308,2026-04-02 09:28:40.881955840,2026-04-02,False
imap_idex_l1b_sci-10days_20260331_v001.0017.cdf,54,828394833627555072,2026-04-02T09:39:24.443555072,HS ADC0I trigger (TOF HG),HGSinglePulse,0.15894999999999998,MGSinglePulse,5.8759999999999994,LGThreshold,268.308,2026-04-02 09:39:24.443555072,2026-04-02,True
imap_idex_l1b_sci-10days_20260331_v001.0017.cdf,55,828394888153567488,2026-04-02T09:40:18.969567488,HS ADC0I trigger (TOF HG),HGSinglePulse,0.15894999999999998,MGSinglePulse,5.8759999999999994,LGThreshold,268.308,2026-04-02 09:40:18.969567488,2026-04-02,True
imap_idex_l1b_sci-10days_20260331_v001.0017.cdf,56,828395812998961408,2026-04-02T09:55:43.814961408,HS ADC0I trigger (TOF HG),HGSinglePulse,0.15894999999999998,MGSinglePulse,5.8759999999999994,LGThreshold,268.308,2026-04-02 09:55:43.814961408,2026-04-02,True
imap_idex_l1b_sci-10days_20260331_v001.0017.cdf,57,828396867649762304,2026-04-02T10:13:18.465762304,HS ADC0I trigger (TOF HG),HGSinglePulse,0.15894999999999998,MGSinglePulse,5.8759999999999994,LGThreshold,268.308,2026-04-02 10:13:18.465762304,2026-04-02,True
imap_idex_l1b_sci-10days_20260331_v001.0017.cdf,58,828397115281066368,2026-04-02T10:17:26.097066368,HS ADC0I trigger (TOF HG),HGSinglePulse,0.15894999999999998,MGSinglePulse,5.8759999999999994,LGThreshold,268.308,2026-04-02 10:17:26.097066368,2026-04-02,True
imap_idex_l1b_sci-10days_20260331_v001.0017.cdf,59,828398157728597888,2026-04-02T10:34:48.544597888,HS ADC0I trigger (TOF HG),HGSinglePulse,0.15894999999999998,MGSinglePulse,5.8759999999999994,LGThreshold,268.308,2026-04-02 10:34:48.544597888,2026-04-02,True
imap_idex_l1b_sci-10days_20260331_v001.0017.cdf,60,828398599278532992,2026-04-02T10:42:10.094532992,HS ADC0I trigger (TOF HG),HGSinglePulse,0.15894999999999998,MGSinglePulse,5.8759999999999994,LGThreshold,268.308,2026-04-02 10:42:10.094532992,2026-04-02,True
imap_idex_l1b_sci-10days_20260331_v001.0017.cdf,61,828399825017144832,2026-04-02T11:02:35.833144832,HS ADC0I trigger (TOF HG),HGSinglePulse,0.15894999999999998,MGSinglePulse,5.8759999999999994,LGThreshold,268.308,2026-04-02 11:02:35.833144832,2026-04-02,False
imap_idex_l1b_sci-10days_20260331_v001.0017.cdf,62,828399847034925568,2026-04-02T11:02:57.850925568,HS ADC0I trigger (TOF HG),HGSinglePulse,0.15894999999999998,MGSinglePulse,5.8759999999999994,LGThreshold,268.308,2026-04-02 11:02:57.850925568,2026-04-02,False
imap_idex_l1b_sci-10days_20260331_v001.0017.cdf,63,828400349357487744,2026-04-02T11:11:20.173487744,HS ADC0I trigger (TOF HG),HGSinglePulse,0.15894999999999998,MGSinglePulse,5.8759999999999994,LGThreshold,268.308,2026-04-02 11:11:20.173487744,2026-04-02,True
imap_idex_l1b_sci-10days_20260331_v001.0017.cdf,64,828400367094172416,2026-04-02T11:11:37.910172416,HS ADC0I trigger (TOF HG),HGSinglePulse,0.15894999999999998,MGSinglePulse,5.8759999999999994,LGThreshold,268.308,2026-04-02 11:11:37.910172416,2026-04-02,True
imap_idex_l1b_sci-10days_20260331_v001.0017.cdf,65,828400523273276160,2026-04-02T11:14:14.089276160,HS ADC0I trigger (TOF HG),HGSinglePulse,0.15894999999999998,MGSinglePulse,5.8759999999999994,LGThreshold,268.308,2026-04-02 11:14:14.089276160,2026-04-02,True
imap_idex_l1b_sci-10days_20260331_v001.0017.cdf,66,828400645954109184,2026-04-02T11:16:16.770109184,HS ADC0I trigger (TOF HG),HGSinglePulse,0.15894999999999998,MGSinglePulse,5.8759999999999994,LGThreshold,268.308,2026-04-02 11:16:16.770109184,2026-04-02,True
imap_idex_l1b_sci-10days_20260331_v001.0017.cdf,67,828400734996371712,2026-04-02T11:17:45.812371712,HS ADC1Q trigger (TOF MG),HGSinglePulse,0.15894999999999998,MGSinglePulse,5.8759999999999994,LGThreshold,268.308,2026-04-02 11:17:45.812371712,2026-04-02,False
imap_idex_l1b_sci-10days_20260331_v001.0017.cdf,68,828401397061374720,2026-04-02T11:28:47.877374720,HS ADC0I trigger (TOF HG),HGSinglePulse,0.15894999999999998,MGSinglePulse,5.8759999999999994,LGThreshold,268.308,2026-04-02 11:28:47.877374720,2026-04-02,True
imap_idex_l1b_sci-10days_20260331_v001.0017.cdf,69,828401887233707392,2026-04-02T11:36:58.049707392,HS ADC0I trigger (TOF HG),HGSinglePulse,0.15894999999999998,MGSinglePulse,5.8759999999999994,LGThreshold,268.308,2026-04-02 11:36:58.049707392,2026-04-02,True
imap_idex_l1b_sci-10days_20260331_v001.0017.cdf,70,828401932626307968,2026-04-02T11:37:43.442307968,HS ADC0I trigger (TOF HG),HGSinglePulse,0.15894999999999998,MGSinglePulse,5.8759999999999994,LGThreshold,268.308,2026-04-02 11:37:43.442307968,2026-04-02,False
imap_idex_l1b_sci-10days_20260331_v001.0017.cdf,71,828402198756215936,2026-04-02T11:42:09.572215936,HS ADC0I trigger (TOF HG),HGSinglePulse,0.15894999999999998,MGSinglePulse,5.8759999999999994,LGThreshold,268.308,2026-04-02 11:42:09.572215936,2026-04-02,False
imap_idex_l1b_sci-10days_20260331_v001.0017.cdf,72,828402213833002752,2026-04-02T11:42:24.649002752,HS ADC0I trigger (TOF HG),HGSinglePulse,0.15894999999999998,MGSinglePulse,5.8759999999999994,LGThreshold,268.308,2026-04-02 11:42:24.649002752,2026-04-02,True
imap_idex_l1b_sci-10days_20260331_v001.0017.cdf,73,828402753777912192,2026-04-02T11:51:24.593912192,HS ADC0I trigger (TOF HG),HGSinglePulse,0.15894999999999998,MGSinglePulse,5.8759999999999994,LGThreshold,268.308,2026-04-02 11:51:24.593912192,2026-04-02,True
imap_idex_l1b_sci-10days_20260331_v001.0017.cdf,74,828402966819226624,2026-04-02T11:54:57.635226624,HS ADC0I trigger (TOF HG),HGSinglePulse,0.15894999999999998,MGSinglePulse,5.8759999999999994,LGThreshold,268.308,2026-04-02 11:54:57.635226624,2026-04-02,False
imap_idex_l1b_sci-10days_20260331_v001.0017.cdf,75,828403725548905216,2026-04-02T12:07:36.364905216,HS ADC0I trigger (TOF HG),HGSinglePulse,0.15894999999999998,MGSinglePulse,5.8759999999999994,LGThreshold,268.308,2026-04-02 12:07:36.364905216,2026-04-02,True
imap_idex_l1b_sci-10days_20260331_v001.0017.cdf,76,828403788592750336,2026-04-02T12:08:39.408750336,HS ADC0I trigger (TOF HG),HGSinglePulse,0.15894999999999998,MGSinglePulse,5.8759999999999994,LGThreshold,268.308,2026-04-02 12:08:39.408750336,2026-04-02,True
imap_idex_l1b_sci-10days_20260331_v001.0017.cdf,77,828404479576788096,2026-04-02T12:20:10.392788096,HS ADC0I trigger (TOF HG),HGSinglePulse,0.15894999999999998,MGSinglePulse,5.8759999999999994,LGThreshold,268.308,2026-04-02 12:20:10.392788096,2026-04-02,True
imap_idex_l1b_sci-10days_20260331_v001.0017.cdf,78,828405016046360576,2026-04-02T12:29:06.862360576,"HS ADC0I trigger (TOF HG), HS ADC1Q trigger (TOF MG)",HGSinglePulse,0.15894999999999998,MGSinglePulse,5.8759999999999994,LGThreshold,268.308,2026-04-02 12:29:06.862360576,2026-04-02,False
imap_idex_l1b_sci-10days_20260331_v001.0017.cdf,79,828405242496643072,2026-04-02T12:32:53.312643072,HS ADC0I trigger (TOF HG),HGSinglePulse,0.15894999999999998,MGSinglePulse,5.8759999999999994,LGThreshold,268.308,2026-04-02 12:32:53.312643072,2026-04-02,True
imap_idex_l1b_sci-10days_20260331_v001.0017.cdf,80,828405655764302976,2026-04-02T12:39:46.580302976,HS ADC0I trigger (TOF HG),HGSinglePulse,0.15894999999999998,MGSinglePulse,5.8759999999999994,LGThreshold,268.308,2026-04-02 12:39:46.580302976,2026-04-02,True
imap_idex_l1b_sci-10days_20260331_v001.0017.cdf,81,828405926580626944,2026-04-02T12:44:17.396626944,HS ADC0I trigger (TOF HG),HGSinglePulse,0.15894999999999998,MGSinglePulse,5.8759999999999994,LGThreshold,268.308,2026-04-02 12:44:17.396626944,2026-04-02,True
imap_idex_l1b_sci-10days_20260331_v001.0017.cdf,82,828406106760029952,2026-04-02T12:47:17.576029952,HS ADC0I trigger (TOF HG),HGSinglePulse,0.15894999999999998,MGSinglePulse,5.8759999999999994,LGThreshold,268.308,2026-04-02 12:47:17.576029952,2026-04-02,True
imap_idex_l1b_sci-10days_20260331_v001.0017.cdf,83,828406715821659136,2026-04-02T12:57:26.637659136,HS ADC0I trigger (TOF HG),HGSinglePulse,0.15894999999999998,MGSinglePulse,5.8759999999999994,LGThreshold,268.308,2026-04-02 12:57:26.637659136,2026-04-02,True
imap_idex_l1b_sci-10days_20260331_v001.0017.cdf,84,828406845268746240,2026-04-02T12:59:36.084746240,HS ADC0I trigger (TOF HG),HGSinglePulse,0.15894999999999998,MGSinglePulse,5.8759999999999994,LGThreshold,268.308,2026-04-02 12:59:36.084746240,2026-04-02,False
imap_idex_l1b_sci-10days_20260331_v001.0017.cdf,85,828406906288733056,2026-04-02T13:00:37.104733056,HS ADC0I trigger (TOF HG),HGSinglePulse,0.15894999999999998,MGSinglePulse,5.8759999999999994,LGThreshold,268.308,2026-04-02 13:00:37.104733056,2026-04-02,False
imap_idex_l1b_sci-10days_20260331_v001.0017.cdf,86,828407218004301440,2026-04-02T13:05:48.820301440,HS ADC0I trigger (TOF HG),HGSinglePulse,0.15894999999999998,MGSinglePulse,5.8759999999999994,LGThreshold,268.308,2026-04-02 13:05:48.820301440,2026-04-02,False
imap_idex_l1b_sci-10days_20260331_v001.0017.cdf,87,828407313042578560,2026-04-02T13:07:23.858578560,HS ADC0I trigger (TOF HG),HGSinglePulse,0.15894999999999998,MGSinglePulse,5.8759999999999994,LGThreshold,268.308,2026-04-02 13:07:23.858578560,2026-04-02,True
imap_idex_l1b_sci-10days_20260331_v001.0017.cdf,88,828408069481279232,2026-04-02T13:20:00.297279232,HS ADC0I trigger (TOF HG),HGSinglePulse,0.15894999999999998,MGSinglePulse,5.8759999999999994,LGThreshold,268.308,2026-04-02 13:20:00.297279232,2026-04-02,True
imap_idex_l1b_sci-10days_20260331_v001.0017.cdf,89,828408654536849408,2026-04-02T13:29:45.352849408,HS ADC0I trigger (TOF HG),HGSinglePulse,0.15894999999999998,MGSinglePulse,5.8759999999999994,LGThreshold,268.308,2026-04-02 13:29:45.352849408,2026-04-02,True
imap_idex_l1b_sci-10days_20260331_v001.0017.cdf,90,828408838166669312,2026-04-02T13:32:48.982669312,HS ADC0I trigger (TOF HG),HGSinglePulse,0.15894999999999998,MGSinglePulse,5.8759999999999994,LGThreshold,268.308,2026-04-02 13:32:48.982669312,2026-04-02,False
imap_idex_l1b_sci-10days_20260331_v001.0017.cdf,91,828409100354440832,2026-04-02T13:37:11.170440832,HS ADC0I trigger (TOF HG),HGSinglePulse,0.15894999999999998,MGSinglePulse,5.8759999999999994,LGThreshold,268.308,2026-04-02 13:37:11.170440832,2026-04-02,False
imap_idex_l1b_sci-10days_20260331_v001.0017.cdf,92,828409146930360320,2026-04-02T13:37:57.746360320,HS ADC0I trigger (TOF HG),HGSinglePulse,0.15894999999999998,MGSinglePulse,5.8759999999999994,LGThreshold,268.308,2026-04-02 13:37:57.746360320,2026-04-02,False
imap_idex_l1b_sci-10days_20260331_v001.0017.cdf,93,828409772833274752,2026-04-02T13:48:23.649274752,HS ADC0I trigger (TOF HG),HGSinglePulse,0.15894999999999998,MGSinglePulse,5.8759999999999994,LGThreshold,268.308,2026-04-02 13:48:23.649274752,2026-04-02,True
imap_idex_l1b_sci-10days_20260331_v001.0017.cdf,94,828410419308951424,2026-04-02T13:59:10.124951424,HS ADC0I trigger (TOF HG),HGSinglePulse,0.15894999999999998,MGSinglePulse,5.8759999999999994,LGThreshold,268.308,2026-04-02 13:59:10.124951424,2026-04-02,True
imap_idex_l1b_sci-10days_20260331_v001.0017.cdf,95,828410886754743808,2026-04-02T14:06:57.570743808,HS ADC0I trigger (TOF HG),HGSinglePulse,0.15894999999999998,MGSinglePulse,5.8759999999999994,LGThreshold,268.308,2026-04-02 14:06:57.570743808,2026-04-02,True
imap_idex_l1b_sci-10days_20260331_v001.0017.cdf,96,828411807547341440,2026-04-02T14:22:18.363341440,HS ADC0I trigger (TOF HG),HGSinglePulse,0.15894999999999998,MGSinglePulse,5.8759999999999994,LGThreshold,268.308,2026-04-02 14:22:18.363341440,2026-04-02,True
imap_idex_l1b_sci-10days_20260331_v001.0017.cdf,97,828412547170976768,2026-04-02T14:34:37.986976768,HS ADC0I trigger (TOF HG),HGSinglePulse,0.15894999999999998,MGSinglePulse,5.8759999999999994,LGThreshold,268.308,2026-04-02 14:34:37.986976768,2026-04-02,True
imap_idex_l1b_sci-10days_20260331_v001.0017.cdf,98,828412930372182784,2026-04-02T14:41:01.188182784,HS ADC0I trigger (TOF HG),HGSinglePulse,0.15894999999999998,MGSinglePulse,5.8759999999999994,LGThreshold,268.308,2026-04-02 14:41:01.188182784,2026-04-02,True
imap_idex_l1b_sci-10days_20260331_v001.0017.cdf,99,828413360042248320,2026-04-02T14:48:10.858248320,HS ADC0I trigger (TOF HG),HGSinglePulse,0.15894999999999998,MGSinglePulse,5.8759999999999994,LGThreshold,268.308,2026-04-02 14:48:10.858248320,2026-04-02,True
imap_idex_l1b_sci-10days_20260331_v001.0017.cdf,100,828413510085377408,2026-04-02T14:50:40.901377408,HS ADC0I trigger (TOF HG),HGSinglePulse,0.15894999999999998,MGSinglePulse,5.8759999999999994,LGThreshold,268.308,2026-04-02 14:50:40.901377408,2026-04-02,False
imap_idex_l1b_sci-10days_20260331_v001.0017.cdf,101,828414682003636096,2026-04-02T15:10:12.819636096,HS ADC0I trigger (TOF HG),HGSinglePulse,0.15894999999999998,MGSinglePulse,5.8759999999999994,LGThreshold,268.308,2026-04-02 15:10:12.819636096,2026-04-02,True
imap_idex_l1b_sci-10days_20260331_v001.0017.cdf,102,828414741715804160,2026-04-02T15:11:12.531804160,HS ADC0I trigger (TOF HG),HGSinglePulse,0.15894999999999998,MGSinglePulse,5.8759999999999994,LGThreshold,268.308,2026-04-02 15:11:12.531804160,2026-04-02,True
imap_idex_l1b_sci-10days_20260331_v001.0017.cdf,103,828415122618992128,2026-04-02T15:17:33.434992128,HS ADC0I trigger (TOF HG),HGSinglePulse,0.15894999999999998,MGSinglePulse,5.8759999999999994,LGThreshold,268.308,2026-04-02 15:17:33.434992128,2026-04-02,False
imap_idex_l1b_sci-10days_20260331_v001.0017.cdf,104,828415515561169792,2026-04-02T15:24:06.377169792,HS ADC0I trigger (TOF HG),HGSinglePulse,0.15894999999999998,MGSinglePulse,5.8759999999999994,LGThreshold,268.308,2026-04-02 15:24:06.377169792,2026-04-02,True
imap_idex_l1b_sci-10days_20260331_v001.0017.cdf,105,828416532685483136,2026-04-02T15:41:03.501483136,HS ADC0I trigger (TOF HG),HGSinglePulse,0.15894999999999998,MGSinglePulse,5.8759999999999994,LGThreshold,268.308,2026-04-02 15:41:03.501483136,2026-04-02,True
imap_idex_l1b_sci-10days_20260331_v001.0017.cdf,106,828416601515083136,2026-04-02T15:42:12.331083136,HS ADC0I trigger (TOF HG),HGSinglePulse,0.15894999999999998,MGSinglePulse,5.8759999999999994,LGThreshold,268.308,2026-04-02 15:42:12.331083136,2026-04-02,True
imap_idex_l1b_sci-10days_20260331_v001.0017.cdf,107,828416785460542848,2026-04-02T15:45:16.276542848,HS ADC0I trigger (TOF HG),HGSinglePulse,0.15894999999999998,MGSinglePulse,5.8759999999999994,LGThreshold,268.308,2026-04-02 15:45:16.276542848,2026-04-02,True
imap_idex_l1b_sci-10days_20260331_v001.0017.cdf,108,828417462773052544,2026-04-02T15:56:33.589052544,HS ADC0I trigger (TOF HG),HGSinglePulse,0.15894999999999998,MGSinglePulse,5.8759999999999994,LGThreshold,268.308,2026-04-02 15:56:33.589052544,2026-04-02,True
imap_idex_l1b_sci-10days_20260331_v001.0017.cdf,109,828417767683286912,2026-04-02T16:01:38.499286912,HS ADC0I trigger (TOF HG),HGSinglePulse,0.15894999999999998,MGSinglePulse,5.8759999999999994,LGThreshold,268.308,2026-04-02 16:01:38.499286912,2026-04-02,True
imap_idex_l1b_sci-10days_20260331_v001.0017.cdf,110,828417889641560576,2026-04-02T16:03:40.457560576,HS ADC0I trigger (TOF HG),HGSinglePulse,0.15894999999999998,MGSinglePulse,5.8759999999999994,LGThreshold,268.308,2026-04-02 16:03:40.457560576,2026-04-02,False
imap_idex_l1b_sci-10days_20260331_v001.0017.cdf,111,828419010176663936,2026-04-02T16:22:20.992663936,HS ADC0I trigger (TOF HG),HGSinglePulse,0.15894999999999998,MGSinglePulse,5.8759999999999994,LGThreshold,268.308,2026-04-02 16:22:20.992663936,2026-04-02,True
imap_idex_l1b_sci-10days_20260331_v001.0017.cdf,112,828419380858440832,2026-04-02T16:28:31.674440832,HS ADC0I trigger (TOF HG),HGSinglePulse,0.15894999999999998,MGSinglePulse,5.8759999999999994,LGThreshold,268.308,2026-04-02 16:28:31.674440832,2026-04-02,True
imap_idex_l1b_sci-10days_20260331_v001.0017.cdf,113,828419544279498496,2026-04-02T16:31:15.095498496,HS ADC0I trigger (TOF HG),HGSinglePulse,0.15894999999999998,MGSinglePulse,5.8759999999999994,LGThreshold,268.308,2026-04-02 16:31:15.095498496,2026-04-02,True
imap_idex_l1b_sci-10days_20260331_v001.0017.cdf,114,828419767282704000,2026-04-02T16:34:58.098704000,HS ADC0I trigger (TOF HG),HGSinglePulse,0.15894999999999998,MGSinglePulse,5.8759999999999994,LGThreshold,268.308,2026-04-02 16:34:58.098704000,2026-04-02,False
imap_idex_l1b_sci-10days_20260331_v001.0017.cdf,115,828419881261344640,2026-04-02T16:36:52.077344640,HS ADC0I trigger (TOF HG),HGSinglePulse,0.15894999999999998,MGSinglePulse,5.8759999999999994,LGThreshold,268.308,2026-04-02 16:36:52.077344640,2026-04-02,False
imap_idex_l1b_sci-10days_20260331_v001.0017.cdf,116,828420945180317440,2026-04-02T16:54:35.996317440,HS ADC0I trigger (TOF HG),HGSinglePulse,0.15894999999999998,MGSinglePulse,5.8759999999999994,LGThreshold,268.308,2026-04-02 16:54:35.996317440,2026-04-02,True
imap_idex_l1b_sci-10days_20260331_v001.0017.cdf,117,828421058830258432,2026-04-02T16:56:29.646258432,HS ADC0I trigger (TOF HG),HGSinglePulse,0.15894999999999998,MGSinglePulse,5.8759999999999994,LGThreshold,268.308,2026-04-02 16:56:29.646258432,2026-04-02,False
imap_idex_l1b_sci-10days_20260331_v001.0017.cdf,118,828421908079918208,2026-04-02T17:10:38.895918208,HS ADC0I trigger (TOF HG),HGSinglePulse,0.15894999999999998,MGSinglePulse,5.8759999999999994,LGThreshold,268.308,2026-04-02 17:10:38.895918208,2026-04-02,False
imap_idex_l1b_sci-10days_20260331_v001.0017.cdf,119,828423146548498816,2026-04-02T17:31:17.364498816,HS ADC0I trigger (TOF HG),HGSinglePulse,0.15894999999999998,MGSinglePulse,5.8759999999999994,LGThreshold,268.308,2026-04-02 17:31:17.364498816,2026-04-02,True
imap_idex_l1b_sci-10days_20260331_v001.0017.cdf,120,828424374624808576,2026-04-02T17:51:45.440808576,HS ADC0I trigger (TOF HG),HGSinglePulse,0.15894999999999998,MGSinglePulse,5.8759999999999994,LGThreshold,268.308,2026-04-02 17:51:45.440808576,2026-04-02,True
imap_idex_l1b_sci-10days_20260331_v001.0017.cdf,121,828425467257736320,2026-04-02T18:09:58.073736320,HS ADC0I trigger (TOF HG),HGSinglePulse,0.15894999999999998,MGSinglePulse,5.8759999999999994,LGThreshold,268.308,2026-04-02 18:09:58.073736320,2026-04-02,True
imap_idex_l1b_sci-10days_20260331_v001.0017.cdf,122,828426031339764736,2026-04-02T18:19:22.155764736,HS ADC0I trigger (TOF HG),HGSinglePulse,0.15894999999999998,MGSinglePulse,5.8759999999999994,LGThreshold,268.308,2026-04-02 18:19:22.155764736,2026-04-02,True
imap_idex_l1b_sci-10days_20260331_v001.0017.cdf,123,828426166972906368,2026-04-02T18:21:37.788906368,HS ADC0I trigger (TOF HG),HGSinglePulse,0.15894999999999998,MGSinglePulse,5.8759999999999994,LGThreshold,268.308,2026-04-02 18:21:37.788906368,2026-04-02,True
imap_idex_l1b_sci-10days_20260331_v001.0017.cdf,124,828426380938599936,2026-04-02T18:25:11.754599936,HS ADC0I trigger (TOF HG),HGSinglePulse,0.15894999999999998,MGSinglePulse,5.8759999999999994,LGThreshold,268.308,2026-04-02 18:25:11.754599936,2026-04-02,True
imap_idex_l1b_sci-10days_20260331_v001.0017.cdf,125,828426981762396288,2026-04-02T18:35:12.578396288,HS ADC0I trigger (TOF HG),HGSinglePulse,0.15894999999999998,MGSinglePulse,5.8759999999999994,LGThreshold,268.308,2026-04-02 18:35:12.578396288,2026-04-02,True
imap_idex_l1b_sci-10days_20260331_v001.0017.cdf,126,828427124954051456,2026-04-02T18:37:35.770051456,HS ADC0I trigger (TOF HG),HGSinglePulse,0.15894999999999998,MGSinglePulse,5.8759999999999994,LGThreshold,268.308,2026-04-02 18:37:35.770051456,2026-04-02,True
imap_idex_l1b_sci-10days_20260331_v001.0017.cdf,127,828428357099397504,2026-04-02T18:58:07.915397504,HS ADC0I trigger (TOF HG),HGSinglePulse,0.15894999999999998,MGSinglePulse,5.8759999999999994,LGThreshold,268.308,2026-04-02 18:58:07.915397504,2026-04-02,True
imap_idex_l1b_sci-10days_20260331_v001.0017.cdf,128,828428544144414720,2026-04-02T19:01:14.960414720,HS ADC0I trigger (TOF HG),HGSinglePulse,0.15894999999999998,MGSinglePulse,5.8759999999999994,LGThreshold,268.308,2026-04-02 19:01:14.960414720,2026-04-02,False
imap_idex_l1b_sci-10days_20260331_v001.0017.cdf,129,828429028058872832,2026-04-02T19:09:18.874872832,HS ADC0I trigger (TOF HG),HGSinglePulse,0.15894999999999998,MGSinglePulse,5.8759999999999994,LGThreshold,268.308,2026-04-02 19:09:18.874872832,2026-04-02,False
imap_idex_l1b_sci-10days_20260331_v001.0017.cdf,130,828430519325553024,2026-04-02T19:34:10.141553024,HS ADC0I trigger (TOF HG),HGSinglePulse,0.15894999999999998,MGSinglePulse,5.8759999999999994,LGThreshold,268.308,2026-04-02 19:34:10.141553024,2026-04-02,True
imap_idex_l1b_sci-10days_20260331_v001.0017.cdf,131,828431101890645376,2026-04-02T19:43:52.706645376,HS ADC0I trigger (TOF HG),HGSinglePulse,0.15894999999999998,MGSinglePulse,5.8759999999999994,LGThreshold,268.308,2026-04-02 19:43:52.706645376,2026-04-02,True
imap_idex_l1b_sci-10days_20260331_v001.0017.cdf,132,828431135211336192,2026-04-02T19:44:26.027336192,HS ADC0I trigger (TOF HG),HGSinglePulse,0.15894999999999998,MGSinglePulse,5.8759999999999994,LGThreshold,268.308,2026-04-02 19:44:26.027336192,2026-04-02,False
imap_idex_l1b_sci-10days_20260331_v001.0017.cdf,133,828431319228815872,2026-04-02T19:47:30.044815872,HS ADC0I trigger (TOF HG),HGSinglePulse,0.15894999999999998,MGSinglePulse,5.8759999999999994,LGThreshold,268.308,2026-04-02 19:47:30.044815872,2026-04-02,False
imap_idex_l1b_sci-10days_20260331_v001.0017.cdf,134,828432223816187648,2026-04-02T20:02:34.632187648,"HS ADC0I trigger (TOF HG), HS ADC1Q trigger (TOF MG)",HGSinglePulse,0.15894999999999998,MGSinglePulse,5.8759999999999994,LGThreshold,268.308,2026-04-02 20:02:34.632187648,2026-04-02,False
imap_idex_l1b_sci-10days_20260331_v001.0017.cdf,135,828432516168672640,2026-04-02T20:07:26.984672640,HS ADC0I trigger (TOF HG),HGSinglePulse,0.15894999999999998,MGSinglePulse,5.8759999999999994,LGThreshold,268.308,2026-04-02 20:07:26.984672640,2026-04-02,True
imap_idex_l1b_sci-10days_20260331_v001.0017.cdf,136,828432954353490816,2026-04-02T20:14:45.169490816,HS ADC0I trigger (TOF HG),HGSinglePulse,0.15894999999999998,MGSinglePulse,5.8759999999999994,LGThreshold,268.308,2026-04-02 20:14:45.169490816,2026-04-02,False
imap_idex_l1b_sci-10days_20260331_v001.0017.cdf,137,828433707311074560,2026-04-02T20:27:18.127074560,HS ADC0I trigger (TOF HG),HGSinglePulse,0.15894999999999998,MGSinglePulse,5.8759999999999994,LGThreshold,268.308,2026-04-02 20:27:18.127074560,2026-04-02,True
imap_idex_l1b_sci-10days_20260331_v001.0017.cdf,138,828434804947538048,2026-04-02T20:45:35.763538048,HS ADC0I trigger (TOF HG),HGSinglePulse,0.15894999999999998,MGSinglePulse,5.8759999999999994,LGThreshold,268.308,2026-04-02 20:45:35.763538048,2026-04-02,False
imap_idex_l1b_sci-10days_20260331_v001.0017.cdf,139,828435590106533760,2026-04-02T20:58:40.922533760,HS ADC0I trigger (TOF HG),HGSinglePulse,0.15894999999999998,MGSinglePulse,5.8759999999999994,LGThreshold,268.308,2026-04-02 20:58:40.922533760,2026-04-02,False
imap_idex_l1b_sci-10days_20260331_v001.0017.cdf,140,828435644097146624,2026-04-02T20:59:34.913146624,HS ADC0I trigger (TOF HG),HGSinglePulse,0.15894999999999998,MGSinglePulse,5.8759999999999994,LGThreshold,268.308,2026-04-02 20:59:34.913146624,2026-04-02,True
imap_idex_l1b_sci-10days_20260331_v001.0017.cdf,141,828435882330878976,2026-04-02T21:03:33.146878976,HS ADC0I trigger (TOF HG),HGSinglePulse,0.15894999999999998,MGSinglePulse,5.8759999999999994,LGThreshold,268.308,2026-04-02 21:03:33.146878976,2026-04-02,True
imap_idex_l1b_sci-10days_20260331_v001.0017.cdf,142,828437362715908736,2026-04-02T21:28:13.531908736,HS ADC0I trigger (TOF HG),HGSinglePulse,0.15894999999999998,MGSinglePulse,5.8759999999999994,LGThreshold,268.308,2026-04-02 21:28:13.531908736,2026-04-02,True
imap_idex_l1b_sci-10days_20260331_v001.0017.cdf,143,828437401912894592,2026-04-02T21:28:52.728894592,HS ADC0I trigger (TOF HG),HGSinglePulse,0.15894999999999998,MGSinglePulse,5.8759999999999994,LGThreshold,268.308,2026-04-02 21:28:52.728894592,2026-04-02,True
imap_idex_l1b_sci-10days_20260331_v001.0017.cdf,144,828437494508093952,2026-04-02T21:30:25.324093952,HS ADC0I trigger (TOF HG),HGSinglePulse,0.15894999999999998,MGSinglePulse,5.8759999999999994,LGThreshold,268.308,2026-04-02 21:30:25.324093952,2026-04-02,True
imap_idex_l1b_sci-10days_20260331_v001.0017.cdf,145,828437682352970112,2026-04-02T21:33:33.168970112,HS ADC0I trigger (TOF HG),HGSinglePulse,0.15894999999999998,MGSinglePulse,5.8759999999999994,LGThreshold,268.308,2026-04-02 21:33:33.168970112,2026-04-02,True
imap_idex_l1b_sci-10days_20260331_v001.0017.cdf,146,828438035408082432,2026-04-02T21:39:26.224082432,HS ADC0I trigger (TOF HG),HGSinglePulse,0.15894999999999998,MGSinglePulse,5.8759999999999994,LGThreshold,268.308,2026-04-02 21:39:26.224082432,2026-04-02,False
imap_idex_l1b_sci-10days_20260331_v001.0017.cdf,147,828438214613686272,2026-04-02T21:42:25.429686272,HS ADC0I trigger (TOF HG),HGSinglePulse,0.15894999999999998,MGSinglePulse,5.8759999999999994,LGThreshold,268.308,2026-04-02 21:42:25.429686272,2026-04-02,True
imap_idex_l1b_sci-10days_20260331_v001.0017.cdf,148,828438244921559808,2026-04-02T21:42:55.737559808,HS ADC0I trigger (TOF HG),HGSinglePulse,0.15894999999999998,MGSinglePulse,5.8759999999999994,LGThreshold,268.308,2026-04-02 21:42:55.737559808,2026-04-02,True
imap_idex_l1b_sci-10days_20260331_v001.0017.cdf,149,828438540972481792,2026-04-02T21:47:51.788481792,HS ADC0I trigger (TOF HG),HGSinglePulse,0.15894999999999998,MGSinglePulse,5.8759999999999994,LGThreshold,268.308,2026-04-02 21:47:51.788481792,2026-04-02,False
imap_idex_l1b_sci-10days_20260331_v001.0017.cdf,150,828438565234660608,2026-04-02T21:48:16.050660608,HS ADC0I trigger (TOF HG),HGSinglePulse,0.15894999999999998,MGSinglePulse,5.8759999999999994,LGThreshold,268.308,2026-04-02 21:48:16.050660608,2026-04-02,False
imap_idex_l1b_sci-10days_20260331_v001.0017.cdf,151,828438622180631040,2026-04-02T21:49:12.996631040,HS ADC0I trigger (TOF HG),HGSinglePulse,0.15894999999999998,MGSinglePulse,5.8759999999999994,LGThreshold,268.308,2026-04-02 21:49:12.996631040,2026-04-02,False
imap_idex_l1b_sci-10days_20260331_v001.0017.cdf,152,828439601709237376,2026-04-02T22:05:32.525237376,HS ADC0I trigger (TOF HG),HGSinglePulse,0.15894999999999998,MGSinglePulse,5.8759999999999994,LGThreshold,268.308,2026-04-02 22:05:32.525237376,2026-04-02,True
imap_idex_l1b_sci-10days_20260331_v001.0017.cdf,153,828440340194493696,2026-04-02T22:17:51.010493696,HS ADC0I trigger (TOF HG),HGSinglePulse,0.15894999999999998,MGSinglePulse,5.8759999999999994,LGThreshold,268.308,2026-04-02 22:17:51.010493696,2026-04-02,True
imap_idex_l1b_sci-10days_20260331_v001.0017.cdf,154,828440432890193024,2026-04-02T22:19:23.706193024,HS ADC0I trigger (TOF HG),HGSinglePulse,0.15894999999999998,MGSinglePulse,5.8759999999999994,LGThreshold,268.308,2026-04-02 22:19:23.706193024,2026-04-02,True
imap_idex_l1b_sci-10days_20260331_v001.0017.cdf,155,828441095963774976,2026-04-02T22:30:26.779774976,HS ADC0I trigger (TOF HG),HGSinglePulse,0.15894999999999998,MGSinglePulse,5.8759999999999994,LGThreshold,268.308,2026-04-02 22:30:26.779774976,2026-04-02,True
imap_idex_l1b_sci-10days_20260331_v001.0017.cdf,156,828441108227044352,2026-04-02T22:30:39.043044352,HS ADC0I trigger (TOF HG),HGSinglePulse,0.15894999999999998,MGSinglePulse,5.8759999999999994,LGThreshold,268.308,2026-04-02 22:30:39.043044352,2026-04-02,False
imap_idex_l1b_sci-10days_20260331_v001.0017.cdf,157,828441773829084160,2026-04-02T22:41:44.645084160,HS ADC0I trigger (TOF HG),HGSinglePulse,0.15894999999999998,MGSinglePulse,5.8759999999999994,LGThreshold,268.308,2026-04-02 22:41:44.645084160,2026-04-02,True
imap_idex_l1b_sci-10days_20260331_v001.0017.cdf,158,828442143970221696,2026-04-02T22:47:54.786221696,HS ADC0I trigger (TOF HG),HGSinglePulse,0.15894999999999998,MGSinglePulse,5.8759999999999994,LGThreshold,268.308,2026-04-02 22:47:54.786221696,2026-04-02,True
imap_idex_l1b_sci-10days_20260331_v001.0017.cdf,159,828442269348412416,2026-04-02T22:50:00.164412416,HS ADC0I trigger (TOF HG),HGSinglePulse,0.15894999999999998,MGSinglePulse,5.8759999999999994,LGThreshold,268.308,2026-04-02 22:50:00.164412416,2026-04-02,False
imap_idex_l1b_sci-10days_20260331_v001.0017.cdf,160,828443359341762304,2026-04-02T23:08:10.157762304,HS ADC0I trigger (TOF HG),HGSinglePulse,0.15894999999999998,MGSinglePulse,5.8759999999999994,LGThreshold,268.308,2026-04-02 23:08:10.157762304,2026-04-02,True
imap_idex_l1b_sci-10days_20260331_v001.0017.cdf,161,828444577826260480,2026-04-02T23:28:28.642260480,HS ADC0I trigger (TOF HG),HGSinglePulse,0.15894999999999998,MGSinglePulse,5.8759999999999994,LGThreshold,268.308,2026-04-02 23:28:28.642260480,2026-04-02,True
imap_idex_l1b_sci-10days_20260331_v001.0017.cdf,162,828446011387171072,2026-04-02T23:52:22.203171072,HS ADC0I trigger (TOF HG),HGSinglePulse,0.15894999999999998,MGSinglePulse,5.8759999999999994,LGThreshold,268.308,2026-04-02 23:52:22.203171072,2026-04-02,False
imap_idex_l1b_sci-10days_20260331_v001.0017.cdf,163,828446349342436480,2026-04-02T23:58:00.158436480,HS ADC0I trigger (TOF HG),HGSinglePulse,0.15894999999999998,MGSinglePulse,5.8759999999999994,LGThreshold,268.308,2026-04-02 23:58:00.158436480,2026-04-02,True
imap_idex_l1b_sci-10days_20260331_v001.0017.cdf,164,828447562533519104,2026-04-03T00:18:13.349519104,HS ADC0I trigger (TOF HG),HGSinglePulse,0.15894999999999998,MGSinglePulse,5.8759999999999994,LGThreshold,268.308,2026-04-03 00:18:13.349519104,2026-04-03,False
imap_idex_l1b_sci-10days_20260331_v001.0017.cdf,165,828448251275418752,2026-04-03T00:29:42.091418752,"HS ADC0I trigger (TOF HG), HS ADC1Q trigger (TOF MG)",HGSinglePulse,0.15894999999999998,MGSinglePulse,5.8759999999999994,LGThreshold,268.308,2026-04-03 00:29:42.091418752,2026-04-03,False
imap_idex_l1b_sci-10days_20260331_v001.0017.cdf,166,828449084627932416,2026-04-03T00:43:35.443932416,HS ADC0I trigger (TOF HG),HGSinglePulse,0.15894999999999998,MGSinglePulse,5.8759999999999994,LGThreshold,268.308,2026-04-03 00:43:35.443932416,2026-04-03,True
imap_idex_l1b_sci-10days_20260331_v001.0017.cdf,167,828449172114336256,2026-04-03T00:45:02.930336256,HS ADC0I trigger (TOF HG),HGSinglePulse,0.15894999999999998,MGSinglePulse,5.8759999999999994,LGThreshold,268.308,2026-04-03 00:45:02.930336256,2026-04-03,False
imap_idex_l1b_sci-10days_20260331_v001.0017.cdf,168,828449240979516288,2026-04-03T00:46:11.795516288,HS ADC0I trigger (TOF HG),HGSinglePulse,0.15894999999999998,MGSinglePulse,5.8759999999999994,LGThreshold,268.308,2026-04-03 00:46:11.795516288,2026-04-03,True
imap_idex_l1b_sci-10days_20260331_v001.0017.cdf,169,828449729201390720,2026-04-03T00:54:20.017390720,HS ADC0I trigger (TOF HG),HGSinglePulse,0.15894999999999998,MGSinglePulse,5.8759999999999994,LGThreshold,268.308,2026-04-03 00:54:20.017390720,2026-04-03,True
imap_idex_l1b_sci-10days_20260331_v001.0017.cdf,170,828450080812764288,2026-04-03T01:00:11.628764288,HS ADC0I trigger (TOF HG),HGSinglePulse,0.15894999999999998,MGSinglePulse,5.8759999999999994,LGThreshold,268.308,2026-04-03 01:00:11.628764288,2026-04-03,True
imap_idex_l1b_sci-10days_20260331_v001.0017.cdf,171,828450299879633280,2026-04-03T01:03:50.695633280,HS ADC0I trigger (TOF HG),HGSinglePulse,0.15894999999999998,MGSinglePulse,5.8759999999999994,LGThreshold,268.308,2026-04-03 01:03:50.695633280,2026-04-03,True
imap_idex_l1b_sci-10days_20260331_v001.0017.cdf,172,828450398354647680,2026-04-03T01:05:29.170647680,HS ADC0I trigger (TOF HG),HGSinglePulse,0.15894999999999998,MGSinglePulse,5.8759999999999994,LGThreshold,268.308,2026-04-03 01:05:29.170647680,2026-04-03,True
imap_idex_l1b_sci-10days_20260331_v001.0017.cdf,173,828450914303617792,2026-04-03T01:14:05.119617792,HS ADC0I trigger (TOF HG),HGSinglePulse,0.15894999999999998,MGSinglePulse,5.8759999999999994,LGThreshold,268.308,2026-04-03 01:14:05.119617792,2026-04-03,True
imap_idex_l1b_sci-10days_20260331_v001.0017.cdf,174,828453031118572928,2026-04-03T01:49:21.934572928,HS ADC0I trigger (TOF HG),HGSinglePulse,0.15894999999999998,MGSinglePulse,5.8759999999999994,LGThreshold,268.308,2026-04-03 01:49:21.934572928,2026-04-03,True
imap_idex_l1b_sci-10days_20260331_v001.0017.cdf,175,828453607912110336,2026-04-03T01:58:58.728110336,HS ADC0I trigger (TOF HG),HGSinglePulse,0.15894999999999998,MGSinglePulse,5.8759999999999994,LGThreshold,268.308,2026-04-03 01:58:58.728110336,2026-04-03,True
imap_idex_l1b_sci-10days_20260331_v001.0017.cdf,176,828453620630039040,2026-04-03T01:59:11.446039040,HS ADC0I trigger (TOF HG),HGSinglePulse,0.15894999999999998,MGSinglePulse,5.8759999999999994,LGThreshold,268.308,2026-04-03 01:59:11.446039040,2026-04-03,False
imap_idex_l1b_sci-10days_20260331_v001.0017.cdf,177,828454341295051008,2026-04-03T02:11:12.111051008,HS ADC0I trigger (TOF HG),HGSinglePulse,0.15894999999999998,MGSinglePulse,5.8759999999999994,LGThreshold,268.308,2026-04-03 02:11:12.111051008,2026-04-03,True
imap_idex_l1b_sci-10days_20260331_v001.0017.cdf,178,828454676473078784,2026-04-03T02:16:47.289078784,HS ADC0I trigger (TOF HG),HGSinglePulse,0.15894999999999998,MGSinglePulse,5.8759999999999994,LGThreshold,268.308,2026-04-03 02:16:47.289078784,2026-04-03,True
imap_idex_l1b_sci-10days_20260331_v001.0017.cdf,179,828455073073953280,2026-04-03T02:23:23.889953280,HS ADC0I trigger (TOF HG),HGSinglePulse,0.15894999999999998,MGSinglePulse,5.8759999999999994,LGThreshold,268.308,2026-04-03 02:23:23.889953280,2026-04-03,True
imap_idex_l1b_sci-10days_20260331_v001.0017.cdf,180,828456275195345536,2026-04-03T02:43:26.011345536,HS ADC0I trigger (TOF HG),HGSinglePulse,0.15894999999999998,MGSinglePulse,5.8759999999999994,LGThreshold,268.308,2026-04-03 02:43:26.011345536,2026-04-03,True
imap_idex_l1b_sci-10days_20260331_v001.0017.cdf,181,828456420504878848,2026-04-03T02:45:51.320878848,HS ADC0I trigger (TOF HG),HGSinglePulse,0.15894999999999998,MGSinglePulse,5.8759999999999994,LGThreshold,268.308,2026-04-03 02:45:51.320878848,2026-04-03,True
imap_idex_l1b_sci-10days_20260331_v001.0017.cdf,182,828456894737065728,2026-04-03T02:53:45.553065728,HS ADC0I trigger (TOF HG),HGSinglePulse,0.15894999999999998,MGSinglePulse,5.8759999999999994,LGThreshold,268.308,2026-04-03 02:53:45.553065728,2026-04-03,True
imap_idex_l1b_sci-10days_20260331_v001.0017.cdf,183,828457136751454592,2026-04-03T02:57:47.567454592,HS ADC0I trigger (TOF HG),HGSinglePulse,0.15894999999999998,MGSinglePulse,5.8759999999999994,LGThreshold,268.308,2026-04-03 02:57:47.567454592,2026-04-03,True
imap_idex_l1b_sci-10days_20260331_v001.0017.cdf,184,828457703799720448,2026-04-03T03:07:14.615720448,HS ADC0I trigger (TOF HG),HGSinglePulse,0.15894999999999998,MGSinglePulse,5.8759999999999994,LGThreshold,268.308,2026-04-03 03:07:14.615720448,2026-04-03,True
imap_idex_l1b_sci-10days_20260331_v001.0017.cdf,185,828457959746317440,2026-04-03T03:11:30.562317440,HS ADC0I trigger (TOF HG),HGSinglePulse,0.15894999999999998,MGSinglePulse,5.8759999999999994,LGThreshold,268.308,2026-04-03 03:11:30.562317440,2026-04-03,True
imap_idex_l1b_sci-10days_20260331_v001.0017.cdf,186,828457995802225920,2026-04-03T03:12:06.618225920,HS ADC0I trigger (TOF HG),HGSinglePulse,0.15894999999999998,MGSinglePulse,5.8759999999999994,LGThreshold,268.308,2026-04-03 03:12:06.618225920,2026-04-03,True
imap_idex_l1b_sci-10days_20260331_v001.0017.cdf,187,828459063480115584,2026-04-03T03:29:54.296115584,HS ADC0I trigger (TOF HG),HGSinglePulse,0.15894999999999998,MGSinglePulse,5.8759999999999994,LGThreshold,268.308,2026-04-03 03:29:54.296115584,2026-04-03,True
imap_idex_l1b_sci-10days_20260331_v001.0017.cdf,188,828459824150792448,2026-04-03T03:42:34.966792448,HS ADC0I trigger (TOF HG),HGSinglePulse,0.15894999999999998,MGSinglePulse,5.8759999999999994,LGThreshold,268.308,2026-04-03 03:42:34.966792448,2026-04-03,True
imap_idex_l1b_sci-10days_20260331_v001.0017.cdf,189,828459860367201024,2026-04-03T03:43:11.183201024,HS ADC0I trigger (TOF HG),HGSinglePulse,0.15894999999999998,MGSinglePulse,5.8759999999999994,LGThreshold,268.308,2026-04-03 03:43:11.183201024,2026-04-03,True
imap_idex_l1b_sci-10days_20260331_v001.0017.cdf,190,828460766821450880,2026-04-03T03:58:17.637450880,HS ADC0I trigger (TOF HG),HGSinglePulse,0.15894999999999998,MGSinglePulse,5.8759999999999994,LGThreshold,268.308,2026-04-03 03:58:17.637450880,2026-04-03,True
imap_idex_l1b_sci-10days_20260331_v001.0017.cdf,191,828461476565492352,2026-04-03T04:10:07.381492352,HS ADC0I trigger (TOF HG),HGSinglePulse,0.15894999999999998,MGSinglePulse,5.8759999999999994,LGThreshold,268.308,2026-04-03 04:10:07.381492352,2026-04-03,True
imap_idex_l1b_sci-10days_20260331_v001.0017.cdf,192,828461739738702848,2026-04-03T04:14:30.554702848,HS ADC0I trigger (TOF HG),HGSinglePulse,0.15894999999999998,MGSinglePulse,5.8759999999999994,LGThreshold,268.308,2026-04-03 04:14:30.554702848,2026-04-03,True
imap_idex_l1b_sci-10days_20260331_v001.0017.cdf,193,828462106895122944,2026-04-03T04:20:37.711122944,HS ADC0I trigger (TOF HG),HGSinglePulse,0.15894999999999998,MGSinglePulse,5.8759999999999994,LGThreshold,268.308,2026-04-03 04:20:37.711122944,2026-04-03,True
imap_idex_l1b_sci-10days_20260331_v001.0017.cdf,194,828462341475358464,2026-04-03T04:24:32.291358464,HS ADC0I trigger (TOF HG),HGSinglePulse,0.15894999999999998,MGSinglePulse,5.8759999999999994,LGThreshold,268.308,2026-04-03 04:24:32.291358464,2026-04-03,False
imap_idex_l1b_sci-10days_20260331_v001.0017.cdf,195,828462558114529664,2026-04-03T04:28:08.930529664,HS ADC0I trigger (TOF HG),HGSinglePulse,0.15894999999999998,MGSinglePulse,5.8759999999999994,LGThreshold,268.308,2026-04-03 04:28:08.930529664,2026-04-03,True
imap_idex_l1b_sci-10days_20260331_v001.0017.cdf,196,828462972400548608,2026-04-03T04:35:03.216548608,HS ADC0I trigger (TOF HG),HGSinglePulse,0.15894999999999998,MGSinglePulse,5.8759999999999994,LGThreshold,268.308,2026-04-03 04:35:03.216548608,2026-04-03,True
imap_idex_l1b_sci-10days_20260331_v001.0017.cdf,197,828463191721857408,2026-04-03T04:38:42.537857408,HS ADC0I trigger (TOF HG),HGSinglePulse,0.15894999999999998,MGSinglePulse,5.8759999999999994,LGThreshold,268.308,2026-04-03 04:38:42.537857408,2026-04-03,False
imap_idex_l1b_sci-10days_20260331_v001.0017.cdf,198,828463288159953536,2026-04-03T04:40:18.975953536,HS ADC0I trigger (TOF HG),HGSinglePulse,0.15894999999999998,MGSinglePulse,5.8759999999999994,LGThreshold,268.308,2026-04-03 04:40:18.975953536,2026-04-03,False
imap_idex_l1b_sci-10days_20260331_v001.0017.cdf,199,828463434382285952,2026-04-03T04:42:45.198285952,HS ADC0I trigger (TOF HG),HGSinglePulse,0.15894999999999998,MGSinglePulse,5.8759999999999994,LGThreshold,268.308,2026-04-03 04:42:45.198285952,2026-04-03,False
imap_idex_l1b_sci-10days_20260331_v001.0017.cdf,200,828463771739811968,2026-04-03T04:48:22.555811968,HS ADC0I trigger (TOF HG),HGSinglePulse,0.15894999999999998,MGSinglePulse,5.8759999999999994,LGThreshold,268.308,2026-04-03 04:48:22.555811968,2026-04-03,True
imap_idex_l1b_sci-10days_20260331_v001.0017.cdf,201,828465804896719872,2026-04-03T05:22:15.712719872,HS ADC0I trigger (TOF HG),HGSinglePulse,0.15894999999999998,MGSinglePulse,5.8759999999999994,LGThreshold,268.308,2026-04-03 05:22:15.712719872,2026-04-03,True
imap_idex_l1b_sci-10days_20260331_v001.0017.cdf,202,828465837594671360,2026-04-03T05:22:48.410671360,HS ADC0I trigger (TOF HG),HGSinglePulse,0.15894999999999998,MGSinglePulse,5.8759999999999994,LGThreshold,268.308,2026-04-03 05:22:48.410671360,2026-04-03,False
imap_idex_l1b_sci-10days_20260331_v001.0017.cdf,203,828466249886332032,2026-04-03T05:29:40.702332032,HS ADC0I trigger (TOF HG),HGSinglePulse,0.15894999999999998,MGSinglePulse,5.8759999999999994,LGThreshold,268.308,2026-04-03 05:29:40.702332032,2026-04-03,True
imap_idex_l1b_sci-10days_20260331_v001.0017.cdf,204,828466784017266560,2026-04-03T05:38:34.833266560,HS ADC0I trigger (TOF HG),HGSinglePulse,0.15894999999999998,MGSinglePulse,5.8759999999999994,LGThreshold,268.308,2026-04-03 05:38:34.833266560,2026-04-03,True
imap_idex_l1b_sci-10days_20260331_v001.0017.cdf,205,828467068440798720,2026-04-03T05:43:19.256798720,HS ADC0I trigger (TOF HG),HGSinglePulse,0.15894999999999998,MGSinglePulse,5.8759999999999994,LGThreshold,268.308,2026-04-03 05:43:19.256798720,2026-04-03,False
imap_idex_l1b_sci-10days_20260331_v001.0017.cdf,206,828467509952593920,2026-04-03T05:50:40.768593920,HS ADC0I trigger (TOF HG),HGSinglePulse,0.15894999999999998,MGSinglePulse,5.8759999999999994,LGThreshold,268.308,2026-04-03 05:50:40.768593920,2026-04-03,False
imap_idex_l1b_sci-10days_20260331_v001.0017.cdf,207,828469551348194688,2026-04-03T06:24:42.164194688,HS ADC0I trigger (TOF HG),HGSinglePulse,0.15894999999999998,MGSinglePulse,5.8759999999999994,LGThreshold,268.308,2026-04-03 06:24:42.164194688,2026-04-03,True
imap_idex_l1b_sci-10days_20260331_v001.0017.cdf,208,828471293815276160,2026-04-03T06:53:44.631276160,HS ADC0I trigger (TOF HG),HGSinglePulse,0.15894999999999998,MGSinglePulse,5.8759999999999994,LGThreshold,268.308,2026-04-03 06:53:44.631276160,2026-04-03,False
imap_idex_l1b_sci-10days_20260331_v001.0017.cdf,209,828471828670009984,2026-04-03T07:02:39.486009984,HS ADC0I trigger (TOF HG),HGSinglePulse,0.15894999999999998,MGSinglePulse,5.8759999999999994,LGThreshold,268.308,2026-04-03 07:02:39.486009984,2026-04-03,True
imap_idex_l1b_sci-10days_20260331_v001.0017.cdf,210,828473076777582080,2026-04-03T07:23:27.593582080,HS ADC0I trigger (TOF HG),HGSinglePulse,0.15894999999999998,MGSinglePulse,5.8759999999999994,LGThreshold,268.308,2026-04-03 07:23:27.593582080,2026-04-03,True
imap_idex_l1b_sci-10days_20260331_v001.0017.cdf,211,828473620142588544,2026-04-03T07:32:30.958588544,"HS ADC0I trigger (TOF HG), HS ADC1Q trigger (TOF MG)",HGSinglePulse,0.15894999999999998,MGSinglePulse,5.8759999999999994,LGThreshold,268.308,2026-04-03 07:32:30.958588544,2026-04-03,False
imap_idex_l1b_sci-10days_20260331_v001.0017.cdf,212,828474457054299136,2026-04-03T07:46:27.870299136,HS ADC0I trigger (TOF HG),HGSinglePulse,0.15894999999999998,MGSinglePulse,5.8759999999999994,LGThreshold,268.308,2026-04-03 07:46:27.870299136,2026-04-03,True
imap_idex_l1b_sci-10days_20260331_v001.0017.cdf,213,828474667902595456,2026-04-03T07:49:58.718595456,HS ADC0I trigger (TOF HG),HGSinglePulse,0.15894999999999998,MGSinglePulse,5.8759999999999994,LGThreshold,268.308,2026-04-03 07:49:58.718595456,2026-04-03,True
imap_idex_l1b_sci-10days_20260331_v001.0017.cdf,214,828475258501060608,2026-04-03T07:59:49.317060608,HS ADC0I trigger (TOF HG),HGSinglePulse,0.15894999999999998,MGSinglePulse,5.8759999999999994,LGThreshold,268.308,2026-04-03 07:59:49.317060608,2026-04-03,True
imap_idex_l1b_sci-10days_20260331_v001.0017.cdf,215,828476534159028864,2026-04-03T08:21:04.975028864,HS ADC0I trigger (TOF HG),HGSinglePulse,0.15894999999999998,MGSinglePulse,5.8759999999999994,LGThreshold,268.308,2026-04-03 08:21:04.975028864,2026-04-03,True
imap_idex_l1b_sci-10days_20260331_v001.0017.cdf,216,828477274504943616,2026-04-03T08:33:25.320943616,HS ADC0I trigger (TOF HG),HGSinglePulse,0.15894999999999998,MGSinglePulse,5.8759999999999994,LGThreshold,268.308,2026-04-03 08:33:25.320943616,2026-04-03,True
imap_idex_l1b_sci-10days_20260331_v001.0017.cdf,217,828478282061005440,2026-04-03T08:50:12.877005440,HS ADC0I trigger (TOF HG),HGSinglePulse,0.15894999999999998,MGSinglePulse,5.8759999999999994,LGThreshold,268.308,2026-04-03 08:50:12.877005440,2026-04-03,True
imap_idex_l1b_sci-10days_20260331_v001.0017.cdf,218,828478775889375104,2026-04-03T08:58:26.705375104,"HS ADC0I trigger (TOF HG), HS ADC1Q trigger (TOF MG)",HGSinglePulse,0.15894999999999998,MGSinglePulse,5.8759999999999994,LGThreshold,268.308,2026-04-03 08:58:26.705375104,2026-04-03,False
imap_idex_l1b_sci-10days_20260331_v001.0017.cdf,219,828479111336202752,2026-04-03T09:04:02.152202752,HS ADC0I trigger (TOF HG),HGSinglePulse,0.15894999999999998,MGSinglePulse,5.8759999999999994,LGThreshold,268.308,2026-04-03 09:04:02.152202752,2026-04-03,True
imap_idex_l1b_sci-10days_20260331_v001.0017.cdf,220,828479619509259776,2026-04-03T09:12:30.325259776,HS ADC0I trigger (TOF HG),HGSinglePulse,0.15894999999999998,MGSinglePulse,5.8759999999999994,LGThreshold,268.308,2026-04-03 09:12:30.325259776,2026-04-03,False
imap_idex_l1b_sci-10days_20260331_v001.0017.cdf,221,828479857758252288,2026-04-03T09:16:28.574252288,HS ADC0I trigger (TOF HG),HGSinglePulse,0.15894999999999998,MGSinglePulse,5.8759999999999994,LGThreshold,268.308,2026-04-03 09:16:28.574252288,2026-04-03,True
imap_idex_l1b_sci-10days_20260331_v001.0017.cdf,222,828480117382445824,2026-04-03T09:20:48.198445824,HS ADC0I trigger (TOF HG),HGSinglePulse,0.15894999999999998,MGSinglePulse,5.8759999999999994,LGThreshold,268.308,2026-04-03 09:20:48.198445824,2026-04-03,True
imap_idex_l1b_sci-10days_20260331_v001.0017.cdf,223,828480922850903936,2026-04-03T09:34:13.666903936,HS ADC0I trigger (TOF HG),HGSinglePulse,0.15894999999999998,MGSinglePulse,5.8759999999999994,LGThreshold,268.308,2026-04-03 09:34:13.666903936,2026-04-03,False
imap_idex_l1b_sci-10days_20260331_v001.0017.cdf,224,828481331364827904,2026-04-03T09:41:02.180827904,HS ADC0I trigger (TOF HG),HGSinglePulse,0.15894999999999998,MGSinglePulse,5.8759999999999994,LGThreshold,268.308,2026-04-03 09:41:02.180827904,2026-04-03,False
imap_idex_l1b_sci-10days_20260331_v001.0017.cdf,225,828481746474825984,2026-04-03T09:47:57.290825984,HS ADC0I trigger (TOF HG),HGSinglePulse,0.15894999999999998,MGSinglePulse,5.8759999999999994,LGThreshold,268.308,2026-04-03 09:47:57.290825984,2026-04-03,True
imap_idex_l1b_sci-10days_20260331_v001.0017.cdf,226,828481809991110784,2026-04-03T09:49:00.807110784,HS ADC0I trigger (TOF HG),HGSinglePulse,0.15894999999999998,MGSinglePulse,5.8759999999999994,LGThreshold,268.308,2026-04-03 09:49:00.807110784,2026-04-03,True
imap_idex_l1b_sci-10days_20260331_v001.0017.cdf,227,828482192344117376,2026-04-03T09:55:23.160117376,HS ADC0I trigger (TOF HG),HGSinglePulse,0.15894999999999998,MGSinglePulse,5.8759999999999994,LGThreshold,268.308,2026-04-03 09:55:23.160117376,2026-04-03,True
imap_idex_l1b_sci-10days_20260331_v001.0017.cdf,228,828482300155663488,2026-04-03T09:57:10.971663488,HS ADC0I trigger (TOF HG),HGSinglePulse,0.15894999999999998,MGSinglePulse,5.8759999999999994,LGThreshold,268.308,2026-04-03 09:57:10.971663488,2026-04-03,True
imap_idex_l1b_sci-10days_20260331_v001.0017.cdf,229,828483001628612096,2026-04-03T10:08:52.444612096,HS ADC0I trigger (TOF HG),HGSinglePulse,0.15894999999999998,MGSinglePulse,5.8759999999999994,LGThreshold,268.308,2026-04-03 10:08:52.444612096,2026-04-03,True
imap_idex_l1b_sci-10days_20260331_v001.0017.cdf,230,828484647855717248,2026-04-03T10:36:18.671717248,HS ADC0I trigger (TOF HG),HGSinglePulse,0.15894999999999998,MGSinglePulse,5.8759999999999994,LGThreshold,268.308,2026-04-03 10:36:18.671717248,2026-04-03,True
imap_idex_l1b_sci-10days_20260331_v001.0017.cdf,231,828485687657511168,2026-04-03T10:53:38.473511168,"HS ADC0I trigger (TOF HG), HS ADC1Q trigger (TOF MG)",HGSinglePulse,0.15894999999999998,MGSinglePulse,5.8759999999999994,LGThreshold,268.308,2026-04-03 10:53:38.473511168,2026-04-03,False
imap_idex_l1b_sci-10days_20260331_v001.0017.cdf,232,828486587501946752,2026-04-03T11:08:38.317946752,HS ADC0I trigger (TOF HG),HGSinglePulse,0.15894999999999998,MGSinglePulse,5.8759999999999994,LGThreshold,268.308,2026-04-03 11:08:38.317946752,2026-04-03,True
imap_idex_l1b_sci-10days_20260331_v001.0017.cdf,233,828488114525036032,2026-04-03T11:34:05.341036032,HS ADC0I trigger (TOF HG),HGSinglePulse,0.15894999999999998,MGSinglePulse,5.8759999999999994,LGThreshold,268.308,2026-04-03 11:34:05.341036032,2026-04-03,True
imap_idex_l1b_sci-10days_20260331_v001.0017.cdf,234,828488383752641280,2026-04-03T11:38:34.568641280,HS ADC0I trigger (TOF HG),HGSinglePulse,0.15894999999999998,MGSinglePulse,5.8759999999999994,LGThreshold,268.308,2026-04-03 11:38:34.568641280,2026-04-03,False
imap_idex_l1b_sci-10days_20260331_v001.0017.cdf,235,828488992101031168,2026-04-03T11:48:42.917031168,HS ADC0I trigger (TOF HG),HGSinglePulse,0.15894999999999998,MGSinglePulse,5.8759999999999994,LGThreshold,268.308,2026-04-03 11:48:42.917031168,2026-04-03,True
imap_idex_l1b_sci-10days_20260331_v001.0017.cdf,236,828489195608553728,2026-04-03T11:52:06.424553728,HS ADC0I trigger (TOF HG),HGSinglePulse,0.15894999999999998,MGSinglePulse,5.8759999999999994,LGThreshold,268.308,2026-04-03 11:52:06.424553728,2026-04-03,False
imap_idex_l1b_sci-10days_20260331_v001.0017.cdf,237,828489399923375616,2026-04-03T11:55:30.739375616,"HS ADC0I trigger (TOF HG), HS ADC1Q trigger (TOF MG)",HGSinglePulse,0.15894999999999998,MGSinglePulse,5.8759999999999994,LGThreshold,268.308,2026-04-03 11:55:30.739375616,2026-04-03,False
imap_idex_l1b_sci-10days_20260331_v001.0017.cdf,238,828489949426256768,2026-04-03T12:04:40.242256768,HS ADC0I trigger (TOF HG),HGSinglePulse,0.15894999999999998,MGSinglePulse,5.8759999999999994,LGThreshold,268.308,2026-04-03 12:04:40.242256768,2026-04-03,True
imap_idex_l1b_sci-10days_20260331_v001.0017.cdf,239,828490051941207424,2026-04-03T12:06:22.757207424,HS ADC0I trigger (TOF HG),HGSinglePulse,0.15894999999999998,MGSinglePulse,5.8759999999999994,LGThreshold,268.308,2026-04-03 12:06:22.757207424,2026-04-03,True
imap_idex_l1b_sci-10days_20260331_v001.0017.cdf,240,828490124958863744,2026-04-03T12:07:35.774863744,HS ADC0I trigger (TOF HG),HGSinglePulse,0.15894999999999998,MGSinglePulse,5.8759999999999994,LGThreshold,268.308,2026-04-03 12:07:35.774863744,2026-04-03,True
imap_idex_l1b_sci-10days_20260331_v001.0017.cdf,241,828494621712804608,2026-04-03T13:22:32.528804608,HS ADC0I trigger (TOF HG),HGSinglePulse,0.15894999999999998,MGSinglePulse,5.8759999999999994,LGThreshold,268.308,2026-04-03 13:22:32.528804608,2026-04-03,True
imap_idex_l1b_sci-10days_20260331_v001.0017.cdf,242,828497960642974592,2026-04-03T14:18:11.458974592,HS ADC0I trigger (TOF HG),HGSinglePulse,0.15894999999999998,MGSinglePulse,5.8759999999999994,LGThreshold,268.308,2026-04-03 14:18:11.458974592,2026-04-03,False
imap_idex_l1b_sci-10days_20260331_v001.0017.cdf,243,828499338650053504,2026-04-03T14:41:09.466053504,HS ADC0I trigger (TOF HG),HGSinglePulse,0.15894999999999998,MGSinglePulse,5.8759999999999994,LGThreshold,268.308,2026-04-03 14:41:09.466053504,2026-04-03,True
imap_idex_l1b_sci-10days_20260331_v001.0017.cdf,244,828499741734042240,2026-04-03T14:47:52.550042240,HS ADC0I trigger (TOF HG),HGSinglePulse,0.15894999999999998,MGSinglePulse,5.8759999999999994,LGThreshold,268.308,2026-04-03 14:47:52.550042240,2026-04-03,True
imap_idex_l1b_sci-10days_20260331_v001.0017.cdf,245,828500198894423808,2026-04-03T14:55:29.710423808,HS ADC0I trigger (TOF HG),HGSinglePulse,0.15894999999999998,MGSinglePulse,5.8759999999999994,LGThreshold,268.308,2026-04-03 14:55:29.710423808,2026-04-03,False
imap_idex_l1b_sci-10days_20260331_v001.0017.cdf,246,828500733555017984,2026-04-03T15:04:24.371017984,HS ADC0I trigger (TOF HG),HGSinglePulse,0.15894999999999998,MGSinglePulse,5.8759999999999994,LGThreshold,268.308,2026-04-03 15:04:24.371017984,2026-04-03,False
imap_idex_l1b_sci-10days_20260331_v001.0017.cdf,247,828504313473737856,2026-04-03T16:04:04.289737856,HS ADC0I trigger (TOF HG),HGSinglePulse,0.15894999999999998,MGSinglePulse,5.8759999999999994,LGThreshold,268.308,2026-04-03 16:04:04.289737856,2026-04-03,True
imap_idex_l1b_sci-10days_20260331_v001.0017.cdf,248,828505148111810304,2026-04-03T16:17:58.927810304,HS ADC0I trigger (TOF HG),HGSinglePulse,0.15894999999999998,MGSinglePulse,5.8759999999999994,LGThreshold,268.308,2026-04-03 16:17:58.927810304,2026-04-03,False
imap_idex_l1b_sci-10days_20260331_v001.0017.cdf,249,828505364623101696,2026-04-03T16:21:35.439101696,HS ADC0I trigger (TOF HG),HGSinglePulse,0.15894999999999998,MGSinglePulse,5.8759999999999994,LGThreshold,268.308,2026-04-03 16:21:35.439101696,2026-04-03,True
imap_idex_l1b_sci-10days_20260331_v001.0017.cdf,250,828505830568475520,2026-04-03T16:29:21.384475520,HS ADC0I trigger (TOF HG),HGSinglePulse,0.15894999999999998,MGSinglePulse,5.8759999999999994,LGThreshold,268.308,2026-04-03 16:29:21.384475520,2026-04-03,True
imap_idex_l1b_sci-10days_20260331_v001.0017.cdf,251,828508377987776256,2026-04-03T17:11:48.803776256,HS ADC0I trigger (TOF HG),HGSinglePulse,0.15894999999999998,MGSinglePulse,5.8759999999999994,LGThreshold,268.308,2026-04-03 17:11:48.803776256,2026-04-03,True
imap_idex_l1b_sci-10days_20260331_v001.0017.cdf,252,828510129016010880,2026-04-03T17:40:59.832010880,HS ADC0I trigger (TOF HG),HGSinglePulse,0.15894999999999998,MGSinglePulse,5.8759999999999994,LGThreshold,268.308,2026-04-03 17:40:59.832010880,2026-04-03,True
imap_idex_l1b_sci-10days_20260331_v001.0017.cdf,253,828511263088762880,2026-04-03T17:59:53.904762880,HS ADC0I trigger (TOF HG),HGSinglePulse,0.15894999999999998,MGSinglePulse,5.8759999999999994,LGThreshold,268.308,2026-04-03 17:59:53.904762880,2026-04-03,True
imap_idex_l1b_sci-10days_20260331_v001.0017.cdf,254,828511385678556160,2026-04-03T18:01:56.494556160,HS ADC0I trigger (TOF HG),HGSinglePulse,0.15894999999999998,MGSinglePulse,5.8759999999999994,LGThreshold,268.308,2026-04-03 18:01:56.494556160,2026-04-03,True
imap_idex_l1b_sci-10days_20260331_v001.0017.cdf,255,828512329915573632,2026-04-03T18:17:40.731573632,HS ADC0I trigger (TOF HG),HGSinglePulse,0.15894999999999998,MGSinglePulse,5.8759999999999994,LGThreshold,268.308,2026-04-03 18:17:40.731573632,2026-04-03,False
imap_idex_l1b_sci-10days_20260331_v001.0017.cdf,256,828513239293401344,2026-04-03T18:32:50.109401344,HS ADC0I trigger (TOF HG),HGSinglePulse,0.15894999999999998,MGSinglePulse,5.8759999999999994,LGThreshold,268.308,2026-04-03 18:32:50.109401344,2026-04-03,True
imap_idex_l1b_sci-10days_20260331_v001.0017.cdf,257,828515951517798656,2026-04-03T19:18:02.333798656,HS ADC0I trigger (TOF HG),HGSinglePulse,0.15894999999999998,MGSinglePulse,5.8759999999999994,LGThreshold,268.308,2026-04-03 19:18:02.333798656,2026-04-03,True
imap_idex_l1b_sci-10days_20260331_v001.0017.cdf,258,828520500824855552,2026-04-03T20:33:51.640855552,HS ADC0I trigger (TOF HG),HGSinglePulse,0.15894999999999998,MGSinglePulse,5.8759999999999994,LGThreshold,268.308,2026-04-03 20:33:51.640855552,2026-04-03,False
imap_idex_l1b_sci-10days_20260331_v001.0017.cdf,259,828523298989677952,2026-04-03T21:20:29.805677952,HS ADC0I trigger (TOF HG),HGSinglePulse,0.15894999999999998,MGSinglePulse,5.8759999999999994,LGThreshold,268.308,2026-04-03 21:20:29.805677952,2026-04-03,True
imap_idex_l1b_sci-10days_20260331_v001.0017.cdf,260,828531287061838976,2026-04-03T23:33:37.877838976,HS ADC0I trigger (TOF HG),HGSinglePulse,0.15894999999999998,MGSinglePulse,5.8759999999999994,LGThreshold,268.308,2026-04-03 23:33:37.877838976,2026-04-03,True
imap_idex_l1b_sci-10days_20260331_v001.0017.cdf,261,828532976255947648,2026-04-04T00:01:47.071947648,SW trigger,HGThreshold,0.289, ,-1e+31, ,-1e+31,2026-04-04 00:01:47.071947648,2026-04-04,False
imap_idex_l1b_sci-10days_20260331_v001.0017.cdf,262,828532981072083328,2026-04-04T00:01:51.888083328,HS ADC0I trigger (TOF HG),HGThreshold,0.289, ,-1e+31, ,-1e+31,2026-04-04 00:01:51.888083328,2026-04-04,False
imap_idex_l1b_sci-10days_20260331_v001.0017.cdf,263,828532990256735360,2026-04-04T00:02:01.072735360,HS ADC0I trigger (TOF HG),HGThreshold,0.289, ,-1e+31, ,-1e+31,2026-04-04 00:02:01.072735360,2026-04-04,False
imap_idex_l1b_sci-10days_20260331_v001.0017.cdf,264,828532998256668288,2026-04-04T00:02:09.072668288,HS ADC0I trigger (TOF HG),HGThreshold,0.289, ,-1e+31, ,-1e+31,2026-04-04 00:02:09.072668288,2026-04-04,False
imap_idex_l1b_sci-10days_20260331_v001.0017.cdf,265,828533006256621440,2026-04-04T00:02:17.072621440,HS ADC0I trigger (TOF HG),HGThreshold,0.289, ,-1e+31, ,-1e+31,2026-04-04 00:02:17.072621440,2026-04-04,False
imap_idex_l1b_sci-10days_20260331_v001.0017.cdf,266,828533014256574464,2026-04-04T00:02:25.072574464,HS ADC0I trigger (TOF HG),HGThreshold,0.289, ,-1e+31, ,-1e+31,2026-04-04 00:02:25.072574464,2026-04-04,False
imap_idex_l1b_sci-10days_20260331_v001.0017.cdf,267,828533023454386432,2026-04-04T00:02:34.270386432,HS ADC0I trigger (TOF HG),HGThreshold,0.289, ,-1e+31, ,-1e+31,2026-04-04 00:02:34.270386432,2026-04-04,False
imap_idex_l1b_sci-10days_20260331_v001.0017.cdf,268,828533027850462592,2026-04-04T00:02:38.666462592,HS ADC0I trigger (TOF HG),HGThreshold,0.289, ,-1e+31, ,-1e+31,2026-04-04 00:02:38.666462592,2026-04-04,False
imap_idex_l1b_sci-10days_20260331_v001.0017.cdf,269,828533032492918656,2026-04-04T00:02:43.308918656,HS ADC0I trigger (TOF HG),HGThreshold,0.289, ,-1e+31, ,-1e+31,2026-04-04 00:02:43.308918656,2026-04-04,False
imap_idex_l1b_sci-10days_20260331_v001.0017.cdf,270,828533040255511808,2026-04-04T00:02:51.071511808,SW trigger,HGThreshold,0.289, ,-1e+31, ,-1e+31,2026-04-04 00:02:51.071511808,2026-04-04,False
imap_idex_l1b_sci-10days_20260331_v001.0017.cdf,271,828533052255421312,2026-04-04T00:03:03.071421312,SW trigger,HGThreshold,0.289, ,-1e+31, ,-1e+31,2026-04-04 00:03:03.071421312,2026-04-04,False
imap_idex_l1b_sci-10days_20260331_v001.0017.cdf,272,828533064255350912,2026-04-04T00:03:15.071350912,SW trigger,HGThreshold,0.289, ,-1e+31, ,-1e+31,2026-04-04 00:03:15.071350912,2026-04-04,False
imap_idex_l1b_sci-10days_20260331_v001.0017.cdf,273,828544559454676736,2026-04-04T03:14:50.270676736,HS ADC0I trigger (TOF HG),HGSinglePulse,0.15894999999999998,MGSinglePulse,5.8759999999999994,LGThreshold,268.308,2026-04-04 03:14:50.270676736,2026-04-04,True
imap_idex_l1b_sci-10days_20260331_v001.0017.cdf,274,828544881517916288,2026-04-04T03:20:12.333916288,HS ADC0I trigger (TOF HG),HGSinglePulse,0.15894999999999998,MGSinglePulse,5.8759999999999994,LGThreshold,268.308,2026-04-04 03:20:12.333916288,2026-04-04,False
imap_idex_l1b_sci-10days_20260331_v001.0017.cdf,275,828545522739337600,2026-04-04T03:30:53.555337600,HS ADC0I trigger (TOF HG),HGSinglePulse,0.15894999999999998,MGSinglePulse,5.8759999999999994,LGThreshold,268.308,2026-04-04 03:30:53.555337600,2026-04-04,False
imap_idex_l1b_sci-10days_20260331_v001.0017.cdf,276,828547579880285440,2026-04-04T04:05:10.696285440,HS ADC0I trigger (TOF HG),HGSinglePulse,0.15894999999999998,MGSinglePulse,5.8759999999999994,LGThreshold,268.308,2026-04-04 04:05:10.696285440,2026-04-04,True
imap_idex_l1b_sci-10days_20260331_v001.0017.cdf,277,828562559803875840,2026-04-04T08:14:50.619875840,HS ADC0I trigger (TOF HG),HGSinglePulse,0.15894999999999998,MGSinglePulse,5.8759999999999994,LGThreshold,268.308,2026-04-04 08:14:50.619875840,2026-04-04,True
imap_idex_l1b_sci-10days_20260331_v001.0017.cdf,278,828563740938886784,2026-04-04T08:34:31.754886784,"HS ADC0I trigger (TOF HG), HS ADC1Q trigger (TOF MG)",HGSinglePulse,0.15894999999999998,MGSinglePulse,5.8759999999999994,LGThreshold,268.308,2026-04-04 08:34:31.754886784,2026-04-04,False
imap_idex_l1b_sci-10days_20260331_v001.0017.cdf,279,828563790295883776,2026-04-04T08:35:21.111883776,HS ADC0I trigger (TOF HG),HGSinglePulse,0.15894999999999998,MGSinglePulse,5.8759999999999994,LGThreshold,268.308,2026-04-04 08:35:21.111883776,2026-04-04,False
imap_idex_l1b_sci-10days_20260331_v001.0017.cdf,280,828565139510868480,2026-04-04T08:57:50.326868480,HS ADC0I trigger (TOF HG),HGSinglePulse,0.15894999999999998,MGSinglePulse,5.8759999999999994,LGThreshold,268.308,2026-04-04 08:57:50.326868480,2026-04-04,True
imap_idex_l1b_sci-10days_20260331_v001.0017.cdf,281,828572837741522048,2026-04-04T11:06:08.557522048,HS ADC0I trigger (TOF HG),HGSinglePulse,0.15894999999999998,MGSinglePulse,5.8759999999999994,LGThreshold,268.308,2026-04-04 11:06:08.557522048,2026-04-04,True
imap_idex_l1b_sci-10days_20260331_v001.0017.cdf,282,828583445301601280,2026-04-04T14:02:56.117601280,HS ADC0I trigger (TOF HG),HGSinglePulse,0.15894999999999998,MGSinglePulse,5.8759999999999994,LGThreshold,268.308,2026-04-04 14:02:56.117601280,2026-04-04,True
imap_idex_l1b_sci-10days_20260331_v001.0017.cdf,283,828601795603695488,2026-04-04T19:08:46.419695488,HS ADC0I trigger (TOF HG),HGSinglePulse,0.15894999999999998,MGSinglePulse,5.8759999999999994,LGThreshold,268.308,2026-04-04 19:08:46.419695488,2026-04-04,True
imap_idex_l1b_sci-10days_20260331_v001.0017.cdf,284,828615365540953984,2026-04-04T22:54:56.356953984,HS ADC0I trigger (TOF HG),HGSinglePulse,0.15894999999999998,MGSinglePulse,5.8759999999999994,LGThreshold,268.308,2026-04-04 22:54:56.356953984,2026-04-04,True
imap_idex_l1b_sci-10days_20260331_v001.0017.cdf,285,828618938899081088,2026-04-04T23:54:29.715081088,HS ADC0I trigger (TOF HG),HGSinglePulse,0.15894999999999998,MGSinglePulse,5.8759999999999994,LGThreshold,268.308,2026-04-04 23:54:29.715081088,2026-04-04,True
imap_idex_l1b_sci-10days_20260331_v001.0017.cdf,286,828625591211745920,2026-04-05T01:45:22.027745920,HS ADC0I trigger (TOF HG),HGSinglePulse,0.15894999999999998,MGSinglePulse,5.8759999999999994,LGThreshold,268.308,2026-04-05 01:45:22.027745920,2026-04-05,True
imap_idex_l1b_sci-10days_20260331_v001.0017.cdf,287,828634446695571456,2026-04-05T04:12:57.511571456,HS ADC0I trigger (TOF HG),HGSinglePulse,0.15894999999999998,MGSinglePulse,5.8759999999999994,LGThreshold,268.308,2026-04-05 04:12:57.511571456,2026-04-05,True
imap_idex_l1b_sci-10days_20260331_v001.0017.cdf,288,828637670725462784,2026-04-05T05:06:41.541462784,HS ADC0I trigger (TOF HG),HGSinglePulse,0.15894999999999998,MGSinglePulse,5.8759999999999994,LGThreshold,268.308,2026-04-05 05:06:41.541462784,2026-04-05,True
imap_idex_l1b_sci-10days_20260331_v001.0017.cdf,289,828648269870729344,2026-04-05T08:03:20.686729344,HS ADC0I trigger (TOF HG),HGSinglePulse,0.15894999999999998,MGSinglePulse,5.8759999999999994,LGThreshold,268.308,2026-04-05 08:03:20.686729344,2026-04-05,True
imap_idex_l1b_sci-10days_20260331_v001.0017.cdf,290,828649962053595136,2026-04-05T08:31:32.869595136,"HS ADC0I trigger (TOF HG), HS ADC1Q trigger (TOF MG)",HGSinglePulse,0.15894999999999998,MGSinglePulse,5.8759999999999994,LGThreshold,268.308,2026-04-05 08:31:32.869595136,2026-04-05,False
imap_idex_l1b_sci-10days_20260331_v001.0017.cdf,291,828663103326867200,2026-04-05T12:10:34.142867200,HS ADC1Q trigger (TOF MG),HGSinglePulse,0.15894999999999998,MGSinglePulse,5.8759999999999994,LGThreshold,268.308,2026-04-05 12:10:34.142867200,2026-04-05,False
imap_idex_l1b_sci-10days_20260331_v001.0017.cdf,292,828669195190600320,2026-04-05T13:52:06.006600320,"HS ADC0I trigger (TOF HG), HS ADC1Q trigger (TOF MG)",HGSinglePulse,0.15894999999999998,MGSinglePulse,5.8759999999999994,LGThreshold,268.308,2026-04-05 13:52:06.006600320,2026-04-05,False
imap_idex_l1b_sci-10days_20260331_v001.0017.cdf,293,828682221115032960,2026-04-05T17:29:11.931032960,HS ADC0I trigger (TOF HG),HGSinglePulse,0.15894999999999998,MGSinglePulse,5.8759999999999994,LGThreshold,268.308,2026-04-05 17:29:11.931032960,2026-04-05,True
imap_idex_l1b_sci-10days_20260331_v001.0017.cdf,294,828683933082441984,2026-04-05T17:57:43.898441984,HS ADC0I trigger (TOF HG),HGSinglePulse,0.15894999999999998,MGSinglePulse,5.8759999999999994,LGThreshold,268.308,2026-04-05 17:57:43.898441984,2026-04-05,True
imap_idex_l1b_sci-10days_20260331_v001.0017.cdf,295,828699153812985728,2026-04-05T22:11:24.628985728,HS ADC0I trigger (TOF HG),HGSinglePulse,0.15894999999999998,MGSinglePulse,5.8759999999999994,LGThreshold,268.308,2026-04-05 22:11:24.628985728,2026-04-05,False
imap_idex_l1b_sci-10days_20260331_v001.0017.cdf,296,828714051054251520,2026-04-06T02:19:41.870251520,HS ADC0I trigger (TOF HG),HGSinglePulse,0.15894999999999998,MGSinglePulse,5.8759999999999994,LGThreshold,268.308,2026-04-06 02:19:41.870251520,2026-04-06,False
imap_idex_l1b_sci-10days_20260331_v001.0017.cdf,297,828810062071573632,2026-04-07T04:59:52.887573632,HS ADC0I trigger (TOF HG),HGSinglePulse,0.15894999999999998,MGSinglePulse,5.8759999999999994,LGThreshold,268.308,2026-04-07 04:59:52.887573632,2026-04-07,True
imap_idex_l1b_sci-10days_20260331_v001.0017.cdf,298,828811722866547072,2026-04-07T05:27:33.682547072,HS ADC0I trigger (TOF HG),HGSinglePulse,0.15894999999999998,MGSinglePulse,5.8759999999999994,LGThreshold,268.308,2026-04-07 05:27:33.682547072,2026-04-07,True
imap_idex_l1b_sci-10days_20260331_v001.0017.cdf,299,828833134133119744,2026-04-07T11:24:24.949119744,HS ADC0I trigger (TOF HG),HGSinglePulse,0.15894999999999998,MGSinglePulse,5.8759999999999994,LGThreshold,268.308,2026-04-07 11:24:24.949119744,2026-04-07,True
imap_idex_l1b_sci-10days_20260331_v001.0017.cdf,300,828852034290299008,2026-04-07T16:39:25.106299008,HS ADC0I trigger (TOF HG),HGSinglePulse,0.15894999999999998,MGSinglePulse,5.8759999999999994,LGThreshold,268.308,2026-04-07 16:39:25.106299008,2026-04-07,False
imap_idex_l1b_sci-10days_20260331_v001.0017.cdf,301,828876309145037568,2026-04-07T23:23:59.961037568,"HS ADC0I trigger (TOF HG), HS ADC1Q trigger (TOF MG)",HGSinglePulse,0.15894999999999998,MGSinglePulse,5.8759999999999994,LGThreshold,268.308,2026-04-07 23:23:59.961037568,2026-04-07,False
imap_idex_l1b_sci-10days_20260331_v001.0017.cdf,302,828890665500094080,2026-04-08T03:23:16.316094080,HS ADC0I trigger (TOF HG),HGSinglePulse,0.15894999999999998,MGSinglePulse,5.8759999999999994,LGThreshold,268.308,2026-04-08 03:23:16.316094080,2026-04-08,True
imap_idex_l1b_sci-10days_20260331_v001.0017.cdf,303,828890818233321088,2026-04-08T03:25:49.049321088,HS ADC0I trigger (TOF HG),HGSinglePulse,0.15894999999999998,MGSinglePulse,5.8759999999999994,LGThreshold,268.308,2026-04-08 03:25:49.049321088,2026-04-08,False
imap_idex_l1b_sci-10days_20260331_v001.0017.cdf,304,828893247623246464,2026-04-08T04:06:18.439246464,HS ADC1Q trigger (TOF MG),HGSinglePulse,0.15894999999999998,MGSinglePulse,5.8759999999999994,LGThreshold,268.308,2026-04-08 04:06:18.439246464,2026-04-08,False
imap_idex_l1b_sci-10days_20260331_v001.0017.cdf,305,828917197514198400,2026-04-08T10:45:28.330198400,HS ADC0I trigger (TOF HG),HGSinglePulse,0.15894999999999998,MGSinglePulse,5.8759999999999994,LGThreshold,268.308,2026-04-08 10:45:28.330198400,2026-04-08,True
imap_idex_l1b_sci-10days_20260410_v001.0017.cdf,0,829119067861713408,2026-04-10T18:49:58.677713408,HS ADC0I trigger (TOF HG),HGSinglePulse,0.15894999999999998,MGSinglePulse,5.8759999999999994,LGThreshold,268.308,2026-04-10 18:49:58.677713408,2026-04-10,False
imap_idex_l1b_sci-10days_20260410_v001.0017.cdf,1,829224175711690368,2026-04-12T00:01:46.527690368,SW trigger,HGThreshold,0.289, ,-1e+31, ,-1e+31,2026-04-12 00:01:46.527690368,2026-04-12,False
imap_idex_l1b_sci-10days_20260410_v001.0017.cdf,2,829224181712525184,2026-04-12T00:01:52.528525184,HS ADC0I trigger (TOF HG),HGThreshold,0.289, ,-1e+31, ,-1e+31,2026-04-12 00:01:52.528525184,2026-04-12,False
imap_idex_l1b_sci-10days_20260410_v001.0017.cdf,3,829224189712478208,2026-04-12T00:02:00.528478208,HS ADC0I trigger (TOF HG),HGThreshold,0.289, ,-1e+31, ,-1e+31,2026-04-12 00:02:00.528478208,2026-04-12,False
imap_idex_l1b_sci-10days_20260410_v001.0017.cdf,4,829224197712431232,2026-04-12T00:02:08.528431232,HS ADC0I trigger (TOF HG),HGThreshold,0.289, ,-1e+31, ,-1e+31,2026-04-12 00:02:08.528431232,2026-04-12,True
imap_idex_l1b_sci-10days_20260410_v001.0017.cdf,5,829224201792327680,2026-04-12T00:02:12.608327680,HS ADC0I trigger (TOF HG),HGThreshold,0.289, ,-1e+31, ,-1e+31,2026-04-12 00:02:12.608327680,2026-04-12,False
imap_idex_l1b_sci-10days_20260410_v001.0017.cdf,6,829224213712317184,2026-04-12T00:02:24.528317184,HS ADC0I trigger (TOF HG),HGThreshold,0.289, ,-1e+31, ,-1e+31,2026-04-12 00:02:24.528317184,2026-04-12,False
imap_idex_l1b_sci-10days_20260410_v001.0017.cdf,7,829224227711345024,2026-04-12T00:02:38.527345024,SW trigger,HGThreshold,0.289, ,-1e+31, ,-1e+31,2026-04-12 00:02:38.527345024,2026-04-12,False
imap_idex_l1b_sci-10days_20260410_v001.0017.cdf,8,829224239711254656,2026-04-12T00:02:50.527254656,SW trigger,HGThreshold,0.289, ,-1e+31, ,-1e+31,2026-04-12 00:02:50.527254656,2026-04-12,False
imap_idex_l1b_sci-10days_20260410_v001.0017.cdf,9,829224251711184128,2026-04-12T00:03:02.527184128,SW trigger,HGThreshold,0.289, ,-1e+31, ,-1e+31,2026-04-12 00:03:02.527184128,2026-04-12,False
imap_idex_l1b_sci-10days_20260410_v001.0017.cdf,10,829224263711093760,2026-04-12T00:03:14.527093760,SW trigger,HGThreshold,0.289, ,-1e+31, ,-1e+31,2026-04-12 00:03:14.527093760,2026-04-12,False
imap_idex_l1b_sci-10days_20260410_v001.0017.cdf,11,829319402624125312,2026-04-13T02:28:53.440125312,HS ADC0I trigger (TOF HG),HGSinglePulse,0.15894999999999998,MGSinglePulse,5.8759999999999994,LGThreshold,268.308,2026-04-13 02:28:53.440125312,2026-04-13,True
imap_idex_l1b_sci-10days_20260410_v001.0017.cdf,12,829331334852275712,2026-04-13T05:47:45.668275712,HS ADC0Q trigger (TOF LG),HGSinglePulse,0.15894999999999998,MGSinglePulse,5.8759999999999994,LGThreshold,268.308,2026-04-13 05:47:45.668275712,2026-04-13,False
imap_idex_l1b_sci-10days_20260410_v001.0017.cdf,13,829343897371378176,2026-04-13T09:17:08.187378176,HS ADC0I trigger (TOF HG),HGSinglePulse,0.15894999999999998,MGSinglePulse,5.8759999999999994,LGThreshold,268.308,2026-04-13 09:17:08.187378176,2026-04-13,True
imap_idex_l1b_sci-10days_20260410_v001.0017.cdf,14,829351837221678080,2026-04-13T11:29:28.037678080,HS ADC0I trigger (TOF HG),HGSinglePulse,0.15894999999999998,MGSinglePulse,5.8759999999999994,LGThreshold,268.308,2026-04-13 11:29:28.037678080,2026-04-13,True
imap_idex_l1b_sci-10days_20260410_v001.0017.cdf,15,829469533022534528,2026-04-14T20:11:03.838534528,HS ADC1Q trigger (TOF MG),HGSinglePulse,0.15894999999999998,MGSinglePulse,5.8759999999999994,LGThreshold,268.308,2026-04-14 20:11:03.838534528,2026-04-14,False
imap_idex_l1b_sci-10days_20260410_v001.0017.cdf,16,829708030963655296,2026-04-17T14:26:01.779655296,HS ADC0I trigger (TOF HG),HGSinglePulse,0.15894999999999998,MGSinglePulse,5.8759999999999994,LGThreshold,268.308,2026-04-17 14:26:01.779655296,2026-04-17,False
imap_idex_l1b_sci-10days_20260410_v001.0017.cdf,17,829779806322264704,2026-04-18T10:22:17.138264704,HS ADC0I trigger (TOF HG),HGSinglePulse,0.15894999999999998,MGSinglePulse,5.8759999999999994,LGThreshold,268.308,2026-04-18 10:22:17.138264704,2026-04-18,True
imap_idex_l1b_sci-10days_20260410_v001.0017.cdf,18,829803077837208960,2026-04-18T16:50:08.653208960,HS ADC1Q trigger (TOF MG),HGSinglePulse,0.15894999999999998,MGSinglePulse,5.8759999999999994,LGThreshold,268.308,2026-04-18 16:50:08.653208960,2026-04-18,False
imap_idex_l1b_sci-10days_20260410_v001.0017.cdf,19,829817689970915584,2026-04-18T20:53:40.786915584,HS ADC0I trigger (TOF HG),HGSinglePulse,0.15894999999999998,MGSinglePulse,5.8759999999999994,LGThreshold,268.308,2026-04-18 20:53:40.786915584,2026-04-18,True
imap_idex_l1b_sci-10days_20260410_v001.0017.cdf,20,829818376350679296,2026-04-18T21:05:07.166679296,HS ADC0I trigger (TOF HG),HGSinglePulse,0.15894999999999998,MGSinglePulse,5.8759999999999994,LGThreshold,268.308,2026-04-18 21:05:07.166679296,2026-04-18,False
imap_idex_l1b_sci-10days_20260410_v001.0017.cdf,21,829823447277794304,2026-04-18T22:29:38.093794304,HS ADC0I trigger (TOF HG),HGSinglePulse,0.15894999999999998,MGSinglePulse,5.8759999999999994,LGThreshold,268.308,2026-04-18 22:29:38.093794304,2026-04-18,False
imap_idex_l1b_sci-10days_20260410_v001.0017.cdf,22,829868580193550080,2026-04-19T11:01:51.009550080,HS ADC0I trigger (TOF HG),HGSinglePulse,0.15894999999999998,MGSinglePulse,5.8759999999999994,LGThreshold,268.308,2026-04-19 11:01:51.009550080,2026-04-19,False
imap_idex_l1b_sci-10days_20260410_v001.0017.cdf,23,829874430518908288,2026-04-19T12:39:21.334908288,HS ADC0I trigger (TOF HG),HGSinglePulse,0.15894999999999998,MGSinglePulse,5.8759999999999994,LGThreshold,268.308,2026-04-19 12:39:21.334908288,2026-04-19,True
imap_idex_l1b_sci-10days_20260410_v001.0017.cdf,24,829883093106083456,2026-04-19T15:03:43.922083456,HS ADC0I trigger (TOF HG),HGSinglePulse,0.15894999999999998,MGSinglePulse,5.8759999999999994,LGThreshold,268.308,2026-04-19 15:03:43.922083456,2026-04-19,False
imap_idex_l1b_sci-10days_20260420_v001.0017.cdf,0,829915375079932928,2026-04-20T00:01:45.895932928,SW trigger,HGThreshold,0.289, ,-1e+31, ,-1e+31,2026-04-20 00:01:45.895932928,2026-04-20,False
imap_idex_l1b_sci-10days_20260420_v001.0017.cdf,1,829915381080787840,2026-04-20T00:01:51.896787840,HS ADC0I trigger (TOF HG),HGThreshold,0.289, ,-1e+31, ,-1e+31,2026-04-20 00:01:51.896787840,2026-04-20,False
imap_idex_l1b_sci-10days_20260420_v001.0017.cdf,2,829915389080720768,2026-04-20T00:01:59.896720768,HS ADC0I trigger (TOF HG),HGThreshold,0.289, ,-1e+31, ,-1e+31,2026-04-20 00:01:59.896720768,2026-04-20,False
imap_idex_l1b_sci-10days_20260420_v001.0017.cdf,3,829915397080673792,2026-04-20T00:02:07.896673792,HS ADC0I trigger (TOF HG),HGThreshold,0.289, ,-1e+31, ,-1e+31,2026-04-20 00:02:07.896673792,2026-04-20,False
imap_idex_l1b_sci-10days_20260420_v001.0017.cdf,4,829915405080626944,2026-04-20T00:02:15.896626944,HS ADC0I trigger (TOF HG),HGThreshold,0.289, ,-1e+31, ,-1e+31,2026-04-20 00:02:15.896626944,2026-04-20,True
imap_idex_l1b_sci-10days_20260420_v001.0017.cdf,5,829915413080560000,2026-04-20T00:02:23.896560000,HS ADC0I trigger (TOF HG),HGThreshold,0.289, ,-1e+31, ,-1e+31,2026-04-20 00:02:23.896560000,2026-04-20,False
imap_idex_l1b_sci-10days_20260420_v001.0017.cdf,6,829915427079587840,2026-04-20T00:02:37.895587840,SW trigger,HGThreshold,0.289, ,-1e+31, ,-1e+31,2026-04-20 00:02:37.895587840,2026-04-20,False
imap_idex_l1b_sci-10days_20260420_v001.0017.cdf,7,829915439079497472,2026-04-20T00:02:49.895497472,SW trigger,HGThreshold,0.289, ,-1e+31, ,-1e+31,2026-04-20 00:02:49.895497472,2026-04-20,False
imap_idex_l1b_sci-10days_20260420_v001.0017.cdf,8,829915451079426944,2026-04-20T00:03:01.895426944,SW trigger,HGThreshold,0.289, ,-1e+31, ,-1e+31,2026-04-20 00:03:01.895426944,2026-04-20,False
imap_idex_l1b_sci-10days_20260420_v001.0017.cdf,9,829915463079336576,2026-04-20T00:03:13.895336576,SW trigger,HGThreshold,0.289, ,-1e+31, ,-1e+31,2026-04-20 00:03:13.895336576,2026-04-20,False
imap_idex_l1b_sci-10days_20260420_v001.0017.cdf,10,830340855160887296,2026-04-24T22:13:05.976887296,HS ADC0I trigger (TOF HG),HGSinglePulse,0.15894999999999998,MGSinglePulse,5.8759999999999994,LGThreshold,268.308,2026-04-24 22:13:05.976887296,2026-04-24,False
imap_idex_l1b_sci-10days_20260420_v001.0017.cdf,11,830372482242013696,2026-04-25T07:00:13.058013696,HS ADC0I trigger (TOF HG),HGSinglePulse,0.15894999999999998,MGSinglePulse,5.8759999999999994,LGThreshold,268.308,2026-04-25 07:00:13.058013696,2026-04-25,True
imap_idex_l1b_sci-10days_20260420_v001.0017.cdf,12,830381406722152448,2026-04-25T09:28:57.538152448,HS ADC1Q trigger (TOF MG),HGSinglePulse,0.15894999999999998,MGSinglePulse,5.8759999999999994,LGThreshold,268.308,2026-04-25 09:28:57.538152448,2026-04-25,False
imap_idex_l1b_sci-10days_20260420_v001.0017.cdf,13,830468832133131648,2026-04-26T09:46:02.949131648,HS ADC0I trigger (TOF HG),HGSinglePulse,0.15894999999999998,MGSinglePulse,5.8759999999999994,LGThreshold,268.308,2026-04-26 09:46:02.949131648,2026-04-26,True
imap_idex_l1b_sci-10days_20260420_v001.0017.cdf,14,830471536862646656,2026-04-26T10:31:07.678646656,HS ADC0I trigger (TOF HG),HGSinglePulse,0.15894999999999998,MGSinglePulse,5.8759999999999994,LGThreshold,268.308,2026-04-26 10:31:07.678646656,2026-04-26,True
imap_idex_l1b_sci-10days_20260420_v001.0017.cdf,15,830493523985104256,2026-04-26T16:37:34.801104256,HS ADC0I trigger (TOF HG),HGSinglePulse,0.15894999999999998,MGSinglePulse,5.8759999999999994,LGThreshold,268.308,2026-04-26 16:37:34.801104256,2026-04-26,True
imap_idex_l1b_sci-10days_20260420_v001.0017.cdf,16,830493712449920768,2026-04-26T16:40:43.265920768,HS ADC0I trigger (TOF HG),HGSinglePulse,0.15894999999999998,MGSinglePulse,5.8759999999999994,LGThreshold,268.308,2026-04-26 16:40:43.265920768,2026-04-26,True
imap_idex_l1b_sci-10days_20260420_v001.0017.cdf,17,830497256603648128,2026-04-26T17:39:47.419648128,HS ADC0I trigger (TOF HG),HGSinglePulse,0.15894999999999998,MGSinglePulse,5.8759999999999994,LGThreshold,268.308,2026-04-26 17:39:47.419648128,2026-04-26,False
imap_idex_l1b_sci-10days_20260420_v001.0017.cdf,18,830567543833190400,2026-04-27T13:11:14.649190400,HS ADC0I trigger (TOF HG),HGSinglePulse,0.15894999999999998,MGSinglePulse,5.8759999999999994,LGThreshold,268.308,2026-04-27 13:11:14.649190400,2026-04-27,True
imap_idex_l1b_sci-10days_20260420_v001.0017.cdf,19,830606574674751360,2026-04-28T00:01:45.490751360,SW trigger,HGThreshold,0.289, ,-1e+31, ,-1e+31,2026-04-28 00:01:45.490751360,2026-04-28,False
imap_idex_l1b_sci-10days_20260420_v001.0017.cdf,20,830606580675586176,2026-04-28T00:01:51.491586176,HS ADC0I trigger (TOF HG),HGThreshold,0.289, ,-1e+31, ,-1e+31,2026-04-28 00:01:51.491586176,2026-04-28,False
imap_idex_l1b_sci-10days_20260420_v001.0017.cdf,21,830606588675519360,2026-04-28T00:01:59.491519360,HS ADC0I trigger (TOF HG),HGThreshold,0.289, ,-1e+31, ,-1e+31,2026-04-28 00:01:59.491519360,2026-04-28,False
imap_idex_l1b_sci-10days_20260420_v001.0017.cdf,22,830606596675472384,2026-04-28T00:02:07.491472384,HS ADC0I trigger (TOF HG),HGThreshold,0.289, ,-1e+31, ,-1e+31,2026-04-28 00:02:07.491472384,2026-04-28,False
imap_idex_l1b_sci-10days_20260420_v001.0017.cdf,23,830606604675425408,2026-04-28T00:02:15.491425408,HS ADC0I trigger (TOF HG),HGThreshold,0.289, ,-1e+31, ,-1e+31,2026-04-28 00:02:15.491425408,2026-04-28,False
imap_idex_l1b_sci-10days_20260420_v001.0017.cdf,24,830606612675358592,2026-04-28T00:02:23.491358592,HS ADC0I trigger (TOF HG),HGThreshold,0.289, ,-1e+31, ,-1e+31,2026-04-28 00:02:23.491358592,2026-04-28,False
imap_idex_l1b_sci-10days_20260420_v001.0017.cdf,25,830606626674386432,2026-04-28T00:02:37.490386432,SW trigger,HGThreshold,0.289, ,-1e+31, ,-1e+31,2026-04-28 00:02:37.490386432,2026-04-28,False
imap_idex_l1b_sci-10days_20260420_v001.0017.cdf,26,830606638674296064,2026-04-28T00:02:49.490296064,SW trigger,HGThreshold,0.289, ,-1e+31, ,-1e+31,2026-04-28 00:02:49.490296064,2026-04-28,False
imap_idex_l1b_sci-10days_20260420_v001.0017.cdf,27,830606650674225536,2026-04-28T00:03:01.490225536,SW trigger,HGThreshold,0.289, ,-1e+31, ,-1e+31,2026-04-28 00:03:01.490225536,2026-04-28,False
imap_idex_l1b_sci-10days_20260420_v001.0017.cdf,28,830606662674135168,2026-04-28T00:03:13.490135168,SW trigger,HGThreshold,0.289, ,-1e+31, ,-1e+31,2026-04-28 00:03:13.490135168,2026-04-28,False
imap_idex_l1b_sci-10days_20260420_v001.0017.cdf,29,830617523593400960,2026-04-28T03:04:14.409400960,HS ADC0I trigger (TOF HG),HGSinglePulse,0.15894999999999998,MGSinglePulse,5.8759999999999994,LGThreshold,268.308,2026-04-28 03:04:14.409400960,2026-04-28,True
imap_idex_l1b_sci-10days_20260420_v001.0017.cdf,30,830642932801878656,2026-04-28T10:07:43.617878656,HS ADC0I trigger (TOF HG),HGSinglePulse,0.15894999999999998,MGSinglePulse,5.8759999999999994,LGThreshold,268.308,2026-04-28 10:07:43.617878656,2026-04-28,True
imap_idex_l1b_sci-10days_20260420_v001.0017.cdf,31,830660849561030272,2026-04-28T15:06:20.377030272,HS ADC0I trigger (TOF HG),HGSinglePulse,0.15894999999999998,MGSinglePulse,5.8759999999999994,LGThreshold,268.308,2026-04-28 15:06:20.377030272,2026-04-28,True
imap_idex_l1b_sci-10days_20260420_v001.0017.cdf,32,830682467769253760,2026-04-28T21:06:38.585253760,HS ADC0I trigger (TOF HG),HGSinglePulse,0.15894999999999998,MGSinglePulse,5.8759999999999994,LGThreshold,268.308,2026-04-28 21:06:38.585253760,2026-04-28,False
imap_idex_l1b_sci-10days_20260430_v001.0017.cdf,0,830836757696196224,2026-04-30T15:58:08.512196224,HS ADC0I trigger (TOF HG),HGSinglePulse,0.15894999999999998,MGSinglePulse,5.8759999999999994,LGThreshold,268.308,2026-04-30 15:58:08.512196224,2026-04-30,False
imap_idex_l1b_sci-10days_20260430_v001.0017.cdf,1,830947951255369344,2026-05-01T22:51:22.071369344,HS ADC0I trigger (TOF HG),HGSinglePulse,0.15894999999999998,MGSinglePulse,5.8759999999999994,LGThreshold,268.308,2026-05-01 22:51:22.071369344,2026-05-01,True
imap_idex_l1b_sci-10days_20260430_v001.0017.cdf,2,830948432881712256,2026-05-01T22:59:23.697712256,HS ADC0I trigger (TOF HG),HGSinglePulse,0.15894999999999998,MGSinglePulse,5.8759999999999994,LGThreshold,268.308,2026-05-01 22:59:23.697712256,2026-05-01,True
imap_idex_l1b_sci-10days_20260430_v001.0017.cdf,3,830950641128839552,2026-05-01T23:36:11.944839552,HS ADC0I trigger (TOF HG),HGSinglePulse,0.15894999999999998,MGSinglePulse,5.8759999999999994,LGThreshold,268.308,2026-05-01 23:36:11.944839552,2026-05-01,True
imap_idex_l1b_sci-10days_20260430_v001.0017.cdf,4,830950754702401280,2026-05-01T23:38:05.518401280,HS ADC0I trigger (TOF HG),HGSinglePulse,0.15894999999999998,MGSinglePulse,5.8759999999999994,LGThreshold,268.308,2026-05-01 23:38:05.518401280,2026-05-01,True
imap_idex_l1b_sci-10days_20260430_v001.0017.cdf,5,830952710184387456,2026-05-02T00:10:41.000387456,HS ADC0I trigger (TOF HG),HGSinglePulse,0.15894999999999998,MGSinglePulse,5.8759999999999994,LGThreshold,268.308,2026-05-02 00:10:41.000387456,2026-05-02,True
imap_idex_l1b_sci-10days_20260430_v001.0017.cdf,6,831002731298203264,2026-05-02T14:04:22.114203264,HS ADC0I trigger (TOF HG),HGSinglePulse,0.15894999999999998,MGSinglePulse,5.8759999999999994,LGThreshold,268.308,2026-05-02 14:04:22.114203264,2026-05-02,True
imap_idex_l1b_sci-10days_20260430_v001.0017.cdf,7,831074386797275136,2026-05-03T09:58:37.613275136,HS ADC0Q trigger (TOF LG),HGSinglePulse,0.15894999999999998,MGSinglePulse,5.8759999999999994,LGThreshold,268.308,2026-05-03 09:58:37.613275136,2026-05-03,False
imap_idex_l1b_sci-10days_20260430_v001.0017.cdf,8,831088029806524928,2026-05-03T13:46:00.622524928,HS ADC0Q trigger (TOF LG),HGSinglePulse,0.15894999999999998,MGSinglePulse,5.8759999999999994,LGThreshold,268.308,2026-05-03 13:46:00.622524928,2026-05-03,False
imap_idex_l1b_sci-10days_20260430_v001.0017.cdf,9,831114246817369984,2026-05-03T21:02:57.633369984,HS ADC0I trigger (TOF HG),HGSinglePulse,0.15894999999999998,MGSinglePulse,5.8759999999999994,LGThreshold,268.308,2026-05-03 21:02:57.633369984,2026-05-03,False
imap_idex_l1b_sci-10days_20260430_v001.0017.cdf,10,831163478611231744,2026-05-04T10:43:29.427231744,HS ADC0I trigger (TOF HG),HGSinglePulse,0.15894999999999998,MGSinglePulse,5.8759999999999994,LGThreshold,268.308,2026-05-04 10:43:29.427231744,2026-05-04,False
imap_idex_l1b_sci-10days_20260430_v001.0017.cdf,11,831167888401194496,2026-05-04T11:56:59.217194496,HS ADC0I trigger (TOF HG),HGSinglePulse,0.15894999999999998,MGSinglePulse,5.8759999999999994,LGThreshold,268.308,2026-05-04 11:56:59.217194496,2026-05-04,False
imap_idex_l1b_sci-10days_20260430_v001.0017.cdf,12,831270570154620928,2026-05-05T16:28:20.970620928,HS ADC0I trigger (TOF HG),HGSinglePulse,0.15894999999999998,MGSinglePulse,5.8759999999999994,LGThreshold,268.308,2026-05-05 16:28:20.970620928,2026-05-05,True
imap_idex_l1b_sci-10days_20260430_v001.0017.cdf,13,831297773973600512,2026-05-06T00:01:44.789600512,SW trigger,HGThreshold,0.289, ,-1e+31, ,-1e+31,2026-05-06 00:01:44.789600512,2026-05-06,False
imap_idex_l1b_sci-10days_20260430_v001.0017.cdf,14,831297779974435328,2026-05-06T00:01:50.790435328,HS ADC0I trigger (TOF HG),HGThreshold,0.289, ,-1e+31, ,-1e+31,2026-05-06 00:01:50.790435328,2026-05-06,False
imap_idex_l1b_sci-10days_20260430_v001.0017.cdf,15,831297787974388352,2026-05-06T00:01:58.790388352,HS ADC0I trigger (TOF HG),HGThreshold,0.289, ,-1e+31, ,-1e+31,2026-05-06 00:01:58.790388352,2026-05-06,False
imap_idex_l1b_sci-10days_20260430_v001.0017.cdf,16,831297795974341376,2026-05-06T00:02:06.790341376,HS ADC0I trigger (TOF HG),HGThreshold,0.289, ,-1e+31, ,-1e+31,2026-05-06 00:02:06.790341376,2026-05-06,False
imap_idex_l1b_sci-10days_20260430_v001.0017.cdf,17,831297803974274560,2026-05-06T00:02:14.790274560,HS ADC0I trigger (TOF HG),HGThreshold,0.289, ,-1e+31, ,-1e+31,2026-05-06 00:02:14.790274560,2026-05-06,True
imap_idex_l1b_sci-10days_20260430_v001.0017.cdf,18,831297811974227712,2026-05-06T00:02:22.790227712,HS ADC0I trigger (TOF HG),HGThreshold,0.289, ,-1e+31, ,-1e+31,2026-05-06 00:02:22.790227712,2026-05-06,False
imap_idex_l1b_sci-10days_20260430_v001.0017.cdf,19,831297825973255552,2026-05-06T00:02:36.789255552,SW trigger,HGThreshold,0.289, ,-1e+31, ,-1e+31,2026-05-06 00:02:36.789255552,2026-05-06,False
imap_idex_l1b_sci-10days_20260430_v001.0017.cdf,20,831297837973165056,2026-05-06T00:02:48.789165056,SW trigger,HGThreshold,0.289, ,-1e+31, ,-1e+31,2026-05-06 00:02:48.789165056,2026-05-06,False
imap_idex_l1b_sci-10days_20260430_v001.0017.cdf,21,831297849973074688,2026-05-06T00:03:00.789074688,SW trigger,HGThreshold,0.289, ,-1e+31, ,-1e+31,2026-05-06 00:03:00.789074688,2026-05-06,False
imap_idex_l1b_sci-10days_20260430_v001.0017.cdf,22,831297861973004288,2026-05-06T00:03:12.789004288,SW trigger,HGThreshold,0.289, ,-1e+31, ,-1e+31,2026-05-06 00:03:12.789004288,2026-05-06,False
imap_idex_l1b_sci-10days_20260430_v001.0017.cdf,23,831358027824348800,2026-05-06T16:45:58.640348800,"HS ADC0I trigger (TOF HG), HS ADC1Q trigger (TOF MG)",HGSinglePulse,0.15894999999999998,MGSinglePulse,5.8759999999999994,LGThreshold,268.308,2026-05-06 16:45:58.640348800,2026-05-06,False
imap_idex_l1b_sci-10days_20260430_v001.0017.cdf,24,831413549119891584,2026-05-07T08:11:19.935891584,HS ADC0I trigger (TOF HG),HGSinglePulse,0.15894999999999998,MGSinglePulse,5.8759999999999994,LGThreshold,268.308,2026-05-07 08:11:19.935891584,2026-05-07,True
imap_idex_l1b_sci-10days_20260430_v001.0017.cdf,25,831540362389805056,2026-05-08T19:24:53.205805056,HS ADC0I trigger (TOF HG),HGSinglePulse,0.15894999999999998,MGSinglePulse,5.8759999999999994,LGThreshold,268.308,2026-05-08 19:24:53.205805056,2026-05-08,False
imap_idex_l1b_sci-10days_20260510_v001.0017.cdf,0,831650304660984320,2026-05-10T01:57:15.476984320,HS ADC1Q trigger (TOF MG),HGSinglePulse,0.15894999999999998,MGSinglePulse,5.8759999999999994,LGThreshold,268.308,2026-05-10 01:57:15.476984320,2026-05-10,False
imap_idex_l1b_sci-10days_20260510_v001.0017.cdf,1,831657241385427584,2026-05-10T03:52:52.201427584,HS ADC0I trigger (TOF HG),HGSinglePulse,0.15894999999999998,MGSinglePulse,5.8759999999999994,LGThreshold,268.308,2026-05-10 03:52:52.201427584,2026-05-10,False
imap_idex_l1b_sci-10days_20260510_v001.0017.cdf,2,831671429854921600,2026-05-10T07:49:20.670921600,HS ADC0Q trigger (TOF LG),HGSinglePulse,0.15894999999999998,MGSinglePulse,5.8759999999999994,LGThreshold,268.308,2026-05-10 07:49:20.670921600,2026-05-10,False
imap_idex_l1b_sci-10days_20260510_v001.0017.cdf,3,831712374444924928,2026-05-10T19:11:45.260924928,HS ADC0I trigger (TOF HG),HGSinglePulse,0.15894999999999998,MGSinglePulse,5.8759999999999994,LGThreshold,268.308,2026-05-10 19:11:45.260924928,2026-05-10,False
imap_idex_l1b_sci-10days_20260510_v001.0017.cdf,4,831888718204757760,2026-05-12T20:10:49.020757760,HS ADC0I trigger (TOF HG),HGSinglePulse,0.15894999999999998,MGSinglePulse,5.8759999999999994,LGThreshold,268.308,2026-05-12 20:10:49.020757760,2026-05-12,True
imap_idex_l1b_sci-10days_20260510_v001.0017.cdf,5,831894212664369792,2026-05-12T21:42:23.480369792,HS ADC0I trigger (TOF HG),HGSinglePulse,0.15894999999999998,MGSinglePulse,5.8759999999999994,LGThreshold,268.308,2026-05-12 21:42:23.480369792,2026-05-12,True
imap_idex_l1b_sci-10days_20260510_v001.0017.cdf,6,831932203535500288,2026-05-13T08:15:34.351500288,HS ADC0I trigger (TOF HG),HGSinglePulse,0.15894999999999998,MGSinglePulse,5.8759999999999994,LGThreshold,268.308,2026-05-13 08:15:34.351500288,2026-05-13,True
imap_idex_l1b_sci-10days_20260510_v001.0017.cdf,7,831988973238536960,2026-05-14T00:01:44.054536960,SW trigger,HGThreshold,0.289, ,-1e+31, ,-1e+31,2026-05-14 00:01:44.054536960,2026-05-14,False
imap_idex_l1b_sci-10days_20260510_v001.0017.cdf,8,831988979239371648,2026-05-14T00:01:50.055371648,HS ADC0I trigger (TOF HG),HGThreshold,0.289, ,-1e+31, ,-1e+31,2026-05-14 00:01:50.055371648,2026-05-14,False
imap_idex_l1b_sci-10days_20260510_v001.0017.cdf,9,831988987239304832,2026-05-14T00:01:58.055304832,HS ADC0I trigger (TOF HG),HGThreshold,0.289, ,-1e+31, ,-1e+31,2026-05-14 00:01:58.055304832,2026-05-14,False
imap_idex_l1b_sci-10days_20260510_v001.0017.cdf,10,831988995239257984,2026-05-14T00:02:06.055257984,HS ADC0I trigger (TOF HG),HGThreshold,0.289, ,-1e+31, ,-1e+31,2026-05-14 00:02:06.055257984,2026-05-14,False
imap_idex_l1b_sci-10days_20260510_v001.0017.cdf,11,831989003239190912,2026-05-14T00:02:14.055190912,HS ADC0I trigger (TOF HG),HGThreshold,0.289, ,-1e+31, ,-1e+31,2026-05-14 00:02:14.055190912,2026-05-14,False
imap_idex_l1b_sci-10days_20260510_v001.0017.cdf,12,831989011239144064,2026-05-14T00:02:22.055144064,HS ADC0I trigger (TOF HG),HGThreshold,0.289, ,-1e+31, ,-1e+31,2026-05-14 00:02:22.055144064,2026-05-14,False
imap_idex_l1b_sci-10days_20260510_v001.0017.cdf,13,831989025238172032,2026-05-14T00:02:36.054172032,SW trigger,HGThreshold,0.289, ,-1e+31, ,-1e+31,2026-05-14 00:02:36.054172032,2026-05-14,False
imap_idex_l1b_sci-10days_20260510_v001.0017.cdf,14,831989037238081664,2026-05-14T00:02:48.054081664,SW trigger,HGThreshold,0.289, ,-1e+31, ,-1e+31,2026-05-14 00:02:48.054081664,2026-05-14,False
imap_idex_l1b_sci-10days_20260510_v001.0017.cdf,15,831989049237991296,2026-05-14T00:03:00.053991296,SW trigger,HGThreshold,0.289, ,-1e+31, ,-1e+31,2026-05-14 00:03:00.053991296,2026-05-14,False
imap_idex_l1b_sci-10days_20260510_v001.0017.cdf,16,831989061237920896,2026-05-14T00:03:12.053920896,SW trigger,HGThreshold,0.289, ,-1e+31, ,-1e+31,2026-05-14 00:03:12.053920896,2026-05-14,False
imap_idex_l1b_sci-10days_20260510_v001.0017.cdf,17,832000652714189696,2026-05-14T03:16:23.530189696,"HS ADC0I trigger (TOF HG), HS ADC1Q trigger (TOF MG)",HGSinglePulse,0.15894999999999998,MGSinglePulse,5.8759999999999994,LGThreshold,268.308,2026-05-14 03:16:23.530189696,2026-05-14,False
imap_idex_l1b_sci-10days_20260510_v001.0017.cdf,18,832144301924100736,2026-05-15T19:10:32.740100736,HS ADC0I trigger (TOF HG),HGSinglePulse,0.15894999999999998,MGSinglePulse,5.8759999999999994,LGThreshold,268.308,2026-05-15 19:10:32.740100736,2026-05-15,False
imap_idex_l1b_sci-10days_20260510_v001.0017.cdf,19,832156145611093760,2026-05-15T22:27:56.427093760,HS ADC0I trigger (TOF HG),HGSinglePulse,0.15894999999999998,MGSinglePulse,5.8759999999999994,LGThreshold,268.308,2026-05-15 22:27:56.427093760,2026-05-15,True
imap_idex_l1b_sci-10days_20260510_v001.0017.cdf,20,832179898810942976,2026-05-16T05:03:49.626942976,HS ADC0I trigger (TOF HG),HGSinglePulse,0.15894999999999998,MGSinglePulse,5.8759999999999994,LGThreshold,268.308,2026-05-16 05:03:49.626942976,2026-05-16,True
imap_idex_l1b_sci-10days_20260510_v001.0017.cdf,21,832186194339387008,2026-05-16T06:48:45.155387008,HS ADC0I trigger (TOF HG),HGSinglePulse,0.15894999999999998,MGSinglePulse,5.8759999999999994,LGThreshold,268.308,2026-05-16 06:48:45.155387008,2026-05-16,True
imap_idex_l1b_sci-10days_20260510_v001.0017.cdf,22,832253178048727168,2026-05-17T01:25:08.864727168,HS ADC0I trigger (TOF HG),HGSinglePulse,0.15894999999999998,MGSinglePulse,5.8759999999999994,LGThreshold,268.308,2026-05-17 01:25:08.864727168,2026-05-17,False
imap_idex_l1b_sci-10days_20260510_v001.0017.cdf,23,832382555401974016,2026-05-18T13:21:26.217974016,HS ADC0I trigger (TOF HG),HGSinglePulse,0.15894999999999998,MGSinglePulse,5.8759999999999994,LGThreshold,268.308,2026-05-18 13:21:26.217974016,2026-05-18,True
imap_idex_l1b_sci-10days_20260510_v001.0017.cdf,24,832384347827206912,2026-05-18T13:51:18.643206912,HS ADC0I trigger (TOF HG),HGSinglePulse,0.15894999999999998,MGSinglePulse,5.8759999999999994,LGThreshold,268.308,2026-05-18 13:51:18.643206912,2026-05-18,False
imap_idex_l1b_sci-10days_20260510_v001.0017.cdf,25,832384538122042880,2026-05-18T13:54:28.938042880,HS ADC1Q trigger (TOF MG),HGSinglePulse,0.15894999999999998,MGSinglePulse,5.8759999999999994,LGThreshold,268.308,2026-05-18 13:54:28.938042880,2026-05-18,False
imap_idex_l1b_sci-10days_20260510_v001.0017.cdf,26,832407449712950784,2026-05-18T20:16:20.528950784,HS ADC0I trigger (TOF HG),HGSinglePulse,0.15894999999999998,MGSinglePulse,5.8759999999999994,LGThreshold,268.308,2026-05-18 20:16:20.528950784,2026-05-18,False
imap_idex_l1b_sci-10days_20260510_v001.0017.cdf,27,832454296321968768,2026-05-19T09:17:07.137968768,HS ADC1Q trigger (TOF MG),HGSinglePulse,0.15894999999999998,MGSinglePulse,5.8759999999999994,LGThreshold,268.308,2026-05-19 09:17:07.137968768,2026-05-19,False
imap_idex_l1b_sci-10days_20260520_v001.0017.cdf,0,832547316356169216,2026-05-20T11:07:27.172169216,HS ADC0I trigger (TOF HG),HGSinglePulse,0.15894999999999998,MGSinglePulse,5.8759999999999994,LGThreshold,268.308,2026-05-20 11:07:27.172169216,2026-05-20,False
imap_idex_l1b_sci-10days_20260520_v001.0017.cdf,1,832561559689043584,2026-05-20T15:04:50.505043584,HS ADC1Q trigger (TOF MG),HGSinglePulse,0.15894999999999998,MGSinglePulse,5.8759999999999994,LGThreshold,268.308,2026-05-20 15:04:50.505043584,2026-05-20,False
imap_idex_l1b_sci-10days_20260520_v001.0017.cdf,2,832588379366370944,2026-05-20T22:31:50.182370944,HS ADC0I trigger (TOF HG),HGSinglePulse,0.15894999999999998,MGSinglePulse,5.8759999999999994,LGThreshold,268.308,2026-05-20 22:31:50.182370944,2026-05-20,True
imap_idex_l1b_sci-10days_20260520_v001.0017.cdf,3,832639594136577152,2026-05-21T12:45:24.952577152,HS ADC1Q trigger (TOF MG),HGSinglePulse,0.15894999999999998,MGSinglePulse,5.8759999999999994,LGThreshold,268.308,2026-05-21 12:45:24.952577152,2026-05-21,False
imap_idex_l1b_sci-10days_20260520_v001.0017.cdf,4,832680173471916672,2026-05-22T00:01:44.287916672,SW trigger,HGThreshold,0.289, ,-1e+31, ,-1e+31,2026-05-22 00:01:44.287916672,2026-05-22,False
imap_idex_l1b_sci-10days_20260520_v001.0017.cdf,5,832680179472751488,2026-05-22T00:01:50.288751488,HS ADC0I trigger (TOF HG),HGThreshold,0.289, ,-1e+31, ,-1e+31,2026-05-22 00:01:50.288751488,2026-05-22,False
imap_idex_l1b_sci-10days_20260520_v001.0017.cdf,6,832680187472704512,2026-05-22T00:01:58.288704512,HS ADC0I trigger (TOF HG),HGThreshold,0.289, ,-1e+31, ,-1e+31,2026-05-22 00:01:58.288704512,2026-05-22,False
imap_idex_l1b_sci-10days_20260520_v001.0017.cdf,7,832680195472657664,2026-05-22T00:02:06.288657664,HS ADC0I trigger (TOF HG),HGThreshold,0.289, ,-1e+31, ,-1e+31,2026-05-22 00:02:06.288657664,2026-05-22,False
imap_idex_l1b_sci-10days_20260520_v001.0017.cdf,8,832680203472590848,2026-05-22T00:02:14.288590848,HS ADC0I trigger (TOF HG),HGThreshold,0.289, ,-1e+31, ,-1e+31,2026-05-22 00:02:14.288590848,2026-05-22,False
imap_idex_l1b_sci-10days_20260520_v001.0017.cdf,9,832680211472543872,2026-05-22T00:02:22.288543872,HS ADC0I trigger (TOF HG),HGThreshold,0.289, ,-1e+31, ,-1e+31,2026-05-22 00:02:22.288543872,2026-05-22,False
imap_idex_l1b_sci-10days_20260520_v001.0017.cdf,10,832680225471551872,2026-05-22T00:02:36.287551872,SW trigger,HGThreshold,0.289, ,-1e+31, ,-1e+31,2026-05-22 00:02:36.287551872,2026-05-22,False
imap_idex_l1b_sci-10days_20260520_v001.0017.cdf,11,832680237471481472,2026-05-22T00:02:48.287481472,SW trigger,HGThreshold,0.289, ,-1e+31, ,-1e+31,2026-05-22 00:02:48.287481472,2026-05-22,False
imap_idex_l1b_sci-10days_20260520_v001.0017.cdf,12,832680249471391232,2026-05-22T00:03:00.287391232,SW trigger,HGThreshold,0.289, ,-1e+31, ,-1e+31,2026-05-22 00:03:00.287391232,2026-05-22,False
imap_idex_l1b_sci-10days_20260520_v001.0017.cdf,13,832680261471300864,2026-05-22T00:03:12.287300864,SW trigger,HGThreshold,0.289, ,-1e+31, ,-1e+31,2026-05-22 00:03:12.287300864,2026-05-22,False
imap_idex_l1b_sci-10days_20260520_v001.0017.cdf,14,832785638971414144,2026-05-23T05:19:29.787414144,HS ADC0I trigger (TOF HG),HGSinglePulse,0.15894999999999998,MGSinglePulse,5.8759999999999994,LGThreshold,268.308,2026-05-23 05:19:29.787414144,2026-05-23,True
imap_idex_l1b_sci-10days_20260520_v001.0017.cdf,15,832912706669163904,2026-05-24T16:37:17.485163904,HS ADC0I trigger (TOF HG),HGSinglePulse,0.15894999999999998,MGSinglePulse,5.8759999999999994,LGThreshold,268.308,2026-05-24 16:37:17.485163904,2026-05-24,False
imap_idex_l1b_sci-10days_20260520_v001.0017.cdf,16,832961926169298048,2026-05-25T06:17:36.985298048,HS ADC1Q trigger (TOF MG),HGSinglePulse,0.15894999999999998,MGSinglePulse,5.8759999999999994,LGThreshold,268.308,2026-05-25 06:17:36.985298048,2026-05-25,False
imap_idex_l1b_sci-10days_20260520_v001.0017.cdf,17,832996576372891008,2026-05-25T15:55:07.188891008,HS ADC0I trigger (TOF HG),HGSinglePulse,0.15894999999999998,MGSinglePulse,5.8759999999999994,LGThreshold,268.308,2026-05-25 15:55:07.188891008,2026-05-25,False
imap_idex_l1b_sci-10days_20260520_v001.0017.cdf,18,833062440018846208,2026-05-26T10:12:50.834846208,HS ADC0I trigger (TOF HG),HGSinglePulse,0.15894999999999998,MGSinglePulse,5.8759999999999994,LGThreshold,268.308,2026-05-26 10:12:50.834846208,2026-05-26,False
imap_idex_l1b_sci-10days_20260520_v001.0017.cdf,19,833093967289254400,2026-05-26T18:58:18.105254400,HS ADC0I trigger (TOF HG),HGSinglePulse,0.15894999999999998,MGSinglePulse,5.8759999999999994,LGThreshold,268.308,2026-05-26 18:58:18.105254400,2026-05-26,False
imap_idex_l1b_sci-10days_20260520_v001.0017.cdf,20,833094822116477696,2026-05-26T19:12:32.932477696,HS ADC0I trigger (TOF HG),HGSinglePulse,0.15894999999999998,MGSinglePulse,5.8759999999999994,LGThreshold,268.308,2026-05-26 19:12:32.932477696,2026-05-26,True
imap_idex_l1b_sci-10days_20260520_v001.0017.cdf,21,833119576429663232,2026-05-27T02:05:07.245663232,HS ADC0I trigger (TOF HG),HGSinglePulse,0.15894999999999998,MGSinglePulse,5.8759999999999994,LGThreshold,268.308,2026-05-27 02:05:07.245663232,2026-05-27,True
imap_idex_l1b_sci-10days_20260520_v001.0017.cdf,22,833153470844671232,2026-05-27T11:30:01.660671232,HS ADC0I trigger (TOF HG),HGSinglePulse,0.15894999999999998,MGSinglePulse,5.8759999999999994,LGThreshold,268.308,2026-05-27 11:30:01.660671232,2026-05-27,False
imap_idex_l1b_sci-10days_20260520_v001.0017.cdf,23,833213030316542208,2026-05-28T04:02:41.132542208,HS ADC0I trigger (TOF HG),HGSinglePulse,0.15894999999999998,MGSinglePulse,5.8759999999999994,LGThreshold,268.308,2026-05-28 04:02:41.132542208,2026-05-28,False
imap_idex_l1b_sci-10days_20260520_v001.0017.cdf,24,833249125523736576,2026-05-28T14:04:16.339736576,HS ADC0I trigger (TOF HG),HGSinglePulse,0.15894999999999998,MGSinglePulse,5.8759999999999994,LGThreshold,268.308,2026-05-28 14:04:16.339736576,2026-05-28,False
imap_idex_l1b_sci-10days_20260520_v001.0017.cdf,25,833284349303340928,2026-05-28T23:51:20.119340928,HS ADC0I trigger (TOF HG),HGSinglePulse,0.15894999999999998,MGSinglePulse,5.8759999999999994,LGThreshold,268.308,2026-05-28 23:51:20.119340928,2026-05-28,False
imap_idex_l1b_sci-10days_20260520_v001.0017.cdf,26,833301490885247744,2026-05-29T04:37:01.701247744,HS ADC0I trigger (TOF HG),HGSinglePulse,0.15894999999999998,MGSinglePulse,5.8759999999999994,LGThreshold,268.308,2026-05-29 04:37:01.701247744,2026-05-29,True
imap_idex_l1b_sci-10days_20260520_v001.0017.cdf,27,833354054778686464,2026-05-29T19:13:05.594686464,HS ADC0I trigger (TOF HG),HGSinglePulse,0.15894999999999998,MGSinglePulse,5.8759999999999994,LGThreshold,268.308,2026-05-29 19:13:05.594686464,2026-05-29,True
imap_idex_l1b_sci-10days_20260530_v001.0023.cdf,0,833371372624296320,2026-05-30T00:01:43.440296320,SW trigger,HGThreshold,0.289, ,-1e+31, ,-1e+31,2026-05-30 00:01:43.440296320,2026-05-30,False
imap_idex_l1b_sci-10days_20260530_v001.0023.cdf,1,833371378625131264,2026-05-30T00:01:49.441131264,HS ADC0I trigger (TOF HG),HGThreshold,0.289, ,-1e+31, ,-1e+31,2026-05-30 00:01:49.441131264,2026-05-30,False
imap_idex_l1b_sci-10days_20260530_v001.0023.cdf,2,833371386625084288,2026-05-30T00:01:57.441084288,HS ADC0I trigger (TOF HG),HGThreshold,0.289, ,-1e+31, ,-1e+31,2026-05-30 00:01:57.441084288,2026-05-30,False
imap_idex_l1b_sci-10days_20260530_v001.0023.cdf,3,833371394625017472,2026-05-30T00:02:05.441017472,HS ADC0I trigger (TOF HG),HGThreshold,0.289, ,-1e+31, ,-1e+31,2026-05-30 00:02:05.441017472,2026-05-30,False
imap_idex_l1b_sci-10days_20260530_v001.0023.cdf,4,833371402624970496,2026-05-30T00:02:13.440970496,HS ADC0I trigger (TOF HG),HGThreshold,0.289, ,-1e+31, ,-1e+31,2026-05-30 00:02:13.440970496,2026-05-30,False
imap_idex_l1b_sci-10days_20260530_v001.0023.cdf,5,833371410624903680,2026-05-30T00:02:21.440903680,HS ADC0I trigger (TOF HG),HGThreshold,0.289, ,-1e+31, ,-1e+31,2026-05-30 00:02:21.440903680,2026-05-30,False
imap_idex_l1b_sci-10days_20260530_v001.0023.cdf,6,833371424623931648,2026-05-30T00:02:35.439931648,SW trigger,HGThreshold,0.289, ,-1e+31, ,-1e+31,2026-05-30 00:02:35.439931648,2026-05-30,False
imap_idex_l1b_sci-10days_20260530_v001.0023.cdf,7,833371436623841280,2026-05-30T00:02:47.439841280,SW trigger,HGThreshold,0.289, ,-1e+31, ,-1e+31,2026-05-30 00:02:47.439841280,2026-05-30,False
imap_idex_l1b_sci-10days_20260530_v001.0023.cdf,8,833371448623750912,2026-05-30T00:02:59.439750912,SW trigger,HGThreshold,0.289, ,-1e+31, ,-1e+31,2026-05-30 00:02:59.439750912,2026-05-30,False
imap_idex_l1b_sci-10days_20260530_v001.0023.cdf,9,833371460623680768,2026-05-30T00:03:11.439680768,SW trigger,HGThreshold,0.289, ,-1e+31, ,-1e+31,2026-05-30 00:03:11.439680768,2026-05-30,False
imap_idex_l1b_sci-10days_20260530_v001.0023.cdf,10,833387241629153792,2026-05-30T04:26:12.445153792,HS ADC0I trigger (TOF HG),HGSinglePulse,0.15894999999999998,MGSinglePulse,5.8759999999999994,LGThreshold,268.308,2026-05-30 04:26:12.445153792,2026-05-30,True
imap_idex_l1b_sci-10days_20260530_v001.0023.cdf,11,833478246703082112,2026-05-31T05:42:57.519082112,HS ADC0I trigger (TOF HG),HGSinglePulse,0.15894999999999998,MGSinglePulse,5.8759999999999994,LGThreshold,268.308,2026-05-31 05:42:57.519082112,2026-05-31,False
imap_idex_l1b_sci-10days_20260530_v001.0023.cdf,12,833508230439167232,2026-05-31T14:02:41.255167232,HS ADC0Q trigger (TOF LG),HGSinglePulse,0.15894999999999998,MGSinglePulse,5.8759999999999994,LGThreshold,268.308,2026-05-31 14:02:41.255167232,2026-05-31,False
imap_idex_l1b_sci-10days_20260530_v001.0023.cdf,13,833575826447696768,2026-06-01T08:49:17.263696768,HS ADC0I trigger (TOF HG),HGSinglePulse,0.15894999999999998,MGSinglePulse,5.8759999999999994,LGThreshold,268.308,2026-06-01 08:49:17.263696768,2026-06-01,False
imap_idex_l1b_sci-10days_20260530_v001.0023.cdf,14,833584447606978304,2026-06-01T11:12:58.422978304,HS ADC0I trigger (TOF HG),HGSinglePulse,0.15894999999999998,MGSinglePulse,5.8759999999999994,LGThreshold,268.308,2026-06-01 11:12:58.422978304,2026-06-01,False
imap_idex_l1b_sci-10days_20260530_v001.0023.cdf,15,833586210641781248,2026-06-01T11:42:21.457781248,HS ADC0I trigger (TOF HG),HGSinglePulse,0.15894999999999998,MGSinglePulse,5.8759999999999994,LGThreshold,268.308,2026-06-01 11:42:21.457781248,2026-06-01,True
imap_idex_l1b_sci-10days_20260530_v001.0023.cdf,16,833590528876805248,2026-06-01T12:54:19.692805248,"HS ADC0I trigger (TOF HG), HS ADC1Q trigger (TOF MG)",HGSinglePulse,0.15894999999999998,MGSinglePulse,5.8759999999999994,LGThreshold,268.308,2026-06-01 12:54:19.692805248,2026-06-01,False
imap_idex_l1b_sci-10days_20260530_v001.0023.cdf,17,833591821621732992,2026-06-01T13:15:52.437732992,HS ADC0I trigger (TOF HG),HGSinglePulse,0.15894999999999998,MGSinglePulse,5.8759999999999994,LGThreshold,268.308,2026-06-01 13:15:52.437732992,2026-06-01,True
imap_idex_l1b_sci-10days_20260530_v001.0023.cdf,18,833600382306726400,2026-06-01T15:38:33.122726400,HS ADC0I trigger (TOF HG),HGSinglePulse,0.15894999999999998,MGSinglePulse,5.8759999999999994,LGThreshold,268.308,2026-06-01 15:38:33.122726400,2026-06-01,True
imap_idex_l1b_sci-10days_20260530_v001.0023.cdf,19,833633752653791360,2026-06-02T00:54:43.469791360,HS ADC0I trigger (TOF HG),HGSinglePulse,0.15894999999999998,MGSinglePulse,5.8759999999999994,LGThreshold,268.308,2026-06-02 00:54:43.469791360,2026-06-02,False
imap_idex_l1b_sci-10days_20260530_v001.0023.cdf,20,833648083123419904,2026-06-02T04:53:33.939419904,HS ADC0I trigger (TOF HG),HGSinglePulse,0.15894999999999998,MGSinglePulse,5.8759999999999994,LGThreshold,268.308,2026-06-02 04:53:33.939419904,2026-06-02,True
imap_idex_l1b_sci-10days_20260530_v001.0023.cdf,21,833681603088377088,2026-06-02T14:12:13.904377088,HS ADC0I trigger (TOF HG),HGSinglePulse,0.15894999999999998,MGSinglePulse,5.8759999999999994,LGThreshold,268.308,2026-06-02 14:12:13.904377088,2026-06-02,True
imap_idex_l1b_sci-10days_20260530_v001.0023.cdf,22,833741841425016448,2026-06-03T06:56:12.241016448,HS ADC0I trigger (TOF HG),HGSinglePulse,0.15894999999999998,MGSinglePulse,5.8759999999999994,LGThreshold,268.308,2026-06-03 06:56:12.241016448,2026-06-03,False
imap_idex_l1b_sci-10days_20260530_v001.0023.cdf,23,833878681511891456,2026-06-04T20:56:52.327891456,HS ADC0I trigger (TOF HG),HGSinglePulse,0.15894999999999998,MGSinglePulse,5.8759999999999994,LGThreshold,268.308,2026-06-04 20:56:52.327891456,2026-06-04,True
imap_idex_l1b_sci-10days_20260530_v001.0023.cdf,24,833879318908683392,2026-06-04T21:07:29.724683392,"HS ADC0I trigger (TOF HG), HS ADC1Q trigger (TOF MG)",HGSinglePulse,0.15894999999999998,MGSinglePulse,5.8759999999999994,LGThreshold,268.308,2026-06-04 21:07:29.724683392,2026-06-04,False
imap_idex_l1b_sci-10days_20260530_v001.0023.cdf,25,833888525576146304,2026-06-04T23:40:56.392146304,HS ADC0I trigger (TOF HG),HGSinglePulse,0.15894999999999998,MGSinglePulse,5.8759999999999994,LGThreshold,268.308,2026-06-04 23:40:56.392146304,2026-06-04,True
imap_idex_l1b_sci-10days_20260530_v001.0023.cdf,26,833898764595461120,2026-06-05T02:31:35.411461120,HS ADC0I trigger (TOF HG),HGSinglePulse,0.15894999999999998,MGSinglePulse,5.8759999999999994,LGThreshold,268.308,2026-06-05 02:31:35.411461120,2026-06-05,True
imap_idex_l1b_sci-10days_20260530_v001.0023.cdf,27,833904848472769408,2026-06-05T04:12:59.288769408,HS ADC0I trigger (TOF HG),HGSinglePulse,0.15894999999999998,MGSinglePulse,5.8759999999999994,LGThreshold,268.308,2026-06-05 04:12:59.288769408,2026-06-05,True
imap_idex_l1b_sci-10days_20260530_v001.0023.cdf,28,833913403963692160,2026-06-05T06:35:34.779692160,HS ADC0I trigger (TOF HG),HGSinglePulse,0.15894999999999998,MGSinglePulse,5.8759999999999994,LGThreshold,268.308,2026-06-05 06:35:34.779692160,2026-06-05,False
imap_idex_l1b_sci-10days_20260530_v001.0023.cdf,29,833913959532614528,2026-06-05T06:44:50.348614528,HS ADC0I trigger (TOF HG),HGSinglePulse,0.15894999999999998,MGSinglePulse,5.8759999999999994,LGThreshold,268.308,2026-06-05 06:44:50.348614528,2026-06-05,False
imap_idex_l1b_sci-10days_20260530_v001.0023.cdf,30,833916464654400128,2026-06-05T07:26:35.470400128,HS ADC0I trigger (TOF HG),HGSinglePulse,0.15894999999999998,MGSinglePulse,5.8759999999999994,LGThreshold,268.308,2026-06-05 07:26:35.470400128,2026-06-05,True
imap_idex_l1b_sci-10days_20260530_v001.0023.cdf,31,833922477388309632,2026-06-05T09:06:48.204309632,HS ADC0I trigger (TOF HG),HGSinglePulse,0.15894999999999998,MGSinglePulse,5.8759999999999994,LGThreshold,268.308,2026-06-05 09:06:48.204309632,2026-06-05,True
imap_idex_l1b_sci-10days_20260530_v001.0023.cdf,32,833937495148435200,2026-06-05T13:17:05.964435200,HS ADC0I trigger (TOF HG),HGSinglePulse,0.15894999999999998,MGSinglePulse,5.8759999999999994,LGThreshold,268.308,2026-06-05 13:17:05.964435200,2026-06-05,True
imap_idex_l1b_sci-10days_20260530_v001.0023.cdf,33,833942573332128256,2026-06-05T14:41:44.148128256,HS ADC0I trigger (TOF HG),HGSinglePulse,0.15894999999999998,MGSinglePulse,5.8759999999999994,LGThreshold,268.308,2026-06-05 14:41:44.148128256,2026-06-05,False
imap_idex_l1b_sci-10days_20260530_v001.0023.cdf,34,834053775150649088,2026-06-06T21:35:05.966649088,HS ADC0I trigger (TOF HG),HGSinglePulse,0.15894999999999998,MGSinglePulse,5.8759999999999994,LGThreshold,268.308,2026-06-06 21:35:05.966649088,2026-06-06,False
imap_idex_l1b_sci-10days_20260530_v001.0023.cdf,35,834060245685328000,2026-06-06T23:22:56.501328000,HS ADC0I trigger (TOF HG),HGSinglePulse,0.15894999999999998,MGSinglePulse,5.8759999999999994,LGThreshold,268.308,2026-06-06 23:22:56.501328000,2026-06-06,True
imap_idex_l1b_sci-10days_20260530_v001.0023.cdf,36,834062182792443136,2026-06-06T23:55:13.608443136,HS ADC0I trigger (TOF HG),HGSinglePulse,0.15894999999999998,MGSinglePulse,5.8759999999999994,LGThreshold,268.308,2026-06-06 23:55:13.608443136,2026-06-06,False
imap_idex_l1b_sci-10days_20260530_v001.0023.cdf,37,834062571798468864,2026-06-07T00:01:42.614468864,SW trigger,HGThreshold,0.289, ,-1e+31, ,-1e+31,2026-06-07 00:01:42.614468864,2026-06-07,False
imap_idex_l1b_sci-10days_20260530_v001.0023.cdf,38,834062577799303680,2026-06-07T00:01:48.615303680,HS ADC0I trigger (TOF HG),HGThreshold,0.289, ,-1e+31, ,-1e+31,2026-06-07 00:01:48.615303680,2026-06-07,False
imap_idex_l1b_sci-10days_20260530_v001.0023.cdf,39,834062585799236736,2026-06-07T00:01:56.615236736,HS ADC0I trigger (TOF HG),HGThreshold,0.289, ,-1e+31, ,-1e+31,2026-06-07 00:01:56.615236736,2026-06-07,False
imap_idex_l1b_sci-10days_20260530_v001.0023.cdf,40,834062593799189888,2026-06-07T00:02:04.615189888,HS ADC0I trigger (TOF HG),HGThreshold,0.289, ,-1e+31, ,-1e+31,2026-06-07 00:02:04.615189888,2026-06-07,False
imap_idex_l1b_sci-10days_20260530_v001.0023.cdf,41,834062601799123072,2026-06-07T00:02:12.615123072,HS ADC0I trigger (TOF HG),HGThreshold,0.289, ,-1e+31, ,-1e+31,2026-06-07 00:02:12.615123072,2026-06-07,False
imap_idex_l1b_sci-10days_20260530_v001.0023.cdf,42,834062609799076096,2026-06-07T00:02:20.615076096,HS ADC0I trigger (TOF HG),HGThreshold,0.289, ,-1e+31, ,-1e+31,2026-06-07 00:02:20.615076096,2026-06-07,False
imap_idex_l1b_sci-10days_20260530_v001.0023.cdf,43,834062623798104192,2026-06-07T00:02:34.614104192,SW trigger,HGThreshold,0.289, ,-1e+31, ,-1e+31,2026-06-07 00:02:34.614104192,2026-06-07,False
imap_idex_l1b_sci-10days_20260530_v001.0023.cdf,44,834062635798013824,2026-06-07T00:02:46.614013824,SW trigger,HGThreshold,0.289, ,-1e+31, ,-1e+31,2026-06-07 00:02:46.614013824,2026-06-07,False
imap_idex_l1b_sci-10days_20260530_v001.0023.cdf,45,834062647797923584,2026-06-07T00:02:58.613923584,SW trigger,HGThreshold,0.289, ,-1e+31, ,-1e+31,2026-06-07 00:02:58.613923584,2026-06-07,False
imap_idex_l1b_sci-10days_20260530_v001.0023.cdf,46,834062659797833216,2026-06-07T00:03:10.613833216,SW trigger,HGThreshold,0.289, ,-1e+31, ,-1e+31,2026-06-07 00:03:10.613833216,2026-06-07,False
imap_idex_l1b_sci-10days_20260530_v001.0023.cdf,47,834074656498462720,2026-06-07T03:23:07.314462720,HS ADC0I trigger (TOF HG),HGSinglePulse,0.15894999999999998,MGSinglePulse,5.8759999999999994,LGThreshold,268.308,2026-06-07 03:23:07.314462720,2026-06-07,False
imap_idex_l1b_sci-10days_20260530_v001.0023.cdf,48,834077737203155072,2026-06-07T04:14:28.019155072,HS ADC0I trigger (TOF HG),HGSinglePulse,0.15894999999999998,MGSinglePulse,5.8759999999999994,LGThreshold,268.308,2026-06-07 04:14:28.019155072,2026-06-07,False
imap_idex_l1b_sci-10days_20260530_v001.0023.cdf,49,834111113907869696,2026-06-07T13:30:44.723869696,HS ADC0I trigger (TOF HG),HGSinglePulse,0.15894999999999998,MGSinglePulse,5.8759999999999994,LGThreshold,268.308,2026-06-07 13:30:44.723869696,2026-06-07,True
imap_idex_l1b_sci-10days_20260530_v001.0023.cdf,50,834143413685729920,2026-06-07T22:29:04.501729920,HS ADC0I trigger (TOF HG),HGSinglePulse,0.15894999999999998,MGSinglePulse,5.8759999999999994,LGThreshold,268.308,2026-06-07 22:29:04.501729920,2026-06-07,True
imap_idex_l1b_sci-10days_20260530_v001.0023.cdf,51,834152773797025536,2026-06-08T01:05:04.613025536,HS ADC0I trigger (TOF HG),HGSinglePulse,0.15894999999999998,MGSinglePulse,5.8759999999999994,LGThreshold,268.308,2026-06-08 01:05:04.613025536,2026-06-08,True
imap_idex_l1b_sci-10days_20260530_v001.0023.cdf,52,834155796503447808,2026-06-08T01:55:27.319447808,HS ADC0I trigger (TOF HG),HGSinglePulse,0.15894999999999998,MGSinglePulse,5.8759999999999994,LGThreshold,268.308,2026-06-08 01:55:27.319447808,2026-06-08,False
imap_idex_l1b_sci-10days_20260530_v001.0023.cdf,53,834157302257913600,2026-06-08T02:20:33.073913600,HS ADC0I trigger (TOF HG),HGSinglePulse,0.15894999999999998,MGSinglePulse,5.8759999999999994,LGThreshold,268.308,2026-06-08 02:20:33.073913600,2026-06-08,True
imap_idex_l1b_sci-10days_20260530_v001.0023.cdf,54,834163254985957504,2026-06-08T03:59:45.801957504,HS ADC0I trigger (TOF HG),HGSinglePulse,0.15894999999999998,MGSinglePulse,5.8759999999999994,LGThreshold,268.308,2026-06-08 03:59:45.801957504,2026-06-08,True
imap_idex_l1b_sci-10days_20260530_v001.0023.cdf,55,834167634269173888,2026-06-08T05:12:45.085173888,HS ADC0I trigger (TOF HG),HGSinglePulse,0.15894999999999998,MGSinglePulse,5.8759999999999994,LGThreshold,268.308,2026-06-08 05:12:45.085173888,2026-06-08,True
imap_idex_l1b_sci-10days_20260530_v001.0023.cdf,56,834188410170498176,2026-06-08T10:59:00.986498176,HS ADC0I trigger (TOF HG),HGSinglePulse,0.15894999999999998,MGSinglePulse,5.8759999999999994,LGThreshold,268.308,2026-06-08 10:59:00.986498176,2026-06-08,True
imap_idex_l1b_sci-10days_20260530_v001.0023.cdf,57,834188857660133632,2026-06-08T11:06:28.476133632,HS ADC0I trigger (TOF HG),HGSinglePulse,0.15894999999999998,MGSinglePulse,5.8759999999999994,LGThreshold,268.308,2026-06-08 11:06:28.476133632,2026-06-08,True
imap_idex_l1b_sci-10days_20260530_v001.0023.cdf,58,834192667574379264,2026-06-08T12:09:58.390379264,HS ADC0I trigger (TOF HG),HGSinglePulse,0.15894999999999998,MGSinglePulse,5.8759999999999994,LGThreshold,268.308,2026-06-08 12:09:58.390379264,2026-06-08,True
imap_idex_l1b_sci-10days_20260530_v001.0023.cdf,59,834215457236572800,2026-06-08T18:29:48.052572800,HS ADC0I trigger (TOF HG),HGSinglePulse,0.15894999999999998,MGSinglePulse,5.8759999999999994,LGThreshold,268.308,2026-06-08 18:29:48.052572800,2026-06-08,False
imap_idex_l1b_sci-10days_20260609_v001.0012.cdf,0,834250641072754560,2026-06-09T04:16:11.888754560,HS ADC0I trigger (TOF HG),HGSinglePulse,0.15894999999999998,MGSinglePulse,5.8759999999999994,LGThreshold,268.308,2026-06-09 04:16:11.888754560,2026-06-09,True
imap_idex_l1b_sci-10days_20260609_v001.0012.cdf,1,834259505465236096,2026-06-09T06:43:56.281236096,HS ADC0I trigger (TOF HG),HGSinglePulse,0.15894999999999998,MGSinglePulse,5.8759999999999994,LGThreshold,268.308,2026-06-09 06:43:56.281236096,2026-06-09,True
imap_idex_l1b_sci-10days_20260609_v001.0012.cdf,2,834284626303206144,2026-06-09T13:42:37.119206144,HS ADC0I trigger (TOF HG),HGSinglePulse,0.15894999999999998,MGSinglePulse,5.8759999999999994,LGThreshold,268.308,2026-06-09 13:42:37.119206144,2026-06-09,True
imap_idex_l1b_sci-10days_20260609_v001.0012.cdf,3,834286168162741120,2026-06-09T14:08:18.978741120,HS ADC0I trigger (TOF HG),HGSinglePulse,0.15894999999999998,MGSinglePulse,5.8759999999999994,LGThreshold,268.308,2026-06-09 14:08:18.978741120,2026-06-09,False
imap_idex_l1b_sci-10days_20260609_v001.0012.cdf,4,834308680358513024,2026-06-09T20:23:31.174513024,HS ADC0I trigger (TOF HG),HGSinglePulse,0.15894999999999998,MGSinglePulse,5.8759999999999994,LGThreshold,268.308,2026-06-09 20:23:31.174513024,2026-06-09,False
imap_idex_l1b_sci-10days_20260609_v001.0012.cdf,5,834313254959081472,2026-06-09T21:39:45.775081472,HS ADC0I trigger (TOF HG),HGSinglePulse,0.15894999999999998,MGSinglePulse,5.8759999999999994,LGThreshold,268.308,2026-06-09 21:39:45.775081472,2026-06-09,False
imap_idex_l1b_sci-10days_20260609_v001.0012.cdf,6,834388803634289408,2026-06-10T18:38:54.450289408,HS ADC0I trigger (TOF HG),HGSinglePulse,0.15894999999999998,MGSinglePulse,5.8759999999999994,LGThreshold,268.308,2026-06-10 18:38:54.450289408,2026-06-10,False
imap_idex_l1b_sci-10days_20260609_v001.0012.cdf,7,834427710750834688,2026-06-11T05:27:21.566834688,HS ADC0I trigger (TOF HG),HGSinglePulse,0.15894999999999998,MGSinglePulse,5.8759999999999994,LGThreshold,268.308,2026-06-11 05:27:21.566834688,2026-06-11,True
imap_idex_l1b_sci-10days_20260609_v001.0012.cdf,8,834438221901527424,2026-06-11T08:22:32.717527424,HS ADC0I trigger (TOF HG),HGSinglePulse,0.15894999999999998,MGSinglePulse,5.8759999999999994,LGThreshold,268.308,2026-06-11 08:22:32.717527424,2026-06-11,True
imap_idex_l1b_sci-10days_20260609_v001.0012.cdf,9,834469383799164672,2026-06-11T17:01:54.615164672,HS ADC0I trigger (TOF HG),HGSinglePulse,0.15894999999999998,MGSinglePulse,5.8759999999999994,LGThreshold,268.308,2026-06-11 17:01:54.615164672,2026-06-11,True
imap_idex_l1b_sci-10days_20260609_v001.0012.cdf,10,834569610428396544,2026-06-12T20:52:21.244396544,HS ADC0I trigger (TOF HG),HGSinglePulse,0.15894999999999998,MGSinglePulse,5.8759999999999994,LGThreshold,268.308,2026-06-12 20:52:21.244396544,2026-06-12,False
imap_idex_l1b_sci-10days_20260609_v001.0012.cdf,11,834614706462952320,2026-06-13T09:23:57.278952320,HS ADC0I trigger (TOF HG),HGSinglePulse,0.15894999999999998,MGSinglePulse,5.8759999999999994,LGThreshold,268.308,2026-06-13 09:23:57.278952320,2026-06-13,True
imap_idex_l1b_sci-10days_20260609_v001.0012.cdf,12,834626247000502272,2026-06-13T12:36:17.816502272,HS ADC0I trigger (TOF HG),HGSinglePulse,0.15894999999999998,MGSinglePulse,5.8759999999999994,LGThreshold,268.308,2026-06-13 12:36:17.816502272,2026-06-13,False
imap_idex_l1b_sci-10days_20260609_v001.0012.cdf,13,834653865695432320,2026-06-13T20:16:36.511432320,HS ADC0I trigger (TOF HG),HGSinglePulse,0.15894999999999998,MGSinglePulse,5.8759999999999994,LGThreshold,268.308,2026-06-13 20:16:36.511432320,2026-06-13,True
imap_idex_l1b_sci-10days_20260609_v001.0012.cdf,14,834723528218079488,2026-06-14T15:37:39.034079488,HS ADC0I trigger (TOF HG),HGSinglePulse,0.15894999999999998,MGSinglePulse,5.8759999999999994,LGThreshold,268.308,2026-06-14 15:37:39.034079488,2026-06-14,True
imap_idex_l1b_sci-10days_20260609_v001.0012.cdf,15,834734322719834240,2026-06-14T18:37:33.535834240,HS ADC0I trigger (TOF HG),HGSinglePulse,0.15894999999999998,MGSinglePulse,5.8759999999999994,LGThreshold,268.308,2026-06-14 18:37:33.535834240,2026-06-14,False
imap_idex_l1b_sci-10days_20260609_v001.0012.cdf,16,834753770946561408,2026-06-15T00:01:41.762561408,SW trigger,HGThreshold,0.289, ,-1e+31, ,-1e+31,2026-06-15 00:01:41.762561408,2026-06-15,False
imap_idex_l1b_sci-10days_20260609_v001.0012.cdf,17,834753776947396224,2026-06-15T00:01:47.763396224,HS ADC0I trigger (TOF HG),HGThreshold,0.289, ,-1e+31, ,-1e+31,2026-06-15 00:01:47.763396224,2026-06-15,False
imap_idex_l1b_sci-10days_20260609_v001.0012.cdf,18,834753784947329536,2026-06-15T00:01:55.763329536,HS ADC0I trigger (TOF HG),HGThreshold,0.289, ,-1e+31, ,-1e+31,2026-06-15 00:01:55.763329536,2026-06-15,False
imap_idex_l1b_sci-10days_20260609_v001.0012.cdf,19,834753792947282688,2026-06-15T00:02:03.763282688,HS ADC0I trigger (TOF HG),HGThreshold,0.289, ,-1e+31, ,-1e+31,2026-06-15 00:02:03.763282688,2026-06-15,False
imap_idex_l1b_sci-10days_20260609_v001.0012.cdf,20,834753800947215744,2026-06-15T00:02:11.763215744,HS ADC0I trigger (TOF HG),HGThreshold,0.289, ,-1e+31, ,-1e+31,2026-06-15 00:02:11.763215744,2026-06-15,False
imap_idex_l1b_sci-10days_20260609_v001.0012.cdf,21,834753808947168896,2026-06-15T00:02:19.763168896,HS ADC0I trigger (TOF HG),HGThreshold,0.289, ,-1e+31, ,-1e+31,2026-06-15 00:02:19.763168896,2026-06-15,False
imap_idex_l1b_sci-10days_20260609_v001.0012.cdf,22,834753822946176768,2026-06-15T00:02:33.762176768,SW trigger,HGThreshold,0.289, ,-1e+31, ,-1e+31,2026-06-15 00:02:33.762176768,2026-06-15,False
imap_idex_l1b_sci-10days_20260609_v001.0012.cdf,23,834753834946106496,2026-06-15T00:02:45.762106496,SW trigger,HGThreshold,0.289, ,-1e+31, ,-1e+31,2026-06-15 00:02:45.762106496,2026-06-15,False
imap_idex_l1b_sci-10days_20260609_v001.0012.cdf,24,834753846946016256,2026-06-15T00:02:57.762016256,SW trigger,HGThreshold,0.289, ,-1e+31, ,-1e+31,2026-06-15 00:02:57.762016256,2026-06-15,False
imap_idex_l1b_sci-10days_20260609_v001.0012.cdf,25,834753858945925888,2026-06-15T00:03:09.761925888,SW trigger,HGThreshold,0.289, ,-1e+31, ,-1e+31,2026-06-15 00:03:09.761925888,2026-06-15,False
imap_idex_l1b_sci-10days_20260609_v001.0012.cdf,26,834796441230920192,2026-06-15T11:52:52.046920192,HS ADC0I trigger (TOF HG),HGSinglePulse,0.15894999999999998,MGSinglePulse,5.8759999999999994,LGThreshold,268.308,2026-06-15 11:52:52.046920192,2026-06-15,True
imap_idex_l1b_sci-10days_20260609_v001.0012.cdf,27,834812919108998272,2026-06-15T16:27:29.924998272,HS ADC0I trigger (TOF HG),HGSinglePulse,0.15894999999999998,MGSinglePulse,5.8759999999999994,LGThreshold,268.308,2026-06-15 16:27:29.924998272,2026-06-15,True
imap_idex_l1b_sci-10days_20260609_v001.0012.cdf,28,834858685837599232,2026-06-16T05:10:16.653599232,HS ADC0I trigger (TOF HG),HGSinglePulse,0.15894999999999998,MGSinglePulse,5.8759999999999994,LGThreshold,268.308,2026-06-16 05:10:16.653599232,2026-06-16,True
imap_idex_l1b_sci-10days_20260609_v001.0012.cdf,29,834950025076223872,2026-06-17T06:32:35.892223872,HS ADC0I trigger (TOF HG),HGSinglePulse,0.15894999999999998,MGSinglePulse,5.8759999999999994,LGThreshold,268.308,2026-06-17 06:32:35.892223872,2026-06-17,False
imap_idex_l1b_sci-10days_20260609_v001.0012.cdf,30,834960228151411584,2026-06-17T09:22:38.967411584,HS ADC0I trigger (TOF HG),HGSinglePulse,0.15894999999999998,MGSinglePulse,5.8759999999999994,LGThreshold,268.308,2026-06-17 09:22:38.967411584,2026-06-17,True
imap_idex_l1b_sci-10days_20260609_v001.0012.cdf,31,834981263506046848,2026-06-17T15:13:14.322046848,HS ADC0I trigger (TOF HG),HGSinglePulse,0.15894999999999998,MGSinglePulse,5.8759999999999994,LGThreshold,268.308,2026-06-17 15:13:14.322046848,2026-06-17,True
imap_idex_l1b_sci-10days_20260609_v001.0012.cdf,32,835012291711474176,2026-06-17T23:50:22.527474176,HS ADC0I trigger (TOF HG),HGSinglePulse,0.15894999999999998,MGSinglePulse,5.8759999999999994,LGThreshold,268.308,2026-06-17 23:50:22.527474176,2026-06-17,True
imap_idex_l1b_sci-10days_20260609_v001.0012.cdf,33,835041917160505856,2026-06-18T08:04:07.976505856,HS ADC0I trigger (TOF HG),HGSinglePulse,0.15894999999999998,MGSinglePulse,5.8759999999999994,LGThreshold,268.308,2026-06-18 08:04:07.976505856,2026-06-18,True
imap_idex_l1b_sci-10days_20260609_v001.0012.cdf,34,835065524629438976,2026-06-18T14:37:35.445438976,HS ADC0I trigger (TOF HG),HGSinglePulse,0.15894999999999998,MGSinglePulse,5.8759999999999994,LGThreshold,268.308,2026-06-18 14:37:35.445438976,2026-06-18,True
imap_idex_l1b_sci-10days_20260609_v001.0012.cdf,35,835089723834424448,2026-06-18T21:20:54.650424448,HS ADC0I trigger (TOF HG),HGSinglePulse,0.15894999999999998,MGSinglePulse,5.8759999999999994,LGThreshold,268.308,2026-06-18 21:20:54.650424448,2026-06-18,True
imap_idex_l1b_sci-10days_20260619_v001.0016.cdf,0,835104498329993088,2026-06-19T01:27:09.145993088,HS ADC0I trigger (TOF HG),HGSinglePulse,0.15894999999999998,MGSinglePulse,5.8759999999999994,LGThreshold,268.308,2026-06-19 01:27:09.145993088,2026-06-19,True
imap_idex_l1b_sci-10days_20260619_v001.0016.cdf,1,835111294604784256,2026-06-19T03:20:25.420784256,HS ADC0I trigger (TOF HG),HGSinglePulse,0.15894999999999998,MGSinglePulse,5.8759999999999994,LGThreshold,268.308,2026-06-19 03:20:25.420784256,2026-06-19,True
imap_idex_l1b_sci-10days_20260619_v001.0016.cdf,2,835124228742731264,2026-06-19T06:55:59.558731264,HS ADC0I trigger (TOF HG),HGSinglePulse,0.15894999999999998,MGSinglePulse,5.8759999999999994,LGThreshold,268.308,2026-06-19 06:55:59.558731264,2026-06-19,True
imap_idex_l1b_sci-10days_20260619_v001.0016.cdf,3,835131265747895936,2026-06-19T08:53:16.563895936,HS ADC0I trigger (TOF HG),HGSinglePulse,0.15894999999999998,MGSinglePulse,5.8759999999999994,LGThreshold,268.308,2026-06-19 08:53:16.563895936,2026-06-19,True
imap_idex_l1b_sci-10days_20260619_v001.0016.cdf,4,835240400578631936,2026-06-20T15:12:11.394631936,HS ADC0I trigger (TOF HG),HGSinglePulse,0.15894999999999998,MGSinglePulse,5.8759999999999994,LGThreshold,268.308,2026-06-20 15:12:11.394631936,2026-06-20,True
imap_idex_l1b_sci-10days_20260619_v001.0016.cdf,5,835321712352210048,2026-06-21T13:47:23.168210048,HS ADC0I trigger (TOF HG),HGSinglePulse,0.15894999999999998,MGSinglePulse,5.8759999999999994,LGThreshold,268.308,2026-06-21 13:47:23.168210048,2026-06-21,False
imap_idex_l1b_sci-10days_20260619_v001.0016.cdf,6,835444971087960960,2026-06-23T00:01:41.903960960,SW trigger,HGThreshold,0.289, ,-1e+31, ,-1e+31,2026-06-23 00:01:41.903960960,2026-06-23,False
imap_idex_l1b_sci-10days_20260619_v001.0016.cdf,7,835444977088795776,2026-06-23T00:01:47.904795776,HS ADC0I trigger (TOF HG),HGThreshold,0.289, ,-1e+31, ,-1e+31,2026-06-23 00:01:47.904795776,2026-06-23,False
imap_idex_l1b_sci-10days_20260619_v001.0016.cdf,8,835444985088728960,2026-06-23T00:01:55.904728960,HS ADC0I trigger (TOF HG),HGThreshold,0.289, ,-1e+31, ,-1e+31,2026-06-23 00:01:55.904728960,2026-06-23,False
imap_idex_l1b_sci-10days_20260619_v001.0016.cdf,9,835444993088682112,2026-06-23T00:02:03.904682112,HS ADC0I trigger (TOF HG),HGThreshold,0.289, ,-1e+31, ,-1e+31,2026-06-23 00:02:03.904682112,2026-06-23,False
imap_idex_l1b_sci-10days_20260619_v001.0016.cdf,10,835445001088615296,2026-06-23T00:02:11.904615296,HS ADC0I trigger (TOF HG),HGThreshold,0.289, ,-1e+31, ,-1e+31,2026-06-23 00:02:11.904615296,2026-06-23,False
imap_idex_l1b_sci-10days_20260619_v001.0016.cdf,11,835445009088568448,2026-06-23T00:02:19.904568448,HS ADC0I trigger (TOF HG),HGThreshold,0.289, ,-1e+31, ,-1e+31,2026-06-23 00:02:19.904568448,2026-06-23,False
imap_idex_l1b_sci-10days_20260619_v001.0016.cdf,12,835445023087576448,2026-06-23T00:02:33.903576448,SW trigger,HGThreshold,0.289, ,-1e+31, ,-1e+31,2026-06-23 00:02:33.903576448,2026-06-23,False
imap_idex_l1b_sci-10days_20260619_v001.0016.cdf,13,835445035087506048,2026-06-23T00:02:45.903506048,SW trigger,HGThreshold,0.289, ,-1e+31, ,-1e+31,2026-06-23 00:02:45.903506048,2026-06-23,False
imap_idex_l1b_sci-10days_20260619_v001.0016.cdf,14,835445047087415808,2026-06-23T00:02:57.903415808,SW trigger,HGThreshold,0.289, ,-1e+31, ,-1e+31,2026-06-23 00:02:57.903415808,2026-06-23,False
imap_idex_l1b_sci-10days_20260619_v001.0016.cdf,15,835445059087325568,2026-06-23T00:03:09.903325568,SW trigger,HGThreshold,0.289, ,-1e+31, ,-1e+31,2026-06-23 00:03:09.903325568,2026-06-23,False
imap_idex_l1b_sci-10days_20260619_v001.0016.cdf,16,835756322517404416,2026-06-26T14:30:53.333404416,HS ADC0I trigger (TOF HG),HGSinglePulse,0.15894999999999998,MGSinglePulse,5.8759999999999994,LGThreshold,268.308,2026-06-26 14:30:53.333404416,2026-06-26,True
imap_idex_l1b_sci-10days_20260619_v001.0016.cdf,17,835854145795405056,2026-06-27T17:41:16.611405056,HS ADC0I trigger (TOF HG),HGSinglePulse,0.15894999999999998,MGSinglePulse,5.8759999999999994,LGThreshold,268.308,2026-06-27 17:41:16.611405056,2026-06-27,True
imap_idex_l1b_sci-10days_20260619_v001.0016.cdf,18,835878059905378688,2026-06-28T00:19:50.721378688,HS ADC0I trigger (TOF HG),HGSinglePulse,0.15894999999999998,MGSinglePulse,5.8759999999999994,LGThreshold,268.308,2026-06-28 00:19:50.721378688,2026-06-28,True
imap_idex_l1b_sci-10days_20260619_v001.0016.cdf,19,835879678458053504,2026-06-28T00:46:49.274053504,HS ADC0I trigger (TOF HG),HGSinglePulse,0.15894999999999998,MGSinglePulse,5.8759999999999994,LGThreshold,268.308,2026-06-28 00:46:49.274053504,2026-06-28,False
imap_idex_l1b_sci-10days_20260619_v001.0016.cdf,20,835885718932843776,2026-06-28T02:27:29.748843776,HS ADC0I trigger (TOF HG),HGSinglePulse,0.15894999999999998,MGSinglePulse,5.8759999999999994,LGThreshold,268.308,2026-06-28 02:27:29.748843776,2026-06-28,False
imap_idex_l1b_sci-10days_20260619_v001.0016.cdf,21,835890878360688384,2026-06-28T03:53:29.176688384,HS ADC0I trigger (TOF HG),HGSinglePulse,0.15894999999999998,MGSinglePulse,5.8759999999999994,LGThreshold,268.308,2026-06-28 03:53:29.176688384,2026-06-28,True
imap_idex_l1b_sci-10days_20260629_v001.0015.cdf,0,836034957375440896,2026-06-29T19:54:48.191440896,HS ADC0I trigger (TOF HG),HGSinglePulse,0.15894999999999998,MGSinglePulse,5.8759999999999994,LGThreshold,268.308,2026-06-29 19:54:48.191440896,2026-06-29,True
imap_idex_l1b_sci-10days_20260629_v001.0015.cdf,1,836064899784418176,2026-06-30T04:13:50.600418176,HS ADC0I trigger (TOF HG),HGSinglePulse,0.15894999999999998,MGSinglePulse,5.8759999999999994,LGThreshold,268.308,2026-06-30 04:13:50.600418176,2026-06-30,True
imap_idex_l1b_sci-10days_20260629_v001.0015.cdf,2,836136170246229504,2026-07-01T00:01:41.062229504,SW trigger,HGThreshold,0.289, ,-1e+31, ,-1e+31,2026-07-01 00:01:41.062229504,2026-07-01,False
imap_idex_l1b_sci-10days_20260629_v001.0015.cdf,3,836136176247064448,2026-07-01T00:01:47.063064448,HS ADC0I trigger (TOF HG),HGThreshold,0.289, ,-1e+31, ,-1e+31,2026-07-01 00:01:47.063064448,2026-07-01,False
imap_idex_l1b_sci-10days_20260629_v001.0015.cdf,4,836136184246997760,2026-07-01T00:01:55.062997760,HS ADC0I trigger (TOF HG),HGThreshold,0.289, ,-1e+31, ,-1e+31,2026-07-01 00:01:55.062997760,2026-07-01,False
imap_idex_l1b_sci-10days_20260629_v001.0015.cdf,5,836136192246950784,2026-07-01T00:02:03.062950784,HS ADC0I trigger (TOF HG),HGThreshold,0.289, ,-1e+31, ,-1e+31,2026-07-01 00:02:03.062950784,2026-07-01,False
imap_idex_l1b_sci-10days_20260629_v001.0015.cdf,6,836136200246883968,2026-07-01T00:02:11.062883968,HS ADC0I trigger (TOF HG),HGThreshold,0.289, ,-1e+31, ,-1e+31,2026-07-01 00:02:11.062883968,2026-07-01,False
imap_idex_l1b_sci-10days_20260629_v001.0015.cdf,7,836136208246817152,2026-07-01T00:02:19.062817152,HS ADC0I trigger (TOF HG),HGThreshold,0.289, ,-1e+31, ,-1e+31,2026-07-01 00:02:19.062817152,2026-07-01,False
imap_idex_l1b_sci-10days_20260629_v001.0015.cdf,8,836136222245845120,2026-07-01T00:02:33.061845120,SW trigger,HGThreshold,0.289, ,-1e+31, ,-1e+31,2026-07-01 00:02:33.061845120,2026-07-01,False
imap_idex_l1b_sci-10days_20260629_v001.0015.cdf,9,836136234245755008,2026-07-01T00:02:45.061755008,SW trigger,HGThreshold,0.289, ,-1e+31, ,-1e+31,2026-07-01 00:02:45.061755008,2026-07-01,False
imap_idex_l1b_sci-10days_20260629_v001.0015.cdf,10,836136246245664768,2026-07-01T00:02:57.061664768,SW trigger,HGThreshold,0.289, ,-1e+31, ,-1e+31,2026-07-01 00:02:57.061664768,2026-07-01,False
imap_idex_l1b_sci-10days_20260629_v001.0015.cdf,11,836136258245574400,2026-07-01T00:03:09.061574400,SW trigger,HGThreshold,0.289, ,-1e+31, ,-1e+31,2026-07-01 00:03:09.061574400,2026-07-01,False
